<?xml version="1.0" encoding="utf-8"?><text id="1007" parent="226" name="23859 Ищите женщину"><tags><tag>url:http://www.chaskor.ru/news/ishchite_zhenshchinu_23859</tag><tag>Год:2011</tag><tag>Дата:24/06</tag><tag>Тема:ЧасКор:Общество</tag><tag>Тема:ЧасКор:Общество/Государство</tag></tags><paragraphs><paragraph id="9926"><sentence id="31081"><source>Ищите женщину</source><tokens><token id="557104" text="Ищите"><tfr rev_id="1390187" t="Ищите"><v><l t="ищу" id="124299"><g v="VERB"></g><g v="impf"></g><g v="tran"></g><g v="plur"></g><g v="impr"></g><g v="excl"></g></l></v></tfr></token><token id="557105" text="женщину"><tfr rev_id="1390188" t="женщину"><v><l t="женщина" id="96749"><g v="NOUN"></g><g v="anim"></g><g v="femn"></g><g v="sing"></g><g v="accs"></g></l></v></tfr></token></tokens></sentence><sentence id="31082"><source>Президент одобрил предложение назначить спикером Совета Федерации Валентину Матвиенко.</source><tokens><token id="557106" text="Президент"><tfr rev_id="1390189" t="Президент"><v><l t="президент" id="267449"><g v="NOUN"></g><g v="anim"></g><g v="masc"></g><g v="sing"></g><g v="nomn"></g></l></v></tfr></token><token id="557107" text="одобрил"><tfr rev_id="1390190" t="одобрил"><v><l t="одобрил" id="203495"><g v="VERB"></g><g v="perf"></g><g v="tran"></g><g v="masc"></g><g v="sing"></g><g v="past"></g><g v="indc"></g></l></v></tfr></token><token id="557108" text="предложение"><tfr rev_id="4099601" t="предложение"><v><l t="предложение" id="266539"><g v="NOUN"></g><g v="inan"></g><g v="neut"></g><g v="sing"></g><g v="accs"></g></l></v></tfr></token><token id="557109" text="назначить"><tfr rev_id="1390192" t="назначить"><v><l t="назначить" id="170424"><g v="INFN"></g><g v="perf"></g><g v="tran"></g></l></v></tfr></token><token id="557110" text="спикером"><tfr rev_id="1390193" t="спикером"><v><l t="спикер" id="332107"><g v="NOUN"></g><g v="anim"></g><g v="masc"></g><g v="sing"></g><g v="ablt"></g></l></v></tfr></token><token id="557111" text="Совета"><tfr rev_id="1390194" t="Совета"><v><l t="совет" id="327955"><g v="NOUN"></g><g v="inan"></g><g v="masc"></g><g v="sing"></g><g v="gent"></g></l></v></tfr></token><token id="557112" text="Федерации"><tfr rev_id="3507683" t="Федерации"><v><l t="федерация" id="364940"><g v="NOUN"></g><g v="inan"></g><g v="femn"></g><g v="sing"></g><g v="gent"></g></l></v><v><l t="федерация" id="364940"><g v="NOUN"></g><g v="inan"></g><g v="femn"></g><g v="sing"></g><g v="datv"></g></l></v><v><l t="федерация" id="364940"><g v="NOUN"></g><g v="inan"></g><g v="femn"></g><g v="sing"></g><g v="loct"></g></l></v></tfr></token><token id="557113" text="Валентину"><tfr rev_id="4286731" t="Валентину"><v><l t="валентина" id="38124"><g v="NOUN"></g><g v="anim"></g><g v="femn"></g><g v="Name"></g><g v="sing"></g><g v="accs"></g></l></v></tfr></token><token id="557114" text="Матвиенко"><tfr rev_id="4327135" t="Матвиенко"><v><l t="матвиенко" id="156182"><g v="NOUN"></g><g v="anim"></g><g v="ms-f"></g><g v="Fixd"></g><g v="Surn"></g><g v="sing"></g><g v="accs"></g></l></v></tfr></token><token id="557115" text="."><tfr rev_id="1390198" t="."><v><l t="." id="0"><g v="PNCT"></g></l></v></tfr></token></tokens></sentence></paragraph><paragraph id="9927"><sentence id="31083"><source>Дмитрий Медведев поддержал предложение ряда глав регионов о выдвижении губернатора Санкт-Петербурга Валентины Матвиенко на должность спикера Совета Федерации.</source><tokens><token id="557116" text="Дмитрий"><tfr rev_id="3505327" t="Дмитрий"><v><l t="дмитрий" id="85055"><g v="NOUN"></g><g v="anim"></g><g v="masc"></g><g v="Name"></g><g v="sing"></g><g v="nomn"></g></l></v></tfr></token><token id="557117" text="Медведев"><tfr rev_id="1390200" t="Медведев"><v><l t="медведев" id="156959"><g v="NOUN"></g><g v="anim"></g><g v="masc"></g><g v="Sgtm"></g><g v="Surn"></g><g v="sing"></g><g v="nomn"></g></l></v></tfr></token><token id="557118" text="поддержал"><tfr rev_id="1390201" t="поддержал"><v><l t="поддержал" id="245396"><g v="VERB"></g><g v="perf"></g><g v="tran"></g><g v="masc"></g><g v="sing"></g><g v="past"></g><g v="indc"></g></l></v></tfr></token><token id="557119" text="предложение"><tfr rev_id="1390202" t="предложение"><v><l t="предложение" id="266539"><g v="NOUN"></g><g v="inan"></g><g v="neut"></g><g v="sing"></g><g v="nomn"></g></l></v><v><l t="предложение" id="266539"><g v="NOUN"></g><g v="inan"></g><g v="neut"></g><g v="sing"></g><g v="accs"></g></l></v></tfr></token><token id="557120" text="ряда"><tfr rev_id="1390203" t="ряда"><v><l t="ряд" id="311045"><g v="NOUN"></g><g v="inan"></g><g v="masc"></g><g v="sing"></g><g v="gent"></g></l></v></tfr></token><token id="557121" text="глав"><tfr rev_id="4526381" t="глав"><v><l t="глава" id="70790"><g v="NOUN"></g><g v="anim"></g><g v="ms-f"></g><g v="plur"></g><g v="gent"></g></l></v><v><l t="глава" id="70791"><g v="NOUN"></g><g v="inan"></g><g v="femn"></g><g v="plur"></g><g v="gent"></g></l></v></tfr></token><token id="557122" text="регионов"><tfr rev_id="1390205" t="регионов"><v><l t="регион" id="304808"><g v="NOUN"></g><g v="inan"></g><g v="masc"></g><g v="plur"></g><g v="gent"></g></l></v></tfr></token><token id="557123" text="о"><tfr rev_id="3226785" t="о"><v><l t="о" id="192977"><g v="PREP"></g></l></v></tfr></token><token id="557124" text="выдвижении"><tfr rev_id="1390207" t="выдвижении"><v><l t="выдвижение" id="56984"><g v="NOUN"></g><g v="inan"></g><g v="neut"></g><g v="sing"></g><g v="loct"></g></l></v></tfr></token><token id="557125" text="губернатора"><tfr rev_id="3546781" t="губернатора"><v><l t="губернатор" id="76396"><g v="NOUN"></g><g v="anim"></g><g v="masc"></g><g v="sing"></g><g v="gent"></g></l></v></tfr></token><token id="557126" text="Санкт-Петербурга"><tfr rev_id="1390209" t="Санкт-Петербурга"><v><l t="санкт-петербург" id="313346"><g v="NOUN"></g><g v="inan"></g><g v="masc"></g><g v="Geox"></g><g v="sing"></g><g v="gent"></g></l></v></tfr></token><token id="557127" text="Валентины"><tfr rev_id="2628453" t="Валентины"><v><l t="валентина" id="38124"><g v="NOUN"></g><g v="anim"></g><g v="femn"></g><g v="Name"></g><g v="sing"></g><g v="gent"></g></l></v></tfr></token><token id="557128" text="Матвиенко"><tfr rev_id="4327136" t="Матвиенко"><v><l t="матвиенко" id="156182"><g v="NOUN"></g><g v="anim"></g><g v="ms-f"></g><g v="Fixd"></g><g v="Surn"></g><g v="sing"></g><g v="gent"></g></l></v></tfr></token><token id="557129" text="на"><tfr rev_id="3395589" t="на"><v><l t="на" id="166264"><g v="PREP"></g></l></v></tfr></token><token id="557130" text="должность"><tfr rev_id="4105368" t="должность"><v><l t="должность" id="87973"><g v="NOUN"></g><g v="inan"></g><g v="femn"></g><g v="sing"></g><g v="accs"></g></l></v></tfr></token><token id="557131" text="спикера"><tfr rev_id="2931236" t="спикера"><v><l t="спикер" id="332107"><g v="NOUN"></g><g v="anim"></g><g v="masc"></g><g v="sing"></g><g v="gent"></g></l></v></tfr></token><token id="557132" text="Совета"><tfr rev_id="1390215" t="Совета"><v><l t="совет" id="327955"><g v="NOUN"></g><g v="inan"></g><g v="masc"></g><g v="sing"></g><g v="gent"></g></l></v></tfr></token><token id="557133" text="Федерации"><tfr rev_id="4178519" t="Федерации"><v><l t="федерация" id="364940"><g v="NOUN"></g><g v="inan"></g><g v="femn"></g><g v="sing"></g><g v="gent"></g></l></v></tfr></token><token id="557134" text="."><tfr rev_id="1390217" t="."><v><l t="." id="0"><g v="PNCT"></g></l></v></tfr></token></tokens></sentence><sentence id="31084"><source>«Мне нравится эта идея.</source><tokens><token id="557135" text="«"><tfr rev_id="2441921" t="«"><v><l t="«" id="0"><g v="PNCT"></g></l></v></tfr></token><token id="557136" text="Мне"><tfr rev_id="4202148" t="Мне"><v><l t="я" id="387317"><g v="NPRO"></g><g v="1per"></g><g v="sing"></g><g v="datv"></g></l></v></tfr></token><token id="557137" text="нравится"><tfr rev_id="1390220" t="нравится"><v><l t="нравлюсь" id="192499"><g v="VERB"></g><g v="impf"></g><g v="intr"></g><g v="sing"></g><g v="3per"></g><g v="pres"></g><g v="indc"></g></l></v></tfr></token><token id="557138" text="эта"><tfr rev_id="4437185" t="эта"><v><l t="этот" id="386581"><g v="ADJF"></g><g v="Subx"></g><g v="Apro"></g><g v="Anph"></g><g v="femn"></g><g v="sing"></g><g v="nomn"></g></l></v></tfr></token><token id="557139" text="идея"><tfr rev_id="1390222" t="идея"><v><l t="идея" id="117499"><g v="NOUN"></g><g v="inan"></g><g v="femn"></g><g v="sing"></g><g v="nomn"></g></l></v></tfr></token><token id="557140" text="."><tfr rev_id="1390223" t="."><v><l t="." id="0"><g v="PNCT"></g></l></v></tfr></token></tokens></sentence><sentence id="31085"><source>Я считаю, что Валентина Ивановна человек с большим государственным опытом, абсолютно успешный губернатор, который до этого проработал в правительстве РФ на руководящих должностях, человек, который реально болеет за дело и способен работать с отдачей.</source><tokens><token id="557141" text="Я"><tfr rev_id="1390224" t="Я"><v><l t="я" id="387317"><g v="NPRO"></g><g v="1per"></g><g v="sing"></g><g v="nomn"></g></l></v></tfr></token><token id="557142" text="считаю"><tfr rev_id="1390225" t="считаю"><v><l t="считаю" id="341320"><g v="VERB"></g><g v="impf"></g><g v="tran"></g><g v="sing"></g><g v="1per"></g><g v="pres"></g><g v="indc"></g></l></v><v><l t="считал" id="341329"><g v="VERB"></g><g v="perf"></g><g v="tran"></g><g v="sing"></g><g v="1per"></g><g v="futr"></g><g v="indc"></g></l></v></tfr></token><token id="557143" text=","><tfr rev_id="1390226" t=","><v><l t="," id="0"><g v="PNCT"></g></l></v></tfr></token><token id="557144" text="что"><tfr rev_id="3196426" t="что"><v><l t="что" id="377004"><g v="CONJ"></g></l></v><v><l t="что" id="377005"><g v="NPRO"></g><g v="neut"></g><g v="sing"></g><g v="nomn"></g></l></v><v><l t="что" id="377005"><g v="NPRO"></g><g v="neut"></g><g v="sing"></g><g v="accs"></g></l></v><v><l t="что" id="377006"><g v="ADVB"></g><g v="Ques"></g></l></v><v><l t="что" id="388695"><g v="PRCL"></g></l></v></tfr></token><token id="557145" text="Валентина"><tfr rev_id="3948470" t="Валентина"><v><l t="валентина" id="38124"><g v="NOUN"></g><g v="anim"></g><g v="femn"></g><g v="Name"></g><g v="sing"></g><g v="nomn"></g></l></v></tfr></token><token id="557146" text="Ивановна"><tfr rev_id="1390229" t="Ивановна"><v><l t="ивановна" id="117011"><g v="NOUN"></g><g v="anim"></g><g v="femn"></g><g v="Patr"></g><g v="sing"></g><g v="nomn"></g></l></v></tfr></token><token id="557147" text="человек"><tfr rev_id="4100236" t="человек"><v><l t="человек" id="375073"><g v="NOUN"></g><g v="anim"></g><g v="masc"></g><g v="sing"></g><g v="nomn"></g></l></v></tfr></token><token id="557148" text="с"><tfr rev_id="1390231" t="с"><v><l t="с" id="311151"><g v="PREP"></g></l></v></tfr></token><token id="557149" text="большим"><tfr rev_id="4534066" t="большим"><v><l t="больший" id="32439"><g v="ADJF"></g><g v="Qual"></g><g v="masc"></g><g v="sing"></g><g v="ablt"></g></l></v><v><l t="большой" id="32445"><g v="ADJF"></g><g v="Qual"></g><g v="masc"></g><g v="sing"></g><g v="ablt"></g></l></v></tfr></token><token id="557150" text="государственным"><tfr rev_id="4379297" t="государственным"><v><l t="государственный" id="74161"><g v="ADJF"></g><g v="masc"></g><g v="sing"></g><g v="ablt"></g></l></v></tfr></token><token id="557151" text="опытом"><tfr rev_id="1390234" t="опытом"><v><l t="опыт" id="208575"><g v="NOUN"></g><g v="inan"></g><g v="masc"></g><g v="sing"></g><g v="ablt"></g></l></v></tfr></token><token id="557152" text=","><tfr rev_id="1390235" t=","><v><l t="," id="0"><g v="PNCT"></g></l></v></tfr></token><token id="557153" text="абсолютно"><tfr rev_id="1390236" t="абсолютно"><v><l t="абсолютно" id="1847"><g v="ADVB"></g></l></v><v><l t="абсолютен" id="1850"><g v="ADJS"></g><g v="neut"></g><g v="sing"></g></l></v></tfr></token><token id="557154" text="успешный"><tfr rev_id="1390237" t="успешный"><v><l t="успешный" id="360843"><g v="ADJF"></g><g v="Qual"></g><g v="masc"></g><g v="sing"></g><g v="nomn"></g></l></v><v><l t="успешный" id="360843"><g v="ADJF"></g><g v="Qual"></g><g v="inan"></g><g v="masc"></g><g v="sing"></g><g v="accs"></g></l></v></tfr></token><token id="557155" text="губернатор"><tfr rev_id="1390238" t="губернатор"><v><l t="губернатор" id="76396"><g v="NOUN"></g><g v="anim"></g><g v="masc"></g><g v="sing"></g><g v="nomn"></g></l></v></tfr></token><token id="557156" text=","><tfr rev_id="1390239" t=","><v><l t="," id="0"><g v="PNCT"></g></l></v></tfr></token><token id="557157" text="который"><tfr rev_id="4159901" t="который"><v><l t="который" id="141203"><g v="ADJF"></g><g v="Apro"></g><g v="Subx"></g><g v="Anph"></g><g v="masc"></g><g v="sing"></g><g v="nomn"></g></l></v></tfr></token><token id="557158" text="до"><tfr rev_id="1390241" t="до"><v><l t="до" id="85153"><g v="PREP"></g></l></v></tfr></token><token id="557159" text="этого"><tfr rev_id="3310513" t="этого"><v><l t="это" id="386575"><g v="NPRO"></g><g v="neut"></g><g v="sing"></g><g v="gent"></g></l></v></tfr></token><token id="557160" text="проработал"><tfr rev_id="1390243" t="проработал"><v><l t="проработал" id="283528"><g v="VERB"></g><g v="perf"></g><g v="tran"></g><g v="masc"></g><g v="sing"></g><g v="past"></g><g v="indc"></g></l></v></tfr></token><token id="557161" text="в"><tfr rev_id="1390244" t="в"><v><l t="в" id="37409"><g v="PREP"></g></l></v></tfr></token><token id="557162" text="правительстве"><tfr rev_id="1390245" t="правительстве"><v><l t="правительство" id="265638"><g v="NOUN"></g><g v="inan"></g><g v="neut"></g><g v="sing"></g><g v="loct"></g></l></v></tfr></token><token id="557163" text="РФ"><tfr rev_id="3657472" t="РФ"><v><l t="рф" id="310486"><g v="NOUN"></g><g v="inan"></g><g v="femn"></g><g v="Sgtm"></g><g v="Fixd"></g><g v="Abbr"></g><g v="Geox"></g><g v="sing"></g><g v="gent"></g></l></v></tfr></token><token id="557164" text="на"><tfr rev_id="3337477" t="на"><v><l t="на" id="166264"><g v="PREP"></g></l></v></tfr></token><token id="557165" text="руководящих"><tfr rev_id="1390248" t="руководящих"><v><l t="руководящий" id="309991"><g v="PRTF"></g><g v="impf"></g><g v="intr"></g><g v="pres"></g><g v="actv"></g><g v="plur"></g><g v="gent"></g></l></v><v><l t="руководящий" id="309991"><g v="PRTF"></g><g v="impf"></g><g v="intr"></g><g v="pres"></g><g v="actv"></g><g v="anim"></g><g v="plur"></g><g v="accs"></g></l></v><v><l t="руководящий" id="309991"><g v="PRTF"></g><g v="impf"></g><g v="intr"></g><g v="pres"></g><g v="actv"></g><g v="plur"></g><g v="loct"></g></l></v><v><l t="руководящий" id="309996"><g v="PRTF"></g><g v="impf"></g><g v="tran"></g><g v="pres"></g><g v="actv"></g><g v="plur"></g><g v="gent"></g></l></v><v><l t="руководящий" id="309996"><g v="PRTF"></g><g v="impf"></g><g v="tran"></g><g v="pres"></g><g v="actv"></g><g v="anim"></g><g v="plur"></g><g v="accs"></g></l></v><v><l t="руководящий" id="309996"><g v="PRTF"></g><g v="impf"></g><g v="tran"></g><g v="pres"></g><g v="actv"></g><g v="plur"></g><g v="loct"></g></l></v><v><l t="руководящий" id="310019"><g v="ADJF"></g><g v="plur"></g><g v="gent"></g></l></v><v><l t="руководящий" id="310019"><g v="ADJF"></g><g v="anim"></g><g v="plur"></g><g v="accs"></g></l></v><v><l t="руководящий" id="310019"><g v="ADJF"></g><g v="plur"></g><g v="loct"></g></l></v></tfr></token><token id="557166" text="должностях"><tfr rev_id="1390249" t="должностях"><v><l t="должность" id="87973"><g v="NOUN"></g><g v="inan"></g><g v="femn"></g><g v="plur"></g><g v="loct"></g></l></v></tfr></token><token id="557167" text=","><tfr rev_id="1390250" t=","><v><l t="," id="0"><g v="PNCT"></g></l></v></tfr></token><token id="557168" text="человек"><tfr rev_id="3469986" t="человек"><v><l t="человек" id="375073"><g v="NOUN"></g><g v="anim"></g><g v="masc"></g><g v="sing"></g><g v="nomn"></g></l></v></tfr></token><token id="557169" text=","><tfr rev_id="1390252" t=","><v><l t="," id="0"><g v="PNCT"></g></l></v></tfr></token><token id="557170" text="который"><tfr rev_id="3637345" t="который"><v><l t="который" id="141203"><g v="ADJF"></g><g v="Apro"></g><g v="Subx"></g><g v="Anph"></g><g v="masc"></g><g v="sing"></g><g v="nomn"></g></l></v><v><l t="который" id="141203"><g v="ADJF"></g><g v="Apro"></g><g v="Subx"></g><g v="Anph"></g><g v="inan"></g><g v="masc"></g><g v="sing"></g><g v="accs"></g></l></v></tfr></token><token id="557171" text="реально"><tfr rev_id="3880878" t="реально"><v><l t="реально" id="304456"><g v="ADVB"></g></l></v></tfr></token><token id="557172" text="болеет"><tfr rev_id="1390255" t="болеет"><v><l t="болею" id="32096"><g v="VERB"></g><g v="impf"></g><g v="intr"></g><g v="sing"></g><g v="3per"></g><g v="pres"></g><g v="indc"></g></l></v></tfr></token><token id="557173" text="за"><tfr rev_id="1390256" t="за"><v><l t="за" id="98043"><g v="PREP"></g></l></v></tfr></token><token id="557174" text="дело"><tfr rev_id="3555334" t="дело"><v><l t="дело" id="80628"><g v="NOUN"></g><g v="inan"></g><g v="neut"></g><g v="sing"></g><g v="accs"></g></l></v></tfr></token><token id="557175" text="и"><tfr rev_id="1390258" t="и"><v><l t="и" id="116949"><g v="CONJ"></g></l></v><v><l t="и" id="116950"><g v="INTJ"></g></l></v></tfr></token><token id="557176" text="способен"><tfr rev_id="1390259" t="способен"><v><l t="способен" id="332839"><g v="ADJS"></g><g v="Qual"></g><g v="masc"></g><g v="sing"></g></l></v></tfr></token><token id="557177" text="работать"><tfr rev_id="1390260" t="работать"><v><l t="работать" id="290503"><g v="INFN"></g><g v="impf"></g><g v="intr"></g></l></v></tfr></token><token id="557178" text="с"><tfr rev_id="1390261" t="с"><v><l t="с" id="311151"><g v="PREP"></g></l></v></tfr></token><token id="557179" text="отдачей"><tfr rev_id="1390262" t="отдачей"><v><l t="отдача" id="213343"><g v="NOUN"></g><g v="inan"></g><g v="femn"></g><g v="sing"></g><g v="ablt"></g></l></v></tfr></token><token id="557180" text="."><tfr rev_id="1390263" t="."><v><l t="." id="0"><g v="PNCT"></g></l></v></tfr></token></tokens></sentence><sentence id="31086"><source>Наконец, я считаю, что если одно из центральных мест в государственной иерархии займёт женщина, это будет способствовать тому, что наше государство будет более современным и будет лучше развиваться»,</source><tokens><token id="557181" text="Наконец"><tfr rev_id="1390264" t="Наконец"><v><l t="наконец" id="171303"><g v="ADVB"></g></l></v><v><l t="наконец" id="171304"><g v="CONJ"></g><g v="Prnt"></g></l></v></tfr></token><token id="557182" text=","><tfr rev_id="1390265" t=","><v><l t="," id="0"><g v="PNCT"></g></l></v></tfr></token><token id="557183" text="я"><tfr rev_id="1390266" t="я"><v><l t="я" id="387317"><g v="NPRO"></g><g v="1per"></g><g v="sing"></g><g v="nomn"></g></l></v></tfr></token><token id="557184" text="считаю"><tfr rev_id="1390267" t="считаю"><v><l t="считаю" id="341320"><g v="VERB"></g><g v="impf"></g><g v="tran"></g><g v="sing"></g><g v="1per"></g><g v="pres"></g><g v="indc"></g></l></v><v><l t="считал" id="341329"><g v="VERB"></g><g v="perf"></g><g v="tran"></g><g v="sing"></g><g v="1per"></g><g v="futr"></g><g v="indc"></g></l></v></tfr></token><token id="557185" text=","><tfr rev_id="1390268" t=","><v><l t="," id="0"><g v="PNCT"></g></l></v></tfr></token><token id="557186" text="что"><tfr rev_id="3196427" t="что"><v><l t="что" id="377004"><g v="CONJ"></g></l></v><v><l t="что" id="377005"><g v="NPRO"></g><g v="neut"></g><g v="sing"></g><g v="nomn"></g></l></v><v><l t="что" id="377005"><g v="NPRO"></g><g v="neut"></g><g v="sing"></g><g v="accs"></g></l></v><v><l t="что" id="377006"><g v="ADVB"></g><g v="Ques"></g></l></v><v><l t="что" id="388695"><g v="PRCL"></g></l></v></tfr></token><token id="557187" text="если"><tfr rev_id="1390270" t="если"><v><l t="если" id="95365"><g v="CONJ"></g></l></v></tfr></token><token id="557188" text="одно"><tfr rev_id="4303067" t="одно"><v><l t="один" id="203319"><g v="ADJF"></g><g v="Apro"></g><g v="Anum"></g><g v="neut"></g><g v="sing"></g><g v="nomn"></g></l></v><v><l t="один" id="203319"><g v="ADJF"></g><g v="Apro"></g><g v="Anum"></g><g v="neut"></g><g v="sing"></g><g v="accs"></g></l></v></tfr></token><token id="557189" text="из"><tfr rev_id="2603119" t="из"><v><l t="из" id="117677"><g v="PREP"></g></l></v></tfr></token><token id="557190" text="центральных"><tfr rev_id="4360539" t="центральных"><v><l t="центральный" id="373429"><g v="ADJF"></g><g v="plur"></g><g v="gent"></g></l></v></tfr></token><token id="557191" text="мест"><tfr rev_id="1390274" t="мест"><v><l t="место" id="158822"><g v="NOUN"></g><g v="inan"></g><g v="neut"></g><g v="plur"></g><g v="gent"></g></l></v></tfr></token><token id="557192" text="в"><tfr rev_id="1390275" t="в"><v><l t="в" id="37409"><g v="PREP"></g></l></v></tfr></token><token id="557193" text="государственной"><tfr rev_id="4315883" t="государственной"><v><l t="государственный" id="74161"><g v="ADJF"></g><g v="femn"></g><g v="sing"></g><g v="loct"></g></l></v></tfr></token><token id="557194" text="иерархии"><tfr rev_id="4179494" t="иерархии"><v><l t="иерархия" id="117616"><g v="NOUN"></g><g v="inan"></g><g v="femn"></g><g v="sing"></g><g v="loct"></g></l></v></tfr></token><token id="557195" text="займёт"><tfr rev_id="1390278" t="займёт"><v><l t="занял" id="106583"><g v="VERB"></g><g v="perf"></g><g v="tran"></g><g v="sing"></g><g v="3per"></g><g v="futr"></g><g v="indc"></g></l></v></tfr></token><token id="557196" text="женщина"><tfr rev_id="1390279" t="женщина"><v><l t="женщина" id="96749"><g v="NOUN"></g><g v="anim"></g><g v="femn"></g><g v="sing"></g><g v="nomn"></g></l></v></tfr></token><token id="557197" text=","><tfr rev_id="1390280" t=","><v><l t="," id="0"><g v="PNCT"></g></l></v></tfr></token><token id="557198" text="это"><tfr rev_id="4441407" t="это"><v><l t="это" id="386574"><g v="PRCL"></g></l></v><v><l t="это" id="386575"><g v="NPRO"></g><g v="neut"></g><g v="sing"></g><g v="nomn"></g></l></v><v><l t="это" id="386575"><g v="NPRO"></g><g v="neut"></g><g v="sing"></g><g v="accs"></g></l></v><v><l t="этот" id="386581"><g v="ADJF"></g><g v="Subx"></g><g v="Apro"></g><g v="Anph"></g><g v="neut"></g><g v="sing"></g><g v="nomn"></g></l></v><v><l t="этот" id="386581"><g v="ADJF"></g><g v="Subx"></g><g v="Apro"></g><g v="Anph"></g><g v="neut"></g><g v="sing"></g><g v="accs"></g></l></v></tfr></token><token id="557199" text="будет"><tfr rev_id="1390282" t="будет"><v><l t="есть" id="37265"><g v="VERB"></g><g v="impf"></g><g v="intr"></g><g v="sing"></g><g v="3per"></g><g v="futr"></g><g v="indc"></g></l></v></tfr></token><token id="557200" text="способствовать"><tfr rev_id="1390283" t="способствовать"><v><l t="способствовать" id="332843"><g v="INFN"></g><g v="impf"></g><g v="intr"></g></l></v></tfr></token><token id="557201" text="тому"><tfr rev_id="3771984" t="тому"><v><l t="тот" id="348430"><g v="ADJF"></g><g v="Subx"></g><g v="Apro"></g><g v="Anph"></g><g v="masc"></g><g v="sing"></g><g v="datv"></g></l></v><v><l t="тот" id="348430"><g v="ADJF"></g><g v="Subx"></g><g v="Apro"></g><g v="Anph"></g><g v="neut"></g><g v="sing"></g><g v="datv"></g></l></v></tfr></token><token id="557202" text=","><tfr rev_id="1390285" t=","><v><l t="," id="0"><g v="PNCT"></g></l></v></tfr></token><token id="557203" text="что"><tfr rev_id="3196428" t="что"><v><l t="что" id="377004"><g v="CONJ"></g></l></v><v><l t="что" id="377005"><g v="NPRO"></g><g v="neut"></g><g v="sing"></g><g v="nomn"></g></l></v><v><l t="что" id="377005"><g v="NPRO"></g><g v="neut"></g><g v="sing"></g><g v="accs"></g></l></v><v><l t="что" id="377006"><g v="ADVB"></g><g v="Ques"></g></l></v><v><l t="что" id="388695"><g v="PRCL"></g></l></v></tfr></token><token id="557204" text="наше"><tfr rev_id="1390287" t="наше"><v><l t="наш" id="178492"><g v="ADJF"></g><g v="Apro"></g><g v="neut"></g><g v="sing"></g><g v="nomn"></g></l></v><v><l t="наш" id="178492"><g v="ADJF"></g><g v="Apro"></g><g v="neut"></g><g v="sing"></g><g v="accs"></g></l></v></tfr></token><token id="557205" text="государство"><tfr rev_id="1390288" t="государство"><v><l t="государство" id="74164"><g v="NOUN"></g><g v="inan"></g><g v="neut"></g><g v="sing"></g><g v="nomn"></g></l></v><v><l t="государство" id="74164"><g v="NOUN"></g><g v="inan"></g><g v="neut"></g><g v="sing"></g><g v="accs"></g></l></v></tfr></token><token id="557206" text="будет"><tfr rev_id="1390289" t="будет"><v><l t="есть" id="37265"><g v="VERB"></g><g v="impf"></g><g v="intr"></g><g v="sing"></g><g v="3per"></g><g v="futr"></g><g v="indc"></g></l></v></tfr></token><token id="557207" text="более"><tfr rev_id="1390290" t="более"><v><l t="более" id="32065"><g v="ADVB"></g></l></v></tfr></token><token id="557208" text="современным"><tfr rev_id="3668868" t="современным"><v><l t="современный" id="328217"><g v="ADJF"></g><g v="Qual"></g><g v="masc"></g><g v="sing"></g><g v="ablt"></g></l></v><v><l t="современный" id="328217"><g v="ADJF"></g><g v="Qual"></g><g v="neut"></g><g v="sing"></g><g v="ablt"></g></l></v></tfr></token><token id="557209" text="и"><tfr rev_id="3825414" t="и"><v><l t="и" id="116949"><g v="CONJ"></g></l></v></tfr></token><token id="557210" text="будет"><tfr rev_id="1390293" t="будет"><v><l t="есть" id="37265"><g v="VERB"></g><g v="impf"></g><g v="intr"></g><g v="sing"></g><g v="3per"></g><g v="futr"></g><g v="indc"></g></l></v></tfr></token><token id="557211" text="лучше"><tfr rev_id="1390294" t="лучше"><v><l t="лучше" id="151661"><g v="PRCL"></g></l></v><v><l t="лучше" id="371670"><g v="COMP"></g><g v="Qual"></g></l></v></tfr></token><token id="557212" text="развиваться"><tfr rev_id="1390295" t="развиваться"><v><l t="развиваться" id="292487"><g v="INFN"></g><g v="impf"></g><g v="intr"></g></l></v></tfr></token><token id="557213" text="»"><tfr rev_id="2441922" t="»"><v><l t="»" id="0"><g v="PNCT"></g></l></v></tfr></token><token id="557214" text=","><tfr rev_id="1390297" t=","><v><l t="," id="0"><g v="PNCT"></g></l></v></tfr></token></tokens></sentence><sentence id="31087"><source>— цитирует NEWSru.com главу государства.</source><tokens><token id="557215" text="—"><tfr rev_id="2441923" t="—"><v><l t="—" id="0"><g v="PNCT"></g></l></v></tfr></token><token id="557216" text="цитирует"><tfr rev_id="1390299" t="цитирует"><v><l t="цитирую" id="374102"><g v="VERB"></g><g v="impf"></g><g v="tran"></g><g v="sing"></g><g v="3per"></g><g v="pres"></g><g v="indc"></g></l></v></tfr></token><token id="557217" text="NEWSru.com"><tfr rev_id="2473996" t="NEWSru.com"><v><l t="NEWSru.com" id="0"><g v="LATN"></g></l></v></tfr></token><token id="557218" text="главу"><tfr rev_id="4526428" t="главу"><v><l t="глава" id="70790"><g v="NOUN"></g><g v="anim"></g><g v="ms-f"></g><g v="sing"></g><g v="accs"></g></l></v></tfr></token><token id="557219" text="государства"><tfr rev_id="3448009" t="государства"><v><l t="государство" id="74164"><g v="NOUN"></g><g v="inan"></g><g v="neut"></g><g v="sing"></g><g v="gent"></g></l></v></tfr></token><token id="557220" text="."><tfr rev_id="1390303" t="."><v><l t="." id="0"><g v="PNCT"></g></l></v></tfr></token></tokens></sentence></paragraph><paragraph id="9928"><sentence id="31088"><source>Напомним, место спикера Совета Федерации освободилось после досрочной отставки Сергея Миронова, инициированной петербургскими единороссами.</source><tokens><token id="557221" text="Напомним"><tfr rev_id="1390304" t="Напомним"><v><l t="напомнил" id="173892"><g v="VERB"></g><g v="perf"></g><g v="tran"></g><g v="plur"></g><g v="1per"></g><g v="futr"></g><g v="indc"></g></l></v><v><l t="напомнил" id="173892"><g v="VERB"></g><g v="perf"></g><g v="tran"></g><g v="sing"></g><g v="impr"></g><g v="incl"></g></l></v></tfr></token><token id="557222" text=","><tfr rev_id="1390305" t=","><v><l t="," id="0"><g v="PNCT"></g></l></v></tfr></token><token id="557223" text="место"><tfr rev_id="4099239" t="место"><v><l t="место" id="158822"><g v="NOUN"></g><g v="inan"></g><g v="neut"></g><g v="sing"></g><g v="nomn"></g></l></v></tfr></token><token id="557224" text="спикера"><tfr rev_id="2826835" t="спикера"><v><l t="спикер" id="332107"><g v="NOUN"></g><g v="anim"></g><g v="masc"></g><g v="sing"></g><g v="gent"></g></l></v></tfr></token><token id="557225" text="Совета"><tfr rev_id="1390308" t="Совета"><v><l t="совет" id="327955"><g v="NOUN"></g><g v="inan"></g><g v="masc"></g><g v="sing"></g><g v="gent"></g></l></v></tfr></token><token id="557226" text="Федерации"><tfr rev_id="4270013" t="Федерации"><v><l t="федерация" id="364940"><g v="NOUN"></g><g v="inan"></g><g v="femn"></g><g v="sing"></g><g v="gent"></g></l></v></tfr></token><token id="557227" text="освободилось"><tfr rev_id="1390310" t="освободилось"><v><l t="освободился" id="209701"><g v="VERB"></g><g v="perf"></g><g v="intr"></g><g v="neut"></g><g v="sing"></g><g v="past"></g><g v="indc"></g></l></v></tfr></token><token id="557228" text="после"><tfr rev_id="4406020" t="после"><v><l t="после" id="261542"><g v="PREP"></g></l></v></tfr></token><token id="557229" text="досрочной"><tfr rev_id="4315173" t="досрочной"><v><l t="досрочный" id="90409"><g v="ADJF"></g><g v="Qual"></g><g v="femn"></g><g v="sing"></g><g v="gent"></g></l></v></tfr></token><token id="557230" text="отставки"><tfr rev_id="3483650" t="отставки"><v><l t="отставка" id="218332"><g v="NOUN"></g><g v="inan"></g><g v="femn"></g><g v="sing"></g><g v="gent"></g></l></v></tfr></token><token id="557231" text="Сергея"><tfr rev_id="4363876" t="Сергея"><v><l t="сергей" id="319056"><g v="NOUN"></g><g v="anim"></g><g v="masc"></g><g v="Name"></g><g v="sing"></g><g v="gent"></g></l></v></tfr></token><token id="557232" text="Миронова"><tfr rev_id="4426167" t="Миронова"><v><l t="миронов" id="160926"><g v="NOUN"></g><g v="anim"></g><g v="masc"></g><g v="Sgtm"></g><g v="Surn"></g><g v="sing"></g><g v="gent"></g></l></v></tfr></token><token id="557233" text=","><tfr rev_id="1390316" t=","><v><l t="," id="0"><g v="PNCT"></g></l></v></tfr></token><token id="557234" text="инициированной"><tfr rev_id="4342102" t="инициированной"><v><l t="инициированный" id="122515"><g v="PRTF"></g><g v="perf"></g><g v="tran"></g><g v="past"></g><g v="pssv"></g><g v="femn"></g><g v="sing"></g><g v="gent"></g></l></v><v><l t="инициированный" id="122516"><g v="PRTF"></g><g v="impf"></g><g v="tran"></g><g v="past"></g><g v="pssv"></g><g v="femn"></g><g v="sing"></g><g v="gent"></g></l></v></tfr></token><token id="557235" text="петербургскими"><tfr rev_id="1390318" t="петербургскими"><v><l t="петербургский" id="237889"><g v="ADJF"></g><g v="Geox"></g><g v="plur"></g><g v="ablt"></g></l></v></tfr></token><token id="557236" text="единороссами"><tfr rev_id="3418799" t="единороссами"><v><l t="единоросс" id="388788"><g v="NOUN"></g><g v="anim"></g><g v="masc"></g><g v="plur"></g><g v="ablt"></g></l></v></tfr></token><token id="557237" text="."><tfr rev_id="1390320" t="."><v><l t="." id="0"><g v="PNCT"></g></l></v></tfr></token></tokens></sentence><sentence id="31089"><source>Валентина Матвиенко тогда посчитала его отставку закономерной, поскольку один человек, по её словам, не может совмещать должность государственного деятеля и функции лидера оппозиционной партии.</source><tokens><token id="557238" text="Валентина"><tfr rev_id="3859784" t="Валентина"><v><l t="валентина" id="38124"><g v="NOUN"></g><g v="anim"></g><g v="femn"></g><g v="Name"></g><g v="sing"></g><g v="nomn"></g></l></v></tfr></token><token id="557239" text="Матвиенко"><tfr rev_id="4327137" t="Матвиенко"><v><l t="матвиенко" id="156182"><g v="NOUN"></g><g v="anim"></g><g v="ms-f"></g><g v="Fixd"></g><g v="Surn"></g><g v="sing"></g><g v="nomn"></g></l></v></tfr></token><token id="557240" text="тогда"><tfr rev_id="1390323" t="тогда"><v><l t="тогда" id="346921"><g v="ADVB"></g><g v="Dmns"></g></l></v></tfr></token><token id="557241" text="посчитала"><tfr rev_id="1390324" t="посчитала"><v><l t="посчитал" id="262767"><g v="VERB"></g><g v="perf"></g><g v="tran"></g><g v="femn"></g><g v="sing"></g><g v="past"></g><g v="indc"></g></l></v></tfr></token><token id="557242" text="его"><tfr rev_id="4457390" t="его"><v><l t="его" id="94208"><g v="ADJF"></g><g v="Fixd"></g><g v="Apro"></g><g v="Anph"></g><g v="femn"></g><g v="sing"></g><g v="nomn"></g></l></v><v><l t="его" id="94208"><g v="ADJF"></g><g v="Fixd"></g><g v="Apro"></g><g v="Anph"></g><g v="femn"></g><g v="sing"></g><g v="gent"></g></l></v><v><l t="его" id="94208"><g v="ADJF"></g><g v="Fixd"></g><g v="Apro"></g><g v="Anph"></g><g v="femn"></g><g v="sing"></g><g v="datv"></g></l></v><v><l t="его" id="94208"><g v="ADJF"></g><g v="Fixd"></g><g v="Apro"></g><g v="Anph"></g><g v="femn"></g><g v="sing"></g><g v="accs"></g></l></v><v><l t="его" id="94208"><g v="ADJF"></g><g v="Fixd"></g><g v="Apro"></g><g v="Anph"></g><g v="femn"></g><g v="sing"></g><g v="ablt"></g></l></v><v><l t="его" id="94208"><g v="ADJF"></g><g v="Fixd"></g><g v="Apro"></g><g v="Anph"></g><g v="femn"></g><g v="sing"></g><g v="loct"></g></l></v></tfr></token><token id="557243" text="отставку"><tfr rev_id="1390326" t="отставку"><v><l t="отставка" id="218332"><g v="NOUN"></g><g v="inan"></g><g v="femn"></g><g v="sing"></g><g v="accs"></g></l></v></tfr></token><token id="557244" text="закономерной"><tfr rev_id="4167494" t="закономерной"><v><l t="закономерный" id="103727"><g v="ADJF"></g><g v="femn"></g><g v="sing"></g><g v="ablt"></g></l></v></tfr></token><token id="557245" text=","><tfr rev_id="1390328" t=","><v><l t="," id="0"><g v="PNCT"></g></l></v></tfr></token><token id="557246" text="поскольку"><tfr rev_id="1390329" t="поскольку"><v><l t="поскольку" id="261429"><g v="CONJ"></g></l></v></tfr></token><token id="557247" text="один"><tfr rev_id="4299627" t="один"><v><l t="один" id="203319"><g v="ADJF"></g><g v="Apro"></g><g v="Anum"></g><g v="masc"></g><g v="sing"></g><g v="nomn"></g></l></v><v><l t="один" id="203319"><g v="ADJF"></g><g v="Apro"></g><g v="Anum"></g><g v="inan"></g><g v="masc"></g><g v="sing"></g><g v="accs"></g></l></v></tfr></token><token id="557248" text="человек"><tfr rev_id="3485335" t="человек"><v><l t="человек" id="375073"><g v="NOUN"></g><g v="anim"></g><g v="masc"></g><g v="sing"></g><g v="nomn"></g></l></v></tfr></token><token id="557249" text=","><tfr rev_id="1390332" t=","><v><l t="," id="0"><g v="PNCT"></g></l></v></tfr></token><token id="557250" text="по"><tfr rev_id="1390333" t="по"><v><l t="по" id="241240"><g v="PREP"></g></l></v></tfr></token><token id="557251" text="её"><tfr rev_id="4572578" t="её"><v><l t="её" id="94433"><g v="ADJF"></g><g v="Fixd"></g><g v="Apro"></g><g v="Anph"></g><g v="masc"></g><g v="sing"></g><g v="nomn"></g></l></v><v><l t="её" id="94433"><g v="ADJF"></g><g v="Fixd"></g><g v="Apro"></g><g v="Anph"></g><g v="masc"></g><g v="sing"></g><g v="gent"></g></l></v><v><l t="её" id="94433"><g v="ADJF"></g><g v="Fixd"></g><g v="Apro"></g><g v="Anph"></g><g v="masc"></g><g v="sing"></g><g v="datv"></g></l></v><v><l t="её" id="94433"><g v="ADJF"></g><g v="Fixd"></g><g v="Apro"></g><g v="Anph"></g><g v="masc"></g><g v="sing"></g><g v="accs"></g></l></v><v><l t="её" id="94433"><g v="ADJF"></g><g v="Fixd"></g><g v="Apro"></g><g v="Anph"></g><g v="masc"></g><g v="sing"></g><g v="ablt"></g></l></v><v><l t="её" id="94433"><g v="ADJF"></g><g v="Fixd"></g><g v="Apro"></g><g v="Anph"></g><g v="masc"></g><g v="sing"></g><g v="loct"></g></l></v><v><l t="её" id="94433"><g v="ADJF"></g><g v="Fixd"></g><g v="Apro"></g><g v="Anph"></g><g v="femn"></g><g v="sing"></g><g v="nomn"></g></l></v><v><l t="её" id="94433"><g v="ADJF"></g><g v="Fixd"></g><g v="Apro"></g><g v="Anph"></g><g v="femn"></g><g v="sing"></g><g v="gent"></g></l></v><v><l t="её" id="94433"><g v="ADJF"></g><g v="Fixd"></g><g v="Apro"></g><g v="Anph"></g><g v="femn"></g><g v="sing"></g><g v="datv"></g></l></v><v><l t="её" id="94433"><g v="ADJF"></g><g v="Fixd"></g><g v="Apro"></g><g v="Anph"></g><g v="femn"></g><g v="sing"></g><g v="accs"></g></l></v><v><l t="её" id="94433"><g v="ADJF"></g><g v="Fixd"></g><g v="Apro"></g><g v="Anph"></g><g v="femn"></g><g v="sing"></g><g v="ablt"></g></l></v><v><l t="её" id="94433"><g v="ADJF"></g><g v="Fixd"></g><g v="Apro"></g><g v="Anph"></g><g v="femn"></g><g v="sing"></g><g v="loct"></g></l></v><v><l t="её" id="94433"><g v="ADJF"></g><g v="Fixd"></g><g v="Apro"></g><g v="Anph"></g><g v="neut"></g><g v="sing"></g><g v="nomn"></g></l></v><v><l t="её" id="94433"><g v="ADJF"></g><g v="Fixd"></g><g v="Apro"></g><g v="Anph"></g><g v="neut"></g><g v="sing"></g><g v="gent"></g></l></v><v><l t="её" id="94433"><g v="ADJF"></g><g v="Fixd"></g><g v="Apro"></g><g v="Anph"></g><g v="neut"></g><g v="sing"></g><g v="datv"></g></l></v><v><l t="её" id="94433"><g v="ADJF"></g><g v="Fixd"></g><g v="Apro"></g><g v="Anph"></g><g v="neut"></g><g v="sing"></g><g v="accs"></g></l></v><v><l t="её" id="94433"><g v="ADJF"></g><g v="Fixd"></g><g v="Apro"></g><g v="Anph"></g><g v="neut"></g><g v="sing"></g><g v="ablt"></g></l></v><v><l t="её" id="94433"><g v="ADJF"></g><g v="Fixd"></g><g v="Apro"></g><g v="Anph"></g><g v="neut"></g><g v="sing"></g><g v="loct"></g></l></v><v><l t="её" id="94433"><g v="ADJF"></g><g v="Fixd"></g><g v="Apro"></g><g v="Anph"></g><g v="plur"></g><g v="nomn"></g></l></v><v><l t="её" id="94433"><g v="ADJF"></g><g v="Fixd"></g><g v="Apro"></g><g v="Anph"></g><g v="plur"></g><g v="gent"></g></l></v><v><l t="её" id="94433"><g v="ADJF"></g><g v="Fixd"></g><g v="Apro"></g><g v="Anph"></g><g v="plur"></g><g v="datv"></g></l></v><v><l t="её" id="94433"><g v="ADJF"></g><g v="Fixd"></g><g v="Apro"></g><g v="Anph"></g><g v="plur"></g><g v="accs"></g></l></v><v><l t="её" id="94433"><g v="ADJF"></g><g v="Fixd"></g><g v="Apro"></g><g v="Anph"></g><g v="plur"></g><g v="ablt"></g></l></v><v><l t="её" id="94433"><g v="ADJF"></g><g v="Fixd"></g><g v="Apro"></g><g v="Anph"></g><g v="plur"></g><g v="loct"></g></l></v></tfr></token><token id="557252" text="словам"><tfr rev_id="1390335" t="словам"><v><l t="слово" id="325168"><g v="NOUN"></g><g v="inan"></g><g v="neut"></g><g v="plur"></g><g v="datv"></g></l></v></tfr></token><token id="557253" text=","><tfr rev_id="1390336" t=","><v><l t="," id="0"><g v="PNCT"></g></l></v></tfr></token><token id="557254" text="не"><tfr rev_id="1390337" t="не"><v><l t="не" id="178876"><g v="PRCL"></g></l></v></tfr></token><token id="557255" text="может"><tfr rev_id="4232074" t="может"><v><l t="могу" id="164485"><g v="VERB"></g><g v="impf"></g><g v="intr"></g><g v="sing"></g><g v="3per"></g><g v="pres"></g><g v="indc"></g></l></v></tfr></token><token id="557256" text="совмещать"><tfr rev_id="1390339" t="совмещать"><v><l t="совмещать" id="328119"><g v="INFN"></g><g v="impf"></g><g v="tran"></g></l></v></tfr></token><token id="557257" text="должность"><tfr rev_id="3555865" t="должность"><v><l t="должность" id="87973"><g v="NOUN"></g><g v="inan"></g><g v="femn"></g><g v="sing"></g><g v="accs"></g></l></v></tfr></token><token id="557258" text="государственного"><tfr rev_id="3530932" t="государственного"><v><l t="государственный" id="74161"><g v="ADJF"></g><g v="masc"></g><g v="sing"></g><g v="gent"></g></l></v><v><l t="государственный" id="74161"><g v="ADJF"></g><g v="anim"></g><g v="masc"></g><g v="sing"></g><g v="accs"></g></l></v></tfr></token><token id="557259" text="деятеля"><tfr rev_id="3676099" t="деятеля"><v><l t="деятель" id="82509"><g v="NOUN"></g><g v="anim"></g><g v="masc"></g><g v="sing"></g><g v="gent"></g></l></v></tfr></token><token id="557260" text="и"><tfr rev_id="4093968" t="и"><v><l t="и" id="116949"><g v="CONJ"></g></l></v></tfr></token><token id="557261" text="функции"><tfr rev_id="3793005" t="функции"><v><l t="функция" id="368676"><g v="NOUN"></g><g v="inan"></g><g v="femn"></g><g v="plur"></g><g v="accs"></g></l></v></tfr></token><token id="557262" text="лидера"><tfr rev_id="4215089" t="лидера"><v><l t="лидер" id="149007"><g v="NOUN"></g><g v="anim"></g><g v="masc"></g><g v="sing"></g><g v="gent"></g></l></v></tfr></token><token id="557263" text="оппозиционной"><tfr rev_id="2637311" t="оппозиционной"><v><l t="оппозиционный" id="207892"><g v="ADJF"></g><g v="femn"></g><g v="sing"></g><g v="gent"></g></l></v></tfr></token><token id="557264" text="партии"><tfr rev_id="4288094" t="партии"><v><l t="партия" id="224431"><g v="NOUN"></g><g v="inan"></g><g v="femn"></g><g v="sing"></g><g v="gent"></g></l></v></tfr></token><token id="557265" text="."><tfr rev_id="1390348" t="."><v><l t="." id="0"><g v="PNCT"></g></l></v></tfr></token></tokens></sentence></paragraph><paragraph id="9929"><sentence id="31090"><source>О некоторых законодательных инициативах спикера Совета Федерации читайте в статье Частного корреспондента «На те же грабли»</source><tokens><token id="557266" text="О"><tfr rev_id="1390349" t="О"><v><l t="о" id="192977"><g v="PREP"></g></l></v><v><l t="о" id="192978"><g v="INTJ"></g></l></v></tfr></token><token id="557267" text="некоторых"><tfr rev_id="4474766" t="некоторых"><v><l t="некоторый" id="183542"><g v="ADJF"></g><g v="Apro"></g><g v="plur"></g><g v="gent"></g></l></v><v><l t="некоторый" id="183542"><g v="ADJF"></g><g v="Apro"></g><g v="anim"></g><g v="plur"></g><g v="accs"></g></l></v><v><l t="некоторый" id="183542"><g v="ADJF"></g><g v="Apro"></g><g v="plur"></g><g v="loct"></g></l></v></tfr></token><token id="557268" text="законодательных"><tfr rev_id="3824172" t="законодательных"><v><l t="законодательный" id="103716"><g v="ADJF"></g><g v="plur"></g><g v="loct"></g></l></v></tfr></token><token id="557269" text="инициативах"><tfr rev_id="1390352" t="инициативах"><v><l t="инициатива" id="122496"><g v="NOUN"></g><g v="inan"></g><g v="femn"></g><g v="plur"></g><g v="loct"></g></l></v></tfr></token><token id="557270" text="спикера"><tfr rev_id="3542899" t="спикера"><v><l t="спикер" id="332107"><g v="NOUN"></g><g v="anim"></g><g v="masc"></g><g v="sing"></g><g v="gent"></g></l></v></tfr></token><token id="557271" text="Совета"><tfr rev_id="1390354" t="Совета"><v><l t="совет" id="327955"><g v="NOUN"></g><g v="inan"></g><g v="masc"></g><g v="sing"></g><g v="gent"></g></l></v></tfr></token><token id="557272" text="Федерации"><tfr rev_id="3553520" t="Федерации"><v><l t="федерация" id="364940"><g v="NOUN"></g><g v="inan"></g><g v="femn"></g><g v="sing"></g><g v="gent"></g></l></v></tfr></token><token id="557273" text="читайте"><tfr rev_id="1390356" t="читайте"><v><l t="читаю" id="376719"><g v="VERB"></g><g v="impf"></g><g v="tran"></g><g v="plur"></g><g v="impr"></g><g v="excl"></g></l></v></tfr></token><token id="557274" text="в"><tfr rev_id="1390357" t="в"><v><l t="в" id="37409"><g v="PREP"></g></l></v></tfr></token><token id="557275" text="статье"><tfr rev_id="3447556" t="статье"><v><l t="статья" id="335173"><g v="NOUN"></g><g v="inan"></g><g v="femn"></g><g v="sing"></g><g v="loct"></g></l></v></tfr></token><token id="557276" text="Частного"><tfr rev_id="4311102" t="Частного"><v><l t="частный" id="374795"><g v="ADJF"></g><g v="Qual"></g><g v="masc"></g><g v="sing"></g><g v="gent"></g></l></v><v><l t="частный" id="374795"><g v="ADJF"></g><g v="Qual"></g><g v="anim"></g><g v="masc"></g><g v="sing"></g><g v="accs"></g></l></v></tfr></token><token id="557277" text="корреспондента"><tfr rev_id="4386202" t="корреспондента"><v><l t="корреспондент" id="140239"><g v="NOUN"></g><g v="anim"></g><g v="masc"></g><g v="sing"></g><g v="gent"></g></l></v></tfr></token><token id="557278" text="«"><tfr rev_id="2441924" t="«"><v><l t="«" id="0"><g v="PNCT"></g></l></v></tfr></token><token id="557279" text="На"><tfr rev_id="3344186" t="На"><v><l t="на" id="166264"><g v="PREP"></g></l></v></tfr></token><token id="557280" text="те"><tfr rev_id="3780008" t="те"><v><l t="тот" id="348430"><g v="ADJF"></g><g v="Subx"></g><g v="Apro"></g><g v="Anph"></g><g v="inan"></g><g v="plur"></g><g v="accs"></g></l></v></tfr></token><token id="557281" text="же"><tfr rev_id="1390364" t="же"><v><l t="же" id="96208"><g v="CONJ"></g></l></v><v><l t="же" id="96209"><g v="PRCL"></g></l></v></tfr></token><token id="557282" text="грабли"><tfr rev_id="3727417" t="грабли"><v><l t="грабли" id="74374"><g v="NOUN"></g><g v="inan"></g><g v="GNdr"></g><g v="Pltm"></g><g v="plur"></g><g v="accs"></g></l></v></tfr></token><token id="557283" text="»"><tfr rev_id="2441925" t="»"><v><l t="»" id="0"><g v="PNCT"></g></l></v></tfr></token></tokens></sentence></paragraph></paragraphs></text>