<?xml version="1.0" encoding="utf-8"?><text id="1030" parent="226" name="24113 Владимир Жириновский собрался взбодрить российское общество"><tags><tag>url:http://www.chaskor.ru/news/vladimir_zhirinovskij_sobralsya_vzbodrit_rossijskoe_obshchestvo_24113</tag><tag>Год:2011</tag><tag>Дата:18/07</tag><tag>Тема:ЧасКор:Общество</tag><tag>Тема:ЧасКор:Общество/Общество</tag></tags><paragraphs><paragraph id="10077"><sentence id="31728"><source>Владимир Жириновский собрался взбодрить российское общество</source><tokens><token id="568291" text="Владимир"><tfr rev_id="3679954" t="Владимир"><v><l t="владимир" id="46610"><g v="NOUN"></g><g v="anim"></g><g v="masc"></g><g v="Name"></g><g v="sing"></g><g v="nomn"></g></l></v></tfr></token><token id="568292" text="Жириновский"><tfr rev_id="1401373" t="Жириновский"><v><l t="жириновский" id="97445"><g v="NOUN"></g><g v="anim"></g><g v="masc"></g><g v="Sgtm"></g><g v="Surn"></g><g v="sing"></g><g v="nomn"></g></l></v></tfr></token><token id="568293" text="собрался"><tfr rev_id="1401374" t="собрался"><v><l t="собрался" id="327823"><g v="VERB"></g><g v="perf"></g><g v="intr"></g><g v="masc"></g><g v="sing"></g><g v="past"></g><g v="indc"></g></l></v></tfr></token><token id="568294" text="взбодрить"><tfr rev_id="1401375" t="взбодрить"><v><l t="взбодрить" id="42851"><g v="INFN"></g><g v="perf"></g><g v="tran"></g></l></v></tfr></token><token id="568295" text="российское"><tfr rev_id="1401376" t="российское"><v><l t="российский" id="309319"><g v="ADJF"></g><g v="neut"></g><g v="sing"></g><g v="nomn"></g></l></v><v><l t="российский" id="309319"><g v="ADJF"></g><g v="neut"></g><g v="sing"></g><g v="accs"></g></l></v></tfr></token><token id="568296" text="общество"><tfr rev_id="3269667" t="общество"><v><l t="общество" id="201616"><g v="NOUN"></g><g v="inan"></g><g v="neut"></g><g v="sing"></g><g v="accs"></g></l></v></tfr></token></tokens></sentence><sentence id="31729"><source>Для этого, считает лидер ЛДПР, необходимо не только объявить, но и на деле провести свободные выборы.</source><tokens><token id="568297" text="Для"><tfr rev_id="2707427" t="Для"><v><l t="для" id="85032"><g v="PREP"></g></l></v></tfr></token><token id="568298" text="этого"><tfr rev_id="4467472" t="этого"><v><l t="это" id="386575"><g v="NPRO"></g><g v="neut"></g><g v="sing"></g><g v="gent"></g></l></v></tfr></token><token id="568299" text=","><tfr rev_id="1401380" t=","><v><l t="," id="0"><g v="PNCT"></g></l></v></tfr></token><token id="568300" text="считает"><tfr rev_id="1401381" t="считает"><v><l t="считаю" id="341320"><g v="VERB"></g><g v="impf"></g><g v="tran"></g><g v="sing"></g><g v="3per"></g><g v="pres"></g><g v="indc"></g></l></v><v><l t="считал" id="341329"><g v="VERB"></g><g v="perf"></g><g v="tran"></g><g v="sing"></g><g v="3per"></g><g v="futr"></g><g v="indc"></g></l></v></tfr></token><token id="568301" text="лидер"><tfr rev_id="1401382" t="лидер"><v><l t="лидер" id="149007"><g v="NOUN"></g><g v="anim"></g><g v="masc"></g><g v="sing"></g><g v="nomn"></g></l></v></tfr></token><token id="568302" text="ЛДПР"><tfr rev_id="3499040" t="ЛДПР"><v><l t="лдпр" id="147263"><g v="NOUN"></g><g v="inan"></g><g v="femn"></g><g v="Sgtm"></g><g v="Fixd"></g><g v="Abbr"></g><g v="Orgn"></g><g v="sing"></g><g v="gent"></g></l></v></tfr></token><token id="568303" text=","><tfr rev_id="1401384" t=","><v><l t="," id="0"><g v="PNCT"></g></l></v></tfr></token><token id="568304" text="необходимо"><tfr rev_id="1401385" t="необходимо"><v><l t="необходимо" id="184806"><g v="PRED"></g><g v="pres"></g></l></v><v><l t="необходим" id="184810"><g v="ADJS"></g><g v="Qual"></g><g v="neut"></g><g v="sing"></g></l></v></tfr></token><token id="568305" text="не"><tfr rev_id="1401386" t="не"><v><l t="не" id="178876"><g v="PRCL"></g></l></v></tfr></token><token id="568306" text="только"><tfr rev_id="3784008" t="только"><v><l t="только" id="347395"><g v="CONJ"></g></l></v><v><l t="только" id="347396"><g v="PRCL"></g></l></v><v><l t="только" id="390053"><g v="ADVB"></g></l></v></tfr></token><token id="568307" text="объявить"><tfr rev_id="1401388" t="объявить"><v><l t="объявить" id="201892"><g v="INFN"></g><g v="perf"></g><g v="tran"></g></l></v></tfr></token><token id="568308" text=","><tfr rev_id="1401389" t=","><v><l t="," id="0"><g v="PNCT"></g></l></v></tfr></token><token id="568309" text="но"><tfr rev_id="1401390" t="но"><v><l t="но" id="191429"><g v="CONJ"></g></l></v><v><l t="но" id="191430"><g v="INTJ"></g></l></v></tfr></token><token id="568310" text="и"><tfr rev_id="1401391" t="и"><v><l t="и" id="116949"><g v="CONJ"></g></l></v><v><l t="и" id="116950"><g v="INTJ"></g></l></v></tfr></token><token id="568311" text="на"><tfr rev_id="3340875" t="на"><v><l t="на" id="166264"><g v="PREP"></g></l></v></tfr></token><token id="568312" text="деле"><tfr rev_id="1401393" t="деле"><v><l t="дело" id="80628"><g v="NOUN"></g><g v="inan"></g><g v="neut"></g><g v="sing"></g><g v="loct"></g></l></v></tfr></token><token id="568313" text="провести"><tfr rev_id="1401394" t="провести"><v><l t="провести" id="277831"><g v="INFN"></g><g v="perf"></g><g v="tran"></g></l></v></tfr></token><token id="568314" text="свободные"><tfr rev_id="3756781" t="свободные"><v><l t="свободный" id="316242"><g v="ADJF"></g><g v="Qual"></g><g v="inan"></g><g v="plur"></g><g v="accs"></g></l></v></tfr></token><token id="568315" text="выборы"><tfr rev_id="3728091" t="выборы"><v><l t="выбор" id="55719"><g v="NOUN"></g><g v="inan"></g><g v="masc"></g><g v="plur"></g><g v="accs"></g></l></v><v><l t="выборы" id="55749"><g v="NOUN"></g><g v="inan"></g><g v="GNdr"></g><g v="Pltm"></g><g v="plur"></g><g v="accs"></g></l></v></tfr></token><token id="568316" text="."><tfr rev_id="1401397" t="."><v><l t="." id="0"><g v="PNCT"></g></l></v></tfr></token></tokens></sentence></paragraph><paragraph id="10078"><sentence id="31730"><source>В российском обществе возникла усталость, поэтому его надо взбодрить.</source><tokens><token id="568317" text="В"><tfr rev_id="1401398" t="В"><v><l t="в" id="37409"><g v="PREP"></g></l></v></tfr></token><token id="568318" text="российском"><tfr rev_id="3449482" t="российском"><v><l t="российский" id="309319"><g v="ADJF"></g><g v="neut"></g><g v="sing"></g><g v="loct"></g></l></v></tfr></token><token id="568319" text="обществе"><tfr rev_id="1401400" t="обществе"><v><l t="общество" id="201616"><g v="NOUN"></g><g v="inan"></g><g v="neut"></g><g v="sing"></g><g v="loct"></g></l></v></tfr></token><token id="568320" text="возникла"><tfr rev_id="1401401" t="возникла"><v><l t="возник" id="49521"><g v="VERB"></g><g v="perf"></g><g v="intr"></g><g v="femn"></g><g v="sing"></g><g v="past"></g><g v="indc"></g></l></v></tfr></token><token id="568321" text="усталость"><tfr rev_id="4105665" t="усталость"><v><l t="усталость" id="360962"><g v="NOUN"></g><g v="inan"></g><g v="femn"></g><g v="sing"></g><g v="nomn"></g></l></v></tfr></token><token id="568322" text=","><tfr rev_id="1401403" t=","><v><l t="," id="0"><g v="PNCT"></g></l></v></tfr></token><token id="568323" text="поэтому"><tfr rev_id="1401404" t="поэтому"><v><l t="поэтому" id="265490"><g v="ADVB"></g></l></v></tfr></token><token id="568324" text="его"><tfr rev_id="4531844" t="его"><v><l t="он" id="206541"><g v="NPRO"></g><g v="masc"></g><g v="3per"></g><g v="Anph"></g><g v="sing"></g><g v="gent"></g></l></v><v><l t="он" id="206541"><g v="NPRO"></g><g v="masc"></g><g v="3per"></g><g v="Anph"></g><g v="sing"></g><g v="accs"></g></l></v><v><l t="оно" id="206649"><g v="NPRO"></g><g v="neut"></g><g v="3per"></g><g v="Anph"></g><g v="sing"></g><g v="gent"></g></l></v><v><l t="оно" id="206649"><g v="NPRO"></g><g v="neut"></g><g v="3per"></g><g v="Anph"></g><g v="sing"></g><g v="accs"></g></l></v></tfr></token><token id="568325" text="надо"><tfr rev_id="4330205" t="надо"><v><l t="надо" id="169144"><g v="PRED"></g><g v="pres"></g></l></v></tfr></token><token id="568326" text="взбодрить"><tfr rev_id="1401407" t="взбодрить"><v><l t="взбодрить" id="42851"><g v="INFN"></g><g v="perf"></g><g v="tran"></g></l></v></tfr></token><token id="568327" text="."><tfr rev_id="1401408" t="."><v><l t="." id="0"><g v="PNCT"></g></l></v></tfr></token></tokens></sentence><sentence id="31731"><source>Так полагает лидер ЛДПР Владимир Жириновский.</source><tokens><token id="568328" text="Так"><tfr rev_id="1401409" t="Так"><v><l t="так" id="342451"><g v="CONJ"></g></l></v><v><l t="так" id="342452"><g v="PRCL"></g></l></v><v><l t="так" id="342453"><g v="ADVB"></g><g v="Dmns"></g></l></v></tfr></token><token id="568329" text="полагает"><tfr rev_id="1401410" t="полагает"><v><l t="полагаю" id="255118"><g v="VERB"></g><g v="impf"></g><g v="tran"></g><g v="sing"></g><g v="3per"></g><g v="pres"></g><g v="indc"></g></l></v></tfr></token><token id="568330" text="лидер"><tfr rev_id="1401411" t="лидер"><v><l t="лидер" id="149007"><g v="NOUN"></g><g v="anim"></g><g v="masc"></g><g v="sing"></g><g v="nomn"></g></l></v></tfr></token><token id="568331" text="ЛДПР"><tfr rev_id="3691635" t="ЛДПР"><v><l t="лдпр" id="147263"><g v="NOUN"></g><g v="inan"></g><g v="femn"></g><g v="Sgtm"></g><g v="Fixd"></g><g v="Abbr"></g><g v="Orgn"></g><g v="sing"></g><g v="gent"></g></l></v></tfr></token><token id="568332" text="Владимир"><tfr rev_id="4221872" t="Владимир"><v><l t="владимир" id="46610"><g v="NOUN"></g><g v="anim"></g><g v="masc"></g><g v="Name"></g><g v="sing"></g><g v="nomn"></g></l></v></tfr></token><token id="568333" text="Жириновский"><tfr rev_id="1401414" t="Жириновский"><v><l t="жириновский" id="97445"><g v="NOUN"></g><g v="anim"></g><g v="masc"></g><g v="Sgtm"></g><g v="Surn"></g><g v="sing"></g><g v="nomn"></g></l></v></tfr></token><token id="568334" text="."><tfr rev_id="1401415" t="."><v><l t="." id="0"><g v="PNCT"></g></l></v></tfr></token></tokens></sentence><sentence id="31732"><source>«Усталость в обществе возникла, потому что нет движения на политическом поле.</source><tokens><token id="568335" text="«"><tfr rev_id="2442385" t="«"><v><l t="«" id="0"><g v="PNCT"></g></l></v></tfr></token><token id="568336" text="Усталость"><tfr rev_id="1401417" t="Усталость"><v><l t="усталость" id="360962"><g v="NOUN"></g><g v="inan"></g><g v="femn"></g><g v="sing"></g><g v="nomn"></g></l></v><v><l t="усталость" id="360962"><g v="NOUN"></g><g v="inan"></g><g v="femn"></g><g v="sing"></g><g v="accs"></g></l></v></tfr></token><token id="568337" text="в"><tfr rev_id="1401418" t="в"><v><l t="в" id="37409"><g v="PREP"></g></l></v></tfr></token><token id="568338" text="обществе"><tfr rev_id="1401419" t="обществе"><v><l t="общество" id="201616"><g v="NOUN"></g><g v="inan"></g><g v="neut"></g><g v="sing"></g><g v="loct"></g></l></v></tfr></token><token id="568339" text="возникла"><tfr rev_id="1401420" t="возникла"><v><l t="возник" id="49521"><g v="VERB"></g><g v="perf"></g><g v="intr"></g><g v="femn"></g><g v="sing"></g><g v="past"></g><g v="indc"></g></l></v></tfr></token><token id="568340" text=","><tfr rev_id="1401421" t=","><v><l t="," id="0"><g v="PNCT"></g></l></v></tfr></token><token id="568341" text="потому"><tfr rev_id="1401422" t="потому"><v><l t="потому" id="263335"><g v="ADVB"></g><g v="Dmns"></g></l></v></tfr></token><token id="568342" text="что"><tfr rev_id="3196517" t="что"><v><l t="что" id="377004"><g v="CONJ"></g></l></v><v><l t="что" id="377005"><g v="NPRO"></g><g v="neut"></g><g v="sing"></g><g v="nomn"></g></l></v><v><l t="что" id="377005"><g v="NPRO"></g><g v="neut"></g><g v="sing"></g><g v="accs"></g></l></v><v><l t="что" id="377006"><g v="ADVB"></g><g v="Ques"></g></l></v><v><l t="что" id="388695"><g v="PRCL"></g></l></v></tfr></token><token id="568343" text="нет"><tfr rev_id="3752557" t="нет"><v><l t="нет" id="389552"><g v="PRED"></g><g v="pres"></g></l></v></tfr></token><token id="568344" text="движения"><tfr rev_id="3432113" t="движения"><v><l t="движение" id="78833"><g v="NOUN"></g><g v="inan"></g><g v="neut"></g><g v="sing"></g><g v="gent"></g></l></v></tfr></token><token id="568345" text="на"><tfr rev_id="3343271" t="на"><v><l t="на" id="166264"><g v="PREP"></g></l></v></tfr></token><token id="568346" text="политическом"><tfr rev_id="3481576" t="политическом"><v><l t="политический" id="255870"><g v="ADJF"></g><g v="neut"></g><g v="sing"></g><g v="loct"></g></l></v></tfr></token><token id="568347" text="поле"><tfr rev_id="4485927" t="поле"><v><l t="поле" id="255256"><g v="NOUN"></g><g v="inan"></g><g v="neut"></g><g v="sing"></g><g v="loct"></g></l></v></tfr></token><token id="568348" text="."><tfr rev_id="1401429" t="."><v><l t="." id="0"><g v="PNCT"></g></l></v></tfr></token></tokens></sentence><sentence id="31733"><source>Как бы люди ни голосовали, всё равно победит «Единая Россия».</source><tokens><token id="568349" text="Как"><tfr rev_id="1401430" t="Как"><v><l t="как" id="128190"><g v="CONJ"></g></l></v><v><l t="как" id="128191"><g v="PRCL"></g></l></v><v><l t="как" id="128192"><g v="ADVB"></g><g v="Ques"></g></l></v></tfr></token><token id="568350" text="бы"><tfr rev_id="1401431" t="бы"><v><l t="бы" id="36985"><g v="PRCL"></g></l></v></tfr></token><token id="568351" text="люди"><tfr rev_id="1401432" t="люди"><v><l t="человек" id="375073"><g v="NOUN"></g><g v="anim"></g><g v="masc"></g><g v="plur"></g><g v="nomn"></g></l></v></tfr></token><token id="568352" text="ни"><tfr rev_id="1401433" t="ни"><v><l t="ни" id="190307"><g v="CONJ"></g></l></v><v><l t="ни" id="190308"><g v="PRCL"></g></l></v></tfr></token><token id="568353" text="голосовали"><tfr rev_id="1401434" t="голосовали"><v><l t="голосую" id="72509"><g v="VERB"></g><g v="impf"></g><g v="tran"></g><g v="plur"></g><g v="past"></g><g v="indc"></g></l></v></tfr></token><token id="568354" text=","><tfr rev_id="1401435" t=","><v><l t="," id="0"><g v="PNCT"></g></l></v></tfr></token><token id="568355" text="всё"><tfr rev_id="4504156" t="всё"><v><l t="весь" id="42156"><g v="ADJF"></g><g v="Subx"></g><g v="Apro"></g><g v="neut"></g><g v="sing"></g><g v="accs"></g></l></v><v><l t="весь" id="42156"><g v="ADJF"></g><g v="Subx"></g><g v="Apro"></g><g v="neut"></g><g v="sing"></g><g v="nomn"></g></l></v></tfr></token><token id="568356" text="равно"><tfr rev_id="4501660" t="равно"><v><l t="равно" id="290596"><g v="ADVB"></g><g v="Prdx"></g></l></v><v><l t="равно" id="290597"><g v="CONJ"></g></l></v><v><l t="равен" id="290755"><g v="ADJS"></g><g v="Qual"></g><g v="neut"></g><g v="sing"></g></l></v></tfr></token><token id="568357" text="победит"><tfr rev_id="1715109" t="победит"><v><l t="победил" id="241490"><g v="VERB"></g><g v="perf"></g><g v="tran"></g><g v="sing"></g><g v="3per"></g><g v="futr"></g><g v="indc"></g></l></v></tfr></token><token id="568358" text="«"><tfr rev_id="2442386" t="«"><v><l t="«" id="0"><g v="PNCT"></g></l></v></tfr></token><token id="568359" text="Единая"><tfr rev_id="1401440" t="Единая"><v><l t="единый" id="94410"><g v="ADJF"></g><g v="Qual"></g><g v="femn"></g><g v="sing"></g><g v="nomn"></g></l></v></tfr></token><token id="568360" text="Россия"><tfr rev_id="1401441" t="Россия"><v><l t="россия" id="309322"><g v="NOUN"></g><g v="inan"></g><g v="femn"></g><g v="Sgtm"></g><g v="Geox"></g><g v="sing"></g><g v="nomn"></g></l></v></tfr></token><token id="568361" text="»"><tfr rev_id="2442387" t="»"><v><l t="»" id="0"><g v="PNCT"></g></l></v></tfr></token><token id="568362" text="."><tfr rev_id="1401443" t="."><v><l t="." id="0"><g v="PNCT"></g></l></v></tfr></token></tokens></sentence><sentence id="31734"><source>Её губернаторы, её министры, её курс.</source><tokens><token id="568363" text="Её"><tfr rev_id="4572599" t="Её"><v><l t="её" id="94433"><g v="ADJF"></g><g v="Fixd"></g><g v="Apro"></g><g v="Anph"></g><g v="masc"></g><g v="sing"></g><g v="nomn"></g></l></v><v><l t="её" id="94433"><g v="ADJF"></g><g v="Fixd"></g><g v="Apro"></g><g v="Anph"></g><g v="masc"></g><g v="sing"></g><g v="gent"></g></l></v><v><l t="её" id="94433"><g v="ADJF"></g><g v="Fixd"></g><g v="Apro"></g><g v="Anph"></g><g v="masc"></g><g v="sing"></g><g v="datv"></g></l></v><v><l t="её" id="94433"><g v="ADJF"></g><g v="Fixd"></g><g v="Apro"></g><g v="Anph"></g><g v="masc"></g><g v="sing"></g><g v="accs"></g></l></v><v><l t="её" id="94433"><g v="ADJF"></g><g v="Fixd"></g><g v="Apro"></g><g v="Anph"></g><g v="masc"></g><g v="sing"></g><g v="ablt"></g></l></v><v><l t="её" id="94433"><g v="ADJF"></g><g v="Fixd"></g><g v="Apro"></g><g v="Anph"></g><g v="masc"></g><g v="sing"></g><g v="loct"></g></l></v><v><l t="её" id="94433"><g v="ADJF"></g><g v="Fixd"></g><g v="Apro"></g><g v="Anph"></g><g v="femn"></g><g v="sing"></g><g v="nomn"></g></l></v><v><l t="её" id="94433"><g v="ADJF"></g><g v="Fixd"></g><g v="Apro"></g><g v="Anph"></g><g v="femn"></g><g v="sing"></g><g v="gent"></g></l></v><v><l t="её" id="94433"><g v="ADJF"></g><g v="Fixd"></g><g v="Apro"></g><g v="Anph"></g><g v="femn"></g><g v="sing"></g><g v="datv"></g></l></v><v><l t="её" id="94433"><g v="ADJF"></g><g v="Fixd"></g><g v="Apro"></g><g v="Anph"></g><g v="femn"></g><g v="sing"></g><g v="accs"></g></l></v><v><l t="её" id="94433"><g v="ADJF"></g><g v="Fixd"></g><g v="Apro"></g><g v="Anph"></g><g v="femn"></g><g v="sing"></g><g v="ablt"></g></l></v><v><l t="её" id="94433"><g v="ADJF"></g><g v="Fixd"></g><g v="Apro"></g><g v="Anph"></g><g v="femn"></g><g v="sing"></g><g v="loct"></g></l></v><v><l t="её" id="94433"><g v="ADJF"></g><g v="Fixd"></g><g v="Apro"></g><g v="Anph"></g><g v="neut"></g><g v="sing"></g><g v="nomn"></g></l></v><v><l t="её" id="94433"><g v="ADJF"></g><g v="Fixd"></g><g v="Apro"></g><g v="Anph"></g><g v="neut"></g><g v="sing"></g><g v="gent"></g></l></v><v><l t="её" id="94433"><g v="ADJF"></g><g v="Fixd"></g><g v="Apro"></g><g v="Anph"></g><g v="neut"></g><g v="sing"></g><g v="datv"></g></l></v><v><l t="её" id="94433"><g v="ADJF"></g><g v="Fixd"></g><g v="Apro"></g><g v="Anph"></g><g v="neut"></g><g v="sing"></g><g v="accs"></g></l></v><v><l t="её" id="94433"><g v="ADJF"></g><g v="Fixd"></g><g v="Apro"></g><g v="Anph"></g><g v="neut"></g><g v="sing"></g><g v="ablt"></g></l></v><v><l t="её" id="94433"><g v="ADJF"></g><g v="Fixd"></g><g v="Apro"></g><g v="Anph"></g><g v="neut"></g><g v="sing"></g><g v="loct"></g></l></v><v><l t="её" id="94433"><g v="ADJF"></g><g v="Fixd"></g><g v="Apro"></g><g v="Anph"></g><g v="plur"></g><g v="nomn"></g></l></v><v><l t="её" id="94433"><g v="ADJF"></g><g v="Fixd"></g><g v="Apro"></g><g v="Anph"></g><g v="plur"></g><g v="gent"></g></l></v><v><l t="её" id="94433"><g v="ADJF"></g><g v="Fixd"></g><g v="Apro"></g><g v="Anph"></g><g v="plur"></g><g v="datv"></g></l></v><v><l t="её" id="94433"><g v="ADJF"></g><g v="Fixd"></g><g v="Apro"></g><g v="Anph"></g><g v="plur"></g><g v="accs"></g></l></v><v><l t="её" id="94433"><g v="ADJF"></g><g v="Fixd"></g><g v="Apro"></g><g v="Anph"></g><g v="plur"></g><g v="ablt"></g></l></v><v><l t="её" id="94433"><g v="ADJF"></g><g v="Fixd"></g><g v="Apro"></g><g v="Anph"></g><g v="plur"></g><g v="loct"></g></l></v></tfr></token><token id="568364" text="губернаторы"><tfr rev_id="1401445" t="губернаторы"><v><l t="губернатор" id="76396"><g v="NOUN"></g><g v="anim"></g><g v="masc"></g><g v="plur"></g><g v="nomn"></g></l></v></tfr></token><token id="568365" text=","><tfr rev_id="1401446" t=","><v><l t="," id="0"><g v="PNCT"></g></l></v></tfr></token><token id="568366" text="её"><tfr rev_id="4511061" t="её"><v><l t="её" id="94433"><g v="ADJF"></g><g v="Fixd"></g><g v="Apro"></g><g v="Anph"></g><g v="plur"></g><g v="nomn"></g></l></v><v><l t="её" id="94433"><g v="ADJF"></g><g v="Fixd"></g><g v="Apro"></g><g v="Anph"></g><g v="plur"></g><g v="gent"></g></l></v><v><l t="её" id="94433"><g v="ADJF"></g><g v="Fixd"></g><g v="Apro"></g><g v="Anph"></g><g v="plur"></g><g v="datv"></g></l></v><v><l t="её" id="94433"><g v="ADJF"></g><g v="Fixd"></g><g v="Apro"></g><g v="Anph"></g><g v="plur"></g><g v="accs"></g></l></v><v><l t="её" id="94433"><g v="ADJF"></g><g v="Fixd"></g><g v="Apro"></g><g v="Anph"></g><g v="plur"></g><g v="ablt"></g></l></v><v><l t="её" id="94433"><g v="ADJF"></g><g v="Fixd"></g><g v="Apro"></g><g v="Anph"></g><g v="plur"></g><g v="loct"></g></l></v></tfr></token><token id="568367" text="министры"><tfr rev_id="1401448" t="министры"><v><l t="министр" id="160614"><g v="NOUN"></g><g v="anim"></g><g v="masc"></g><g v="plur"></g><g v="nomn"></g></l></v></tfr></token><token id="568368" text=","><tfr rev_id="1401449" t=","><v><l t="," id="0"><g v="PNCT"></g></l></v></tfr></token><token id="568369" text="её"><tfr rev_id="4457031" t="её"><v><l t="её" id="94433"><g v="ADJF"></g><g v="Fixd"></g><g v="Apro"></g><g v="Anph"></g><g v="masc"></g><g v="sing"></g><g v="nomn"></g></l></v><v><l t="её" id="94433"><g v="ADJF"></g><g v="Fixd"></g><g v="Apro"></g><g v="Anph"></g><g v="masc"></g><g v="sing"></g><g v="gent"></g></l></v><v><l t="её" id="94433"><g v="ADJF"></g><g v="Fixd"></g><g v="Apro"></g><g v="Anph"></g><g v="masc"></g><g v="sing"></g><g v="datv"></g></l></v><v><l t="её" id="94433"><g v="ADJF"></g><g v="Fixd"></g><g v="Apro"></g><g v="Anph"></g><g v="masc"></g><g v="sing"></g><g v="accs"></g></l></v><v><l t="её" id="94433"><g v="ADJF"></g><g v="Fixd"></g><g v="Apro"></g><g v="Anph"></g><g v="masc"></g><g v="sing"></g><g v="ablt"></g></l></v><v><l t="её" id="94433"><g v="ADJF"></g><g v="Fixd"></g><g v="Apro"></g><g v="Anph"></g><g v="masc"></g><g v="sing"></g><g v="loct"></g></l></v></tfr></token><token id="568370" text="курс"><tfr rev_id="1401451" t="курс"><v><l t="курс" id="145471"><g v="NOUN"></g><g v="inan"></g><g v="masc"></g><g v="sing"></g><g v="nomn"></g></l></v><v><l t="курс" id="145471"><g v="NOUN"></g><g v="inan"></g><g v="masc"></g><g v="sing"></g><g v="accs"></g></l></v></tfr></token><token id="568371" text="."><tfr rev_id="1401452" t="."><v><l t="." id="0"><g v="PNCT"></g></l></v></tfr></token></tokens></sentence><sentence id="31735"><source>Всё одно и то же...</source><tokens><token id="568372" text="Всё"><tfr rev_id="4517134" t="Всё"><v><l t="весь" id="42156"><g v="ADJF"></g><g v="Subx"></g><g v="Apro"></g><g v="neut"></g><g v="sing"></g><g v="accs"></g></l></v><v><l t="весь" id="42156"><g v="ADJF"></g><g v="Subx"></g><g v="Apro"></g><g v="neut"></g><g v="sing"></g><g v="nomn"></g></l></v></tfr></token><token id="568373" text="одно"><tfr rev_id="4303069" t="одно"><v><l t="один" id="203319"><g v="ADJF"></g><g v="Apro"></g><g v="Anum"></g><g v="neut"></g><g v="sing"></g><g v="nomn"></g></l></v><v><l t="один" id="203319"><g v="ADJF"></g><g v="Apro"></g><g v="Anum"></g><g v="neut"></g><g v="sing"></g><g v="accs"></g></l></v></tfr></token><token id="568374" text="и"><tfr rev_id="1401455" t="и"><v><l t="и" id="116949"><g v="CONJ"></g></l></v><v><l t="и" id="116950"><g v="INTJ"></g></l></v></tfr></token><token id="568375" text="то"><tfr rev_id="3777454" t="то"><v><l t="то" id="346835"><g v="CONJ"></g></l></v><v><l t="то" id="346836"><g v="PRCL"></g></l></v><v><l t="тот" id="348430"><g v="ADJF"></g><g v="Subx"></g><g v="Apro"></g><g v="Anph"></g><g v="neut"></g><g v="sing"></g><g v="nomn"></g></l></v><v><l t="тот" id="348430"><g v="ADJF"></g><g v="Subx"></g><g v="Apro"></g><g v="Anph"></g><g v="neut"></g><g v="sing"></g><g v="accs"></g></l></v></tfr></token><token id="568376" text="же"><tfr rev_id="1401457" t="же"><v><l t="же" id="96208"><g v="CONJ"></g></l></v><v><l t="же" id="96209"><g v="PRCL"></g></l></v></tfr></token><token id="568377" text="..."><tfr rev_id="1401458" t="..."><v><l t="..." id="0"><g v="PNCT"></g></l></v></tfr></token></tokens></sentence><sentence id="31736"><source>Это плохо.</source><tokens><token id="568378" text="Это"><tfr rev_id="4441426" t="Это"><v><l t="это" id="386574"><g v="PRCL"></g></l></v><v><l t="это" id="386575"><g v="NPRO"></g><g v="neut"></g><g v="sing"></g><g v="nomn"></g></l></v><v><l t="это" id="386575"><g v="NPRO"></g><g v="neut"></g><g v="sing"></g><g v="accs"></g></l></v><v><l t="этот" id="386581"><g v="ADJF"></g><g v="Subx"></g><g v="Apro"></g><g v="Anph"></g><g v="neut"></g><g v="sing"></g><g v="nomn"></g></l></v><v><l t="этот" id="386581"><g v="ADJF"></g><g v="Subx"></g><g v="Apro"></g><g v="Anph"></g><g v="neut"></g><g v="sing"></g><g v="accs"></g></l></v></tfr></token><token id="568379" text="плохо"><tfr rev_id="1401460" t="плохо"><v><l t="плохо" id="240906"><g v="ADVB"></g><g v="Prdx"></g></l></v><v><l t="плохо" id="240907"><g v="PRED"></g><g v="pres"></g></l></v><v><l t="плох" id="240913"><g v="ADJS"></g><g v="Qual"></g><g v="neut"></g><g v="sing"></g></l></v></tfr></token><token id="568380" text="."><tfr rev_id="1401461" t="."><v><l t="." id="0"><g v="PNCT"></g></l></v></tfr></token></tokens></sentence><sentence id="31737"><source>И есть только один способ взбодрить общество, не прибегая к насилию: не только объявить, но и на деле провести свободные выборы»,</source><tokens><token id="568381" text="И"><tfr rev_id="1401462" t="И"><v><l t="и" id="116949"><g v="CONJ"></g></l></v><v><l t="и" id="116950"><g v="INTJ"></g></l></v></tfr></token><token id="568382" text="есть"><tfr rev_id="4394692" t="есть"><v><l t="есть" id="37265"><g v="VERB"></g><g v="impf"></g><g v="intr"></g><g v="sing"></g><g v="3per"></g><g v="pres"></g><g v="indc"></g></l></v><v><l t="есть" id="37265"><g v="VERB"></g><g v="impf"></g><g v="intr"></g><g v="plur"></g><g v="3per"></g><g v="pres"></g><g v="indc"></g></l></v></tfr></token><token id="568383" text="только"><tfr rev_id="3784009" t="только"><v><l t="только" id="347395"><g v="CONJ"></g></l></v><v><l t="только" id="347396"><g v="PRCL"></g></l></v><v><l t="только" id="390053"><g v="ADVB"></g></l></v></tfr></token><token id="568384" text="один"><tfr rev_id="4299634" t="один"><v><l t="один" id="203319"><g v="ADJF"></g><g v="Apro"></g><g v="Anum"></g><g v="masc"></g><g v="sing"></g><g v="nomn"></g></l></v><v><l t="один" id="203319"><g v="ADJF"></g><g v="Apro"></g><g v="Anum"></g><g v="inan"></g><g v="masc"></g><g v="sing"></g><g v="accs"></g></l></v></tfr></token><token id="568385" text="способ"><tfr rev_id="3702306" t="способ"><v><l t="способ" id="332835"><g v="NOUN"></g><g v="inan"></g><g v="masc"></g><g v="sing"></g><g v="nomn"></g></l></v></tfr></token><token id="568386" text="взбодрить"><tfr rev_id="1401467" t="взбодрить"><v><l t="взбодрить" id="42851"><g v="INFN"></g><g v="perf"></g><g v="tran"></g></l></v></tfr></token><token id="568387" text="общество"><tfr rev_id="1401468" t="общество"><v><l t="общество" id="201616"><g v="NOUN"></g><g v="inan"></g><g v="neut"></g><g v="sing"></g><g v="nomn"></g></l></v><v><l t="общество" id="201616"><g v="NOUN"></g><g v="inan"></g><g v="neut"></g><g v="sing"></g><g v="accs"></g></l></v></tfr></token><token id="568388" text=","><tfr rev_id="1401469" t=","><v><l t="," id="0"><g v="PNCT"></g></l></v></tfr></token><token id="568389" text="не"><tfr rev_id="1401470" t="не"><v><l t="не" id="178876"><g v="PRCL"></g></l></v></tfr></token><token id="568390" text="прибегая"><tfr rev_id="1401471" t="прибегая"><v><l t="прибегая" id="268717"><g v="GRND"></g><g v="impf"></g><g v="intr"></g><g v="pres"></g></l></v></tfr></token><token id="568391" text="к"><tfr rev_id="1401472" t="к"><v><l t="к" id="127460"><g v="PREP"></g></l></v></tfr></token><token id="568392" text="насилию"><tfr rev_id="1401473" t="насилию"><v><l t="насилие" id="175295"><g v="NOUN"></g><g v="inan"></g><g v="neut"></g><g v="sing"></g><g v="datv"></g></l></v></tfr></token><token id="568393" text=":"><tfr rev_id="1401474" t=":"><v><l t=":" id="0"><g v="PNCT"></g></l></v></tfr></token><token id="568394" text="не"><tfr rev_id="1401475" t="не"><v><l t="не" id="178876"><g v="PRCL"></g></l></v></tfr></token><token id="568395" text="только"><tfr rev_id="3784010" t="только"><v><l t="только" id="347395"><g v="CONJ"></g></l></v><v><l t="только" id="347396"><g v="PRCL"></g></l></v><v><l t="только" id="390053"><g v="ADVB"></g></l></v></tfr></token><token id="568396" text="объявить"><tfr rev_id="1401477" t="объявить"><v><l t="объявить" id="201892"><g v="INFN"></g><g v="perf"></g><g v="tran"></g></l></v></tfr></token><token id="568397" text=","><tfr rev_id="1401478" t=","><v><l t="," id="0"><g v="PNCT"></g></l></v></tfr></token><token id="568398" text="но"><tfr rev_id="1401479" t="но"><v><l t="но" id="191429"><g v="CONJ"></g></l></v><v><l t="но" id="191430"><g v="INTJ"></g></l></v></tfr></token><token id="568399" text="и"><tfr rev_id="1401480" t="и"><v><l t="и" id="116949"><g v="CONJ"></g></l></v><v><l t="и" id="116950"><g v="INTJ"></g></l></v></tfr></token><token id="568400" text="на"><tfr rev_id="3338548" t="на"><v><l t="на" id="166264"><g v="PREP"></g></l></v></tfr></token><token id="568401" text="деле"><tfr rev_id="1401482" t="деле"><v><l t="дело" id="80628"><g v="NOUN"></g><g v="inan"></g><g v="neut"></g><g v="sing"></g><g v="loct"></g></l></v></tfr></token><token id="568402" text="провести"><tfr rev_id="1401483" t="провести"><v><l t="провести" id="277831"><g v="INFN"></g><g v="perf"></g><g v="tran"></g></l></v></tfr></token><token id="568403" text="свободные"><tfr rev_id="3816290" t="свободные"><v><l t="свободный" id="316242"><g v="ADJF"></g><g v="Qual"></g><g v="inan"></g><g v="plur"></g><g v="accs"></g></l></v></tfr></token><token id="568404" text="выборы"><tfr rev_id="3749668" t="выборы"><v><l t="выбор" id="55719"><g v="NOUN"></g><g v="inan"></g><g v="masc"></g><g v="plur"></g><g v="accs"></g></l></v><v><l t="выборы" id="55749"><g v="NOUN"></g><g v="inan"></g><g v="GNdr"></g><g v="Pltm"></g><g v="plur"></g><g v="accs"></g></l></v></tfr></token><token id="568405" text="»"><tfr rev_id="2442388" t="»"><v><l t="»" id="0"><g v="PNCT"></g></l></v></tfr></token><token id="568406" text=","><tfr rev_id="1401487" t=","><v><l t="," id="0"><g v="PNCT"></g></l></v></tfr></token></tokens></sentence><sentence id="31738"><source>— цитирует «Коммерсантъ» Жириновского.</source><tokens><token id="568407" text="—"><tfr rev_id="2442389" t="—"><v><l t="—" id="0"><g v="PNCT"></g></l></v></tfr></token><token id="568408" text="цитирует"><tfr rev_id="1401489" t="цитирует"><v><l t="цитирую" id="374102"><g v="VERB"></g><g v="impf"></g><g v="tran"></g><g v="sing"></g><g v="3per"></g><g v="pres"></g><g v="indc"></g></l></v></tfr></token><token id="568409" text="«"><tfr rev_id="2442390" t="«"><v><l t="«" id="0"><g v="PNCT"></g></l></v></tfr></token><token id="568410" text="Коммерсантъ"><tfr rev_id="4573698" t="Коммерсантъ"><v><l t="коммерсантъ" id="136992"><g v="NOUN"></g><g v="inan"></g><g v="masc"></g><g v="Fixd"></g><g v="Orgn"></g><g v="sing"></g><g v="nomn"></g></l></v></tfr></token><token id="568411" text="»"><tfr rev_id="2442391" t="»"><v><l t="»" id="0"><g v="PNCT"></g></l></v></tfr></token><token id="568412" text="Жириновского"><tfr rev_id="4363816" t="Жириновского"><v><l t="жириновский" id="97445"><g v="NOUN"></g><g v="anim"></g><g v="masc"></g><g v="Sgtm"></g><g v="Surn"></g><g v="sing"></g><g v="accs"></g></l></v></tfr></token><token id="568413" text="."><tfr rev_id="1401494" t="."><v><l t="." id="0"><g v="PNCT"></g></l></v></tfr></token></tokens></sentence></paragraph><paragraph id="10079"><sentence id="31739"><source>Политик убеждён, что для оппозиционной партии победить по итогам выборов «вовсе нереально», «но за это нельзя обвинять только правящий режим».</source><tokens><token id="568414" text="Политик"><tfr rev_id="3483455" t="Политик"><v><l t="политик" id="255852"><g v="NOUN"></g><g v="anim"></g><g v="masc"></g><g v="sing"></g><g v="nomn"></g></l></v></tfr></token><token id="568415" text="убеждён"><tfr rev_id="1401496" t="убеждён"><v><l t="убеждён" id="352903"><g v="PRTS"></g><g v="perf"></g><g v="past"></g><g v="pssv"></g><g v="masc"></g><g v="sing"></g></l></v><v><l t="убеждён" id="352916"><g v="ADJS"></g><g v="Qual"></g><g v="masc"></g><g v="sing"></g></l></v></tfr></token><token id="568416" text=","><tfr rev_id="1401497" t=","><v><l t="," id="0"><g v="PNCT"></g></l></v></tfr></token><token id="568417" text="что"><tfr rev_id="3196518" t="что"><v><l t="что" id="377004"><g v="CONJ"></g></l></v><v><l t="что" id="377005"><g v="NPRO"></g><g v="neut"></g><g v="sing"></g><g v="nomn"></g></l></v><v><l t="что" id="377005"><g v="NPRO"></g><g v="neut"></g><g v="sing"></g><g v="accs"></g></l></v><v><l t="что" id="377006"><g v="ADVB"></g><g v="Ques"></g></l></v><v><l t="что" id="388695"><g v="PRCL"></g></l></v></tfr></token><token id="568418" text="для"><tfr rev_id="3325449" t="для"><v><l t="для" id="85032"><g v="PREP"></g></l></v></tfr></token><token id="568419" text="оппозиционной"><tfr rev_id="3556849" t="оппозиционной"><v><l t="оппозиционный" id="207892"><g v="ADJF"></g><g v="femn"></g><g v="sing"></g><g v="gent"></g></l></v></tfr></token><token id="568420" text="партии"><tfr rev_id="4291839" t="партии"><v><l t="партия" id="224431"><g v="NOUN"></g><g v="inan"></g><g v="femn"></g><g v="sing"></g><g v="gent"></g></l></v></tfr></token><token id="568421" text="победить"><tfr rev_id="1401502" t="победить"><v><l t="победить" id="241491"><g v="INFN"></g><g v="perf"></g><g v="tran"></g></l></v></tfr></token><token id="568422" text="по"><tfr rev_id="1401503" t="по"><v><l t="по" id="241240"><g v="PREP"></g></l></v></tfr></token><token id="568423" text="итогам"><tfr rev_id="1401504" t="итогам"><v><l t="итог" id="127141"><g v="NOUN"></g><g v="inan"></g><g v="masc"></g><g v="plur"></g><g v="datv"></g></l></v></tfr></token><token id="568424" text="выборов"><tfr rev_id="4512665" t="выборов"><v><l t="выборы" id="55749"><g v="NOUN"></g><g v="inan"></g><g v="GNdr"></g><g v="Pltm"></g><g v="plur"></g><g v="gent"></g></l></v></tfr></token><token id="568425" text="«"><tfr rev_id="2442392" t="«"><v><l t="«" id="0"><g v="PNCT"></g></l></v></tfr></token><token id="568426" text="вовсе"><tfr rev_id="1401507" t="вовсе"><v><l t="вовсе" id="47982"><g v="ADVB"></g></l></v></tfr></token><token id="568427" text="нереально"><tfr rev_id="1401508" t="нереально"><v><l t="нереально" id="187534"><g v="ADVB"></g></l></v><v><l t="нереален" id="187537"><g v="ADJS"></g><g v="Qual"></g><g v="neut"></g><g v="sing"></g></l></v></tfr></token><token id="568428" text="»"><tfr rev_id="2442393" t="»"><v><l t="»" id="0"><g v="PNCT"></g></l></v></tfr></token><token id="568429" text=","><tfr rev_id="1401510" t=","><v><l t="," id="0"><g v="PNCT"></g></l></v></tfr></token><token id="568430" text="«"><tfr rev_id="2442394" t="«"><v><l t="«" id="0"><g v="PNCT"></g></l></v></tfr></token><token id="568431" text="но"><tfr rev_id="1401512" t="но"><v><l t="но" id="191429"><g v="CONJ"></g></l></v><v><l t="но" id="191430"><g v="INTJ"></g></l></v></tfr></token><token id="568432" text="за"><tfr rev_id="1401513" t="за"><v><l t="за" id="98043"><g v="PREP"></g></l></v></tfr></token><token id="568433" text="это"><tfr rev_id="4441427" t="это"><v><l t="это" id="386574"><g v="PRCL"></g></l></v><v><l t="это" id="386575"><g v="NPRO"></g><g v="neut"></g><g v="sing"></g><g v="nomn"></g></l></v><v><l t="это" id="386575"><g v="NPRO"></g><g v="neut"></g><g v="sing"></g><g v="accs"></g></l></v><v><l t="этот" id="386581"><g v="ADJF"></g><g v="Subx"></g><g v="Apro"></g><g v="Anph"></g><g v="neut"></g><g v="sing"></g><g v="nomn"></g></l></v><v><l t="этот" id="386581"><g v="ADJF"></g><g v="Subx"></g><g v="Apro"></g><g v="Anph"></g><g v="neut"></g><g v="sing"></g><g v="accs"></g></l></v></tfr></token><token id="568434" text="нельзя"><tfr rev_id="1401515" t="нельзя"><v><l t="нельзя" id="183884"><g v="PRED"></g><g v="pres"></g></l></v></tfr></token><token id="568435" text="обвинять"><tfr rev_id="1401516" t="обвинять"><v><l t="обвинять" id="193423"><g v="INFN"></g><g v="impf"></g><g v="tran"></g></l></v></tfr></token><token id="568436" text="только"><tfr rev_id="3784011" t="только"><v><l t="только" id="347395"><g v="CONJ"></g></l></v><v><l t="только" id="347396"><g v="PRCL"></g></l></v><v><l t="только" id="390053"><g v="ADVB"></g></l></v></tfr></token><token id="568437" text="правящий"><tfr rev_id="1401518" t="правящий"><v><l t="правящий" id="265649"><g v="PRTF"></g><g v="impf"></g><g v="tran"></g><g v="pres"></g><g v="actv"></g><g v="masc"></g><g v="sing"></g><g v="nomn"></g></l></v><v><l t="правящий" id="265649"><g v="PRTF"></g><g v="impf"></g><g v="tran"></g><g v="pres"></g><g v="actv"></g><g v="inan"></g><g v="masc"></g><g v="sing"></g><g v="accs"></g></l></v><v><l t="правящий" id="265658"><g v="PRTF"></g><g v="impf"></g><g v="intr"></g><g v="pres"></g><g v="actv"></g><g v="masc"></g><g v="sing"></g><g v="nomn"></g></l></v><v><l t="правящий" id="265658"><g v="PRTF"></g><g v="impf"></g><g v="intr"></g><g v="pres"></g><g v="actv"></g><g v="inan"></g><g v="masc"></g><g v="sing"></g><g v="accs"></g></l></v><v><l t="правящий" id="265800"><g v="ADJF"></g><g v="masc"></g><g v="sing"></g><g v="nomn"></g></l></v><v><l t="правящий" id="265800"><g v="ADJF"></g><g v="inan"></g><g v="masc"></g><g v="sing"></g><g v="accs"></g></l></v></tfr></token><token id="568438" text="режим"><tfr rev_id="1401519" t="режим"><v><l t="режим" id="305124"><g v="NOUN"></g><g v="inan"></g><g v="masc"></g><g v="sing"></g><g v="nomn"></g></l></v><v><l t="режим" id="305124"><g v="NOUN"></g><g v="inan"></g><g v="masc"></g><g v="sing"></g><g v="accs"></g></l></v></tfr></token><token id="568439" text="»"><tfr rev_id="2442395" t="»"><v><l t="»" id="0"><g v="PNCT"></g></l></v></tfr></token><token id="568440" text="."><tfr rev_id="1401521" t="."><v><l t="." id="0"><g v="PNCT"></g></l></v></tfr></token></tokens></sentence><sentence id="31740"><source>«Нашей с вами стране в будущем году исполняется 1150 лет.</source><tokens><token id="568441" text="«"><tfr rev_id="2442396" t="«"><v><l t="«" id="0"><g v="PNCT"></g></l></v></tfr></token><token id="568442" text="Нашей"><tfr rev_id="4398976" t="Нашей"><v><l t="наш" id="178492"><g v="ADJF"></g><g v="Apro"></g><g v="femn"></g><g v="sing"></g><g v="datv"></g></l></v></tfr></token><token id="568443" text="с"><tfr rev_id="1401524" t="с"><v><l t="с" id="311151"><g v="PREP"></g></l></v></tfr></token><token id="568444" text="вами"><tfr rev_id="1401525" t="вами"><v><l t="вы" id="55560"><g v="NPRO"></g><g v="2per"></g><g v="plur"></g><g v="ablt"></g></l></v></tfr></token><token id="568445" text="стране"><tfr rev_id="3552735" t="стране"><v><l t="страна" id="337100"><g v="NOUN"></g><g v="inan"></g><g v="femn"></g><g v="sing"></g><g v="datv"></g></l></v></tfr></token><token id="568446" text="в"><tfr rev_id="1401527" t="в"><v><l t="в" id="37409"><g v="PREP"></g></l></v></tfr></token><token id="568447" text="будущем"><tfr rev_id="4349809" t="будущем"><v><l t="будущий" id="35164"><g v="ADJF"></g><g v="masc"></g><g v="sing"></g><g v="loct"></g></l></v></tfr></token><token id="568448" text="году"><tfr rev_id="2827682" t="году"><v><l t="год" id="72149"><g v="NOUN"></g><g v="inan"></g><g v="masc"></g><g v="sing"></g><g v="loc2"></g></l></v></tfr></token><token id="568449" text="исполняется"><tfr rev_id="1401530" t="исполняется"><v><l t="исполняюсь" id="125386"><g v="VERB"></g><g v="impf"></g><g v="intr"></g><g v="sing"></g><g v="3per"></g><g v="pres"></g><g v="indc"></g></l></v></tfr></token><token id="568450" text="1150"><tfr rev_id="2461083" t="1150"><v><l t="1150" id="0"><g v="NUMB"></g></l></v></tfr></token><token id="568451" text="лет"><tfr rev_id="3473955" t="лет"><v><l t="год" id="72149"><g v="NOUN"></g><g v="inan"></g><g v="masc"></g><g v="plur"></g><g v="gent"></g></l></v></tfr></token><token id="568452" text="."><tfr rev_id="1401533" t="."><v><l t="." id="0"><g v="PNCT"></g></l></v></tfr></token></tokens></sentence><sentence id="31741"><source>И за все эти века никогда никакая оппозиция не приходила к власти через выборы»,</source><tokens><token id="568453" text="И"><tfr rev_id="1401534" t="И"><v><l t="и" id="116949"><g v="CONJ"></g></l></v><v><l t="и" id="116950"><g v="INTJ"></g></l></v></tfr></token><token id="568454" text="за"><tfr rev_id="1401535" t="за"><v><l t="за" id="98043"><g v="PREP"></g></l></v></tfr></token><token id="568455" text="все"><tfr rev_id="4411662" t="все"><v><l t="весь" id="42156"><g v="ADJF"></g><g v="Subx"></g><g v="Apro"></g><g v="inan"></g><g v="plur"></g><g v="accs"></g></l></v><v><l t="весь" id="42156"><g v="ADJF"></g><g v="Subx"></g><g v="Apro"></g><g v="neut"></g><g v="sing"></g><g v="accs"></g></l></v><v><l t="весь" id="42156"><g v="ADJF"></g><g v="Subx"></g><g v="Apro"></g><g v="neut"></g><g v="sing"></g><g v="nomn"></g></l></v><v><l t="весь" id="42156"><g v="ADJF"></g><g v="Subx"></g><g v="Apro"></g><g v="plur"></g><g v="nomn"></g></l></v></tfr></token><token id="568456" text="эти"><tfr rev_id="4446132" t="эти"><v><l t="этот" id="386581"><g v="ADJF"></g><g v="Subx"></g><g v="Apro"></g><g v="Anph"></g><g v="inan"></g><g v="plur"></g><g v="accs"></g></l></v></tfr></token><token id="568457" text="века"><tfr rev_id="3796336" t="века"><v><l t="век" id="40491"><g v="NOUN"></g><g v="inan"></g><g v="masc"></g><g v="plur"></g><g v="accs"></g></l></v></tfr></token><token id="568458" text="никогда"><tfr rev_id="1401539" t="никогда"><v><l t="никогда" id="190941"><g v="ADVB"></g></l></v></tfr></token><token id="568459" text="никакая"><tfr rev_id="1401540" t="никакая"><v><l t="никакой" id="190841"><g v="ADJF"></g><g v="Apro"></g><g v="femn"></g><g v="sing"></g><g v="nomn"></g></l></v></tfr></token><token id="568460" text="оппозиция"><tfr rev_id="1401541" t="оппозиция"><v><l t="оппозиция" id="207895"><g v="NOUN"></g><g v="inan"></g><g v="femn"></g><g v="sing"></g><g v="nomn"></g></l></v></tfr></token><token id="568461" text="не"><tfr rev_id="1401542" t="не"><v><l t="не" id="178876"><g v="PRCL"></g></l></v></tfr></token><token id="568462" text="приходила"><tfr rev_id="1401543" t="приходила"><v><l t="прихожу" id="276249"><g v="VERB"></g><g v="impf"></g><g v="intr"></g><g v="femn"></g><g v="sing"></g><g v="past"></g><g v="indc"></g></l></v></tfr></token><token id="568463" text="к"><tfr rev_id="1401544" t="к"><v><l t="к" id="127460"><g v="PREP"></g></l></v></tfr></token><token id="568464" text="власти"><tfr rev_id="4270126" t="власти"><v><l t="власть" id="46816"><g v="NOUN"></g><g v="inan"></g><g v="femn"></g><g v="sing"></g><g v="datv"></g></l></v></tfr></token><token id="568465" text="через"><tfr rev_id="1401546" t="через"><v><l t="через" id="375333"><g v="PREP"></g></l></v></tfr></token><token id="568466" text="выборы"><tfr rev_id="3743993" t="выборы"><v><l t="выбор" id="55719"><g v="NOUN"></g><g v="inan"></g><g v="masc"></g><g v="plur"></g><g v="accs"></g></l></v><v><l t="выборы" id="55749"><g v="NOUN"></g><g v="inan"></g><g v="GNdr"></g><g v="Pltm"></g><g v="plur"></g><g v="accs"></g></l></v></tfr></token><token id="568467" text="»"><tfr rev_id="2442397" t="»"><v><l t="»" id="0"><g v="PNCT"></g></l></v></tfr></token><token id="568468" text=","><tfr rev_id="1401549" t=","><v><l t="," id="0"><g v="PNCT"></g></l></v></tfr></token></tokens></sentence><sentence id="31742"><source>— напоминает он.</source><tokens><token id="568469" text="—"><tfr rev_id="2442398" t="—"><v><l t="—" id="0"><g v="PNCT"></g></l></v></tfr></token><token id="568470" text="напоминает"><tfr rev_id="1401551" t="напоминает"><v><l t="напоминаю" id="173880"><g v="VERB"></g><g v="impf"></g><g v="tran"></g><g v="sing"></g><g v="3per"></g><g v="pres"></g><g v="indc"></g></l></v></tfr></token><token id="568471" text="он"><tfr rev_id="3575477" t="он"><v><l t="он" id="206541"><g v="NPRO"></g><g v="masc"></g><g v="3per"></g><g v="Anph"></g><g v="sing"></g><g v="nomn"></g></l></v></tfr></token><token id="568472" text="."><tfr rev_id="1401553" t="."><v><l t="." id="0"><g v="PNCT"></g></l></v></tfr></token></tokens></sentence><sentence id="31743"><source>Однако на «честных выборах» у ЛДПР, по его мнению, есть хорошие шансы победить, получить максимальную поддержку.</source><tokens><token id="568473" text="Однако"><tfr rev_id="2624504" t="Однако"><v><l t="однако" id="203386"><g v="INTJ"></g></l></v><v><l t="однако" id="203387"><g v="CONJ"></g><g v="Prnt"></g></l></v></tfr></token><token id="568474" text="на"><tfr rev_id="3343276" t="на"><v><l t="на" id="166264"><g v="PREP"></g></l></v></tfr></token><token id="568475" text="«"><tfr rev_id="2442399" t="«"><v><l t="«" id="0"><g v="PNCT"></g></l></v></tfr></token><token id="568476" text="честных"><tfr rev_id="3557932" t="честных"><v><l t="честной" id="376038"><g v="ADJF"></g><g v="plur"></g><g v="loct"></g></l></v><v><l t="честный" id="376041"><g v="ADJF"></g><g v="Qual"></g><g v="plur"></g><g v="loct"></g></l></v></tfr></token><token id="568477" text="выборах"><tfr rev_id="1401558" t="выборах"><v><l t="выбор" id="55719"><g v="NOUN"></g><g v="inan"></g><g v="masc"></g><g v="plur"></g><g v="loct"></g></l></v><v><l t="выборы" id="55749"><g v="NOUN"></g><g v="inan"></g><g v="GNdr"></g><g v="Pltm"></g><g v="plur"></g><g v="loct"></g></l></v></tfr></token><token id="568478" text="»"><tfr rev_id="2442400" t="»"><v><l t="»" id="0"><g v="PNCT"></g></l></v></tfr></token><token id="568479" text="у"><tfr rev_id="1401560" t="у"><v><l t="у" id="352818"><g v="PREP"></g></l></v><v><l t="у" id="352819"><g v="INTJ"></g></l></v></tfr></token><token id="568480" text="ЛДПР"><tfr rev_id="3543895" t="ЛДПР"><v><l t="лдпр" id="147263"><g v="NOUN"></g><g v="inan"></g><g v="femn"></g><g v="Sgtm"></g><g v="Fixd"></g><g v="Abbr"></g><g v="Orgn"></g><g v="sing"></g><g v="gent"></g></l></v></tfr></token><token id="568481" text=","><tfr rev_id="1401562" t=","><v><l t="," id="0"><g v="PNCT"></g></l></v></tfr></token><token id="568482" text="по"><tfr rev_id="1401563" t="по"><v><l t="по" id="241240"><g v="PREP"></g></l></v></tfr></token><token id="568483" text="его"><tfr rev_id="4457850" t="его"><v><l t="его" id="94208"><g v="ADJF"></g><g v="Fixd"></g><g v="Apro"></g><g v="Anph"></g><g v="neut"></g><g v="sing"></g><g v="nomn"></g></l></v><v><l t="его" id="94208"><g v="ADJF"></g><g v="Fixd"></g><g v="Apro"></g><g v="Anph"></g><g v="neut"></g><g v="sing"></g><g v="gent"></g></l></v><v><l t="его" id="94208"><g v="ADJF"></g><g v="Fixd"></g><g v="Apro"></g><g v="Anph"></g><g v="neut"></g><g v="sing"></g><g v="datv"></g></l></v><v><l t="его" id="94208"><g v="ADJF"></g><g v="Fixd"></g><g v="Apro"></g><g v="Anph"></g><g v="neut"></g><g v="sing"></g><g v="accs"></g></l></v><v><l t="его" id="94208"><g v="ADJF"></g><g v="Fixd"></g><g v="Apro"></g><g v="Anph"></g><g v="neut"></g><g v="sing"></g><g v="ablt"></g></l></v><v><l t="его" id="94208"><g v="ADJF"></g><g v="Fixd"></g><g v="Apro"></g><g v="Anph"></g><g v="neut"></g><g v="sing"></g><g v="loct"></g></l></v></tfr></token><token id="568484" text="мнению"><tfr rev_id="1401565" t="мнению"><v><l t="мнение" id="161395"><g v="NOUN"></g><g v="inan"></g><g v="neut"></g><g v="sing"></g><g v="datv"></g></l></v></tfr></token><token id="568485" text=","><tfr rev_id="1401566" t=","><v><l t="," id="0"><g v="PNCT"></g></l></v></tfr></token><token id="568486" text="есть"><tfr rev_id="4372326" t="есть"><v><l t="есть" id="37265"><g v="VERB"></g><g v="impf"></g><g v="intr"></g><g v="sing"></g><g v="3per"></g><g v="pres"></g><g v="indc"></g></l></v><v><l t="есть" id="37265"><g v="VERB"></g><g v="impf"></g><g v="intr"></g><g v="plur"></g><g v="3per"></g><g v="pres"></g><g v="indc"></g></l></v></tfr></token><token id="568487" text="хорошие"><tfr rev_id="3814758" t="хорошие"><v><l t="хороший" id="371668"><g v="ADJF"></g><g v="Qual"></g><g v="plur"></g><g v="nomn"></g></l></v></tfr></token><token id="568488" text="шансы"><tfr rev_id="3751214" t="шансы"><v><l t="шанс" id="378026"><g v="NOUN"></g><g v="inan"></g><g v="masc"></g><g v="plur"></g><g v="nomn"></g></l></v></tfr></token><token id="568489" text="победить"><tfr rev_id="1401570" t="победить"><v><l t="победить" id="241491"><g v="INFN"></g><g v="perf"></g><g v="tran"></g></l></v></tfr></token><token id="568490" text=","><tfr rev_id="1401571" t=","><v><l t="," id="0"><g v="PNCT"></g></l></v></tfr></token><token id="568491" text="получить"><tfr rev_id="1401572" t="получить"><v><l t="получить" id="256960"><g v="INFN"></g><g v="perf"></g><g v="tran"></g></l></v></tfr></token><token id="568492" text="максимальную"><tfr rev_id="1401573" t="максимальную"><v><l t="максимальный" id="153541"><g v="ADJF"></g><g v="femn"></g><g v="sing"></g><g v="accs"></g></l></v></tfr></token><token id="568493" text="поддержку"><tfr rev_id="1401574" t="поддержку"><v><l t="поддержка" id="245415"><g v="NOUN"></g><g v="inan"></g><g v="femn"></g><g v="sing"></g><g v="accs"></g></l></v></tfr></token><token id="568494" text="."><tfr rev_id="1401575" t="."><v><l t="." id="0"><g v="PNCT"></g></l></v></tfr></token></tokens></sentence></paragraph><paragraph id="10080"><sentence id="31744"><source>Хотя идеологически ЛДПР на «совершенно разных полюсах» с коммунистами, партия теоретически готова «на техническую коалицию» с КПРФ, «чтобы создать парламентское большинство, без согласия которого ни один законопроект не пройдёт».</source><tokens><token id="568495" text="Хотя"><tfr rev_id="3888025" t="Хотя"><v><l t="хотя" id="371732"><g v="CONJ"></g></l></v></tfr></token><token id="568496" text="идеологически"><tfr rev_id="3814424" t="идеологически"><v><l t="идеологически" id="390114"><g v="ADVB"></g></l></v></tfr></token><token id="568497" text="ЛДПР"><tfr rev_id="3509167" t="ЛДПР"><v><l t="лдпр" id="147263"><g v="NOUN"></g><g v="inan"></g><g v="femn"></g><g v="Sgtm"></g><g v="Fixd"></g><g v="Abbr"></g><g v="Orgn"></g><g v="sing"></g><g v="nomn"></g></l></v></tfr></token><token id="568498" text="на"><tfr rev_id="3395130" t="на"><v><l t="на" id="166264"><g v="PREP"></g></l></v></tfr></token><token id="568499" text="«"><tfr rev_id="2442401" t="«"><v><l t="«" id="0"><g v="PNCT"></g></l></v></tfr></token><token id="568500" text="совершенно"><tfr rev_id="1401581" t="совершенно"><v><l t="совершенно" id="327897"><g v="ADVB"></g></l></v><v><l t="совершенен" id="327905"><g v="ADJS"></g><g v="Qual"></g><g v="neut"></g><g v="sing"></g></l></v></tfr></token><token id="568501" text="разных"><tfr rev_id="2956069" t="разных"><v><l t="разный" id="296007"><g v="ADJF"></g><g v="Qual"></g><g v="plur"></g><g v="loct"></g></l></v></tfr></token><token id="568502" text="полюсах"><tfr rev_id="1401583" t="полюсах"><v><l t="полюс" id="257143"><g v="NOUN"></g><g v="inan"></g><g v="masc"></g><g v="plur"></g><g v="loct"></g></l></v></tfr></token><token id="568503" text="»"><tfr rev_id="2442402" t="»"><v><l t="»" id="0"><g v="PNCT"></g></l></v></tfr></token><token id="568504" text="с"><tfr rev_id="1401585" t="с"><v><l t="с" id="311151"><g v="PREP"></g></l></v></tfr></token><token id="568505" text="коммунистами"><tfr rev_id="1401586" t="коммунистами"><v><l t="коммунист" id="137053"><g v="NOUN"></g><g v="anim"></g><g v="masc"></g><g v="plur"></g><g v="ablt"></g></l></v></tfr></token><token id="568506" text=","><tfr rev_id="1401587" t=","><v><l t="," id="0"><g v="PNCT"></g></l></v></tfr></token><token id="568507" text="партия"><tfr rev_id="1401588" t="партия"><v><l t="партия" id="224431"><g v="NOUN"></g><g v="inan"></g><g v="femn"></g><g v="sing"></g><g v="nomn"></g></l></v></tfr></token><token id="568508" text="теоретически"><tfr rev_id="1401589" t="теоретически"><v><l t="теоретически" id="344839"><g v="ADVB"></g></l></v></tfr></token><token id="568509" text="готова"><tfr rev_id="1401590" t="готова"><v><l t="готов" id="74227"><g v="ADJS"></g><g v="Qual"></g><g v="femn"></g><g v="sing"></g></l></v></tfr></token><token id="568510" text="«"><tfr rev_id="2442403" t="«"><v><l t="«" id="0"><g v="PNCT"></g></l></v></tfr></token><token id="568511" text="на"><tfr rev_id="3344596" t="на"><v><l t="на" id="166264"><g v="PREP"></g></l></v></tfr></token><token id="568512" text="техническую"><tfr rev_id="1401593" t="техническую"><v><l t="технический" id="345946"><g v="ADJF"></g><g v="femn"></g><g v="sing"></g><g v="accs"></g></l></v></tfr></token><token id="568513" text="коалицию"><tfr rev_id="1401594" t="коалицию"><v><l t="коалиция" id="134963"><g v="NOUN"></g><g v="inan"></g><g v="femn"></g><g v="sing"></g><g v="accs"></g></l></v></tfr></token><token id="568514" text="»"><tfr rev_id="2442404" t="»"><v><l t="»" id="0"><g v="PNCT"></g></l></v></tfr></token><token id="568515" text="с"><tfr rev_id="1401596" t="с"><v><l t="с" id="311151"><g v="PREP"></g></l></v></tfr></token><token id="568516" text="КПРФ"><tfr rev_id="3657385" t="КПРФ"><v><l t="кпрф" id="141449"><g v="NOUN"></g><g v="inan"></g><g v="femn"></g><g v="Sgtm"></g><g v="Fixd"></g><g v="Abbr"></g><g v="Orgn"></g><g v="sing"></g><g v="ablt"></g></l></v></tfr></token><token id="568517" text=","><tfr rev_id="1401598" t=","><v><l t="," id="0"><g v="PNCT"></g></l></v></tfr></token><token id="568518" text="«"><tfr rev_id="2442405" t="«"><v><l t="«" id="0"><g v="PNCT"></g></l></v></tfr></token><token id="568519" text="чтобы"><tfr rev_id="1401600" t="чтобы"><v><l t="чтобы" id="377013"><g v="CONJ"></g></l></v><v><l t="чтобы" id="377014"><g v="PRCL"></g></l></v></tfr></token><token id="568520" text="создать"><tfr rev_id="1401601" t="создать"><v><l t="создать" id="328586"><g v="INFN"></g><g v="perf"></g><g v="tran"></g></l></v></tfr></token><token id="568521" text="парламентское"><tfr rev_id="1401602" t="парламентское"><v><l t="парламентский" id="224165"><g v="ADJF"></g><g v="neut"></g><g v="sing"></g><g v="nomn"></g></l></v><v><l t="парламентский" id="224165"><g v="ADJF"></g><g v="neut"></g><g v="sing"></g><g v="accs"></g></l></v></tfr></token><token id="568522" text="большинство"><tfr rev_id="1401603" t="большинство"><v><l t="большинство" id="32441"><g v="NOUN"></g><g v="inan"></g><g v="neut"></g><g v="Sgtm"></g><g v="sing"></g><g v="nomn"></g></l></v><v><l t="большинство" id="32441"><g v="NOUN"></g><g v="inan"></g><g v="neut"></g><g v="Sgtm"></g><g v="sing"></g><g v="accs"></g></l></v></tfr></token><token id="568523" text=","><tfr rev_id="1401604" t=","><v><l t="," id="0"><g v="PNCT"></g></l></v></tfr></token><token id="568524" text="без"><tfr rev_id="1401605" t="без"><v><l t="без" id="25481"><g v="PREP"></g></l></v></tfr></token><token id="568525" text="согласия"><tfr rev_id="3431918" t="согласия"><v><l t="согласие" id="328240"><g v="NOUN"></g><g v="inan"></g><g v="neut"></g><g v="sing"></g><g v="gent"></g></l></v></tfr></token><token id="568526" text="которого"><tfr rev_id="4165305" t="которого"><v><l t="который" id="141203"><g v="ADJF"></g><g v="Apro"></g><g v="Subx"></g><g v="Anph"></g><g v="neut"></g><g v="sing"></g><g v="gent"></g></l></v></tfr></token><token id="568527" text="ни"><tfr rev_id="1401608" t="ни"><v><l t="ни" id="190307"><g v="CONJ"></g></l></v><v><l t="ни" id="190308"><g v="PRCL"></g></l></v></tfr></token><token id="568528" text="один"><tfr rev_id="4299635" t="один"><v><l t="один" id="203319"><g v="ADJF"></g><g v="Apro"></g><g v="Anum"></g><g v="masc"></g><g v="sing"></g><g v="nomn"></g></l></v><v><l t="один" id="203319"><g v="ADJF"></g><g v="Apro"></g><g v="Anum"></g><g v="inan"></g><g v="masc"></g><g v="sing"></g><g v="accs"></g></l></v></tfr></token><token id="568529" text="законопроект"><tfr rev_id="1401610" t="законопроект"><v><l t="законопроект" id="103760"><g v="NOUN"></g><g v="inan"></g><g v="masc"></g><g v="sing"></g><g v="nomn"></g></l></v><v><l t="законопроект" id="103760"><g v="NOUN"></g><g v="inan"></g><g v="masc"></g><g v="sing"></g><g v="accs"></g></l></v></tfr></token><token id="568530" text="не"><tfr rev_id="1401611" t="не"><v><l t="не" id="178876"><g v="PRCL"></g></l></v></tfr></token><token id="568531" text="пройдёт"><tfr rev_id="1401612" t="пройдёт"><v><l t="прошёл" id="280310"><g v="VERB"></g><g v="perf"></g><g v="tran"></g><g v="sing"></g><g v="3per"></g><g v="futr"></g><g v="indc"></g></l></v></tfr></token><token id="568532" text="»"><tfr rev_id="2442406" t="»"><v><l t="»" id="0"><g v="PNCT"></g></l></v></tfr></token><token id="568533" text="."><tfr rev_id="1401614" t="."><v><l t="." id="0"><g v="PNCT"></g></l></v></tfr></token></tokens></sentence><sentence id="31745"><source>«Кремль пускай не боится: большинство действительно народных законов мы поддержим.</source><tokens><token id="568534" text="«"><tfr rev_id="2442407" t="«"><v><l t="«" id="0"><g v="PNCT"></g></l></v></tfr></token><token id="568535" text="Кремль"><tfr rev_id="1401616" t="Кремль"><v><l t="кремль" id="142282"><g v="NOUN"></g><g v="inan"></g><g v="masc"></g><g v="sing"></g><g v="nomn"></g></l></v><v><l t="кремль" id="142282"><g v="NOUN"></g><g v="inan"></g><g v="masc"></g><g v="sing"></g><g v="accs"></g></l></v></tfr></token><token id="568536" text="пускай"><tfr rev_id="4426225" t="пускай"><v><l t="пускай" id="289326"><g v="PRCL"></g></l></v></tfr></token><token id="568537" text="не"><tfr rev_id="1401618" t="не"><v><l t="не" id="178876"><g v="PRCL"></g></l></v></tfr></token><token id="568538" text="боится"><tfr rev_id="1401619" t="боится"><v><l t="боюсь" id="33346"><g v="VERB"></g><g v="impf"></g><g v="intr"></g><g v="sing"></g><g v="3per"></g><g v="pres"></g><g v="indc"></g></l></v></tfr></token><token id="568539" text=":"><tfr rev_id="1401620" t=":"><v><l t=":" id="0"><g v="PNCT"></g></l></v></tfr></token><token id="568540" text="большинство"><tfr rev_id="4211079" t="большинство"><v><l t="большинство" id="32441"><g v="NOUN"></g><g v="inan"></g><g v="neut"></g><g v="Sgtm"></g><g v="sing"></g><g v="accs"></g></l></v></tfr></token><token id="568541" text="действительно"><tfr rev_id="4508972" t="действительно"><v><l t="действительно" id="80092"><g v="ADVB"></g></l></v><v><l t="действительно" id="80093"><g v="CONJ"></g><g v="Prnt"></g></l></v><v><l t="действителен" id="80099"><g v="ADJS"></g><g v="Qual"></g><g v="neut"></g><g v="sing"></g></l></v></tfr></token><token id="568542" text="народных"><tfr rev_id="4356855" t="народных"><v><l t="народный" id="174724"><g v="ADJF"></g><g v="Qual"></g><g v="plur"></g><g v="gent"></g></l></v></tfr></token><token id="568543" text="законов"><tfr rev_id="1401624" t="законов"><v><l t="закон" id="103696"><g v="NOUN"></g><g v="inan"></g><g v="masc"></g><g v="plur"></g><g v="gent"></g></l></v></tfr></token><token id="568544" text="мы"><tfr rev_id="1401625" t="мы"><v><l t="мы" id="165750"><g v="NPRO"></g><g v="1per"></g><g v="plur"></g><g v="nomn"></g></l></v></tfr></token><token id="568545" text="поддержим"><tfr rev_id="1401626" t="поддержим"><v><l t="поддержал" id="245396"><g v="VERB"></g><g v="perf"></g><g v="tran"></g><g v="plur"></g><g v="1per"></g><g v="futr"></g><g v="indc"></g></l></v><v><l t="поддержал" id="245396"><g v="VERB"></g><g v="perf"></g><g v="tran"></g><g v="sing"></g><g v="impr"></g><g v="incl"></g></l></v></tfr></token><token id="568546" text="."><tfr rev_id="1401627" t="."><v><l t="." id="0"><g v="PNCT"></g></l></v></tfr></token></tokens></sentence><sentence id="31746"><source>Мы и сейчас голосуем примерно за 70% законопроектов — они неплохие.</source><tokens><token id="568547" text="Мы"><tfr rev_id="1401628" t="Мы"><v><l t="мы" id="165750"><g v="NPRO"></g><g v="1per"></g><g v="plur"></g><g v="nomn"></g></l></v></tfr></token><token id="568548" text="и"><tfr rev_id="3542295" t="и"><v><l t="и" id="116949"><g v="CONJ"></g></l></v></tfr></token><token id="568549" text="сейчас"><tfr rev_id="1401630" t="сейчас"><v><l t="сейчас" id="317975"><g v="ADVB"></g></l></v></tfr></token><token id="568550" text="голосуем"><tfr rev_id="2825308" t="голосуем"><v><l t="голосую" id="72509"><g v="VERB"></g><g v="impf"></g><g v="tran"></g><g v="plur"></g><g v="1per"></g><g v="pres"></g><g v="indc"></g></l></v></tfr></token><token id="568551" text="примерно"><tfr rev_id="2691007" t="примерно"><v><l t="примерно" id="272014"><g v="ADVB"></g></l></v><v><l t="примерен" id="272017"><g v="ADJS"></g><g v="Qual"></g><g v="neut"></g><g v="sing"></g></l></v><v><l t="примерно" id="388671"><g v="PRCL"></g></l></v></tfr></token><token id="568552" text="за"><tfr rev_id="1401633" t="за"><v><l t="за" id="98043"><g v="PREP"></g></l></v></tfr></token><token id="568553" text="70"><tfr rev_id="2461084" t="70"><v><l t="70" id="0"><g v="NUMB"></g></l></v></tfr></token><token id="568554" text="%"><tfr rev_id="2442408" t="%"><v><l t="%" id="0"><g v="PNCT"></g></l></v></tfr></token><token id="568555" text="законопроектов"><tfr rev_id="1401636" t="законопроектов"><v><l t="законопроект" id="103760"><g v="NOUN"></g><g v="inan"></g><g v="masc"></g><g v="plur"></g><g v="gent"></g></l></v></tfr></token><token id="568556" text="—"><tfr rev_id="2442409" t="—"><v><l t="—" id="0"><g v="PNCT"></g></l></v></tfr></token><token id="568557" text="они"><tfr rev_id="3599341" t="они"><v><l t="они" id="206619"><g v="NPRO"></g><g v="3per"></g><g v="Anph"></g><g v="plur"></g><g v="nomn"></g></l></v></tfr></token><token id="568558" text="неплохие"><tfr rev_id="4075377" t="неплохие"><v><l t="неплохой" id="185803"><g v="ADJF"></g><g v="plur"></g><g v="nomn"></g></l></v></tfr></token><token id="568559" text="."><tfr rev_id="1401640" t="."><v><l t="." id="0"><g v="PNCT"></g></l></v></tfr></token></tokens></sentence><sentence id="31747"><source>Но если большинство голосов будет не у одной партии, как сейчас, а у двух, то Дума снова станет нормальным парламентом»,</source><tokens><token id="568560" text="Но"><tfr rev_id="3557742" t="Но"><v><l t="но" id="191429"><g v="CONJ"></g></l></v></tfr></token><token id="568561" text="если"><tfr rev_id="1401642" t="если"><v><l t="если" id="95365"><g v="CONJ"></g></l></v></tfr></token><token id="568562" text="большинство"><tfr rev_id="3949367" t="большинство"><v><l t="большинство" id="32441"><g v="NOUN"></g><g v="inan"></g><g v="neut"></g><g v="Sgtm"></g><g v="sing"></g><g v="nomn"></g></l></v></tfr></token><token id="568563" text="голосов"><tfr rev_id="1401644" t="голосов"><v><l t="голос" id="72469"><g v="NOUN"></g><g v="inan"></g><g v="masc"></g><g v="plur"></g><g v="gent"></g></l></v></tfr></token><token id="568564" text="будет"><tfr rev_id="1401645" t="будет"><v><l t="есть" id="37265"><g v="VERB"></g><g v="impf"></g><g v="intr"></g><g v="sing"></g><g v="3per"></g><g v="futr"></g><g v="indc"></g></l></v></tfr></token><token id="568565" text="не"><tfr rev_id="1401646" t="не"><v><l t="не" id="178876"><g v="PRCL"></g></l></v></tfr></token><token id="568566" text="у"><tfr rev_id="3301812" t="у"><v><l t="у" id="352818"><g v="PREP"></g></l></v></tfr></token><token id="568567" text="одной"><tfr rev_id="4343346" t="одной"><v><l t="один" id="203319"><g v="ADJF"></g><g v="Apro"></g><g v="Anum"></g><g v="femn"></g><g v="sing"></g><g v="gent"></g></l></v></tfr></token><token id="568568" text="партии"><tfr rev_id="4286452" t="партии"><v><l t="партия" id="224431"><g v="NOUN"></g><g v="inan"></g><g v="femn"></g><g v="sing"></g><g v="gent"></g></l></v></tfr></token><token id="568569" text=","><tfr rev_id="1401650" t=","><v><l t="," id="0"><g v="PNCT"></g></l></v></tfr></token><token id="568570" text="как"><tfr rev_id="1401651" t="как"><v><l t="как" id="128190"><g v="CONJ"></g></l></v><v><l t="как" id="128191"><g v="PRCL"></g></l></v><v><l t="как" id="128192"><g v="ADVB"></g><g v="Ques"></g></l></v></tfr></token><token id="568571" text="сейчас"><tfr rev_id="1401652" t="сейчас"><v><l t="сейчас" id="317975"><g v="ADVB"></g></l></v></tfr></token><token id="568572" text=","><tfr rev_id="1401653" t=","><v><l t="," id="0"><g v="PNCT"></g></l></v></tfr></token><token id="568573" text="а"><tfr rev_id="3539727" t="а"><v><l t="а" id="51"><g v="CONJ"></g></l></v></tfr></token><token id="568574" text="у"><tfr rev_id="3326261" t="у"><v><l t="у" id="352818"><g v="PREP"></g></l></v></tfr></token><token id="568575" text="двух"><tfr rev_id="4449668" t="двух"><v><l t="два" id="78668"><g v="NUMR"></g><g v="anim"></g><g v="accs"></g></l></v><v><l t="два" id="78668"><g v="NUMR"></g><g v="gent"></g></l></v><v><l t="два" id="78668"><g v="NUMR"></g><g v="loct"></g></l></v></tfr></token><token id="568576" text=","><tfr rev_id="1401657" t=","><v><l t="," id="0"><g v="PNCT"></g></l></v></tfr></token><token id="568577" text="то"><tfr rev_id="3777455" t="то"><v><l t="то" id="346835"><g v="CONJ"></g></l></v><v><l t="то" id="346836"><g v="PRCL"></g></l></v><v><l t="тот" id="348430"><g v="ADJF"></g><g v="Subx"></g><g v="Apro"></g><g v="Anph"></g><g v="neut"></g><g v="sing"></g><g v="nomn"></g></l></v><v><l t="тот" id="348430"><g v="ADJF"></g><g v="Subx"></g><g v="Apro"></g><g v="Anph"></g><g v="neut"></g><g v="sing"></g><g v="accs"></g></l></v></tfr></token><token id="568578" text="Дума"><tfr rev_id="1401659" t="Дума"><v><l t="дума" id="92991"><g v="NOUN"></g><g v="inan"></g><g v="femn"></g><g v="sing"></g><g v="nomn"></g></l></v></tfr></token><token id="568579" text="снова"><tfr rev_id="1401660" t="снова"><v><l t="снова" id="327458"><g v="ADVB"></g></l></v></tfr></token><token id="568580" text="станет"><tfr rev_id="1401661" t="станет"><v><l t="стал" id="335164"><g v="VERB"></g><g v="perf"></g><g v="intr"></g><g v="sing"></g><g v="3per"></g><g v="futr"></g><g v="indc"></g></l></v></tfr></token><token id="568581" text="нормальным"><tfr rev_id="4104633" t="нормальным"><v><l t="нормальный" id="192218"><g v="ADJF"></g><g v="Qual"></g><g v="masc"></g><g v="sing"></g><g v="ablt"></g></l></v></tfr></token><token id="568582" text="парламентом"><tfr rev_id="1401663" t="парламентом"><v><l t="парламент" id="224156"><g v="NOUN"></g><g v="inan"></g><g v="masc"></g><g v="sing"></g><g v="ablt"></g></l></v></tfr></token><token id="568583" text="»"><tfr rev_id="2442410" t="»"><v><l t="»" id="0"><g v="PNCT"></g></l></v></tfr></token><token id="568584" text=","><tfr rev_id="1401665" t=","><v><l t="," id="0"><g v="PNCT"></g></l></v></tfr></token></tokens></sentence><sentence id="31748"><source>— уверен Владимир Вольфович.</source><tokens><token id="568585" text="—"><tfr rev_id="2442411" t="—"><v><l t="—" id="0"><g v="PNCT"></g></l></v></tfr></token><token id="568586" text="уверен"><tfr rev_id="1401667" t="уверен"><v><l t="уверен" id="353438"><g v="ADJS"></g><g v="Qual"></g><g v="masc"></g><g v="sing"></g></l></v><v><l t="уверен" id="353446"><g v="PRTS"></g><g v="perf"></g><g v="past"></g><g v="pssv"></g><g v="masc"></g><g v="sing"></g></l></v></tfr></token><token id="568587" text="Владимир"><tfr rev_id="3467469" t="Владимир"><v><l t="владимир" id="46610"><g v="NOUN"></g><g v="anim"></g><g v="masc"></g><g v="Name"></g><g v="sing"></g><g v="nomn"></g></l></v></tfr></token><token id="568588" text="Вольфович"><tfr rev_id="1401669" t="Вольфович"><v><l t="вольфович" id="50604"><g v="NOUN"></g><g v="anim"></g><g v="masc"></g><g v="Patr"></g><g v="sing"></g><g v="nomn"></g></l></v></tfr></token><token id="568589" text="."><tfr rev_id="1401670" t="."><v><l t="." id="0"><g v="PNCT"></g></l></v></tfr></token></tokens></sentence></paragraph><paragraph id="10081"><sentence id="31749"><source>О встрече президента с лидерами думских фракций читайте в статье Частного корреспондента «Похорон демократии не случилось»</source><tokens><token id="568590" text="О"><tfr rev_id="3326189" t="О"><v><l t="о" id="192977"><g v="PREP"></g></l></v></tfr></token><token id="568591" text="встрече"><tfr rev_id="3447040" t="встрече"><v><l t="встреча" id="54530"><g v="NOUN"></g><g v="inan"></g><g v="femn"></g><g v="sing"></g><g v="loct"></g></l></v></tfr></token><token id="568592" text="президента"><tfr rev_id="4214958" t="президента"><v><l t="президент" id="267449"><g v="NOUN"></g><g v="anim"></g><g v="masc"></g><g v="sing"></g><g v="gent"></g></l></v></tfr></token><token id="568593" text="с"><tfr rev_id="1401674" t="с"><v><l t="с" id="311151"><g v="PREP"></g></l></v></tfr></token><token id="568594" text="лидерами"><tfr rev_id="1401675" t="лидерами"><v><l t="лидер" id="149007"><g v="NOUN"></g><g v="anim"></g><g v="masc"></g><g v="plur"></g><g v="ablt"></g></l></v></tfr></token><token id="568595" text="думских"><tfr rev_id="1401676" t="думских"><v><l t="думский" id="93022"><g v="ADJF"></g><g v="plur"></g><g v="gent"></g></l></v><v><l t="думский" id="93022"><g v="ADJF"></g><g v="anim"></g><g v="plur"></g><g v="accs"></g></l></v><v><l t="думский" id="93022"><g v="ADJF"></g><g v="plur"></g><g v="loct"></g></l></v></tfr></token><token id="568596" text="фракций"><tfr rev_id="1401677" t="фракций"><v><l t="фракция" id="367943"><g v="NOUN"></g><g v="inan"></g><g v="femn"></g><g v="plur"></g><g v="gent"></g></l></v></tfr></token><token id="568597" text="читайте"><tfr rev_id="1401678" t="читайте"><v><l t="читаю" id="376719"><g v="VERB"></g><g v="impf"></g><g v="tran"></g><g v="plur"></g><g v="impr"></g><g v="excl"></g></l></v></tfr></token><token id="568598" text="в"><tfr rev_id="1401679" t="в"><v><l t="в" id="37409"><g v="PREP"></g></l></v></tfr></token><token id="568599" text="статье"><tfr rev_id="2605807" t="статье"><v><l t="статья" id="335173"><g v="NOUN"></g><g v="inan"></g><g v="femn"></g><g v="sing"></g><g v="loct"></g></l></v></tfr></token><token id="568600" text="Частного"><tfr rev_id="4297437" t="Частного"><v><l t="частный" id="374795"><g v="ADJF"></g><g v="Qual"></g><g v="masc"></g><g v="sing"></g><g v="gent"></g></l></v><v><l t="частный" id="374795"><g v="ADJF"></g><g v="Qual"></g><g v="anim"></g><g v="masc"></g><g v="sing"></g><g v="accs"></g></l></v></tfr></token><token id="568601" text="корреспондента"><tfr rev_id="3675992" t="корреспондента"><v><l t="корреспондент" id="140239"><g v="NOUN"></g><g v="anim"></g><g v="masc"></g><g v="sing"></g><g v="gent"></g></l></v></tfr></token><token id="568602" text="«"><tfr rev_id="2442412" t="«"><v><l t="«" id="0"><g v="PNCT"></g></l></v></tfr></token><token id="568603" text="Похорон"><tfr rev_id="1401684" t="Похорон"><v><l t="похороны" id="264435"><g v="NOUN"></g><g v="inan"></g><g v="GNdr"></g><g v="Pltm"></g><g v="plur"></g><g v="gent"></g></l></v></tfr></token><token id="568604" text="демократии"><tfr rev_id="4277472" t="демократии"><v><l t="демократия" id="80998"><g v="NOUN"></g><g v="inan"></g><g v="femn"></g><g v="sing"></g><g v="gent"></g></l></v></tfr></token><token id="568605" text="не"><tfr rev_id="1401686" t="не"><v><l t="не" id="178876"><g v="PRCL"></g></l></v></tfr></token><token id="568606" text="случилось"><tfr rev_id="1401687" t="случилось"><v><l t="случился" id="325498"><g v="VERB"></g><g v="perf"></g><g v="intr"></g><g v="neut"></g><g v="sing"></g><g v="past"></g><g v="indc"></g></l></v></tfr></token><token id="568607" text="»"><tfr rev_id="2442413" t="»"><v><l t="»" id="0"><g v="PNCT"></g></l></v></tfr></token></tokens></sentence></paragraph></paragraphs></text>