<?xml version="1.0" encoding="utf-8"?><text id="1032" parent="56" name="Валенсия — страна динозавров"><tags><tag>url:http://ru.wikinews.org/w/index.php?title=Валенсия_—_страна_динозавров&amp;oldid=57629</tag><tag>Автор:http://ru.wikinews.org/wiki/Участник:Potupin</tag><tag>Дата:27/08</tag><tag>Год:2008</tag><tag>Тема:ВикиКатегория:Наука и технологии</tag><tag>Тема:ВикиКатегория:Палеонтология</tag></tags><paragraphs><paragraph id="10088"><sentence id="31765"><source>В конце 2007 года в испанской Валенсии ученые открыли кладбище динозавров.</source><tokens><token id="568878" text="В"><tfr rev_id="1401959" t="В"><v><l t="в" id="37409"><g v="PREP"></g></l></v></tfr></token><token id="568879" text="конце"><tfr rev_id="1401960" t="конце"><v><l t="конец" id="137815"><g v="NOUN"></g><g v="inan"></g><g v="masc"></g><g v="sing"></g><g v="loct"></g></l></v></tfr></token><token id="568880" text="2007"><tfr rev_id="2461088" t="2007"><v><l t="2007" id="0"><g v="NUMB"></g></l></v></tfr></token><token id="568881" text="года"><tfr rev_id="3439466" t="года"><v><l t="год" id="72149"><g v="NOUN"></g><g v="inan"></g><g v="masc"></g><g v="sing"></g><g v="gen1"></g></l></v></tfr></token><token id="568882" text="в"><tfr rev_id="1401963" t="в"><v><l t="в" id="37409"><g v="PREP"></g></l></v></tfr></token><token id="568883" text="испанской"><tfr rev_id="2369598" t="испанской"><v><l t="испанский" id="125011"><g v="ADJF"></g><g v="femn"></g><g v="sing"></g><g v="loct"></g></l></v></tfr></token><token id="568884" text="Валенсии"><tfr rev_id="3455196" t="Валенсии"><v><l t="валенсия" id="38108"><g v="NOUN"></g><g v="inan"></g><g v="femn"></g><g v="Sgtm"></g><g v="Geox"></g><g v="sing"></g><g v="loct"></g></l></v></tfr></token><token id="568885" text="ученые"><tfr rev_id="4157631" t="ученые"><v><l t="учёный" id="363100"><g v="NOUN"></g><g v="anim"></g><g v="masc"></g><g v="plur"></g><g v="nomn"></g></l></v></tfr></token><token id="568886" text="открыли"><tfr rev_id="1401967" t="открыли"><v><l t="открыл" id="214754"><g v="VERB"></g><g v="perf"></g><g v="tran"></g><g v="plur"></g><g v="past"></g><g v="indc"></g></l></v></tfr></token><token id="568887" text="кладбище"><tfr rev_id="4465358" t="кладбище"><v><l t="кладбище" id="133811"><g v="NOUN"></g><g v="inan"></g><g v="neut"></g><g v="sing"></g><g v="accs"></g></l></v></tfr></token><token id="568888" text="динозавров"><tfr rev_id="4383043" t="динозавров"><v><l t="динозавр" id="84062"><g v="NOUN"></g><g v="anim"></g><g v="masc"></g><g v="plur"></g><g v="gent"></g></l></v></tfr></token><token id="568889" text="."><tfr rev_id="1401970" t="."><v><l t="." id="0"><g v="PNCT"></g></l></v></tfr></token></tokens></sentence><sentence id="31766"><source>Как показали последующие исследования, оно является крупнейшим в Европе.</source><tokens><token id="568890" text="Как"><tfr rev_id="1401971" t="Как"><v><l t="как" id="128190"><g v="CONJ"></g></l></v><v><l t="как" id="128191"><g v="PRCL"></g></l></v><v><l t="как" id="128192"><g v="ADVB"></g><g v="Ques"></g></l></v></tfr></token><token id="568891" text="показали"><tfr rev_id="1401972" t="показали"><v><l t="показал" id="253982"><g v="VERB"></g><g v="perf"></g><g v="tran"></g><g v="plur"></g><g v="past"></g><g v="indc"></g></l></v></tfr></token><token id="568892" text="последующие"><tfr rev_id="4083184" t="последующие"><v><l t="последующий" id="261588"><g v="ADJF"></g><g v="plur"></g><g v="nomn"></g></l></v></tfr></token><token id="568893" text="исследования"><tfr rev_id="3793327" t="исследования"><v><l t="исследование" id="125799"><g v="NOUN"></g><g v="inan"></g><g v="neut"></g><g v="plur"></g><g v="nomn"></g></l></v></tfr></token><token id="568894" text=","><tfr rev_id="1401975" t=","><v><l t="," id="0"><g v="PNCT"></g></l></v></tfr></token><token id="568895" text="оно"><tfr rev_id="3590764" t="оно"><v><l t="оно" id="206649"><g v="NPRO"></g><g v="neut"></g><g v="3per"></g><g v="Anph"></g><g v="sing"></g><g v="nomn"></g></l></v></tfr></token><token id="568896" text="является"><tfr rev_id="1401977" t="является"><v><l t="являюсь" id="387385"><g v="VERB"></g><g v="impf"></g><g v="intr"></g><g v="sing"></g><g v="3per"></g><g v="pres"></g><g v="indc"></g></l></v></tfr></token><token id="568897" text="крупнейшим"><tfr rev_id="4376317" t="крупнейшим"><v><l t="крупнейший" id="143764"><g v="ADJF"></g><g v="Supr"></g><g v="Qual"></g><g v="neut"></g><g v="sing"></g><g v="ablt"></g></l></v></tfr></token><token id="568898" text="в"><tfr rev_id="1401979" t="в"><v><l t="в" id="37409"><g v="PREP"></g></l></v></tfr></token><token id="568899" text="Европе"><tfr rev_id="3534703" t="Европе"><v><l t="европа" id="94019"><g v="NOUN"></g><g v="inan"></g><g v="femn"></g><g v="Sgtm"></g><g v="Geox"></g><g v="sing"></g><g v="loct"></g></l></v></tfr></token><token id="568900" text="."><tfr rev_id="1401981" t="."><v><l t="." id="0"><g v="PNCT"></g></l></v></tfr></token></tokens></sentence></paragraph><paragraph id="10089"><sentence id="31767"><source>И вот новая находка: прекрасно сохранившийся скелет зауропода.</source><tokens><token id="568901" text="И"><tfr rev_id="1401982" t="И"><v><l t="и" id="116949"><g v="CONJ"></g></l></v><v><l t="и" id="116950"><g v="INTJ"></g></l></v></tfr></token><token id="568902" text="вот"><tfr rev_id="3363330" t="вот"><v><l t="вот" id="52157"><g v="PRCL"></g></l></v></tfr></token><token id="568903" text="новая"><tfr rev_id="1401984" t="новая"><v><l t="новый" id="191918"><g v="ADJF"></g><g v="Qual"></g><g v="femn"></g><g v="sing"></g><g v="nomn"></g></l></v></tfr></token><token id="568904" text="находка"><tfr rev_id="4468233" t="находка"><v><l t="находка" id="177907"><g v="NOUN"></g><g v="inan"></g><g v="femn"></g><g v="sing"></g><g v="nomn"></g></l></v></tfr></token><token id="568905" text=":"><tfr rev_id="1401986" t=":"><v><l t=":" id="0"><g v="PNCT"></g></l></v></tfr></token><token id="568906" text="прекрасно"><tfr rev_id="1401987" t="прекрасно"><v><l t="прекрасно" id="267583"><g v="ADVB"></g></l></v><v><l t="прекрасен" id="267591"><g v="ADJS"></g><g v="Qual"></g><g v="neut"></g><g v="sing"></g></l></v></tfr></token><token id="568907" text="сохранившийся"><tfr rev_id="1401988" t="сохранившийся"><v><l t="сохранившийся" id="330996"><g v="PRTF"></g><g v="perf"></g><g v="intr"></g><g v="past"></g><g v="actv"></g><g v="masc"></g><g v="sing"></g><g v="nomn"></g></l></v><v><l t="сохранившийся" id="330996"><g v="PRTF"></g><g v="perf"></g><g v="intr"></g><g v="past"></g><g v="actv"></g><g v="inan"></g><g v="masc"></g><g v="sing"></g><g v="accs"></g></l></v></tfr></token><token id="568908" text="скелет"><tfr rev_id="4102410" t="скелет"><v><l t="скелет" id="322205"><g v="NOUN"></g><g v="inan"></g><g v="masc"></g><g v="sing"></g><g v="nomn"></g></l></v></tfr></token><token id="568909" text="зауропода"><tfr rev_id="4533565" t="зауропода"><v><l t="зауропод" id="392180"><g v="NOUN"></g><g v="anim"></g><g v="masc"></g><g v="sing"></g><g v="accs"></g></l></v><v><l t="зауропод" id="392180"><g v="NOUN"></g><g v="anim"></g><g v="masc"></g><g v="sing"></g><g v="gent"></g></l></v></tfr></token><token id="568910" text="."><tfr rev_id="1401991" t="."><v><l t="." id="0"><g v="PNCT"></g></l></v></tfr></token></tokens></sentence><sentence id="31768"><source>Уже определено, что этому динозавру 120 миллионов лет.</source><tokens><token id="568911" text="Уже"><tfr rev_id="2692656" t="Уже"><v><l t="уж" id="355422"><g v="NOUN"></g><g v="anim"></g><g v="masc"></g><g v="sing"></g><g v="loct"></g></l></v><v><l t="уже" id="355498"><g v="ADVB"></g></l></v><v><l t="уже" id="355674"><g v="COMP"></g><g v="Qual"></g></l></v><v><l t="уже" id="388673"><g v="PRCL"></g></l></v></tfr></token><token id="568912" text="определено"><tfr rev_id="1401993" t="определено"><v><l t="определён" id="208006"><g v="PRTS"></g><g v="perf"></g><g v="past"></g><g v="pssv"></g><g v="neut"></g><g v="sing"></g></l></v></tfr></token><token id="568913" text=","><tfr rev_id="1401994" t=","><v><l t="," id="0"><g v="PNCT"></g></l></v></tfr></token><token id="568914" text="что"><tfr rev_id="3196520" t="что"><v><l t="что" id="377004"><g v="CONJ"></g></l></v><v><l t="что" id="377005"><g v="NPRO"></g><g v="neut"></g><g v="sing"></g><g v="nomn"></g></l></v><v><l t="что" id="377005"><g v="NPRO"></g><g v="neut"></g><g v="sing"></g><g v="accs"></g></l></v><v><l t="что" id="377006"><g v="ADVB"></g><g v="Ques"></g></l></v><v><l t="что" id="388695"><g v="PRCL"></g></l></v></tfr></token><token id="568915" text="этому"><tfr rev_id="4487620" t="этому"><v><l t="этот" id="386581"><g v="ADJF"></g><g v="Subx"></g><g v="Apro"></g><g v="Anph"></g><g v="masc"></g><g v="sing"></g><g v="datv"></g></l></v></tfr></token><token id="568916" text="динозавру"><tfr rev_id="1401997" t="динозавру"><v><l t="динозавр" id="84062"><g v="NOUN"></g><g v="anim"></g><g v="masc"></g><g v="sing"></g><g v="datv"></g></l></v></tfr></token><token id="568917" text="120"><tfr rev_id="2461089" t="120"><v><l t="120" id="0"><g v="NUMB"></g></l></v></tfr></token><token id="568918" text="миллионов"><tfr rev_id="1401999" t="миллионов"><v><l t="миллион" id="160260"><g v="NOUN"></g><g v="inan"></g><g v="masc"></g><g v="plur"></g><g v="gent"></g></l></v></tfr></token><token id="568919" text="лет"><tfr rev_id="3471566" t="лет"><v><l t="год" id="72149"><g v="NOUN"></g><g v="inan"></g><g v="masc"></g><g v="plur"></g><g v="gent"></g></l></v></tfr></token><token id="568920" text="."><tfr rev_id="1402001" t="."><v><l t="." id="0"><g v="PNCT"></g></l></v></tfr></token></tokens></sentence><sentence id="31769"><source>Размеры этого растительноядного животного пока не установлены, поскольку палеонтологи продолжают раскопки.</source><tokens><token id="568921" text="Размеры"><tfr rev_id="3758225" t="Размеры"><v><l t="размер" id="295006"><g v="NOUN"></g><g v="inan"></g><g v="masc"></g><g v="plur"></g><g v="nomn"></g></l></v></tfr></token><token id="568922" text="этого"><tfr rev_id="4433313" t="этого"><v><l t="этот" id="386581"><g v="ADJF"></g><g v="Subx"></g><g v="Apro"></g><g v="Anph"></g><g v="neut"></g><g v="sing"></g><g v="gent"></g></l></v></tfr></token><token id="568923" text="растительноядного"><tfr rev_id="4166494" t="растительноядного"><v><l t="растительноядный" id="302096"><g v="ADJF"></g><g v="neut"></g><g v="sing"></g><g v="gent"></g></l></v></tfr></token><token id="568924" text="животного"><tfr rev_id="4157632" t="животного"><v><l t="животное" id="97109"><g v="NOUN"></g><g v="anim"></g><g v="neut"></g><g v="sing"></g><g v="gent"></g></l></v></tfr></token><token id="568925" text="пока"><tfr rev_id="4485643" t="пока"><v><l t="пока" id="253968"><g v="ADVB"></g></l></v></tfr></token><token id="568926" text="не"><tfr rev_id="1402007" t="не"><v><l t="не" id="178876"><g v="PRCL"></g></l></v></tfr></token><token id="568927" text="установлены"><tfr rev_id="1402008" t="установлены"><v><l t="установлен" id="360985"><g v="PRTS"></g><g v="perf"></g><g v="past"></g><g v="pssv"></g><g v="plur"></g></l></v></tfr></token><token id="568928" text=","><tfr rev_id="1402009" t=","><v><l t="," id="0"><g v="PNCT"></g></l></v></tfr></token><token id="568929" text="поскольку"><tfr rev_id="1402010" t="поскольку"><v><l t="поскольку" id="261429"><g v="CONJ"></g></l></v></tfr></token><token id="568930" text="палеонтологи"><tfr rev_id="1402011" t="палеонтологи"><v><l t="палеонтолог" id="222876"><g v="NOUN"></g><g v="anim"></g><g v="masc"></g><g v="plur"></g><g v="nomn"></g></l></v></tfr></token><token id="568931" text="продолжают"><tfr rev_id="1402012" t="продолжают"><v><l t="продолжаю" id="279215"><g v="VERB"></g><g v="impf"></g><g v="tran"></g><g v="plur"></g><g v="3per"></g><g v="pres"></g><g v="indc"></g></l></v></tfr></token><token id="568932" text="раскопки"><tfr rev_id="3795855" t="раскопки"><v><l t="раскопка" id="298774"><g v="NOUN"></g><g v="inan"></g><g v="femn"></g><g v="plur"></g><g v="accs"></g></l></v></tfr></token><token id="568933" text="."><tfr rev_id="1402014" t="."><v><l t="." id="0"><g v="PNCT"></g></l></v></tfr></token></tokens></sentence><sentence id="31770"><source>Но даже часть раскопанного хвоста, превыщающая 3 метра, говорит о гигантских размерах древнего ящера.</source><tokens><token id="568934" text="Но"><tfr rev_id="1402015" t="Но"><v><l t="но" id="191429"><g v="CONJ"></g></l></v><v><l t="но" id="191430"><g v="INTJ"></g></l></v></tfr></token><token id="568935" text="даже"><tfr rev_id="4075153" t="даже"><v><l t="даже" id="77849"><g v="PRCL"></g></l></v></tfr></token><token id="568936" text="часть"><tfr rev_id="4099501" t="часть"><v><l t="часть" id="374820"><g v="NOUN"></g><g v="inan"></g><g v="femn"></g><g v="sing"></g><g v="nomn"></g></l></v></tfr></token><token id="568937" text="раскопанного"><tfr rev_id="3443120" t="раскопанного"><v><l t="раскопанный" id="298771"><g v="PRTF"></g><g v="perf"></g><g v="tran"></g><g v="past"></g><g v="pssv"></g><g v="masc"></g><g v="sing"></g><g v="gent"></g></l></v><v><l t="раскопанный" id="298771"><g v="PRTF"></g><g v="perf"></g><g v="tran"></g><g v="past"></g><g v="pssv"></g><g v="anim"></g><g v="masc"></g><g v="sing"></g><g v="accs"></g></l></v></tfr></token><token id="568938" text="хвоста"><tfr rev_id="1402019" t="хвоста"><v><l t="хвост" id="369895"><g v="NOUN"></g><g v="inan"></g><g v="masc"></g><g v="sing"></g><g v="gent"></g></l></v></tfr></token><token id="568939" text=","><tfr rev_id="1402020" t=","><v><l t="," id="0"><g v="PNCT"></g></l></v></tfr></token><token id="568940" text="превыщающая"><tfr rev_id="1402021" t="превыщающая"><v><l t="превыщающая" id="0"><g v="UNKN"></g></l></v></tfr></token><token id="568941" text="3"><tfr rev_id="2461090" t="3"><v><l t="3" id="0"><g v="NUMB"></g></l></v></tfr></token><token id="568942" text="метра"><tfr rev_id="4330740" t="метра"><v><l t="метр" id="159296"><g v="NOUN"></g><g v="inan"></g><g v="masc"></g><g v="sing"></g><g v="gent"></g></l></v></tfr></token><token id="568943" text=","><tfr rev_id="1402024" t=","><v><l t="," id="0"><g v="PNCT"></g></l></v></tfr></token><token id="568944" text="говорит"><tfr rev_id="1402025" t="говорит"><v><l t="говорю" id="72053"><g v="VERB"></g><g v="impf"></g><g v="tran"></g><g v="sing"></g><g v="3per"></g><g v="pres"></g><g v="indc"></g></l></v></tfr></token><token id="568945" text="о"><tfr rev_id="3301814" t="о"><v><l t="о" id="192977"><g v="PREP"></g></l></v></tfr></token><token id="568946" text="гигантских"><tfr rev_id="3646531" t="гигантских"><v><l t="гигантский" id="69549"><g v="ADJF"></g><g v="plur"></g><g v="loct"></g></l></v></tfr></token><token id="568947" text="размерах"><tfr rev_id="1402028" t="размерах"><v><l t="размер" id="295006"><g v="NOUN"></g><g v="inan"></g><g v="masc"></g><g v="plur"></g><g v="loct"></g></l></v></tfr></token><token id="568948" text="древнего"><tfr rev_id="3454095" t="древнего"><v><l t="древний" id="91932"><g v="ADJF"></g><g v="Qual"></g><g v="masc"></g><g v="sing"></g><g v="gent"></g></l></v><v><l t="древний" id="91932"><g v="ADJF"></g><g v="Qual"></g><g v="anim"></g><g v="masc"></g><g v="sing"></g><g v="accs"></g></l></v></tfr></token><token id="568949" text="ящера"><tfr rev_id="2826771" t="ящера"><v><l t="ящер" id="388445"><g v="NOUN"></g><g v="anim"></g><g v="masc"></g><g v="sing"></g><g v="gent"></g></l></v></tfr></token><token id="568950" text="."><tfr rev_id="1402031" t="."><v><l t="." id="0"><g v="PNCT"></g></l></v></tfr></token></tokens></sentence></paragraph></paragraphs></text>