<?xml version="1.0" encoding="utf-8"?><text id="1035" parent="56" name="Массовый космический туризм — через 15 лет?"><tags><tag>url:http://ru.wikinews.org/w/index.php?title=Массовый_космический_туризм_—_через_15_лет?&amp;oldid=74191</tag><tag>Автор:http://ru.wikinews.org/wiki/Участник:Ygrek</tag><tag>Дата:14/03</tag><tag>Год:2006</tag><tag>Тема:ВикиКатегория:Космический туризм</tag><tag>Тема:ВикиКатегория:Космонавтика</tag><tag>Тема:ВикиКатегория:Наука и технологии</tag><tag>Тема:ВикиКатегория:Переведённые новости</tag><tag>Перевод:url:http://de.wikinews.org/wiki/Noch_15_Jahre:_Massentourismus_in_den_Weltraum%3F</tag><tag>Перевод:ЯзыкОригинала:Немецкий</tag></tags><paragraphs><paragraph id="10104"><sentence id="31838"><source>Японские эксперты считают возможным, что через 15 — 25 лет настанет время массового туризма в космос.</source><tokens><token id="570023" text="Японские"><tfr rev_id="3794802" t="Японские"><v><l t="японский" id="387997"><g v="ADJF"></g><g v="plur"></g><g v="nomn"></g></l></v></tfr></token><token id="570024" text="эксперты"><tfr rev_id="1403105" t="эксперты"><v><l t="эксперт" id="383582"><g v="NOUN"></g><g v="anim"></g><g v="masc"></g><g v="plur"></g><g v="nomn"></g></l></v></tfr></token><token id="570025" text="считают"><tfr rev_id="1403106" t="считают"><v><l t="считаю" id="341320"><g v="VERB"></g><g v="impf"></g><g v="tran"></g><g v="plur"></g><g v="3per"></g><g v="pres"></g><g v="indc"></g></l></v><v><l t="считал" id="341329"><g v="VERB"></g><g v="perf"></g><g v="tran"></g><g v="plur"></g><g v="3per"></g><g v="futr"></g><g v="indc"></g></l></v></tfr></token><token id="570026" text="возможным"><tfr rev_id="4462756" t="возможным"><v><l t="возможный" id="49411"><g v="ADJF"></g><g v="Qual"></g><g v="neut"></g><g v="sing"></g><g v="ablt"></g></l></v></tfr></token><token id="570027" text=","><tfr rev_id="1403108" t=","><v><l t="," id="0"><g v="PNCT"></g></l></v></tfr></token><token id="570028" text="что"><tfr rev_id="3196540" t="что"><v><l t="что" id="377004"><g v="CONJ"></g></l></v><v><l t="что" id="377005"><g v="NPRO"></g><g v="neut"></g><g v="sing"></g><g v="nomn"></g></l></v><v><l t="что" id="377005"><g v="NPRO"></g><g v="neut"></g><g v="sing"></g><g v="accs"></g></l></v><v><l t="что" id="377006"><g v="ADVB"></g><g v="Ques"></g></l></v><v><l t="что" id="388695"><g v="PRCL"></g></l></v></tfr></token><token id="570029" text="через"><tfr rev_id="1403110" t="через"><v><l t="через" id="375333"><g v="PREP"></g></l></v></tfr></token><token id="570030" text="15"><tfr rev_id="2461093" t="15"><v><l t="15" id="0"><g v="NUMB"></g></l></v></tfr></token><token id="570031" text="—"><tfr rev_id="2442450" t="—"><v><l t="—" id="0"><g v="PNCT"></g></l></v></tfr></token><token id="570032" text="25"><tfr rev_id="2461094" t="25"><v><l t="25" id="0"><g v="NUMB"></g></l></v></tfr></token><token id="570033" text="лет"><tfr rev_id="3457547" t="лет"><v><l t="год" id="72149"><g v="NOUN"></g><g v="inan"></g><g v="masc"></g><g v="plur"></g><g v="gent"></g></l></v></tfr></token><token id="570034" text="настанет"><tfr rev_id="1403115" t="настанет"><v><l t="настал" id="175990"><g v="VERB"></g><g v="perf"></g><g v="intr"></g><g v="sing"></g><g v="3per"></g><g v="futr"></g><g v="indc"></g></l></v></tfr></token><token id="570035" text="время"><tfr rev_id="1403116" t="время"><v><l t="время" id="53149"><g v="NOUN"></g><g v="inan"></g><g v="neut"></g><g v="sing"></g><g v="nomn"></g></l></v><v><l t="время" id="53149"><g v="NOUN"></g><g v="inan"></g><g v="neut"></g><g v="sing"></g><g v="accs"></g></l></v></tfr></token><token id="570036" text="массового"><tfr rev_id="3453953" t="массового"><v><l t="массовый" id="156047"><g v="ADJF"></g><g v="masc"></g><g v="sing"></g><g v="gent"></g></l></v><v><l t="массовый" id="156047"><g v="ADJF"></g><g v="anim"></g><g v="masc"></g><g v="sing"></g><g v="accs"></g></l></v></tfr></token><token id="570037" text="туризма"><tfr rev_id="1403118" t="туризма"><v><l t="туризм" id="351765"><g v="NOUN"></g><g v="inan"></g><g v="masc"></g><g v="sing"></g><g v="gent"></g></l></v></tfr></token><token id="570038" text="в"><tfr rev_id="1403119" t="в"><v><l t="в" id="37409"><g v="PREP"></g></l></v></tfr></token><token id="570039" text="космос"><tfr rev_id="1403120" t="космос"><v><l t="космос" id="140637"><g v="NOUN"></g><g v="inan"></g><g v="masc"></g><g v="sing"></g><g v="nomn"></g></l></v><v><l t="космос" id="140637"><g v="NOUN"></g><g v="inan"></g><g v="masc"></g><g v="sing"></g><g v="accs"></g></l></v></tfr></token><token id="570040" text="."><tfr rev_id="1403121" t="."><v><l t="." id="0"><g v="PNCT"></g></l></v></tfr></token></tokens></sentence><sentence id="31839"><source>Это высказывание было сделано на бирже туризма в Берлине и это высказывание исходит от Роберта Александера Гёлих (Robert Alexander Goehlich) из университета Иокогама.</source><tokens><token id="570041" text="Это"><tfr rev_id="4441432" t="Это"><v><l t="это" id="386574"><g v="PRCL"></g></l></v><v><l t="это" id="386575"><g v="NPRO"></g><g v="neut"></g><g v="sing"></g><g v="nomn"></g></l></v><v><l t="это" id="386575"><g v="NPRO"></g><g v="neut"></g><g v="sing"></g><g v="accs"></g></l></v><v><l t="этот" id="386581"><g v="ADJF"></g><g v="Subx"></g><g v="Apro"></g><g v="Anph"></g><g v="neut"></g><g v="sing"></g><g v="nomn"></g></l></v><v><l t="этот" id="386581"><g v="ADJF"></g><g v="Subx"></g><g v="Apro"></g><g v="Anph"></g><g v="neut"></g><g v="sing"></g><g v="accs"></g></l></v></tfr></token><token id="570042" text="высказывание"><tfr rev_id="4098830" t="высказывание"><v><l t="высказывание" id="61886"><g v="NOUN"></g><g v="inan"></g><g v="neut"></g><g v="sing"></g><g v="nomn"></g></l></v></tfr></token><token id="570043" text="было"><tfr rev_id="3335414" t="было"><v><l t="есть" id="37265"><g v="VERB"></g><g v="impf"></g><g v="intr"></g><g v="neut"></g><g v="sing"></g><g v="past"></g><g v="indc"></g></l></v></tfr></token><token id="570044" text="сделано"><tfr rev_id="1403125" t="сделано"><v><l t="сделан" id="317250"><g v="PRTS"></g><g v="perf"></g><g v="past"></g><g v="pssv"></g><g v="neut"></g><g v="sing"></g></l></v></tfr></token><token id="570045" text="на"><tfr rev_id="3340470" t="на"><v><l t="на" id="166264"><g v="PREP"></g></l></v></tfr></token><token id="570046" text="бирже"><tfr rev_id="3534809" t="бирже"><v><l t="биржа" id="29955"><g v="NOUN"></g><g v="inan"></g><g v="femn"></g><g v="sing"></g><g v="loct"></g></l></v></tfr></token><token id="570047" text="туризма"><tfr rev_id="1403128" t="туризма"><v><l t="туризм" id="351765"><g v="NOUN"></g><g v="inan"></g><g v="masc"></g><g v="sing"></g><g v="gent"></g></l></v></tfr></token><token id="570048" text="в"><tfr rev_id="1403129" t="в"><v><l t="в" id="37409"><g v="PREP"></g></l></v></tfr></token><token id="570049" text="Берлине"><tfr rev_id="4293157" t="Берлине"><v><l t="берлин" id="27989"><g v="NOUN"></g><g v="inan"></g><g v="masc"></g><g v="Geox"></g><g v="sing"></g><g v="loct"></g></l></v></tfr></token><token id="570050" text="и"><tfr rev_id="1403131" t="и"><v><l t="и" id="116949"><g v="CONJ"></g></l></v><v><l t="и" id="116950"><g v="INTJ"></g></l></v></tfr></token><token id="570051" text="это"><tfr rev_id="4441433" t="это"><v><l t="это" id="386574"><g v="PRCL"></g></l></v><v><l t="это" id="386575"><g v="NPRO"></g><g v="neut"></g><g v="sing"></g><g v="nomn"></g></l></v><v><l t="это" id="386575"><g v="NPRO"></g><g v="neut"></g><g v="sing"></g><g v="accs"></g></l></v><v><l t="этот" id="386581"><g v="ADJF"></g><g v="Subx"></g><g v="Apro"></g><g v="Anph"></g><g v="neut"></g><g v="sing"></g><g v="nomn"></g></l></v><v><l t="этот" id="386581"><g v="ADJF"></g><g v="Subx"></g><g v="Apro"></g><g v="Anph"></g><g v="neut"></g><g v="sing"></g><g v="accs"></g></l></v></tfr></token><token id="570052" text="высказывание"><tfr rev_id="3491551" t="высказывание"><v><l t="высказывание" id="61886"><g v="NOUN"></g><g v="inan"></g><g v="neut"></g><g v="sing"></g><g v="nomn"></g></l></v></tfr></token><token id="570053" text="исходит"><tfr rev_id="1403134" t="исходит"><v><l t="исхожу" id="126762"><g v="VERB"></g><g v="impf"></g><g v="intr"></g><g v="sing"></g><g v="3per"></g><g v="pres"></g><g v="indc"></g></l></v><v><l t="исходил" id="126767"><g v="VERB"></g><g v="perf"></g><g v="tran"></g><g v="sing"></g><g v="3per"></g><g v="futr"></g><g v="indc"></g></l></v></tfr></token><token id="570054" text="от"><tfr rev_id="1403135" t="от"><v><l t="от" id="211644"><g v="PREP"></g></l></v></tfr></token><token id="570055" text="Роберта"><tfr rev_id="4396836" t="Роберта"><v><l t="роберт" id="308039"><g v="NOUN"></g><g v="anim"></g><g v="masc"></g><g v="Name"></g><g v="sing"></g><g v="gent"></g></l></v></tfr></token><token id="570056" text="Александера"><tfr rev_id="4386183" t="Александера"><v><l t="александер" id="8518"><g v="NOUN"></g><g v="anim"></g><g v="masc"></g><g v="Name"></g><g v="sing"></g><g v="gent"></g></l></v></tfr></token><token id="570057" text="Гёлих"><tfr rev_id="1403138" t="Гёлих"><v><l t="гёлих" id="0"><g v="UNKN"></g></l></v></tfr></token><token id="570058" text="("><tfr rev_id="1403139" t="("><v><l t="(" id="0"><g v="PNCT"></g></l></v></tfr></token><token id="570059" text="Robert"><tfr rev_id="2474381" t="Robert"><v><l t="Robert" id="0"><g v="LATN"></g></l></v></tfr></token><token id="570060" text="Alexander"><tfr rev_id="2474382" t="Alexander"><v><l t="Alexander" id="0"><g v="LATN"></g></l></v></tfr></token><token id="570061" text="Goehlich"><tfr rev_id="2474383" t="Goehlich"><v><l t="Goehlich" id="0"><g v="LATN"></g></l></v></tfr></token><token id="570062" text=")"><tfr rev_id="1403143" t=")"><v><l t=")" id="0"><g v="PNCT"></g></l></v></tfr></token><token id="570063" text="из"><tfr rev_id="2503344" t="из"><v><l t="из" id="117677"><g v="PREP"></g></l></v></tfr></token><token id="570064" text="университета"><tfr rev_id="1403145" t="университета"><v><l t="университет" id="358281"><g v="NOUN"></g><g v="inan"></g><g v="masc"></g><g v="sing"></g><g v="gent"></g></l></v></tfr></token><token id="570065" text="Иокогама"><tfr rev_id="1403146" t="Иокогама"><v><l t="иокогама" id="123710"><g v="NOUN"></g><g v="inan"></g><g v="femn"></g><g v="Sgtm"></g><g v="Geox"></g><g v="sing"></g><g v="nomn"></g></l></v></tfr></token><token id="570066" text="."><tfr rev_id="1403147" t="."><v><l t="." id="0"><g v="PNCT"></g></l></v></tfr></token></tokens></sentence><sentence id="31840"><source>Немецкое агентство новостей DPA цитирует немецкого астронавта Ульфа Мербольда (Ulf Merbold):</source><tokens><token id="570067" text="Немецкое"><tfr rev_id="1403148" t="Немецкое"><v><l t="немецкий" id="184078"><g v="ADJF"></g><g v="neut"></g><g v="sing"></g><g v="nomn"></g></l></v><v><l t="немецкий" id="184078"><g v="ADJF"></g><g v="neut"></g><g v="sing"></g><g v="accs"></g></l></v></tfr></token><token id="570068" text="агентство"><tfr rev_id="4379885" t="агентство"><v><l t="агентство" id="3934"><g v="NOUN"></g><g v="inan"></g><g v="neut"></g><g v="sing"></g><g v="nomn"></g></l></v></tfr></token><token id="570069" text="новостей"><tfr rev_id="1403150" t="новостей"><v><l t="новость" id="191855"><g v="NOUN"></g><g v="inan"></g><g v="femn"></g><g v="plur"></g><g v="gent"></g></l></v></tfr></token><token id="570070" text="DPA"><tfr rev_id="2474384" t="DPA"><v><l t="DPA" id="0"><g v="LATN"></g></l></v></tfr></token><token id="570071" text="цитирует"><tfr rev_id="1403152" t="цитирует"><v><l t="цитирую" id="374102"><g v="VERB"></g><g v="impf"></g><g v="tran"></g><g v="sing"></g><g v="3per"></g><g v="pres"></g><g v="indc"></g></l></v></tfr></token><token id="570072" text="немецкого"><tfr rev_id="3454080" t="немецкого"><v><l t="немецкий" id="184078"><g v="ADJF"></g><g v="masc"></g><g v="sing"></g><g v="gent"></g></l></v><v><l t="немецкий" id="184078"><g v="ADJF"></g><g v="anim"></g><g v="masc"></g><g v="sing"></g><g v="accs"></g></l></v></tfr></token><token id="570073" text="астронавта"><tfr rev_id="4216696" t="астронавта"><v><l t="астронавт" id="19088"><g v="NOUN"></g><g v="anim"></g><g v="masc"></g><g v="sing"></g><g v="accs"></g></l></v></tfr></token><token id="570074" text="Ульфа"><tfr rev_id="1403155" t="Ульфа"><v><l t="ульфа" id="0"><g v="UNKN"></g></l></v></tfr></token><token id="570075" text="Мербольда"><tfr rev_id="1403156" t="Мербольда"><v><l t="мербольда" id="0"><g v="UNKN"></g></l></v></tfr></token><token id="570076" text="("><tfr rev_id="1403157" t="("><v><l t="(" id="0"><g v="PNCT"></g></l></v></tfr></token><token id="570077" text="Ulf"><tfr rev_id="2474385" t="Ulf"><v><l t="Ulf" id="0"><g v="LATN"></g></l></v></tfr></token><token id="570078" text="Merbold"><tfr rev_id="2474386" t="Merbold"><v><l t="Merbold" id="0"><g v="LATN"></g></l></v></tfr></token><token id="570079" text=")"><tfr rev_id="1403160" t=")"><v><l t=")" id="0"><g v="PNCT"></g></l></v></tfr></token><token id="570080" text=":"><tfr rev_id="1403161" t=":"><v><l t=":" id="0"><g v="PNCT"></g></l></v></tfr></token></tokens></sentence><sentence id="31841"><source>«Я желаю каждому, чтобы он один раз мог бы совершить космическое путешествие».</source><tokens><token id="570081" text="«"><tfr rev_id="2442451" t="«"><v><l t="«" id="0"><g v="PNCT"></g></l></v></tfr></token><token id="570082" text="Я"><tfr rev_id="1403163" t="Я"><v><l t="я" id="387317"><g v="NPRO"></g><g v="1per"></g><g v="sing"></g><g v="nomn"></g></l></v></tfr></token><token id="570083" text="желаю"><tfr rev_id="1403164" t="желаю"><v><l t="желаю" id="96290"><g v="VERB"></g><g v="impf"></g><g v="tran"></g><g v="sing"></g><g v="1per"></g><g v="pres"></g><g v="indc"></g></l></v></tfr></token><token id="570084" text="каждому"><tfr rev_id="4430121" t="каждому"><v><l t="каждый" id="127875"><g v="ADJF"></g><g v="Subx"></g><g v="Apro"></g><g v="masc"></g><g v="sing"></g><g v="datv"></g></l></v></tfr></token><token id="570085" text=","><tfr rev_id="1403166" t=","><v><l t="," id="0"><g v="PNCT"></g></l></v></tfr></token><token id="570086" text="чтобы"><tfr rev_id="1403167" t="чтобы"><v><l t="чтобы" id="377013"><g v="CONJ"></g></l></v><v><l t="чтобы" id="377014"><g v="PRCL"></g></l></v></tfr></token><token id="570087" text="он"><tfr rev_id="3575483" t="он"><v><l t="он" id="206541"><g v="NPRO"></g><g v="masc"></g><g v="3per"></g><g v="Anph"></g><g v="sing"></g><g v="nomn"></g></l></v></tfr></token><token id="570088" text="один"><tfr rev_id="4299637" t="один"><v><l t="один" id="203319"><g v="ADJF"></g><g v="Apro"></g><g v="Anum"></g><g v="masc"></g><g v="sing"></g><g v="nomn"></g></l></v><v><l t="один" id="203319"><g v="ADJF"></g><g v="Apro"></g><g v="Anum"></g><g v="inan"></g><g v="masc"></g><g v="sing"></g><g v="accs"></g></l></v></tfr></token><token id="570089" text="раз"><tfr rev_id="4510551" t="раз"><v><l t="раз" id="291500"><g v="NOUN"></g><g v="inan"></g><g v="masc"></g><g v="sing"></g><g v="nomn"></g></l></v><v><l t="раз" id="291500"><g v="NOUN"></g><g v="inan"></g><g v="masc"></g><g v="sing"></g><g v="accs"></g></l></v></tfr></token><token id="570090" text="мог"><tfr rev_id="1403171" t="мог"><v><l t="могу" id="164485"><g v="VERB"></g><g v="impf"></g><g v="intr"></g><g v="masc"></g><g v="sing"></g><g v="past"></g><g v="indc"></g></l></v></tfr></token><token id="570091" text="бы"><tfr rev_id="1403172" t="бы"><v><l t="бы" id="36985"><g v="PRCL"></g></l></v></tfr></token><token id="570092" text="совершить"><tfr rev_id="1403173" t="совершить"><v><l t="совершить" id="327925"><g v="INFN"></g><g v="perf"></g><g v="tran"></g></l></v></tfr></token><token id="570093" text="космическое"><tfr rev_id="4097696" t="космическое"><v><l t="космический" id="140606"><g v="ADJF"></g><g v="neut"></g><g v="sing"></g><g v="accs"></g></l></v></tfr></token><token id="570094" text="путешествие"><tfr rev_id="1403175" t="путешествие"><v><l t="путешествие" id="289573"><g v="NOUN"></g><g v="inan"></g><g v="neut"></g><g v="sing"></g><g v="nomn"></g></l></v><v><l t="путешествие" id="289573"><g v="NOUN"></g><g v="inan"></g><g v="neut"></g><g v="sing"></g><g v="accs"></g></l></v></tfr></token><token id="570095" text="»"><tfr rev_id="2442452" t="»"><v><l t="»" id="0"><g v="PNCT"></g></l></v></tfr></token><token id="570096" text="."><tfr rev_id="1403177" t="."><v><l t="." id="0"><g v="PNCT"></g></l></v></tfr></token></tokens></sentence></paragraph><paragraph id="10105"><sentence id="31842"><source>В этой связи сообщается о предложении фирмы «Thomas Kraus, InterNet-Handel&amp;Reiseveranstaltung» из Бонна, которая приглашает в полёт на самолёте МиГ-25 на высоту 26 километров за 13000 евро.</source><tokens><token id="570097" text="В"><tfr rev_id="1403178" t="В"><v><l t="в" id="37409"><g v="PREP"></g></l></v></tfr></token><token id="570098" text="этой"><tfr rev_id="4437979" t="этой"><v><l t="этот" id="386581"><g v="ADJF"></g><g v="Subx"></g><g v="Apro"></g><g v="Anph"></g><g v="femn"></g><g v="sing"></g><g v="loct"></g></l></v></tfr></token><token id="570099" text="связи"><tfr rev_id="4390988" t="связи"><v><l t="связь" id="316572"><g v="NOUN"></g><g v="inan"></g><g v="femn"></g><g v="sing"></g><g v="loc1"></g></l></v><v><l t="связь" id="316572"><g v="NOUN"></g><g v="inan"></g><g v="femn"></g><g v="sing"></g><g v="loc2"></g></l></v></tfr></token><token id="570100" text="сообщается"><tfr rev_id="1403181" t="сообщается"><v><l t="сообщаюсь" id="329545"><g v="VERB"></g><g v="impf"></g><g v="intr"></g><g v="sing"></g><g v="3per"></g><g v="pres"></g><g v="indc"></g></l></v></tfr></token><token id="570101" text="о"><tfr rev_id="3284076" t="о"><v><l t="о" id="192977"><g v="PREP"></g></l></v></tfr></token><token id="570102" text="предложении"><tfr rev_id="1403183" t="предложении"><v><l t="предложение" id="266539"><g v="NOUN"></g><g v="inan"></g><g v="neut"></g><g v="sing"></g><g v="loct"></g></l></v></tfr></token><token id="570103" text="фирмы"><tfr rev_id="3483760" t="фирмы"><v><l t="фирма" id="366226"><g v="NOUN"></g><g v="inan"></g><g v="femn"></g><g v="sing"></g><g v="gent"></g></l></v></tfr></token><token id="570104" text="«"><tfr rev_id="2442453" t="«"><v><l t="«" id="0"><g v="PNCT"></g></l></v></tfr></token><token id="570105" text="Thomas"><tfr rev_id="2474387" t="Thomas"><v><l t="Thomas" id="0"><g v="LATN"></g></l></v></tfr></token><token id="570106" text="Kraus"><tfr rev_id="2474388" t="Kraus"><v><l t="Kraus" id="0"><g v="LATN"></g></l></v></tfr></token><token id="570107" text=","><tfr rev_id="1403188" t=","><v><l t="," id="0"><g v="PNCT"></g></l></v></tfr></token><token id="570108" text="InterNet-Handel"><tfr rev_id="2474389" t="InterNet-Handel"><v><l t="InterNet-Handel" id="0"><g v="LATN"></g></l></v></tfr></token><token id="570111" text="&amp;"><tfr rev_id="2442454" t="&amp;"><v><l t="&amp;" id="0"><g v="PNCT"></g></l></v></tfr></token><token id="570112" text="Reiseveranstaltung"><tfr rev_id="2474390" t="Reiseveranstaltung"><v><l t="Reiseveranstaltung" id="0"><g v="LATN"></g></l></v></tfr></token><token id="570113" text="»"><tfr rev_id="2442455" t="»"><v><l t="»" id="0"><g v="PNCT"></g></l></v></tfr></token><token id="570114" text="из"><tfr rev_id="2604326" t="из"><v><l t="из" id="117677"><g v="PREP"></g></l></v></tfr></token><token id="570115" text="Бонна"><tfr rev_id="4323472" t="Бонна"><v><l t="бонн" id="32606"><g v="NOUN"></g><g v="inan"></g><g v="masc"></g><g v="Geox"></g><g v="sing"></g><g v="gent"></g></l></v></tfr></token><token id="570116" text=","><tfr rev_id="1403195" t=","><v><l t="," id="0"><g v="PNCT"></g></l></v></tfr></token><token id="570117" text="которая"><tfr rev_id="3639793" t="которая"><v><l t="который" id="141203"><g v="ADJF"></g><g v="Apro"></g><g v="Subx"></g><g v="Anph"></g><g v="femn"></g><g v="sing"></g><g v="nomn"></g></l></v></tfr></token><token id="570118" text="приглашает"><tfr rev_id="1403197" t="приглашает"><v><l t="приглашаю" id="269731"><g v="VERB"></g><g v="impf"></g><g v="tran"></g><g v="sing"></g><g v="3per"></g><g v="pres"></g><g v="indc"></g></l></v></tfr></token><token id="570119" text="в"><tfr rev_id="1403198" t="в"><v><l t="в" id="37409"><g v="PREP"></g></l></v></tfr></token><token id="570120" text="полёт"><tfr rev_id="1715440" t="полёт"><v><l t="полёт" id="255108"><g v="NOUN"></g><g v="inan"></g><g v="masc"></g><g v="sing"></g><g v="nomn"></g></l></v><v><l t="полёт" id="255108"><g v="NOUN"></g><g v="inan"></g><g v="masc"></g><g v="sing"></g><g v="accs"></g></l></v></tfr></token><token id="570121" text="на"><tfr rev_id="3340475" t="на"><v><l t="на" id="166264"><g v="PREP"></g></l></v></tfr></token><token id="570122" text="самолёте"><tfr rev_id="1403201" t="самолёте"><v><l t="самолёт" id="312513"><g v="NOUN"></g><g v="inan"></g><g v="masc"></g><g v="sing"></g><g v="loct"></g></l></v></tfr></token><token id="570123" text="МиГ-25"><tfr rev_id="1403202" t="МиГ-25"><v><l t="МиГ-25" id="0"><g v="UNKN"></g></l></v></tfr></token><token id="570124" text="на"><tfr rev_id="3337288" t="на"><v><l t="на" id="166264"><g v="PREP"></g></l></v></tfr></token><token id="570125" text="высоту"><tfr rev_id="1403204" t="высоту"><v><l t="высота" id="62492"><g v="NOUN"></g><g v="inan"></g><g v="femn"></g><g v="sing"></g><g v="accs"></g></l></v></tfr></token><token id="570126" text="26"><tfr rev_id="2461095" t="26"><v><l t="26" id="0"><g v="NUMB"></g></l></v></tfr></token><token id="570127" text="километров"><tfr rev_id="3334080" t="километров"><v><l t="километр" id="132850"><g v="NOUN"></g><g v="inan"></g><g v="masc"></g><g v="plur"></g><g v="gent"></g></l></v></tfr></token><token id="570128" text="за"><tfr rev_id="1403207" t="за"><v><l t="за" id="98043"><g v="PREP"></g></l></v></tfr></token><token id="570129" text="13000"><tfr rev_id="2461096" t="13000"><v><l t="13000" id="0"><g v="NUMB"></g></l></v></tfr></token><token id="570130" text="евро"><tfr rev_id="4197273" t="евро"><v><l t="евро" id="94004"><g v="NOUN"></g><g v="inan"></g><g v="neut"></g><g v="Fixd"></g><g v="plur"></g><g v="gent"></g></l></v></tfr></token><token id="570131" text="."><tfr rev_id="1403210" t="."><v><l t="." id="0"><g v="PNCT"></g></l></v></tfr></token></tokens></sentence><sentence id="31843"><source>В представлении шефа фирмы — там небо уже чёрное.</source><tokens><token id="570132" text="В"><tfr rev_id="1403211" t="В"><v><l t="в" id="37409"><g v="PREP"></g></l></v></tfr></token><token id="570133" text="представлении"><tfr rev_id="1403212" t="представлении"><v><l t="представление" id="267110"><g v="NOUN"></g><g v="inan"></g><g v="neut"></g><g v="sing"></g><g v="loct"></g></l></v></tfr></token><token id="570134" text="шефа"><tfr rev_id="2931377" t="шефа"><v><l t="шеф" id="379427"><g v="NOUN"></g><g v="anim"></g><g v="masc"></g><g v="sing"></g><g v="gent"></g></l></v></tfr></token><token id="570135" text="фирмы"><tfr rev_id="2694503" t="фирмы"><v><l t="фирма" id="366226"><g v="NOUN"></g><g v="inan"></g><g v="femn"></g><g v="sing"></g><g v="gent"></g></l></v></tfr></token><token id="570136" text="—"><tfr rev_id="2442456" t="—"><v><l t="—" id="0"><g v="PNCT"></g></l></v></tfr></token><token id="570137" text="там"><tfr rev_id="1403216" t="там"><v><l t="там" id="342752"><g v="PRCL"></g></l></v><v><l t="там" id="342753"><g v="ADVB"></g><g v="Dmns"></g></l></v></tfr></token><token id="570138" text="небо"><tfr rev_id="3272606" t="небо"><v><l t="небо" id="179438"><g v="NOUN"></g><g v="inan"></g><g v="neut"></g><g v="sing"></g><g v="nomn"></g></l></v></tfr></token><token id="570139" text="уже"><tfr rev_id="2692661" t="уже"><v><l t="уж" id="355422"><g v="NOUN"></g><g v="anim"></g><g v="masc"></g><g v="sing"></g><g v="loct"></g></l></v><v><l t="уже" id="355498"><g v="ADVB"></g></l></v><v><l t="уже" id="355674"><g v="COMP"></g><g v="Qual"></g></l></v><v><l t="уже" id="388673"><g v="PRCL"></g></l></v></tfr></token><token id="570140" text="чёрное"><tfr rev_id="1403219" t="чёрное"><v><l t="чёрный" id="374408"><g v="ADJF"></g><g v="Qual"></g><g v="neut"></g><g v="sing"></g><g v="nomn"></g></l></v><v><l t="чёрный" id="374408"><g v="ADJF"></g><g v="Qual"></g><g v="neut"></g><g v="sing"></g><g v="accs"></g></l></v></tfr></token><token id="570141" text="."><tfr rev_id="1403220" t="."><v><l t="." id="0"><g v="PNCT"></g></l></v></tfr></token></tokens></sentence><sentence id="31844"><source>Если обратить взгляд на Интернет страницу фирмы, то можно увидеть, что такой полёт стоит только 10000 евро, и никак не 13000.</source><tokens><token id="570142" text="Если"><tfr rev_id="1403221" t="Если"><v><l t="если" id="95365"><g v="CONJ"></g></l></v></tfr></token><token id="570143" text="обратить"><tfr rev_id="1403222" t="обратить"><v><l t="обратить" id="198923"><g v="INFN"></g><g v="perf"></g><g v="tran"></g></l></v></tfr></token><token id="570144" text="взгляд"><tfr rev_id="4095541" t="взгляд"><v><l t="взгляд" id="43326"><g v="NOUN"></g><g v="inan"></g><g v="masc"></g><g v="sing"></g><g v="accs"></g></l></v></tfr></token><token id="570145" text="на"><tfr rev_id="3343597" t="на"><v><l t="на" id="166264"><g v="PREP"></g></l></v></tfr></token><token id="570146" text="Интернет"><tfr rev_id="1403225" t="Интернет"><v><l t="интернет" id="123255"><g v="NOUN"></g><g v="inan"></g><g v="masc"></g><g v="sing"></g><g v="nomn"></g></l></v><v><l t="интернет" id="123255"><g v="NOUN"></g><g v="inan"></g><g v="masc"></g><g v="sing"></g><g v="accs"></g></l></v></tfr></token><token id="570147" text="страницу"><tfr rev_id="1403226" t="страницу"><v><l t="страница" id="337102"><g v="NOUN"></g><g v="inan"></g><g v="femn"></g><g v="sing"></g><g v="accs"></g></l></v></tfr></token><token id="570148" text="фирмы"><tfr rev_id="3476819" t="фирмы"><v><l t="фирма" id="366226"><g v="NOUN"></g><g v="inan"></g><g v="femn"></g><g v="sing"></g><g v="gent"></g></l></v></tfr></token><token id="570149" text=","><tfr rev_id="1403228" t=","><v><l t="," id="0"><g v="PNCT"></g></l></v></tfr></token><token id="570150" text="то"><tfr rev_id="3777458" t="то"><v><l t="то" id="346835"><g v="CONJ"></g></l></v><v><l t="то" id="346836"><g v="PRCL"></g></l></v><v><l t="тот" id="348430"><g v="ADJF"></g><g v="Subx"></g><g v="Apro"></g><g v="Anph"></g><g v="neut"></g><g v="sing"></g><g v="nomn"></g></l></v><v><l t="тот" id="348430"><g v="ADJF"></g><g v="Subx"></g><g v="Apro"></g><g v="Anph"></g><g v="neut"></g><g v="sing"></g><g v="accs"></g></l></v></tfr></token><token id="570151" text="можно"><tfr rev_id="1403230" t="можно"><v><l t="можно" id="162467"><g v="PRED"></g><g v="pres"></g></l></v></tfr></token><token id="570152" text="увидеть"><tfr rev_id="1403231" t="увидеть"><v><l t="увидеть" id="353631"><g v="INFN"></g><g v="perf"></g><g v="tran"></g></l></v></tfr></token><token id="570153" text=","><tfr rev_id="1403232" t=","><v><l t="," id="0"><g v="PNCT"></g></l></v></tfr></token><token id="570154" text="что"><tfr rev_id="4204242" t="что"><v><l t="что" id="377004"><g v="CONJ"></g></l></v></tfr></token><token id="570155" text="такой"><tfr rev_id="4369890" t="такой"><v><l t="такой" id="342491"><g v="ADJF"></g><g v="Apro"></g><g v="masc"></g><g v="sing"></g><g v="nomn"></g></l></v></tfr></token><token id="570156" text="полёт"><tfr rev_id="1715919" t="полёт"><v><l t="полёт" id="255108"><g v="NOUN"></g><g v="inan"></g><g v="masc"></g><g v="sing"></g><g v="nomn"></g></l></v><v><l t="полёт" id="255108"><g v="NOUN"></g><g v="inan"></g><g v="masc"></g><g v="sing"></g><g v="accs"></g></l></v></tfr></token><token id="570157" text="стоит"><tfr rev_id="1403236" t="стоит"><v><l t="стою" id="336464"><g v="VERB"></g><g v="impf"></g><g v="tran"></g><g v="sing"></g><g v="3per"></g><g v="pres"></g><g v="indc"></g></l></v><v><l t="стоило" id="336469"><g v="VERB"></g><g v="impf"></g><g v="intr"></g><g v="Impe"></g><g v="sing"></g><g v="pres"></g><g v="indc"></g></l></v><v><l t="стою" id="336980"><g v="VERB"></g><g v="impf"></g><g v="intr"></g><g v="sing"></g><g v="3per"></g><g v="pres"></g><g v="indc"></g></l></v></tfr></token><token id="570158" text="только"><tfr rev_id="3784015" t="только"><v><l t="только" id="347395"><g v="CONJ"></g></l></v><v><l t="только" id="347396"><g v="PRCL"></g></l></v><v><l t="только" id="390053"><g v="ADVB"></g></l></v></tfr></token><token id="570159" text="10000"><tfr rev_id="2461097" t="10000"><v><l t="10000" id="0"><g v="NUMB"></g></l></v></tfr></token><token id="570160" text="евро"><tfr rev_id="4180644" t="евро"><v><l t="евро" id="94004"><g v="NOUN"></g><g v="inan"></g><g v="neut"></g><g v="Fixd"></g><g v="plur"></g><g v="gent"></g></l></v></tfr></token><token id="570161" text=","><tfr rev_id="1403240" t=","><v><l t="," id="0"><g v="PNCT"></g></l></v></tfr></token><token id="570162" text="и"><tfr rev_id="1403241" t="и"><v><l t="и" id="116949"><g v="CONJ"></g></l></v><v><l t="и" id="116950"><g v="INTJ"></g></l></v></tfr></token><token id="570163" text="никак"><tfr rev_id="1403242" t="никак"><v><l t="никак" id="190839"><g v="ADVB"></g></l></v><v><l t="никак" id="190840"><g v="PRCL"></g></l></v></tfr></token><token id="570164" text="не"><tfr rev_id="1403243" t="не"><v><l t="не" id="178876"><g v="PRCL"></g></l></v></tfr></token><token id="570165" text="13000"><tfr rev_id="2461098" t="13000"><v><l t="13000" id="0"><g v="NUMB"></g></l></v></tfr></token><token id="570166" text="."><tfr rev_id="1403245" t="."><v><l t="." id="0"><g v="PNCT"></g></l></v></tfr></token></tokens></sentence><sentence id="31845"><source>Рекламное объявление там всё же утверждает:</source><tokens><token id="570167" text="Рекламное"><tfr rev_id="1403246" t="Рекламное"><v><l t="рекламный" id="305693"><g v="ADJF"></g><g v="Qual"></g><g v="neut"></g><g v="sing"></g><g v="nomn"></g></l></v><v><l t="рекламный" id="305693"><g v="ADJF"></g><g v="Qual"></g><g v="neut"></g><g v="sing"></g><g v="accs"></g></l></v></tfr></token><token id="570168" text="объявление"><tfr rev_id="3300505" t="объявление"><v><l t="объявление" id="201901"><g v="NOUN"></g><g v="inan"></g><g v="neut"></g><g v="sing"></g><g v="nomn"></g></l></v></tfr></token><token id="570169" text="там"><tfr rev_id="1403248" t="там"><v><l t="там" id="342752"><g v="PRCL"></g></l></v><v><l t="там" id="342753"><g v="ADVB"></g><g v="Dmns"></g></l></v></tfr></token><token id="570170" text="всё"><tfr rev_id="4517192" t="всё"><v><l t="всё" id="390209"><g v="PRCL"></g></l></v></tfr></token><token id="570171" text="же"><tfr rev_id="1403250" t="же"><v><l t="же" id="96208"><g v="CONJ"></g></l></v><v><l t="же" id="96209"><g v="PRCL"></g></l></v></tfr></token><token id="570172" text="утверждает"><tfr rev_id="1403251" t="утверждает"><v><l t="утверждаю" id="361706"><g v="VERB"></g><g v="impf"></g><g v="tran"></g><g v="sing"></g><g v="3per"></g><g v="pres"></g><g v="indc"></g></l></v><v><l t="утверждаю" id="361713"><g v="VERB"></g><g v="impf"></g><g v="intr"></g><g v="sing"></g><g v="3per"></g><g v="pres"></g><g v="indc"></g></l></v></tfr></token><token id="570173" text=":"><tfr rev_id="1403252" t=":"><v><l t=":" id="0"><g v="PNCT"></g></l></v></tfr></token></tokens></sentence><sentence id="31846"><source>«Вы отчётливо увидите кривизну Земли и глубокий чёрный космос».</source><tokens><token id="570174" text="«"><tfr rev_id="2442457" t="«"><v><l t="«" id="0"><g v="PNCT"></g></l></v></tfr></token><token id="570175" text="Вы"><tfr rev_id="1403254" t="Вы"><v><l t="вы" id="55560"><g v="NPRO"></g><g v="2per"></g><g v="plur"></g><g v="nomn"></g></l></v></tfr></token><token id="570176" text="отчётливо"><tfr rev_id="1403255" t="отчётливо"><v><l t="отчётливо" id="219981"><g v="ADVB"></g></l></v><v><l t="отчётлив" id="219984"><g v="ADJS"></g><g v="Qual"></g><g v="neut"></g><g v="sing"></g></l></v></tfr></token><token id="570177" text="увидите"><tfr rev_id="1403256" t="увидите"><v><l t="увидел" id="353630"><g v="VERB"></g><g v="perf"></g><g v="tran"></g><g v="plur"></g><g v="2per"></g><g v="futr"></g><g v="indc"></g></l></v></tfr></token><token id="570178" text="кривизну"><tfr rev_id="1403257" t="кривизну"><v><l t="кривизна" id="142612"><g v="NOUN"></g><g v="inan"></g><g v="femn"></g><g v="Sgtm"></g><g v="sing"></g><g v="accs"></g></l></v></tfr></token><token id="570179" text="Земли"><tfr rev_id="3465276" t="Земли"><v><l t="земля" id="115091"><g v="NOUN"></g><g v="inan"></g><g v="femn"></g><g v="sing"></g><g v="gent"></g></l></v></tfr></token><token id="570180" text="и"><tfr rev_id="1403259" t="и"><v><l t="и" id="116949"><g v="CONJ"></g></l></v><v><l t="и" id="116950"><g v="INTJ"></g></l></v></tfr></token><token id="570181" text="глубокий"><tfr rev_id="1403260" t="глубокий"><v><l t="глубокий" id="71442"><g v="ADJF"></g><g v="Qual"></g><g v="masc"></g><g v="sing"></g><g v="nomn"></g></l></v><v><l t="глубокий" id="71442"><g v="ADJF"></g><g v="Qual"></g><g v="inan"></g><g v="masc"></g><g v="sing"></g><g v="accs"></g></l></v></tfr></token><token id="570182" text="чёрный"><tfr rev_id="4406896" t="чёрный"><v><l t="чёрный" id="374408"><g v="ADJF"></g><g v="Qual"></g><g v="inan"></g><g v="masc"></g><g v="sing"></g><g v="accs"></g></l></v></tfr></token><token id="570183" text="космос"><tfr rev_id="3487955" t="космос"><v><l t="космос" id="140637"><g v="NOUN"></g><g v="inan"></g><g v="masc"></g><g v="sing"></g><g v="accs"></g></l></v></tfr></token><token id="570184" text="»"><tfr rev_id="2442458" t="»"><v><l t="»" id="0"><g v="PNCT"></g></l></v></tfr></token><token id="570185" text="."><tfr rev_id="1403264" t="."><v><l t="." id="0"><g v="PNCT"></g></l></v></tfr></token></tokens></sentence></paragraph><paragraph id="10106"><sentence id="31847"><source>Но, в этом случае, речь не идёт о космическом туризме.</source><tokens><token id="570186" text="Но"><tfr rev_id="1403265" t="Но"><v><l t="но" id="191429"><g v="CONJ"></g></l></v><v><l t="но" id="191430"><g v="INTJ"></g></l></v></tfr></token><token id="570187" text=","><tfr rev_id="1403266" t=","><v><l t="," id="0"><g v="PNCT"></g></l></v></tfr></token><token id="570188" text="в"><tfr rev_id="1403267" t="в"><v><l t="в" id="37409"><g v="PREP"></g></l></v></tfr></token><token id="570189" text="этом"><tfr rev_id="4435709" t="этом"><v><l t="этот" id="386581"><g v="ADJF"></g><g v="Subx"></g><g v="Apro"></g><g v="Anph"></g><g v="masc"></g><g v="sing"></g><g v="loct"></g></l></v></tfr></token><token id="570190" text="случае"><tfr rev_id="1403269" t="случае"><v><l t="случай" id="325472"><g v="NOUN"></g><g v="inan"></g><g v="masc"></g><g v="sing"></g><g v="loct"></g></l></v></tfr></token><token id="570191" text=","><tfr rev_id="1403270" t=","><v><l t="," id="0"><g v="PNCT"></g></l></v></tfr></token><token id="570192" text="речь"><tfr rev_id="4360010" t="речь"><v><l t="речь" id="307325"><g v="NOUN"></g><g v="inan"></g><g v="femn"></g><g v="sing"></g><g v="nomn"></g></l></v></tfr></token><token id="570193" text="не"><tfr rev_id="1403272" t="не"><v><l t="не" id="178876"><g v="PRCL"></g></l></v></tfr></token><token id="570194" text="идёт"><tfr rev_id="1403273" t="идёт"><v><l t="иду" id="117566"><g v="VERB"></g><g v="impf"></g><g v="intr"></g><g v="sing"></g><g v="3per"></g><g v="pres"></g><g v="indc"></g></l></v></tfr></token><token id="570195" text="о"><tfr rev_id="3326499" t="о"><v><l t="о" id="192977"><g v="PREP"></g></l></v></tfr></token><token id="570196" text="космическом"><tfr rev_id="3408105" t="космическом"><v><l t="космический" id="140606"><g v="ADJF"></g><g v="masc"></g><g v="sing"></g><g v="loct"></g></l></v></tfr></token><token id="570197" text="туризме"><tfr rev_id="1403276" t="туризме"><v><l t="туризм" id="351765"><g v="NOUN"></g><g v="inan"></g><g v="masc"></g><g v="sing"></g><g v="loct"></g></l></v></tfr></token><token id="570198" text="."><tfr rev_id="1403277" t="."><v><l t="." id="0"><g v="PNCT"></g></l></v></tfr></token></tokens></sentence><sentence id="31848"><source>По определению Международной федерации аэронавтики (Fédération Aéronautique Internationale), которая находится в Лозанне, космос начинает с высоты 100 км.</source><tokens><token id="570199" text="По"><tfr rev_id="1403278" t="По"><v><l t="по" id="241240"><g v="PREP"></g></l></v></tfr></token><token id="570200" text="определению"><tfr rev_id="1403279" t="определению"><v><l t="определение" id="207991"><g v="NOUN"></g><g v="inan"></g><g v="neut"></g><g v="sing"></g><g v="datv"></g></l></v></tfr></token><token id="570201" text="Международной"><tfr rev_id="2369653" t="Международной"><v><l t="международный" id="157346"><g v="ADJF"></g><g v="femn"></g><g v="sing"></g><g v="gent"></g></l></v></tfr></token><token id="570202" text="федерации"><tfr rev_id="4178215" t="федерации"><v><l t="федерация" id="364940"><g v="NOUN"></g><g v="inan"></g><g v="femn"></g><g v="sing"></g><g v="gent"></g></l></v></tfr></token><token id="570203" text="аэронавтики"><tfr rev_id="3476019" t="аэронавтики"><v><l t="аэронавтика" id="21357"><g v="NOUN"></g><g v="inan"></g><g v="femn"></g><g v="sing"></g><g v="gent"></g></l></v></tfr></token><token id="570204" text="("><tfr rev_id="1403283" t="("><v><l t="(" id="0"><g v="PNCT"></g></l></v></tfr></token><token id="570205" text="Fédération"><tfr rev_id="2474391" t="Fédération"><v><l t="Fédération" id="0"><g v="LATN"></g></l></v></tfr></token><token id="570206" text="Aéronautique"><tfr rev_id="2474392" t="Aéronautique"><v><l t="Aéronautique" id="0"><g v="LATN"></g></l></v></tfr></token><token id="570207" text="Internationale"><tfr rev_id="2474393" t="Internationale"><v><l t="Internationale" id="0"><g v="LATN"></g></l></v></tfr></token><token id="570208" text=")"><tfr rev_id="1403287" t=")"><v><l t=")" id="0"><g v="PNCT"></g></l></v></tfr></token><token id="570209" text=","><tfr rev_id="1403288" t=","><v><l t="," id="0"><g v="PNCT"></g></l></v></tfr></token><token id="570210" text="которая"><tfr rev_id="3639794" t="которая"><v><l t="который" id="141203"><g v="ADJF"></g><g v="Apro"></g><g v="Subx"></g><g v="Anph"></g><g v="femn"></g><g v="sing"></g><g v="nomn"></g></l></v></tfr></token><token id="570211" text="находится"><tfr rev_id="1403290" t="находится"><v><l t="нахожусь" id="177898"><g v="VERB"></g><g v="impf"></g><g v="intr"></g><g v="sing"></g><g v="3per"></g><g v="pres"></g><g v="indc"></g></l></v><v><l t="находился" id="177903"><g v="VERB"></g><g v="perf"></g><g v="intr"></g><g v="sing"></g><g v="3per"></g><g v="futr"></g><g v="indc"></g></l></v></tfr></token><token id="570212" text="в"><tfr rev_id="1403291" t="в"><v><l t="в" id="37409"><g v="PREP"></g></l></v></tfr></token><token id="570213" text="Лозанне"><tfr rev_id="3540079" t="Лозанне"><v><l t="лозанна" id="150580"><g v="NOUN"></g><g v="inan"></g><g v="femn"></g><g v="Sgtm"></g><g v="Geox"></g><g v="sing"></g><g v="loct"></g></l></v></tfr></token><token id="570214" text=","><tfr rev_id="1403293" t=","><v><l t="," id="0"><g v="PNCT"></g></l></v></tfr></token><token id="570215" text="космос"><tfr rev_id="3465921" t="космос"><v><l t="космос" id="140637"><g v="NOUN"></g><g v="inan"></g><g v="masc"></g><g v="sing"></g><g v="nomn"></g></l></v></tfr></token><token id="570216" text="начинает"><tfr rev_id="1403295" t="начинает"><v><l t="начинаю" id="178340"><g v="VERB"></g><g v="impf"></g><g v="tran"></g><g v="sing"></g><g v="3per"></g><g v="pres"></g><g v="indc"></g></l></v></tfr></token><token id="570217" text="с"><tfr rev_id="1403296" t="с"><v><l t="с" id="311151"><g v="PREP"></g></l></v></tfr></token><token id="570218" text="высоты"><tfr rev_id="3487187" t="высоты"><v><l t="высота" id="62492"><g v="NOUN"></g><g v="inan"></g><g v="femn"></g><g v="sing"></g><g v="gent"></g></l></v></tfr></token><token id="570219" text="100"><tfr rev_id="2461099" t="100"><v><l t="100" id="0"><g v="NUMB"></g></l></v></tfr></token><token id="570220" text="км"><tfr rev_id="4154831" t="км"><v><l t="км" id="389049"><g v="NOUN"></g><g v="inan"></g><g v="masc"></g><g v="Fixd"></g><g v="Abbr"></g><g v="plur"></g><g v="gent"></g></l></v></tfr></token><token id="570221" text="."><tfr rev_id="1403300" t="."><v><l t="." id="0"><g v="PNCT"></g></l></v></tfr></token></tokens></sentence></paragraph><paragraph id="10107"><sentence id="31849"><source>Ведущей фирмой в области космического туризма является фирма — «Space Adventures, Ltd», которая была основана в 1998 году.</source><tokens><token id="570222" text="Ведущей"><tfr rev_id="4331620" t="Ведущей"><v><l t="ведущий" id="40370"><g v="ADJF"></g><g v="Subx"></g><g v="femn"></g><g v="sing"></g><g v="gent"></g></l></v><v><l t="ведущий" id="40370"><g v="ADJF"></g><g v="Subx"></g><g v="femn"></g><g v="sing"></g><g v="datv"></g></l></v><v><l t="ведущий" id="40370"><g v="ADJF"></g><g v="Subx"></g><g v="femn"></g><g v="sing"></g><g v="ablt"></g></l></v><v><l t="ведущий" id="40370"><g v="ADJF"></g><g v="Subx"></g><g v="femn"></g><g v="sing"></g><g v="loct"></g></l></v><v><l t="ведущий" id="42112"><g v="PRTF"></g><g v="Subx"></g><g v="impf"></g><g v="tran"></g><g v="pres"></g><g v="actv"></g><g v="femn"></g><g v="sing"></g><g v="gent"></g></l></v><v><l t="ведущий" id="42112"><g v="PRTF"></g><g v="Subx"></g><g v="impf"></g><g v="tran"></g><g v="pres"></g><g v="actv"></g><g v="femn"></g><g v="sing"></g><g v="datv"></g></l></v><v><l t="ведущий" id="42112"><g v="PRTF"></g><g v="Subx"></g><g v="impf"></g><g v="tran"></g><g v="pres"></g><g v="actv"></g><g v="femn"></g><g v="sing"></g><g v="ablt"></g></l></v><v><l t="ведущий" id="42112"><g v="PRTF"></g><g v="Subx"></g><g v="impf"></g><g v="tran"></g><g v="pres"></g><g v="actv"></g><g v="femn"></g><g v="sing"></g><g v="loct"></g></l></v></tfr></token><token id="570223" text="фирмой"><tfr rev_id="1403302" t="фирмой"><v><l t="фирма" id="366226"><g v="NOUN"></g><g v="inan"></g><g v="femn"></g><g v="sing"></g><g v="ablt"></g></l></v></tfr></token><token id="570224" text="в"><tfr rev_id="1403303" t="в"><v><l t="в" id="37409"><g v="PREP"></g></l></v></tfr></token><token id="570225" text="области"><tfr rev_id="3557485" t="области"><v><l t="область" id="196229"><g v="NOUN"></g><g v="inan"></g><g v="femn"></g><g v="sing"></g><g v="loct"></g></l></v></tfr></token><token id="570226" text="космического"><tfr rev_id="4414910" t="космического"><v><l t="космический" id="140606"><g v="ADJF"></g><g v="masc"></g><g v="sing"></g><g v="gent"></g></l></v></tfr></token><token id="570227" text="туризма"><tfr rev_id="1403306" t="туризма"><v><l t="туризм" id="351765"><g v="NOUN"></g><g v="inan"></g><g v="masc"></g><g v="sing"></g><g v="gent"></g></l></v></tfr></token><token id="570228" text="является"><tfr rev_id="1403307" t="является"><v><l t="являюсь" id="387385"><g v="VERB"></g><g v="impf"></g><g v="intr"></g><g v="sing"></g><g v="3per"></g><g v="pres"></g><g v="indc"></g></l></v></tfr></token><token id="570229" text="фирма"><tfr rev_id="1403308" t="фирма"><v><l t="фирма" id="366226"><g v="NOUN"></g><g v="inan"></g><g v="femn"></g><g v="sing"></g><g v="nomn"></g></l></v></tfr></token><token id="570230" text="—"><tfr rev_id="2442459" t="—"><v><l t="—" id="0"><g v="PNCT"></g></l></v></tfr></token><token id="570231" text="«"><tfr rev_id="2442460" t="«"><v><l t="«" id="0"><g v="PNCT"></g></l></v></tfr></token><token id="570232" text="Space"><tfr rev_id="2474394" t="Space"><v><l t="Space" id="0"><g v="LATN"></g></l></v></tfr></token><token id="570233" text="Adventures"><tfr rev_id="2474395" t="Adventures"><v><l t="Adventures" id="0"><g v="LATN"></g></l></v></tfr></token><token id="570234" text=","><tfr rev_id="1403313" t=","><v><l t="," id="0"><g v="PNCT"></g></l></v></tfr></token><token id="570235" text="Ltd"><tfr rev_id="2474396" t="Ltd"><v><l t="Ltd" id="0"><g v="LATN"></g></l></v></tfr></token><token id="570236" text="»"><tfr rev_id="2442461" t="»"><v><l t="»" id="0"><g v="PNCT"></g></l></v></tfr></token><token id="570237" text=","><tfr rev_id="1403316" t=","><v><l t="," id="0"><g v="PNCT"></g></l></v></tfr></token><token id="570238" text="которая"><tfr rev_id="3639795" t="которая"><v><l t="который" id="141203"><g v="ADJF"></g><g v="Apro"></g><g v="Subx"></g><g v="Anph"></g><g v="femn"></g><g v="sing"></g><g v="nomn"></g></l></v></tfr></token><token id="570239" text="была"><tfr rev_id="1403318" t="была"><v><l t="есть" id="37265"><g v="VERB"></g><g v="impf"></g><g v="intr"></g><g v="femn"></g><g v="sing"></g><g v="past"></g><g v="indc"></g></l></v></tfr></token><token id="570240" text="основана"><tfr rev_id="1403319" t="основана"><v><l t="основан" id="210588"><g v="PRTS"></g><g v="perf"></g><g v="past"></g><g v="pssv"></g><g v="femn"></g><g v="sing"></g></l></v></tfr></token><token id="570241" text="в"><tfr rev_id="1403320" t="в"><v><l t="в" id="37409"><g v="PREP"></g></l></v></tfr></token><token id="570242" text="1998"><tfr rev_id="2461100" t="1998"><v><l t="1998" id="0"><g v="NUMB"></g></l></v></tfr></token><token id="570243" text="году"><tfr rev_id="2928026" t="году"><v><l t="год" id="72149"><g v="NOUN"></g><g v="inan"></g><g v="masc"></g><g v="sing"></g><g v="loc2"></g></l></v></tfr></token><token id="570244" text="."><tfr rev_id="1403323" t="."><v><l t="." id="0"><g v="PNCT"></g></l></v></tfr></token></tokens></sentence><sentence id="31850"><source>Эта фирма предлагает полёт на Международную космическую станцию за 20 млн. долларов и суборбитальные полёты за 102000 долларов.</source><tokens><token id="570245" text="Эта"><tfr rev_id="4437187" t="Эта"><v><l t="этот" id="386581"><g v="ADJF"></g><g v="Subx"></g><g v="Apro"></g><g v="Anph"></g><g v="femn"></g><g v="sing"></g><g v="nomn"></g></l></v></tfr></token><token id="570246" text="фирма"><tfr rev_id="1403325" t="фирма"><v><l t="фирма" id="366226"><g v="NOUN"></g><g v="inan"></g><g v="femn"></g><g v="sing"></g><g v="nomn"></g></l></v></tfr></token><token id="570247" text="предлагает"><tfr rev_id="1403326" t="предлагает"><v><l t="предлагаю" id="266518"><g v="VERB"></g><g v="impf"></g><g v="tran"></g><g v="sing"></g><g v="3per"></g><g v="pres"></g><g v="indc"></g></l></v></tfr></token><token id="570248" text="полёт"><tfr rev_id="1714944" t="полёт"><v><l t="полёт" id="255108"><g v="NOUN"></g><g v="inan"></g><g v="masc"></g><g v="sing"></g><g v="nomn"></g></l></v><v><l t="полёт" id="255108"><g v="NOUN"></g><g v="inan"></g><g v="masc"></g><g v="sing"></g><g v="accs"></g></l></v></tfr></token><token id="570249" text="на"><tfr rev_id="3338051" t="на"><v><l t="на" id="166264"><g v="PREP"></g></l></v></tfr></token><token id="570250" text="Международную"><tfr rev_id="1403329" t="Международную"><v><l t="международный" id="157346"><g v="ADJF"></g><g v="femn"></g><g v="sing"></g><g v="accs"></g></l></v></tfr></token><token id="570251" text="космическую"><tfr rev_id="1403330" t="космическую"><v><l t="космический" id="140606"><g v="ADJF"></g><g v="femn"></g><g v="sing"></g><g v="accs"></g></l></v></tfr></token><token id="570252" text="станцию"><tfr rev_id="1403331" t="станцию"><v><l t="станция" id="334704"><g v="NOUN"></g><g v="inan"></g><g v="femn"></g><g v="sing"></g><g v="accs"></g></l></v></tfr></token><token id="570253" text="за"><tfr rev_id="1403332" t="за"><v><l t="за" id="98043"><g v="PREP"></g></l></v></tfr></token><token id="570254" text="20"><tfr rev_id="2461101" t="20"><v><l t="20" id="0"><g v="NUMB"></g></l></v></tfr></token><token id="570255" text="млн"><tfr rev_id="3807413" t="млн"><v><l t="млн" id="389040"><g v="NOUN"></g><g v="inan"></g><g v="masc"></g><g v="Fixd"></g><g v="Abbr"></g><g v="plur"></g><g v="gent"></g></l></v></tfr></token><token id="570256" text="."><tfr rev_id="1403335" t="."><v><l t="." id="0"><g v="PNCT"></g></l></v></tfr></token><token id="570257" text="долларов"><tfr rev_id="3478148" t="долларов"><v><l t="доллар" id="88047"><g v="NOUN"></g><g v="inan"></g><g v="masc"></g><g v="plur"></g><g v="gent"></g></l></v></tfr></token><token id="570258" text="и"><tfr rev_id="1403337" t="и"><v><l t="и" id="116949"><g v="CONJ"></g></l></v><v><l t="и" id="116950"><g v="INTJ"></g></l></v></tfr></token><token id="570259" text="суборбитальные"><tfr rev_id="3746809" t="суборбитальные"><v><l t="суборбитальный" id="338654"><g v="ADJF"></g><g v="inan"></g><g v="plur"></g><g v="accs"></g></l></v></tfr></token><token id="570260" text="полёты"><tfr rev_id="3757212" t="полёты"><v><l t="полёт" id="255108"><g v="NOUN"></g><g v="inan"></g><g v="masc"></g><g v="plur"></g><g v="accs"></g></l></v></tfr></token><token id="570261" text="за"><tfr rev_id="1403340" t="за"><v><l t="за" id="98043"><g v="PREP"></g></l></v></tfr></token><token id="570262" text="102000"><tfr rev_id="2461102" t="102000"><v><l t="102000" id="0"><g v="NUMB"></g></l></v></tfr></token><token id="570263" text="долларов"><tfr rev_id="3704997" t="долларов"><v><l t="доллар" id="88047"><g v="NOUN"></g><g v="inan"></g><g v="masc"></g><g v="plur"></g><g v="gent"></g></l></v></tfr></token><token id="570264" text="."><tfr rev_id="1403343" t="."><v><l t="." id="0"><g v="PNCT"></g></l></v></tfr></token></tokens></sentence><sentence id="31851"><source>Но, следующим космическим туристом объявлен Дайсуке Эномото (см. Четвёртый космический турист) .</source><tokens><token id="570265" text="Но"><tfr rev_id="1403344" t="Но"><v><l t="но" id="191429"><g v="CONJ"></g></l></v><v><l t="но" id="191430"><g v="INTJ"></g></l></v></tfr></token><token id="570266" text=","><tfr rev_id="1403345" t=","><v><l t="," id="0"><g v="PNCT"></g></l></v></tfr></token><token id="570267" text="следующим"><tfr rev_id="1403346" t="следующим"><v><l t="следующий" id="324749"><g v="PRTF"></g><g v="impf"></g><g v="intr"></g><g v="pres"></g><g v="actv"></g><g v="masc"></g><g v="sing"></g><g v="ablt"></g></l></v><v><l t="следующий" id="324749"><g v="PRTF"></g><g v="impf"></g><g v="intr"></g><g v="pres"></g><g v="actv"></g><g v="neut"></g><g v="sing"></g><g v="ablt"></g></l></v><v><l t="следующий" id="324749"><g v="PRTF"></g><g v="impf"></g><g v="intr"></g><g v="pres"></g><g v="actv"></g><g v="plur"></g><g v="datv"></g></l></v><v><l t="следующий" id="324769"><g v="ADJF"></g><g v="masc"></g><g v="sing"></g><g v="ablt"></g></l></v><v><l t="следующий" id="324769"><g v="ADJF"></g><g v="neut"></g><g v="sing"></g><g v="ablt"></g></l></v><v><l t="следующий" id="324769"><g v="ADJF"></g><g v="plur"></g><g v="datv"></g></l></v></tfr></token><token id="570268" text="космическим"><tfr rev_id="4308261" t="космическим"><v><l t="космический" id="140606"><g v="ADJF"></g><g v="masc"></g><g v="sing"></g><g v="ablt"></g></l></v></tfr></token><token id="570269" text="туристом"><tfr rev_id="1403348" t="туристом"><v><l t="турист" id="351774"><g v="NOUN"></g><g v="anim"></g><g v="masc"></g><g v="sing"></g><g v="ablt"></g></l></v></tfr></token><token id="570270" text="объявлен"><tfr rev_id="1403349" t="объявлен"><v><l t="объявлен" id="201895"><g v="PRTS"></g><g v="perf"></g><g v="past"></g><g v="pssv"></g><g v="masc"></g><g v="sing"></g></l></v></tfr></token><token id="570271" text="Дайсуке"><tfr rev_id="1403350" t="Дайсуке"><v><l t="дайсуке" id="0"><g v="UNKN"></g></l></v></tfr></token><token id="570272" text="Эномото"><tfr rev_id="1403351" t="Эномото"><v><l t="эномото" id="0"><g v="UNKN"></g></l></v></tfr></token><token id="570273" text="("><tfr rev_id="1403352" t="("><v><l t="(" id="0"><g v="PNCT"></g></l></v></tfr></token><token id="570274" text="см"><tfr rev_id="3720522" t="см"><v><l t="смотрю" id="326798"><g v="VERB"></g><g v="impf"></g><g v="tran"></g><g v="sing"></g><g v="impr"></g><g v="excl"></g><g v="Abbr"></g></l></v></tfr></token><token id="570275" text="."><tfr rev_id="1403354" t="."><v><l t="." id="0"><g v="PNCT"></g></l></v></tfr></token><token id="570276" text="Четвёртый"><tfr rev_id="4097728" t="Четвёртый"><v><l t="четвёртый" id="376074"><g v="ADJF"></g><g v="Anum"></g><g v="masc"></g><g v="sing"></g><g v="nomn"></g></l></v></tfr></token><token id="570277" text="космический"><tfr rev_id="1403356" t="космический"><v><l t="космический" id="140606"><g v="ADJF"></g><g v="masc"></g><g v="sing"></g><g v="nomn"></g></l></v><v><l t="космический" id="140606"><g v="ADJF"></g><g v="inan"></g><g v="masc"></g><g v="sing"></g><g v="accs"></g></l></v></tfr></token><token id="570278" text="турист"><tfr rev_id="1403357" t="турист"><v><l t="турист" id="351774"><g v="NOUN"></g><g v="anim"></g><g v="masc"></g><g v="sing"></g><g v="nomn"></g></l></v></tfr></token><token id="570279" text=")"><tfr rev_id="1403358" t=")"><v><l t=")" id="0"><g v="PNCT"></g></l></v></tfr></token><token id="570280" text="."><tfr rev_id="1403359" t="."><v><l t="." id="0"><g v="PNCT"></g></l></v></tfr></token></tokens></sentence></paragraph></paragraphs></text>