<?xml version="1.0" encoding="utf-8"?><text id="1040" parent="226" name="23098 Стало известно количество жертв гражданской войны в Ливии"><tags><tag>url:http://www.chaskor.ru/news/stalo_izvestno_kolichestvo_zhertv_grazhdanskoj_vojny_v_livii_23098</tag><tag>Год:2011</tag><tag>Дата:20/04</tag><tag>Тема:ЧасКор:В мире</tag><tag>Тема:ЧасКор:В мире/Война и мир</tag></tags><paragraphs><paragraph id="10182"><sentence id="32045"><source>Стало известно количество жертв гражданской войны в Ливии</source><tokens><token id="573570" text="Стало"><tfr rev_id="1406649" t="Стало"><v><l t="стал" id="335164"><g v="VERB"></g><g v="perf"></g><g v="intr"></g><g v="neut"></g><g v="sing"></g><g v="past"></g><g v="indc"></g></l></v></tfr></token><token id="573571" text="известно"><tfr rev_id="1406650" t="известно"><v><l t="известно" id="118141"><g v="CONJ"></g><g v="Prnt"></g></l></v><v><l t="известно" id="118142"><g v="PRED"></g><g v="pres"></g></l></v><v><l t="известен" id="118146"><g v="ADJS"></g><g v="Qual"></g><g v="neut"></g><g v="sing"></g></l></v></tfr></token><token id="573572" text="количество"><tfr rev_id="4104064" t="количество"><v><l t="количество" id="135983"><g v="NOUN"></g><g v="inan"></g><g v="neut"></g><g v="sing"></g><g v="nomn"></g></l></v></tfr></token><token id="573573" text="жертв"><tfr rev_id="4322956" t="жертв"><v><l t="жертва" id="96849"><g v="NOUN"></g><g v="anim"></g><g v="femn"></g><g v="plur"></g><g v="gent"></g></l></v></tfr></token><token id="573574" text="гражданской"><tfr rev_id="4159628" t="гражданской"><v><l t="гражданский" id="74529"><g v="ADJF"></g><g v="femn"></g><g v="sing"></g><g v="gent"></g></l></v></tfr></token><token id="573575" text="войны"><tfr rev_id="2699344" t="войны"><v><l t="война" id="49721"><g v="NOUN"></g><g v="inan"></g><g v="femn"></g><g v="sing"></g><g v="gent"></g></l></v></tfr></token><token id="573576" text="в"><tfr rev_id="1406655" t="в"><v><l t="в" id="37409"><g v="PREP"></g></l></v></tfr></token><token id="573577" text="Ливии"><tfr rev_id="3455456" t="Ливии"><v><l t="ливия" id="148960"><g v="NOUN"></g><g v="inan"></g><g v="femn"></g><g v="Sgtm"></g><g v="Geox"></g><g v="sing"></g><g v="loct"></g></l></v></tfr></token></tokens></sentence><sentence id="32046"><source>Число пострадавших растёт не только из-за столкновений сторонников и противников Каддафи, но и в результате военной операции НАТО.</source><tokens><token id="573578" text="Число"><tfr rev_id="1406657" t="Число"><v><l t="число" id="376585"><g v="NOUN"></g><g v="inan"></g><g v="neut"></g><g v="sing"></g><g v="nomn"></g></l></v><v><l t="число" id="376585"><g v="NOUN"></g><g v="inan"></g><g v="neut"></g><g v="sing"></g><g v="accs"></g></l></v></tfr></token><token id="573579" text="пострадавших"><tfr rev_id="4455630" t="пострадавших"><v><l t="пострадавший" id="262437"><g v="PRTF"></g><g v="Subx"></g><g v="perf"></g><g v="intr"></g><g v="past"></g><g v="actv"></g><g v="plur"></g><g v="gent"></g></l></v></tfr></token><token id="573580" text="растёт"><tfr rev_id="1406659" t="растёт"><v><l t="расту" id="302041"><g v="VERB"></g><g v="impf"></g><g v="intr"></g><g v="sing"></g><g v="3per"></g><g v="pres"></g><g v="indc"></g></l></v></tfr></token><token id="573581" text="не"><tfr rev_id="1406660" t="не"><v><l t="не" id="178876"><g v="PRCL"></g></l></v></tfr></token><token id="573582" text="только"><tfr rev_id="3784021" t="только"><v><l t="только" id="347395"><g v="CONJ"></g></l></v><v><l t="только" id="347396"><g v="PRCL"></g></l></v><v><l t="только" id="390053"><g v="ADVB"></g></l></v></tfr></token><token id="573583" text="из-за"><tfr rev_id="1406662" t="из-за"><v><l t="из-за" id="117678"><g v="PREP"></g></l></v></tfr></token><token id="573584" text="столкновений"><tfr rev_id="1406663" t="столкновений"><v><l t="столкновение" id="336593"><g v="NOUN"></g><g v="inan"></g><g v="neut"></g><g v="plur"></g><g v="gent"></g></l></v></tfr></token><token id="573585" text="сторонников"><tfr rev_id="4382839" t="сторонников"><v><l t="сторонник" id="336904"><g v="NOUN"></g><g v="anim"></g><g v="masc"></g><g v="plur"></g><g v="gent"></g></l></v></tfr></token><token id="573586" text="и"><tfr rev_id="1406665" t="и"><v><l t="и" id="116949"><g v="CONJ"></g></l></v><v><l t="и" id="116950"><g v="INTJ"></g></l></v></tfr></token><token id="573587" text="противников"><tfr rev_id="3547281" t="противников"><v><l t="противник" id="285802"><g v="NOUN"></g><g v="anim"></g><g v="masc"></g><g v="plur"></g><g v="gent"></g></l></v></tfr></token><token id="573588" text="Каддафи"><tfr rev_id="4457709" t="Каддафи"><v><l t="каддафи" id="388626"><g v="NOUN"></g><g v="anim"></g><g v="ms-f"></g><g v="Fixd"></g><g v="Surn"></g><g v="sing"></g><g v="gent"></g></l></v></tfr></token><token id="573589" text=","><tfr rev_id="1406668" t=","><v><l t="," id="0"><g v="PNCT"></g></l></v></tfr></token><token id="573590" text="но"><tfr rev_id="3544586" t="но"><v><l t="но" id="191429"><g v="CONJ"></g></l></v></tfr></token><token id="573591" text="и"><tfr rev_id="1406670" t="и"><v><l t="и" id="116949"><g v="CONJ"></g></l></v><v><l t="и" id="116950"><g v="INTJ"></g></l></v></tfr></token><token id="573592" text="в"><tfr rev_id="1406671" t="в"><v><l t="в" id="37409"><g v="PREP"></g></l></v></tfr></token><token id="573593" text="результате"><tfr rev_id="1406672" t="результате"><v><l t="результат" id="305391"><g v="NOUN"></g><g v="inan"></g><g v="masc"></g><g v="sing"></g><g v="loct"></g></l></v></tfr></token><token id="573594" text="военной"><tfr rev_id="4494031" t="военной"><v><l t="военный" id="48619"><g v="ADJF"></g><g v="femn"></g><g v="sing"></g><g v="gent"></g></l></v></tfr></token><token id="573595" text="операции"><tfr rev_id="4291857" t="операции"><v><l t="операция" id="206957"><g v="NOUN"></g><g v="inan"></g><g v="femn"></g><g v="sing"></g><g v="gent"></g></l></v></tfr></token><token id="573596" text="НАТО"><tfr rev_id="4322056" t="НАТО"><v><l t="нато" id="176969"><g v="NOUN"></g><g v="inan"></g><g v="femn"></g><g v="Sgtm"></g><g v="Fixd"></g><g v="Abbr"></g><g v="Orgn"></g><g v="sing"></g><g v="gent"></g></l></v></tfr></token><token id="573597" text="."><tfr rev_id="1406676" t="."><v><l t="." id="0"><g v="PNCT"></g></l></v></tfr></token></tokens></sentence></paragraph><paragraph id="10183"><sentence id="32047"><source>Министр иностранных дел Италии Франко Фраттини по итогам встречи с главой переходного Национального совета Ливии Мустафой Абделем Джалилем объявил о том, что с момента начала антиправительственных выступлений в Ливии в феврале нынешнего года и по настоящий момент в результате вооружённых столкновений около 10 тыс. человек погибли и 55 тыс. получили ранения, сообщает РБК.</source><tokens><token id="573598" text="Министр"><tfr rev_id="1406677" t="Министр"><v><l t="министр" id="160614"><g v="NOUN"></g><g v="anim"></g><g v="masc"></g><g v="sing"></g><g v="nomn"></g></l></v></tfr></token><token id="573599" text="иностранных"><tfr rev_id="4099716" t="иностранных"><v><l t="иностранный" id="122754"><g v="ADJF"></g><g v="plur"></g><g v="gent"></g></l></v></tfr></token><token id="573600" text="дел"><tfr rev_id="1714890" t="дел"><v><l t="дело" id="80628"><g v="NOUN"></g><g v="inan"></g><g v="neut"></g><g v="plur"></g><g v="gent"></g></l></v></tfr></token><token id="573601" text="Италии"><tfr rev_id="3454910" t="Италии"><v><l t="италия" id="127098"><g v="NOUN"></g><g v="inan"></g><g v="femn"></g><g v="Sgtm"></g><g v="Geox"></g><g v="sing"></g><g v="gent"></g></l></v></tfr></token><token id="573602" text="Франко"><tfr rev_id="4326787" t="Франко"><v><l t="франко" id="367984"><g v="NOUN"></g><g v="anim"></g><g v="ms-f"></g><g v="Fixd"></g><g v="Surn"></g><g v="sing"></g><g v="nomn"></g></l></v></tfr></token><token id="573603" text="Фраттини"><tfr rev_id="1406682" t="Фраттини"><v><l t="фраттини" id="0"><g v="UNKN"></g></l></v></tfr></token><token id="573604" text="по"><tfr rev_id="1406683" t="по"><v><l t="по" id="241240"><g v="PREP"></g></l></v></tfr></token><token id="573605" text="итогам"><tfr rev_id="1406684" t="итогам"><v><l t="итог" id="127141"><g v="NOUN"></g><g v="inan"></g><g v="masc"></g><g v="plur"></g><g v="datv"></g></l></v></tfr></token><token id="573606" text="встречи"><tfr rev_id="1717240" t="встречи"><v><l t="встреча" id="54530"><g v="NOUN"></g><g v="inan"></g><g v="femn"></g><g v="sing"></g><g v="gent"></g></l></v></tfr></token><token id="573607" text="с"><tfr rev_id="1406686" t="с"><v><l t="с" id="311151"><g v="PREP"></g></l></v></tfr></token><token id="573608" text="главой"><tfr rev_id="4525987" t="главой"><v><l t="глава" id="70790"><g v="NOUN"></g><g v="anim"></g><g v="ms-f"></g><g v="sing"></g><g v="ablt"></g></l></v></tfr></token><token id="573609" text="переходного"><tfr rev_id="3285084" t="переходного"><v><l t="переходной" id="236392"><g v="ADJF"></g><g v="masc"></g><g v="sing"></g><g v="gent"></g></l></v><v><l t="переходной" id="236392"><g v="ADJF"></g><g v="anim"></g><g v="masc"></g><g v="sing"></g><g v="accs"></g></l></v><v><l t="переходный" id="236395"><g v="ADJF"></g><g v="Qual"></g><g v="masc"></g><g v="sing"></g><g v="gent"></g></l></v><v><l t="переходный" id="236395"><g v="ADJF"></g><g v="Qual"></g><g v="anim"></g><g v="masc"></g><g v="sing"></g><g v="accs"></g></l></v></tfr></token><token id="573610" text="Национального"><tfr rev_id="3477513" t="Национального"><v><l t="национальный" id="178150"><g v="ADJF"></g><g v="masc"></g><g v="sing"></g><g v="gent"></g></l></v><v><l t="национальный" id="178150"><g v="ADJF"></g><g v="anim"></g><g v="masc"></g><g v="sing"></g><g v="accs"></g></l></v></tfr></token><token id="573611" text="совета"><tfr rev_id="1406690" t="совета"><v><l t="совет" id="327955"><g v="NOUN"></g><g v="inan"></g><g v="masc"></g><g v="sing"></g><g v="gent"></g></l></v></tfr></token><token id="573612" text="Ливии"><tfr rev_id="2934900" t="Ливии"><v><l t="ливия" id="148960"><g v="NOUN"></g><g v="inan"></g><g v="femn"></g><g v="Sgtm"></g><g v="Geox"></g><g v="sing"></g><g v="gent"></g></l></v></tfr></token><token id="573613" text="Мустафой"><tfr rev_id="1406692" t="Мустафой"><v><l t="мустафа" id="165432"><g v="NOUN"></g><g v="anim"></g><g v="masc"></g><g v="Name"></g><g v="sing"></g><g v="ablt"></g></l></v></tfr></token><token id="573614" text="Абделем"><tfr rev_id="1406693" t="Абделем"><v><l t="абдель" id="278"><g v="NOUN"></g><g v="anim"></g><g v="masc"></g><g v="Name"></g><g v="sing"></g><g v="ablt"></g></l></v></tfr></token><token id="573615" text="Джалилем"><tfr rev_id="1406694" t="Джалилем"><v><l t="джалиль" id="82625"><g v="NOUN"></g><g v="anim"></g><g v="masc"></g><g v="Name"></g><g v="sing"></g><g v="ablt"></g></l></v></tfr></token><token id="573616" text="объявил"><tfr rev_id="1406695" t="объявил"><v><l t="объявил" id="201891"><g v="VERB"></g><g v="perf"></g><g v="tran"></g><g v="masc"></g><g v="sing"></g><g v="past"></g><g v="indc"></g></l></v></tfr></token><token id="573617" text="о"><tfr rev_id="3230635" t="о"><v><l t="о" id="192977"><g v="PREP"></g></l></v></tfr></token><token id="573618" text="том"><tfr rev_id="4376475" t="том"><v><l t="тот" id="348430"><g v="ADJF"></g><g v="Subx"></g><g v="Apro"></g><g v="Anph"></g><g v="neut"></g><g v="sing"></g><g v="loct"></g></l></v></tfr></token><token id="573619" text=","><tfr rev_id="1406698" t=","><v><l t="," id="0"><g v="PNCT"></g></l></v></tfr></token><token id="573620" text="что"><tfr rev_id="3196566" t="что"><v><l t="что" id="377004"><g v="CONJ"></g></l></v><v><l t="что" id="377005"><g v="NPRO"></g><g v="neut"></g><g v="sing"></g><g v="nomn"></g></l></v><v><l t="что" id="377005"><g v="NPRO"></g><g v="neut"></g><g v="sing"></g><g v="accs"></g></l></v><v><l t="что" id="377006"><g v="ADVB"></g><g v="Ques"></g></l></v><v><l t="что" id="388695"><g v="PRCL"></g></l></v></tfr></token><token id="573621" text="с"><tfr rev_id="1406700" t="с"><v><l t="с" id="311151"><g v="PREP"></g></l></v></tfr></token><token id="573622" text="момента"><tfr rev_id="1406701" t="момента"><v><l t="момент" id="163050"><g v="NOUN"></g><g v="inan"></g><g v="masc"></g><g v="sing"></g><g v="gent"></g></l></v></tfr></token><token id="573623" text="начала"><tfr rev_id="3548425" t="начала"><v><l t="начало" id="178196"><g v="NOUN"></g><g v="inan"></g><g v="neut"></g><g v="sing"></g><g v="gent"></g></l></v></tfr></token><token id="573624" text="антиправительственных"><tfr rev_id="4349564" t="антиправительственных"><v><l t="антиправительственный" id="14427"><g v="ADJF"></g><g v="plur"></g><g v="gent"></g></l></v></tfr></token><token id="573625" text="выступлений"><tfr rev_id="1406704" t="выступлений"><v><l t="выступление" id="62889"><g v="NOUN"></g><g v="inan"></g><g v="neut"></g><g v="plur"></g><g v="gent"></g></l></v></tfr></token><token id="573626" text="в"><tfr rev_id="1406705" t="в"><v><l t="в" id="37409"><g v="PREP"></g></l></v></tfr></token><token id="573627" text="Ливии"><tfr rev_id="3455450" t="Ливии"><v><l t="ливия" id="148960"><g v="NOUN"></g><g v="inan"></g><g v="femn"></g><g v="Sgtm"></g><g v="Geox"></g><g v="sing"></g><g v="loct"></g></l></v></tfr></token><token id="573628" text="в"><tfr rev_id="1406707" t="в"><v><l t="в" id="37409"><g v="PREP"></g></l></v></tfr></token><token id="573629" text="феврале"><tfr rev_id="1406708" t="феврале"><v><l t="февраль" id="364920"><g v="NOUN"></g><g v="inan"></g><g v="masc"></g><g v="sing"></g><g v="loct"></g></l></v></tfr></token><token id="573630" text="нынешнего"><tfr rev_id="3472431" t="нынешнего"><v><l t="нынешний" id="192793"><g v="ADJF"></g><g v="masc"></g><g v="sing"></g><g v="gent"></g></l></v><v><l t="нынешний" id="192793"><g v="ADJF"></g><g v="anim"></g><g v="masc"></g><g v="sing"></g><g v="accs"></g></l></v></tfr></token><token id="573631" text="года"><tfr rev_id="3505718" t="года"><v><l t="год" id="72149"><g v="NOUN"></g><g v="inan"></g><g v="masc"></g><g v="sing"></g><g v="gen1"></g></l></v></tfr></token><token id="573632" text="и"><tfr rev_id="3542313" t="и"><v><l t="и" id="116949"><g v="CONJ"></g></l></v></tfr></token><token id="573633" text="по"><tfr rev_id="1406712" t="по"><v><l t="по" id="241240"><g v="PREP"></g></l></v></tfr></token><token id="573634" text="настоящий"><tfr rev_id="1406713" t="настоящий"><v><l t="настоящий" id="176151"><g v="ADJF"></g><g v="masc"></g><g v="sing"></g><g v="nomn"></g></l></v><v><l t="настоящий" id="176151"><g v="ADJF"></g><g v="inan"></g><g v="masc"></g><g v="sing"></g><g v="accs"></g></l></v></tfr></token><token id="573635" text="момент"><tfr rev_id="3272608" t="момент"><v><l t="момент" id="163050"><g v="NOUN"></g><g v="inan"></g><g v="masc"></g><g v="sing"></g><g v="accs"></g></l></v></tfr></token><token id="573636" text="в"><tfr rev_id="1406715" t="в"><v><l t="в" id="37409"><g v="PREP"></g></l></v></tfr></token><token id="573637" text="результате"><tfr rev_id="1406716" t="результате"><v><l t="результат" id="305391"><g v="NOUN"></g><g v="inan"></g><g v="masc"></g><g v="sing"></g><g v="loct"></g></l></v></tfr></token><token id="573638" text="вооружённых"><tfr rev_id="1406717" t="вооружённых"><v><l t="вооружённый" id="50763"><g v="ADJF"></g><g v="plur"></g><g v="gent"></g></l></v><v><l t="вооружённый" id="50763"><g v="ADJF"></g><g v="anim"></g><g v="plur"></g><g v="accs"></g></l></v><v><l t="вооружённый" id="50763"><g v="ADJF"></g><g v="plur"></g><g v="loct"></g></l></v><v><l t="вооружённый" id="50781"><g v="PRTF"></g><g v="perf"></g><g v="tran"></g><g v="past"></g><g v="pssv"></g><g v="plur"></g><g v="gent"></g></l></v><v><l t="вооружённый" id="50781"><g v="PRTF"></g><g v="perf"></g><g v="tran"></g><g v="past"></g><g v="pssv"></g><g v="anim"></g><g v="plur"></g><g v="accs"></g></l></v><v><l t="вооружённый" id="50781"><g v="PRTF"></g><g v="perf"></g><g v="tran"></g><g v="past"></g><g v="pssv"></g><g v="plur"></g><g v="loct"></g></l></v></tfr></token><token id="573639" text="столкновений"><tfr rev_id="1406718" t="столкновений"><v><l t="столкновение" id="336593"><g v="NOUN"></g><g v="inan"></g><g v="neut"></g><g v="plur"></g><g v="gent"></g></l></v></tfr></token><token id="573640" text="около"><tfr rev_id="4485479" t="около"><v><l t="около" id="205005"><g v="PREP"></g></l></v></tfr></token><token id="573641" text="10"><tfr rev_id="2461153" t="10"><v><l t="10" id="0"><g v="NUMB"></g></l></v></tfr></token><token id="573642" text="тыс"><tfr rev_id="4168249" t="тыс"><v><l t="тыс" id="389041"><g v="NOUN"></g><g v="inan"></g><g v="femn"></g><g v="Fixd"></g><g v="Abbr"></g><g v="plur"></g><g v="gent"></g></l></v></tfr></token><token id="573643" text="."><tfr rev_id="1406722" t="."><v><l t="." id="0"><g v="PNCT"></g></l></v></tfr></token><token id="573644" text="человек"><tfr rev_id="3493963" t="человек"><v><l t="человек" id="375073"><g v="NOUN"></g><g v="anim"></g><g v="masc"></g><g v="plur"></g><g v="gent"></g></l></v></tfr></token><token id="573645" text="погибли"><tfr rev_id="1406724" t="погибли"><v><l t="погиб" id="243191"><g v="VERB"></g><g v="perf"></g><g v="intr"></g><g v="plur"></g><g v="past"></g><g v="indc"></g></l></v></tfr></token><token id="573646" text="и"><tfr rev_id="1406725" t="и"><v><l t="и" id="116949"><g v="CONJ"></g></l></v><v><l t="и" id="116950"><g v="INTJ"></g></l></v></tfr></token><token id="573647" text="55"><tfr rev_id="2461154" t="55"><v><l t="55" id="0"><g v="NUMB"></g></l></v></tfr></token><token id="573648" text="тыс"><tfr rev_id="4197187" t="тыс"><v><l t="тыс" id="389041"><g v="NOUN"></g><g v="inan"></g><g v="femn"></g><g v="Fixd"></g><g v="Abbr"></g><g v="plur"></g><g v="gent"></g></l></v></tfr></token><token id="573649" text="."><tfr rev_id="1406728" t="."><v><l t="." id="0"><g v="PNCT"></g></l></v></tfr></token><token id="573650" text="получили"><tfr rev_id="1406729" t="получили"><v><l t="получил" id="256959"><g v="VERB"></g><g v="perf"></g><g v="tran"></g><g v="plur"></g><g v="past"></g><g v="indc"></g></l></v></tfr></token><token id="573651" text="ранения"><tfr rev_id="3743563" t="ранения"><v><l t="ранение" id="297885"><g v="NOUN"></g><g v="inan"></g><g v="neut"></g><g v="plur"></g><g v="accs"></g></l></v></tfr></token><token id="573652" text=","><tfr rev_id="1406731" t=","><v><l t="," id="0"><g v="PNCT"></g></l></v></tfr></token><token id="573653" text="сообщает"><tfr rev_id="1406732" t="сообщает"><v><l t="сообщаю" id="329538"><g v="VERB"></g><g v="impf"></g><g v="tran"></g><g v="sing"></g><g v="3per"></g><g v="pres"></g><g v="indc"></g></l></v></tfr></token><token id="573654" text="РБК"><tfr rev_id="4573845" t="РБК"><v><l t="рбк" id="389058"><g v="NOUN"></g><g v="inan"></g><g v="femn"></g><g v="Sgtm"></g><g v="Fixd"></g><g v="Abbr"></g><g v="Orgn"></g><g v="sing"></g><g v="nomn"></g></l></v></tfr></token><token id="573655" text="."><tfr rev_id="1406734" t="."><v><l t="." id="0"><g v="PNCT"></g></l></v></tfr></token></tokens></sentence><sentence id="32048"><source>Фраттини сообщил, что представленные цифры приведены расположившейся в Бенгази временной оппозиционной администрацией.</source><tokens><token id="573656" text="Фраттини"><tfr rev_id="1406735" t="Фраттини"><v><l t="фраттини" id="0"><g v="UNKN"></g></l></v></tfr></token><token id="573657" text="сообщил"><tfr rev_id="1406736" t="сообщил"><v><l t="сообщил" id="329556"><g v="VERB"></g><g v="perf"></g><g v="tran"></g><g v="masc"></g><g v="sing"></g><g v="past"></g><g v="indc"></g></l></v></tfr></token><token id="573658" text=","><tfr rev_id="1406737" t=","><v><l t="," id="0"><g v="PNCT"></g></l></v></tfr></token><token id="573659" text="что"><tfr rev_id="3196567" t="что"><v><l t="что" id="377004"><g v="CONJ"></g></l></v><v><l t="что" id="377005"><g v="NPRO"></g><g v="neut"></g><g v="sing"></g><g v="nomn"></g></l></v><v><l t="что" id="377005"><g v="NPRO"></g><g v="neut"></g><g v="sing"></g><g v="accs"></g></l></v><v><l t="что" id="377006"><g v="ADVB"></g><g v="Ques"></g></l></v><v><l t="что" id="388695"><g v="PRCL"></g></l></v></tfr></token><token id="573660" text="представленные"><tfr rev_id="1406739" t="представленные"><v><l t="представленный" id="267102"><g v="PRTF"></g><g v="perf"></g><g v="tran"></g><g v="past"></g><g v="pssv"></g><g v="plur"></g><g v="nomn"></g></l></v><v><l t="представленный" id="267102"><g v="PRTF"></g><g v="perf"></g><g v="tran"></g><g v="past"></g><g v="pssv"></g><g v="inan"></g><g v="plur"></g><g v="accs"></g></l></v></tfr></token><token id="573661" text="цифры"><tfr rev_id="3796588" t="цифры"><v><l t="цифра" id="374165"><g v="NOUN"></g><g v="inan"></g><g v="femn"></g><g v="plur"></g><g v="nomn"></g></l></v></tfr></token><token id="573662" text="приведены"><tfr rev_id="1406741" t="приведены"><v><l t="приведён" id="269209"><g v="PRTS"></g><g v="perf"></g><g v="past"></g><g v="pssv"></g><g v="plur"></g></l></v></tfr></token><token id="573663" text="расположившейся"><tfr rev_id="4342159" t="расположившейся"><v><l t="расположившийся" id="300110"><g v="PRTF"></g><g v="perf"></g><g v="intr"></g><g v="past"></g><g v="actv"></g><g v="femn"></g><g v="sing"></g><g v="ablt"></g></l></v></tfr></token><token id="573664" text="в"><tfr rev_id="1406743" t="в"><v><l t="в" id="37409"><g v="PREP"></g></l></v></tfr></token><token id="573665" text="Бенгази"><tfr rev_id="3674205" t="Бенгази"><v><l t="бенгази" id="27499"><g v="NOUN"></g><g v="inan"></g><g v="masc"></g><g v="Sgtm"></g><g v="Fixd"></g><g v="Geox"></g><g v="sing"></g><g v="loct"></g></l></v></tfr></token><token id="573666" text="временной"><tfr rev_id="4419470" t="временной"><v><l t="временной" id="53140"><g v="ADJF"></g><g v="femn"></g><g v="sing"></g><g v="ablt"></g></l></v><v><l t="временный" id="53144"><g v="ADJF"></g><g v="Qual"></g><g v="femn"></g><g v="sing"></g><g v="ablt"></g></l></v></tfr></token><token id="573667" text="оппозиционной"><tfr rev_id="4417744" t="оппозиционной"><v><l t="оппозиционный" id="207892"><g v="ADJF"></g><g v="femn"></g><g v="sing"></g><g v="ablt"></g></l></v></tfr></token><token id="573668" text="администрацией"><tfr rev_id="1406747" t="администрацией"><v><l t="администрация" id="5057"><g v="NOUN"></g><g v="inan"></g><g v="femn"></g><g v="sing"></g><g v="ablt"></g></l></v></tfr></token><token id="573669" text="."><tfr rev_id="1406748" t="."><v><l t="." id="0"><g v="PNCT"></g></l></v></tfr></token></tokens></sentence></paragraph><paragraph id="10184"><sentence id="32049"><source>Однако число жертв среди гражданского населения Ливии постоянно увеличивается ещё и за счёт пострадавших в результате проведения военной операции, осуществляемой силами НАТО.</source><tokens><token id="573670" text="Однако"><tfr rev_id="2624509" t="Однако"><v><l t="однако" id="203386"><g v="INTJ"></g></l></v><v><l t="однако" id="203387"><g v="CONJ"></g><g v="Prnt"></g></l></v></tfr></token><token id="573671" text="число"><tfr rev_id="2782359" t="число"><v><l t="число" id="376585"><g v="NOUN"></g><g v="inan"></g><g v="neut"></g><g v="sing"></g><g v="nomn"></g></l></v></tfr></token><token id="573672" text="жертв"><tfr rev_id="4343043" t="жертв"><v><l t="жертва" id="96849"><g v="NOUN"></g><g v="anim"></g><g v="femn"></g><g v="plur"></g><g v="gent"></g></l></v></tfr></token><token id="573673" text="среди"><tfr rev_id="1406752" t="среди"><v><l t="среди" id="333473"><g v="PREP"></g></l></v></tfr></token><token id="573674" text="гражданского"><tfr rev_id="3431168" t="гражданского"><v><l t="гражданский" id="74529"><g v="ADJF"></g><g v="neut"></g><g v="sing"></g><g v="gent"></g></l></v></tfr></token><token id="573675" text="населения"><tfr rev_id="3496793" t="населения"><v><l t="население" id="175227"><g v="NOUN"></g><g v="inan"></g><g v="neut"></g><g v="sing"></g><g v="gent"></g></l></v></tfr></token><token id="573676" text="Ливии"><tfr rev_id="2627645" t="Ливии"><v><l t="ливия" id="148960"><g v="NOUN"></g><g v="inan"></g><g v="femn"></g><g v="Sgtm"></g><g v="Geox"></g><g v="sing"></g><g v="gent"></g></l></v></tfr></token><token id="573677" text="постоянно"><tfr rev_id="1406756" t="постоянно"><v><l t="постоянно" id="262401"><g v="ADVB"></g></l></v><v><l t="постоянен" id="262410"><g v="ADJS"></g><g v="Qual"></g><g v="neut"></g><g v="sing"></g></l></v></tfr></token><token id="573678" text="увеличивается"><tfr rev_id="1406757" t="увеличивается"><v><l t="увеличиваюсь" id="353388"><g v="VERB"></g><g v="impf"></g><g v="intr"></g><g v="sing"></g><g v="3per"></g><g v="pres"></g><g v="indc"></g></l></v></tfr></token><token id="573679" text="ещё"><tfr rev_id="1406758" t="ещё"><v><l t="ещё" id="95551"><g v="PRCL"></g></l></v><v><l t="ещё" id="95552"><g v="ADVB"></g></l></v></tfr></token><token id="573680" text="и"><tfr rev_id="1406759" t="и"><v><l t="и" id="116949"><g v="CONJ"></g></l></v><v><l t="и" id="116950"><g v="INTJ"></g></l></v></tfr></token><token id="573681" text="за"><tfr rev_id="1406760" t="за"><v><l t="за" id="98043"><g v="PREP"></g></l></v></tfr></token><token id="573682" text="счёт"><tfr rev_id="1406761" t="счёт"><v><l t="счёт" id="341128"><g v="NOUN"></g><g v="inan"></g><g v="masc"></g><g v="sing"></g><g v="nomn"></g></l></v><v><l t="счёт" id="341128"><g v="NOUN"></g><g v="inan"></g><g v="masc"></g><g v="sing"></g><g v="accs"></g></l></v></tfr></token><token id="573683" text="пострадавших"><tfr rev_id="4319718" t="пострадавших"><v><l t="пострадавший" id="262437"><g v="PRTF"></g><g v="Subx"></g><g v="perf"></g><g v="intr"></g><g v="past"></g><g v="actv"></g><g v="plur"></g><g v="gent"></g></l></v><v><l t="пострадавший" id="262437"><g v="PRTF"></g><g v="Subx"></g><g v="perf"></g><g v="intr"></g><g v="past"></g><g v="actv"></g><g v="anim"></g><g v="plur"></g><g v="accs"></g></l></v><v><l t="пострадавший" id="262437"><g v="PRTF"></g><g v="Subx"></g><g v="perf"></g><g v="intr"></g><g v="past"></g><g v="actv"></g><g v="plur"></g><g v="loct"></g></l></v></tfr></token><token id="573684" text="в"><tfr rev_id="1406763" t="в"><v><l t="в" id="37409"><g v="PREP"></g></l></v></tfr></token><token id="573685" text="результате"><tfr rev_id="1406764" t="результате"><v><l t="результат" id="305391"><g v="NOUN"></g><g v="inan"></g><g v="masc"></g><g v="sing"></g><g v="loct"></g></l></v></tfr></token><token id="573686" text="проведения"><tfr rev_id="3269752" t="проведения"><v><l t="проведение" id="277705"><g v="NOUN"></g><g v="inan"></g><g v="neut"></g><g v="sing"></g><g v="gent"></g></l></v></tfr></token><token id="573687" text="военной"><tfr rev_id="4494032" t="военной"><v><l t="военный" id="48619"><g v="ADJF"></g><g v="femn"></g><g v="sing"></g><g v="gent"></g></l></v></tfr></token><token id="573688" text="операции"><tfr rev_id="4025747" t="операции"><v><l t="операция" id="206957"><g v="NOUN"></g><g v="inan"></g><g v="femn"></g><g v="sing"></g><g v="gent"></g></l></v></tfr></token><token id="573689" text=","><tfr rev_id="1406768" t=","><v><l t="," id="0"><g v="PNCT"></g></l></v></tfr></token><token id="573690" text="осуществляемой"><tfr rev_id="4342016" t="осуществляемой"><v><l t="осуществляемый" id="211543"><g v="PRTF"></g><g v="impf"></g><g v="tran"></g><g v="pres"></g><g v="pssv"></g><g v="femn"></g><g v="sing"></g><g v="gent"></g></l></v></tfr></token><token id="573691" text="силами"><tfr rev_id="1406770" t="силами"><v><l t="сила" id="320333"><g v="NOUN"></g><g v="inan"></g><g v="femn"></g><g v="plur"></g><g v="ablt"></g></l></v></tfr></token><token id="573692" text="НАТО"><tfr rev_id="4173434" t="НАТО"><v><l t="нато" id="176969"><g v="NOUN"></g><g v="inan"></g><g v="femn"></g><g v="Sgtm"></g><g v="Fixd"></g><g v="Abbr"></g><g v="Orgn"></g><g v="sing"></g><g v="gent"></g></l></v></tfr></token><token id="573693" text="."><tfr rev_id="1406772" t="."><v><l t="." id="0"><g v="PNCT"></g></l></v></tfr></token></tokens></sentence></paragraph><paragraph id="10185"><sentence id="32050"><source>Накануне боевые самолёты международной коалиции нанесли очередные авиаудары по Ливии.</source><tokens><token id="573694" text="Накануне"><tfr rev_id="4231536" t="Накануне"><v><l t="накануне" id="170741"><g v="ADVB"></g></l></v></tfr></token><token id="573695" text="боевые"><tfr rev_id="4074739" t="боевые"><v><l t="боевой" id="31835"><g v="ADJF"></g><g v="plur"></g><g v="nomn"></g></l></v></tfr></token><token id="573696" text="самолёты"><tfr rev_id="3409674" t="самолёты"><v><l t="самолёт" id="312513"><g v="NOUN"></g><g v="inan"></g><g v="masc"></g><g v="plur"></g><g v="nomn"></g></l></v></tfr></token><token id="573697" text="международной"><tfr rev_id="3558879" t="международной"><v><l t="международный" id="157346"><g v="ADJF"></g><g v="femn"></g><g v="sing"></g><g v="gent"></g></l></v></tfr></token><token id="573698" text="коалиции"><tfr rev_id="4179942" t="коалиции"><v><l t="коалиция" id="134963"><g v="NOUN"></g><g v="inan"></g><g v="femn"></g><g v="sing"></g><g v="gent"></g></l></v></tfr></token><token id="573699" text="нанесли"><tfr rev_id="1406778" t="нанесли"><v><l t="нанёс" id="172902"><g v="VERB"></g><g v="perf"></g><g v="tran"></g><g v="plur"></g><g v="past"></g><g v="indc"></g></l></v></tfr></token><token id="573700" text="очередные"><tfr rev_id="3474488" t="очередные"><v><l t="очередной" id="221690"><g v="ADJF"></g><g v="inan"></g><g v="plur"></g><g v="accs"></g></l></v></tfr></token><token id="573701" text="авиаудары"><tfr rev_id="4533467" t="авиаудары"><v><l t="авиаудар" id="392326"><g v="NOUN"></g><g v="inan"></g><g v="masc"></g><g v="plur"></g><g v="accs"></g></l></v><v><l t="авиаудар" id="392326"><g v="NOUN"></g><g v="inan"></g><g v="masc"></g><g v="plur"></g><g v="nomn"></g></l></v></tfr></token><token id="573702" text="по"><tfr rev_id="1406781" t="по"><v><l t="по" id="241240"><g v="PREP"></g></l></v></tfr></token><token id="573703" text="Ливии"><tfr rev_id="3457047" t="Ливии"><v><l t="ливия" id="148960"><g v="NOUN"></g><g v="inan"></g><g v="femn"></g><g v="Sgtm"></g><g v="Geox"></g><g v="sing"></g><g v="datv"></g></l></v></tfr></token><token id="573704" text="."><tfr rev_id="1406783" t="."><v><l t="." id="0"><g v="PNCT"></g></l></v></tfr></token></tokens></sentence><sentence id="32051"><source>На этот раз атаке подверглись города Сирт и Триполи, а также, как сообщило ливийское телевидение, район Аль-Хабра города Аль-Азизия, расположенного к юго-западу от столицы страны.</source><tokens><token id="573705" text="На"><tfr rev_id="3333893" t="На"><v><l t="на" id="166264"><g v="PREP"></g></l></v></tfr></token><token id="573706" text="этот"><tfr rev_id="4432061" t="этот"><v><l t="этот" id="386581"><g v="ADJF"></g><g v="Subx"></g><g v="Apro"></g><g v="Anph"></g><g v="inan"></g><g v="masc"></g><g v="sing"></g><g v="accs"></g></l></v></tfr></token><token id="573707" text="раз"><tfr rev_id="4460433" t="раз"><v><l t="раз" id="291500"><g v="NOUN"></g><g v="inan"></g><g v="masc"></g><g v="sing"></g><g v="nomn"></g></l></v><v><l t="раз" id="291500"><g v="NOUN"></g><g v="inan"></g><g v="masc"></g><g v="sing"></g><g v="accs"></g></l></v></tfr></token><token id="573708" text="атаке"><tfr rev_id="3226345" t="атаке"><v><l t="атака" id="19312"><g v="NOUN"></g><g v="inan"></g><g v="femn"></g><g v="sing"></g><g v="datv"></g></l></v></tfr></token><token id="573709" text="подверглись"><tfr rev_id="1406788" t="подверглись"><v><l t="подвергнулся" id="244359"><g v="VERB"></g><g v="perf"></g><g v="intr"></g><g v="plur"></g><g v="past"></g><g v="indc"></g></l></v></tfr></token><token id="573710" text="города"><tfr rev_id="3768639" t="города"><v><l t="город" id="73547"><g v="NOUN"></g><g v="inan"></g><g v="masc"></g><g v="plur"></g><g v="nomn"></g></l></v></tfr></token><token id="573711" text="Сирт"><tfr rev_id="1406790" t="Сирт"><v><l t="сирт" id="0"><g v="UNKN"></g></l></v></tfr></token><token id="573712" text="и"><tfr rev_id="3696855" t="и"><v><l t="и" id="116949"><g v="CONJ"></g></l></v></tfr></token><token id="573713" text="Триполи"><tfr rev_id="3466454" t="Триполи"><v><l t="триполи" id="350178"><g v="NOUN"></g><g v="inan"></g><g v="masc"></g><g v="Sgtm"></g><g v="Fixd"></g><g v="Geox"></g><g v="sing"></g><g v="nomn"></g></l></v></tfr></token><token id="573714" text=","><tfr rev_id="1406793" t=","><v><l t="," id="0"><g v="PNCT"></g></l></v></tfr></token><token id="573715" text="а"><tfr rev_id="2606269" t="а"><v><l t="а" id="51"><g v="CONJ"></g></l></v></tfr></token><token id="573716" text="также"><tfr rev_id="4267670" t="также"><v><l t="также" id="342482"><g v="PRCL"></g></l></v></tfr></token><token id="573717" text=","><tfr rev_id="1406796" t=","><v><l t="," id="0"><g v="PNCT"></g></l></v></tfr></token><token id="573718" text="как"><tfr rev_id="1406797" t="как"><v><l t="как" id="128190"><g v="CONJ"></g></l></v><v><l t="как" id="128191"><g v="PRCL"></g></l></v><v><l t="как" id="128192"><g v="ADVB"></g><g v="Ques"></g></l></v></tfr></token><token id="573719" text="сообщило"><tfr rev_id="1406798" t="сообщило"><v><l t="сообщил" id="329556"><g v="VERB"></g><g v="perf"></g><g v="tran"></g><g v="neut"></g><g v="sing"></g><g v="past"></g><g v="indc"></g></l></v></tfr></token><token id="573720" text="ливийское"><tfr rev_id="1406799" t="ливийское"><v><l t="ливийский" id="148956"><g v="ADJF"></g><g v="neut"></g><g v="sing"></g><g v="nomn"></g></l></v><v><l t="ливийский" id="148956"><g v="ADJF"></g><g v="neut"></g><g v="sing"></g><g v="accs"></g></l></v></tfr></token><token id="573721" text="телевидение"><tfr rev_id="1406800" t="телевидение"><v><l t="телевидение" id="344095"><g v="NOUN"></g><g v="inan"></g><g v="neut"></g><g v="sing"></g><g v="nomn"></g></l></v><v><l t="телевидение" id="344095"><g v="NOUN"></g><g v="inan"></g><g v="neut"></g><g v="sing"></g><g v="accs"></g></l></v></tfr></token><token id="573722" text=","><tfr rev_id="1406801" t=","><v><l t="," id="0"><g v="PNCT"></g></l></v></tfr></token><token id="573723" text="район"><tfr rev_id="3300804" t="район"><v><l t="район" id="297595"><g v="NOUN"></g><g v="inan"></g><g v="masc"></g><g v="sing"></g><g v="nomn"></g></l></v></tfr></token><token id="573724" text="Аль-Хабра"><tfr rev_id="1406803" t="Аль-Хабра"><v><l t="аль-хабра" id="0"><g v="UNKN"></g></l></v></tfr></token><token id="573725" text="города"><tfr rev_id="3471415" t="города"><v><l t="город" id="73547"><g v="NOUN"></g><g v="inan"></g><g v="masc"></g><g v="sing"></g><g v="gent"></g></l></v></tfr></token><token id="573726" text="Аль-Азизия"><tfr rev_id="1406805" t="Аль-Азизия"><v><l t="аль-азизия" id="0"><g v="UNKN"></g></l></v></tfr></token><token id="573727" text=","><tfr rev_id="1406806" t=","><v><l t="," id="0"><g v="PNCT"></g></l></v></tfr></token><token id="573728" text="расположенного"><tfr rev_id="3443126" t="расположенного"><v><l t="расположенный" id="300105"><g v="PRTF"></g><g v="perf"></g><g v="tran"></g><g v="past"></g><g v="pssv"></g><g v="masc"></g><g v="sing"></g><g v="gent"></g></l></v><v><l t="расположенный" id="300105"><g v="PRTF"></g><g v="perf"></g><g v="tran"></g><g v="past"></g><g v="pssv"></g><g v="anim"></g><g v="masc"></g><g v="sing"></g><g v="accs"></g></l></v></tfr></token><token id="573729" text="к"><tfr rev_id="1406808" t="к"><v><l t="к" id="127460"><g v="PREP"></g></l></v></tfr></token><token id="573730" text="юго-западу"><tfr rev_id="1406809" t="юго-западу"><v><l t="юго-запад" id="386796"><g v="NOUN"></g><g v="inan"></g><g v="masc"></g><g v="sing"></g><g v="datv"></g></l></v></tfr></token><token id="573731" text="от"><tfr rev_id="1406810" t="от"><v><l t="от" id="211644"><g v="PREP"></g></l></v></tfr></token><token id="573732" text="столицы"><tfr rev_id="3437531" t="столицы"><v><l t="столица" id="336588"><g v="NOUN"></g><g v="inan"></g><g v="femn"></g><g v="sing"></g><g v="gent"></g></l></v></tfr></token><token id="573733" text="страны"><tfr rev_id="3264175" t="страны"><v><l t="страна" id="337100"><g v="NOUN"></g><g v="inan"></g><g v="femn"></g><g v="sing"></g><g v="gent"></g></l></v></tfr></token><token id="573734" text="."><tfr rev_id="1406813" t="."><v><l t="." id="0"><g v="PNCT"></g></l></v></tfr></token></tokens></sentence><sentence id="32052"><source>О погибших и пострадавших информации на данный момент нет.</source><tokens><token id="573735" text="О"><tfr rev_id="3328715" t="О"><v><l t="о" id="192977"><g v="PREP"></g></l></v></tfr></token><token id="573736" text="погибших"><tfr rev_id="1406815" t="погибших"><v><l t="погибший" id="243193"><g v="PRTF"></g><g v="perf"></g><g v="intr"></g><g v="past"></g><g v="actv"></g><g v="plur"></g><g v="gent"></g></l></v><v><l t="погибший" id="243193"><g v="PRTF"></g><g v="perf"></g><g v="intr"></g><g v="past"></g><g v="actv"></g><g v="anim"></g><g v="plur"></g><g v="accs"></g></l></v><v><l t="погибший" id="243193"><g v="PRTF"></g><g v="perf"></g><g v="intr"></g><g v="past"></g><g v="actv"></g><g v="plur"></g><g v="loct"></g></l></v><v><l t="погибший" id="243195"><g v="ADJF"></g><g v="plur"></g><g v="gent"></g></l></v><v><l t="погибший" id="243195"><g v="ADJF"></g><g v="anim"></g><g v="plur"></g><g v="accs"></g></l></v><v><l t="погибший" id="243195"><g v="ADJF"></g><g v="plur"></g><g v="loct"></g></l></v></tfr></token><token id="573737" text="и"><tfr rev_id="4093936" t="и"><v><l t="и" id="116949"><g v="CONJ"></g></l></v></tfr></token><token id="573738" text="пострадавших"><tfr rev_id="4319719" t="пострадавших"><v><l t="пострадавший" id="262437"><g v="PRTF"></g><g v="Subx"></g><g v="perf"></g><g v="intr"></g><g v="past"></g><g v="actv"></g><g v="plur"></g><g v="gent"></g></l></v><v><l t="пострадавший" id="262437"><g v="PRTF"></g><g v="Subx"></g><g v="perf"></g><g v="intr"></g><g v="past"></g><g v="actv"></g><g v="anim"></g><g v="plur"></g><g v="accs"></g></l></v><v><l t="пострадавший" id="262437"><g v="PRTF"></g><g v="Subx"></g><g v="perf"></g><g v="intr"></g><g v="past"></g><g v="actv"></g><g v="plur"></g><g v="loct"></g></l></v></tfr></token><token id="573739" text="информации"><tfr rev_id="4025768" t="информации"><v><l t="информация" id="123576"><g v="NOUN"></g><g v="inan"></g><g v="femn"></g><g v="sing"></g><g v="gent"></g></l></v></tfr></token><token id="573740" text="на"><tfr rev_id="3341257" t="на"><v><l t="на" id="166264"><g v="PREP"></g></l></v></tfr></token><token id="573741" text="данный"><tfr rev_id="3662519" t="данный"><v><l t="данный" id="78303"><g v="ADJF"></g><g v="Apro"></g><g v="masc"></g><g v="sing"></g><g v="nomn"></g></l></v><v><l t="данный" id="78303"><g v="ADJF"></g><g v="Apro"></g><g v="inan"></g><g v="masc"></g><g v="sing"></g><g v="accs"></g></l></v><v><l t="данный" id="78549"><g v="PRTF"></g><g v="perf"></g><g v="tran"></g><g v="past"></g><g v="pssv"></g><g v="masc"></g><g v="sing"></g><g v="nomn"></g></l></v><v><l t="данный" id="78549"><g v="PRTF"></g><g v="perf"></g><g v="tran"></g><g v="past"></g><g v="pssv"></g><g v="inan"></g><g v="masc"></g><g v="sing"></g><g v="accs"></g></l></v></tfr></token><token id="573742" text="момент"><tfr rev_id="4359984" t="момент"><v><l t="момент" id="163050"><g v="NOUN"></g><g v="inan"></g><g v="masc"></g><g v="sing"></g><g v="accs"></g></l></v></tfr></token><token id="573743" text="нет"><tfr rev_id="3756298" t="нет"><v><l t="нет" id="389552"><g v="PRED"></g><g v="pres"></g></l></v></tfr></token><token id="573744" text="."><tfr rev_id="1406823" t="."><v><l t="." id="0"><g v="PNCT"></g></l></v></tfr></token></tokens></sentence></paragraph><paragraph id="10186"><sentence id="32053"><source>О возможных исходах противостояния оппозиции и властей Ливии читайте в статье Частного корреспондента «Бубновый поход»</source><tokens><token id="573745" text="О"><tfr rev_id="3326042" t="О"><v><l t="о" id="192977"><g v="PREP"></g></l></v></tfr></token><token id="573746" text="возможных"><tfr rev_id="4197679" t="возможных"><v><l t="возможный" id="49411"><g v="ADJF"></g><g v="Qual"></g><g v="plur"></g><g v="loct"></g></l></v></tfr></token><token id="573747" text="исходах"><tfr rev_id="1406826" t="исходах"><v><l t="исход" id="126754"><g v="NOUN"></g><g v="inan"></g><g v="masc"></g><g v="plur"></g><g v="loct"></g></l></v></tfr></token><token id="573748" text="противостояния"><tfr rev_id="3452271" t="противостояния"><v><l t="противостояние" id="286159"><g v="NOUN"></g><g v="inan"></g><g v="neut"></g><g v="sing"></g><g v="gent"></g></l></v></tfr></token><token id="573749" text="оппозиции"><tfr rev_id="4286284" t="оппозиции"><v><l t="оппозиция" id="207895"><g v="NOUN"></g><g v="inan"></g><g v="femn"></g><g v="sing"></g><g v="gent"></g></l></v></tfr></token><token id="573750" text="и"><tfr rev_id="1406829" t="и"><v><l t="и" id="116949"><g v="CONJ"></g></l></v><v><l t="и" id="116950"><g v="INTJ"></g></l></v></tfr></token><token id="573751" text="властей"><tfr rev_id="1406830" t="властей"><v><l t="власть" id="46816"><g v="NOUN"></g><g v="inan"></g><g v="femn"></g><g v="plur"></g><g v="gent"></g></l></v></tfr></token><token id="573752" text="Ливии"><tfr rev_id="2934797" t="Ливии"><v><l t="ливия" id="148960"><g v="NOUN"></g><g v="inan"></g><g v="femn"></g><g v="Sgtm"></g><g v="Geox"></g><g v="sing"></g><g v="gent"></g></l></v></tfr></token><token id="573753" text="читайте"><tfr rev_id="1406832" t="читайте"><v><l t="читаю" id="376719"><g v="VERB"></g><g v="impf"></g><g v="tran"></g><g v="plur"></g><g v="impr"></g><g v="excl"></g></l></v></tfr></token><token id="573754" text="в"><tfr rev_id="1406833" t="в"><v><l t="в" id="37409"><g v="PREP"></g></l></v></tfr></token><token id="573755" text="статье"><tfr rev_id="3540028" t="статье"><v><l t="статья" id="335173"><g v="NOUN"></g><g v="inan"></g><g v="femn"></g><g v="sing"></g><g v="loct"></g></l></v></tfr></token><token id="573756" text="Частного"><tfr rev_id="4306749" t="Частного"><v><l t="частный" id="374795"><g v="ADJF"></g><g v="Qual"></g><g v="masc"></g><g v="sing"></g><g v="gent"></g></l></v><v><l t="частный" id="374795"><g v="ADJF"></g><g v="Qual"></g><g v="anim"></g><g v="masc"></g><g v="sing"></g><g v="accs"></g></l></v></tfr></token><token id="573757" text="корреспондента"><tfr rev_id="3721579" t="корреспондента"><v><l t="корреспондент" id="140239"><g v="NOUN"></g><g v="anim"></g><g v="masc"></g><g v="sing"></g><g v="gent"></g></l></v></tfr></token><token id="573758" text="«"><tfr rev_id="2442586" t="«"><v><l t="«" id="0"><g v="PNCT"></g></l></v></tfr></token><token id="573759" text="Бубновый"><tfr rev_id="1406838" t="Бубновый"><v><l t="бубновый" id="34888"><g v="ADJF"></g><g v="Qual"></g><g v="masc"></g><g v="sing"></g><g v="nomn"></g></l></v><v><l t="бубновый" id="34888"><g v="ADJF"></g><g v="Qual"></g><g v="inan"></g><g v="masc"></g><g v="sing"></g><g v="accs"></g></l></v></tfr></token><token id="573760" text="поход"><tfr rev_id="2584106" t="поход"><v><l t="поход" id="264370"><g v="NOUN"></g><g v="inan"></g><g v="masc"></g><g v="sing"></g><g v="nomn"></g></l></v></tfr></token><token id="573761" text="»"><tfr rev_id="2442587" t="»"><v><l t="»" id="0"><g v="PNCT"></g></l></v></tfr></token></tokens></sentence></paragraph></paragraphs></text>