<?xml version="1.0" encoding="utf-8"?><text id="1061" parent="56" name="Буш опаснее Кима"><tags><tag>url:http://ru.wikinews.org/w/index.php?title=Буш_опаснее_Кима&amp;oldid=56401</tag><tag>Автор:http://ru.wikinews.org/wiki/Участник:Ygrek</tag><tag>Дата:03/11</tag><tag>Год:2006</tag><tag>Тема:ВикиКатегория:Переведённые новости</tag><tag>Тема:ВикиКатегория:Политика США</tag><tag>Гео:ВикиКатегория:Великобритания</tag><tag>Перевод:url:http://de.wikinews.org/wiki/Briten_halten_George_Bush_f%C3%BCr_gef%C3%A4hrlicher_als_Kim_Jong-II</tag><tag>Перевод:ЯзыкОригинала:Немецкий</tag></tags><paragraphs><paragraph id="10294"><sentence id="32337"><source>Согласно одному из опросов общественного мнения, большинство жителей Великобритании считают, что американский Президент Буш представляет большую опасность для всеобщего мира, чем руководитель Северной Кореи Ким Чен Ир или Президент Ирана Махмуд Ахмадинеджад.</source><tokens><token id="578732" text="Согласно"><tfr rev_id="4492032" t="Согласно"><v><l t="согласно" id="328255"><g v="PREP"></g></l></v></tfr></token><token id="578733" text="одному"><tfr rev_id="4301010" t="одному"><v><l t="один" id="203319"><g v="ADJF"></g><g v="Apro"></g><g v="Anum"></g><g v="masc"></g><g v="sing"></g><g v="datv"></g></l></v></tfr></token><token id="578734" text="из"><tfr rev_id="2503336" t="из"><v><l t="из" id="117677"><g v="PREP"></g></l></v></tfr></token><token id="578735" text="опросов"><tfr rev_id="1411811" t="опросов"><v><l t="опрос" id="208143"><g v="NOUN"></g><g v="inan"></g><g v="masc"></g><g v="plur"></g><g v="gent"></g></l></v></tfr></token><token id="578736" text="общественного"><tfr rev_id="3549130" t="общественного"><v><l t="общественный" id="201612"><g v="ADJF"></g><g v="neut"></g><g v="sing"></g><g v="gent"></g></l></v></tfr></token><token id="578737" text="мнения"><tfr rev_id="3469385" t="мнения"><v><l t="мнение" id="161395"><g v="NOUN"></g><g v="inan"></g><g v="neut"></g><g v="sing"></g><g v="gent"></g></l></v></tfr></token><token id="578738" text=","><tfr rev_id="1411814" t=","><v><l t="," id="0"><g v="PNCT"></g></l></v></tfr></token><token id="578739" text="большинство"><tfr rev_id="4102789" t="большинство"><v><l t="большинство" id="32441"><g v="NOUN"></g><g v="inan"></g><g v="neut"></g><g v="Sgtm"></g><g v="sing"></g><g v="nomn"></g></l></v></tfr></token><token id="578740" text="жителей"><tfr rev_id="3464914" t="жителей"><v><l t="житель" id="97562"><g v="NOUN"></g><g v="anim"></g><g v="masc"></g><g v="plur"></g><g v="gent"></g></l></v></tfr></token><token id="578741" text="Великобритании"><tfr rev_id="3455624" t="Великобритании"><v><l t="великобритания" id="40619"><g v="NOUN"></g><g v="inan"></g><g v="femn"></g><g v="Sgtm"></g><g v="Geox"></g><g v="sing"></g><g v="gent"></g></l></v></tfr></token><token id="578742" text="считают"><tfr rev_id="1411818" t="считают"><v><l t="считаю" id="341320"><g v="VERB"></g><g v="impf"></g><g v="tran"></g><g v="plur"></g><g v="3per"></g><g v="pres"></g><g v="indc"></g></l></v><v><l t="считал" id="341329"><g v="VERB"></g><g v="perf"></g><g v="tran"></g><g v="plur"></g><g v="3per"></g><g v="futr"></g><g v="indc"></g></l></v></tfr></token><token id="578743" text=","><tfr rev_id="1411819" t=","><v><l t="," id="0"><g v="PNCT"></g></l></v></tfr></token><token id="578744" text="что"><tfr rev_id="3196600" t="что"><v><l t="что" id="377004"><g v="CONJ"></g></l></v><v><l t="что" id="377005"><g v="NPRO"></g><g v="neut"></g><g v="sing"></g><g v="nomn"></g></l></v><v><l t="что" id="377005"><g v="NPRO"></g><g v="neut"></g><g v="sing"></g><g v="accs"></g></l></v><v><l t="что" id="377006"><g v="ADVB"></g><g v="Ques"></g></l></v><v><l t="что" id="388695"><g v="PRCL"></g></l></v></tfr></token><token id="578745" text="американский"><tfr rev_id="4408691" t="американский"><v><l t="американский" id="11429"><g v="ADJF"></g><g v="masc"></g><g v="sing"></g><g v="nomn"></g></l></v></tfr></token><token id="578746" text="Президент"><tfr rev_id="1411822" t="Президент"><v><l t="президент" id="267449"><g v="NOUN"></g><g v="anim"></g><g v="masc"></g><g v="sing"></g><g v="nomn"></g></l></v></tfr></token><token id="578747" text="Буш"><tfr rev_id="4083323" t="Буш"><v><l t="буш" id="36908"><g v="NOUN"></g><g v="anim"></g><g v="masc"></g><g v="Sgtm"></g><g v="Surn"></g><g v="sing"></g><g v="nomn"></g></l></v></tfr></token><token id="578748" text="представляет"><tfr rev_id="1411824" t="представляет"><v><l t="представляю" id="267112"><g v="VERB"></g><g v="impf"></g><g v="tran"></g><g v="sing"></g><g v="3per"></g><g v="pres"></g><g v="indc"></g></l></v></tfr></token><token id="578749" text="большую"><tfr rev_id="4534430" t="большую"><v><l t="больший" id="32439"><g v="ADJF"></g><g v="Qual"></g><g v="femn"></g><g v="sing"></g><g v="accs"></g></l></v><v><l t="большой" id="32445"><g v="ADJF"></g><g v="Qual"></g><g v="femn"></g><g v="sing"></g><g v="accs"></g></l></v></tfr></token><token id="578750" text="опасность"><tfr rev_id="4083598" t="опасность"><v><l t="опасность" id="206860"><g v="NOUN"></g><g v="inan"></g><g v="femn"></g><g v="sing"></g><g v="accs"></g></l></v></tfr></token><token id="578751" text="для"><tfr rev_id="2922582" t="для"><v><l t="для" id="85032"><g v="PREP"></g></l></v></tfr></token><token id="578752" text="всеобщего"><tfr rev_id="3468532" t="всеобщего"><v><l t="всеобщий" id="53471"><g v="ADJF"></g><g v="masc"></g><g v="sing"></g><g v="gent"></g></l></v><v><l t="всеобщий" id="53471"><g v="ADJF"></g><g v="anim"></g><g v="masc"></g><g v="sing"></g><g v="accs"></g></l></v></tfr></token><token id="578753" text="мира"><tfr rev_id="3714929" t="мира"><v><l t="мир" id="160807"><g v="NOUN"></g><g v="inan"></g><g v="masc"></g><g v="sing"></g><g v="gen1"></g></l></v></tfr></token><token id="578754" text=","><tfr rev_id="1411830" t=","><v><l t="," id="0"><g v="PNCT"></g></l></v></tfr></token><token id="578755" text="чем"><tfr rev_id="4299236" t="чем"><v><l t="чем" id="375161"><g v="CONJ"></g></l></v></tfr></token><token id="578756" text="руководитель"><tfr rev_id="1411832" t="руководитель"><v><l t="руководитель" id="309980"><g v="NOUN"></g><g v="anim"></g><g v="masc"></g><g v="sing"></g><g v="nomn"></g></l></v></tfr></token><token id="578757" text="Северной"><tfr rev_id="4173778" t="Северной"><v><l t="северный" id="317517"><g v="ADJF"></g><g v="Qual"></g><g v="femn"></g><g v="sing"></g><g v="gent"></g></l></v></tfr></token><token id="578758" text="Кореи"><tfr rev_id="4558121" t="Кореи"><v><l t="корея" id="139593"><g v="NOUN"></g><g v="inan"></g><g v="femn"></g><g v="Geox"></g><g v="sing"></g><g v="gent"></g></l></v></tfr></token><token id="578759" text="Ким"><tfr rev_id="4321481" t="Ким"><v><l t="ким" id="132880"><g v="NOUN"></g><g v="anim"></g><g v="masc"></g><g v="Sgtm"></g><g v="Surn"></g><g v="sing"></g><g v="nomn"></g></l></v></tfr></token><token id="578760" text="Чен"><tfr rev_id="4212177" t="Чен"><v><l t="Чен" id="0"><g v="UNKN"></g></l></v></tfr></token><token id="578761" text="Ир"><tfr rev_id="3434265" t="Ир"><v><l t="Ир" id="0"><g v="UNKN"></g></l></v></tfr></token><token id="578762" text="или"><tfr rev_id="3787160" t="или"><v><l t="или" id="121146"><g v="CONJ"></g></l></v></tfr></token><token id="578763" text="Президент"><tfr rev_id="1411839" t="Президент"><v><l t="президент" id="267449"><g v="NOUN"></g><g v="anim"></g><g v="masc"></g><g v="sing"></g><g v="nomn"></g></l></v></tfr></token><token id="578764" text="Ирана"><tfr rev_id="1411840" t="Ирана"><v><l t="иран" id="123907"><g v="NOUN"></g><g v="inan"></g><g v="masc"></g><g v="Geox"></g><g v="sing"></g><g v="gent"></g></l></v></tfr></token><token id="578765" text="Махмуд"><tfr rev_id="1411841" t="Махмуд"><v><l t="махмуд" id="156572"><g v="NOUN"></g><g v="anim"></g><g v="masc"></g><g v="Name"></g><g v="sing"></g><g v="nomn"></g></l></v></tfr></token><token id="578766" text="Ахмадинеджад"><tfr rev_id="1411842" t="Ахмадинеджад"><v><l t="ахмадинеджад" id="0"><g v="UNKN"></g></l></v></tfr></token><token id="578767" text="."><tfr rev_id="1411843" t="."><v><l t="." id="0"><g v="PNCT"></g></l></v></tfr></token></tokens></sentence></paragraph><paragraph id="10295"><sentence id="32338"><source>Около 75% из более чем 1000 опрошенных, утверждают, что Правительство Буша представляет угрозу для мира, 69% считают, что такой угрозой является Ким Чен Ир и 62% указывают на иранского президента, сообщает газета"The Guardian".</source><tokens><token id="578768" text="Около"><tfr rev_id="4456332" t="Около"><v><l t="около" id="205005"><g v="PREP"></g></l></v></tfr></token><token id="578769" text="75"><tfr rev_id="2461263" t="75"><v><l t="75" id="0"><g v="NUMB"></g></l></v></tfr></token><token id="578770" text="%"><tfr rev_id="2442769" t="%"><v><l t="%" id="0"><g v="PNCT"></g></l></v></tfr></token><token id="578771" text="из"><tfr rev_id="2603387" t="из"><v><l t="из" id="117677"><g v="PREP"></g></l></v></tfr></token><token id="578772" text="более"><tfr rev_id="1411848" t="более"><v><l t="более" id="32065"><g v="ADVB"></g></l></v></tfr></token><token id="578773" text="чем"><tfr rev_id="4288723" t="чем"><v><l t="чем" id="375161"><g v="CONJ"></g></l></v></tfr></token><token id="578774" text="1000"><tfr rev_id="2461264" t="1000"><v><l t="1000" id="0"><g v="NUMB"></g></l></v></tfr></token><token id="578775" text="опрошенных"><tfr rev_id="1411851" t="опрошенных"><v><l t="опрошенный" id="208147"><g v="PRTF"></g><g v="perf"></g><g v="tran"></g><g v="past"></g><g v="pssv"></g><g v="plur"></g><g v="gent"></g></l></v><v><l t="опрошенный" id="208147"><g v="PRTF"></g><g v="perf"></g><g v="tran"></g><g v="past"></g><g v="pssv"></g><g v="anim"></g><g v="plur"></g><g v="accs"></g></l></v><v><l t="опрошенный" id="208147"><g v="PRTF"></g><g v="perf"></g><g v="tran"></g><g v="past"></g><g v="pssv"></g><g v="plur"></g><g v="loct"></g></l></v></tfr></token><token id="578776" text=","><tfr rev_id="1411852" t=","><v><l t="," id="0"><g v="PNCT"></g></l></v></tfr></token><token id="578777" text="утверждают"><tfr rev_id="1411853" t="утверждают"><v><l t="утверждаю" id="361706"><g v="VERB"></g><g v="impf"></g><g v="tran"></g><g v="plur"></g><g v="3per"></g><g v="pres"></g><g v="indc"></g></l></v><v><l t="утверждаю" id="361713"><g v="VERB"></g><g v="impf"></g><g v="intr"></g><g v="plur"></g><g v="3per"></g><g v="pres"></g><g v="indc"></g></l></v></tfr></token><token id="578778" text=","><tfr rev_id="1411854" t=","><v><l t="," id="0"><g v="PNCT"></g></l></v></tfr></token><token id="578779" text="что"><tfr rev_id="3196601" t="что"><v><l t="что" id="377004"><g v="CONJ"></g></l></v><v><l t="что" id="377005"><g v="NPRO"></g><g v="neut"></g><g v="sing"></g><g v="nomn"></g></l></v><v><l t="что" id="377005"><g v="NPRO"></g><g v="neut"></g><g v="sing"></g><g v="accs"></g></l></v><v><l t="что" id="377006"><g v="ADVB"></g><g v="Ques"></g></l></v><v><l t="что" id="388695"><g v="PRCL"></g></l></v></tfr></token><token id="578780" text="Правительство"><tfr rev_id="1411856" t="Правительство"><v><l t="правительство" id="265638"><g v="NOUN"></g><g v="inan"></g><g v="neut"></g><g v="sing"></g><g v="nomn"></g></l></v><v><l t="правительство" id="265638"><g v="NOUN"></g><g v="inan"></g><g v="neut"></g><g v="sing"></g><g v="accs"></g></l></v></tfr></token><token id="578781" text="Буша"><tfr rev_id="4460990" t="Буша"><v><l t="буш" id="36908"><g v="NOUN"></g><g v="anim"></g><g v="masc"></g><g v="Sgtm"></g><g v="Surn"></g><g v="sing"></g><g v="gent"></g></l></v></tfr></token><token id="578782" text="представляет"><tfr rev_id="1411858" t="представляет"><v><l t="представляю" id="267112"><g v="VERB"></g><g v="impf"></g><g v="tran"></g><g v="sing"></g><g v="3per"></g><g v="pres"></g><g v="indc"></g></l></v></tfr></token><token id="578783" text="угрозу"><tfr rev_id="1411859" t="угрозу"><v><l t="угроза" id="354549"><g v="NOUN"></g><g v="inan"></g><g v="femn"></g><g v="sing"></g><g v="accs"></g></l></v></tfr></token><token id="578784" text="для"><tfr rev_id="3452873" t="для"><v><l t="для" id="85032"><g v="PREP"></g></l></v></tfr></token><token id="578785" text="мира"><tfr rev_id="3723448" t="мира"><v><l t="мир" id="160807"><g v="NOUN"></g><g v="inan"></g><g v="masc"></g><g v="sing"></g><g v="gen1"></g></l></v></tfr></token><token id="578786" text=","><tfr rev_id="1411862" t=","><v><l t="," id="0"><g v="PNCT"></g></l></v></tfr></token><token id="578787" text="69"><tfr rev_id="2461265" t="69"><v><l t="69" id="0"><g v="NUMB"></g></l></v></tfr></token><token id="578788" text="%"><tfr rev_id="2442770" t="%"><v><l t="%" id="0"><g v="PNCT"></g></l></v></tfr></token><token id="578789" text="считают"><tfr rev_id="2703834" t="считают"><v><l t="считаю" id="341320"><g v="VERB"></g><g v="impf"></g><g v="tran"></g><g v="plur"></g><g v="3per"></g><g v="pres"></g><g v="indc"></g></l></v></tfr></token><token id="578790" text=","><tfr rev_id="1411866" t=","><v><l t="," id="0"><g v="PNCT"></g></l></v></tfr></token><token id="578791" text="что"><tfr rev_id="3196602" t="что"><v><l t="что" id="377004"><g v="CONJ"></g></l></v><v><l t="что" id="377005"><g v="NPRO"></g><g v="neut"></g><g v="sing"></g><g v="nomn"></g></l></v><v><l t="что" id="377005"><g v="NPRO"></g><g v="neut"></g><g v="sing"></g><g v="accs"></g></l></v><v><l t="что" id="377006"><g v="ADVB"></g><g v="Ques"></g></l></v><v><l t="что" id="388695"><g v="PRCL"></g></l></v></tfr></token><token id="578792" text="такой"><tfr rev_id="4316611" t="такой"><v><l t="такой" id="342491"><g v="ADJF"></g><g v="Apro"></g><g v="femn"></g><g v="sing"></g><g v="ablt"></g></l></v></tfr></token><token id="578793" text="угрозой"><tfr rev_id="1411869" t="угрозой"><v><l t="угроза" id="354549"><g v="NOUN"></g><g v="inan"></g><g v="femn"></g><g v="sing"></g><g v="ablt"></g></l></v></tfr></token><token id="578794" text="является"><tfr rev_id="1411870" t="является"><v><l t="являюсь" id="387385"><g v="VERB"></g><g v="impf"></g><g v="intr"></g><g v="sing"></g><g v="3per"></g><g v="pres"></g><g v="indc"></g></l></v></tfr></token><token id="578795" text="Ким"><tfr rev_id="4353018" t="Ким"><v><l t="ким" id="132880"><g v="NOUN"></g><g v="anim"></g><g v="masc"></g><g v="Sgtm"></g><g v="Surn"></g><g v="sing"></g><g v="nomn"></g></l></v></tfr></token><token id="578796" text="Чен"><tfr rev_id="1411872" t="Чен"><v><l t="чен" id="375190"><g v="NOUN"></g><g v="inan"></g><g v="masc"></g><g v="Geox"></g><g v="sing"></g><g v="nomn"></g></l></v><v><l t="чен" id="375190"><g v="NOUN"></g><g v="inan"></g><g v="masc"></g><g v="Geox"></g><g v="sing"></g><g v="accs"></g></l></v></tfr></token><token id="578797" text="Ир"><tfr rev_id="3505226" t="Ир"><v><l t="Ир" id="0"><g v="UNKN"></g></l></v></tfr></token><token id="578798" text="и"><tfr rev_id="3555610" t="и"><v><l t="и" id="116949"><g v="CONJ"></g></l></v></tfr></token><token id="578799" text="62"><tfr rev_id="2461266" t="62"><v><l t="62" id="0"><g v="NUMB"></g></l></v></tfr></token><token id="578800" text="%"><tfr rev_id="2442771" t="%"><v><l t="%" id="0"><g v="PNCT"></g></l></v></tfr></token><token id="578801" text="указывают"><tfr rev_id="1411877" t="указывают"><v><l t="указываю" id="355940"><g v="VERB"></g><g v="impf"></g><g v="tran"></g><g v="plur"></g><g v="3per"></g><g v="pres"></g><g v="indc"></g></l></v></tfr></token><token id="578802" text="на"><tfr rev_id="3345464" t="на"><v><l t="на" id="166264"><g v="PREP"></g></l></v></tfr></token><token id="578803" text="иранского"><tfr rev_id="4205648" t="иранского"><v><l t="иранский" id="123920"><g v="ADJF"></g><g v="masc"></g><g v="sing"></g><g v="gent"></g></l></v><v><l t="иранский" id="123920"><g v="ADJF"></g><g v="anim"></g><g v="masc"></g><g v="sing"></g><g v="accs"></g></l></v></tfr></token><token id="578804" text="президента"><tfr rev_id="4461449" t="президента"><v><l t="президент" id="267449"><g v="NOUN"></g><g v="anim"></g><g v="masc"></g><g v="sing"></g><g v="accs"></g></l></v></tfr></token><token id="578805" text=","><tfr rev_id="1411881" t=","><v><l t="," id="0"><g v="PNCT"></g></l></v></tfr></token><token id="578806" text="сообщает"><tfr rev_id="1411882" t="сообщает"><v><l t="сообщаю" id="329538"><g v="VERB"></g><g v="impf"></g><g v="tran"></g><g v="sing"></g><g v="3per"></g><g v="pres"></g><g v="indc"></g></l></v></tfr></token><token id="578807" text="газета"><tfr rev_id="1411883" t="газета"><v><l t="газета" id="65825"><g v="NOUN"></g><g v="inan"></g><g v="femn"></g><g v="sing"></g><g v="nomn"></g></l></v></tfr></token><token id="578808" text="&quot;"><tfr rev_id="1411884" t="&quot;"><v><l t="&quot;" id="0"><g v="PNCT"></g></l></v></tfr></token><token id="578809" text="The"><tfr rev_id="2474429" t="The"><v><l t="The" id="0"><g v="LATN"></g></l></v></tfr></token><token id="578810" text="Guardian"><tfr rev_id="2474430" t="Guardian"><v><l t="Guardian" id="0"><g v="LATN"></g></l></v></tfr></token><token id="578811" text="&quot;"><tfr rev_id="1411887" t="&quot;"><v><l t="&quot;" id="0"><g v="PNCT"></g></l></v></tfr></token><token id="578812" text="."><tfr rev_id="1411888" t="."><v><l t="." id="0"><g v="PNCT"></g></l></v></tfr></token></tokens></sentence></paragraph><paragraph id="10296"><sentence id="32339"><source>Однако, согласно тому же опросу, самую наибольшую опасность представляет шеф Аль-Каиды Осама бен Ладен, на него указало 87% опрошенных.</source><tokens><token id="578813" text="Однако"><tfr rev_id="3480713" t="Однако"><v><l t="однако" id="203387"><g v="CONJ"></g><g v="Prnt"></g></l></v></tfr></token><token id="578814" text=","><tfr rev_id="1411890" t=","><v><l t="," id="0"><g v="PNCT"></g></l></v></tfr></token><token id="578815" text="согласно"><tfr rev_id="4492014" t="согласно"><v><l t="согласно" id="328255"><g v="PREP"></g></l></v></tfr></token><token id="578816" text="тому"><tfr rev_id="3771992" t="тому"><v><l t="тот" id="348430"><g v="ADJF"></g><g v="Subx"></g><g v="Apro"></g><g v="Anph"></g><g v="masc"></g><g v="sing"></g><g v="datv"></g></l></v><v><l t="тот" id="348430"><g v="ADJF"></g><g v="Subx"></g><g v="Apro"></g><g v="Anph"></g><g v="neut"></g><g v="sing"></g><g v="datv"></g></l></v></tfr></token><token id="578817" text="же"><tfr rev_id="1411893" t="же"><v><l t="же" id="96208"><g v="CONJ"></g></l></v><v><l t="же" id="96209"><g v="PRCL"></g></l></v></tfr></token><token id="578818" text="опросу"><tfr rev_id="1411894" t="опросу"><v><l t="опрос" id="208143"><g v="NOUN"></g><g v="inan"></g><g v="masc"></g><g v="sing"></g><g v="datv"></g></l></v></tfr></token><token id="578819" text=","><tfr rev_id="1411895" t=","><v><l t="," id="0"><g v="PNCT"></g></l></v></tfr></token><token id="578820" text="самую"><tfr rev_id="1411896" t="самую"><v><l t="самый" id="313174"><g v="ADJF"></g><g v="Apro"></g><g v="femn"></g><g v="sing"></g><g v="accs"></g></l></v></tfr></token><token id="578821" text="наибольшую"><tfr rev_id="1411897" t="наибольшую"><v><l t="наибольший" id="32448"><g v="ADJF"></g><g v="Supr"></g><g v="Qual"></g><g v="femn"></g><g v="sing"></g><g v="accs"></g></l></v></tfr></token><token id="578822" text="опасность"><tfr rev_id="3300384" t="опасность"><v><l t="опасность" id="206860"><g v="NOUN"></g><g v="inan"></g><g v="femn"></g><g v="sing"></g><g v="accs"></g></l></v></tfr></token><token id="578823" text="представляет"><tfr rev_id="1411899" t="представляет"><v><l t="представляю" id="267112"><g v="VERB"></g><g v="impf"></g><g v="tran"></g><g v="sing"></g><g v="3per"></g><g v="pres"></g><g v="indc"></g></l></v></tfr></token><token id="578824" text="шеф"><tfr rev_id="1411900" t="шеф"><v><l t="шеф" id="379427"><g v="NOUN"></g><g v="anim"></g><g v="masc"></g><g v="sing"></g><g v="nomn"></g></l></v></tfr></token><token id="578825" text="Аль-Каиды"><tfr rev_id="1411901" t="Аль-Каиды"><v><l t="аль-каида" id="10324"><g v="NOUN"></g><g v="inan"></g><g v="femn"></g><g v="Sgtm"></g><g v="Orgn"></g><g v="sing"></g><g v="gent"></g></l></v></tfr></token><token id="578826" text="Осама"><tfr rev_id="1411902" t="Осама"><v><l t="осама" id="209478"><g v="NOUN"></g><g v="anim"></g><g v="masc"></g><g v="Name"></g><g v="sing"></g><g v="nomn"></g></l></v></tfr></token><token id="578827" text="бен"><tfr rev_id="4317564" t="бен"><v><l t="бен" id="390339"><g v="PRCL"></g></l></v></tfr></token><token id="578828" text="Ладен"><tfr rev_id="4555923" t="Ладен"><v><l t="ладен" id="390658"><g v="NOUN"></g><g v="anim"></g><g v="masc"></g><g v="Name"></g><g v="sing"></g><g v="nomn"></g></l></v></tfr></token><token id="578829" text=","><tfr rev_id="1411905" t=","><v><l t="," id="0"><g v="PNCT"></g></l></v></tfr></token><token id="578830" text="на"><tfr rev_id="3396335" t="на"><v><l t="на" id="166264"><g v="PREP"></g></l></v></tfr></token><token id="578831" text="него"><tfr rev_id="4528169" t="него"><v><l t="он" id="206541"><g v="NPRO"></g><g v="masc"></g><g v="3per"></g><g v="Anph"></g><g v="sing"></g><g v="accs"></g><g v="Af-p"></g></l></v><v><l t="оно" id="206649"><g v="NPRO"></g><g v="neut"></g><g v="3per"></g><g v="Anph"></g><g v="sing"></g><g v="accs"></g><g v="Af-p"></g></l></v></tfr></token><token id="578832" text="указало"><tfr rev_id="1411908" t="указало"><v><l t="указал" id="355924"><g v="VERB"></g><g v="perf"></g><g v="tran"></g><g v="neut"></g><g v="sing"></g><g v="past"></g><g v="indc"></g></l></v></tfr></token><token id="578833" text="87"><tfr rev_id="2461267" t="87"><v><l t="87" id="0"><g v="NUMB"></g></l></v></tfr></token><token id="578834" text="%"><tfr rev_id="2442772" t="%"><v><l t="%" id="0"><g v="PNCT"></g></l></v></tfr></token><token id="578835" text="опрошенных"><tfr rev_id="1411911" t="опрошенных"><v><l t="опрошенный" id="208147"><g v="PRTF"></g><g v="perf"></g><g v="tran"></g><g v="past"></g><g v="pssv"></g><g v="plur"></g><g v="gent"></g></l></v><v><l t="опрошенный" id="208147"><g v="PRTF"></g><g v="perf"></g><g v="tran"></g><g v="past"></g><g v="pssv"></g><g v="anim"></g><g v="plur"></g><g v="accs"></g></l></v><v><l t="опрошенный" id="208147"><g v="PRTF"></g><g v="perf"></g><g v="tran"></g><g v="past"></g><g v="pssv"></g><g v="plur"></g><g v="loct"></g></l></v></tfr></token><token id="578836" text="."><tfr rev_id="1411912" t="."><v><l t="." id="0"><g v="PNCT"></g></l></v></tfr></token></tokens></sentence></paragraph></paragraphs></text>