<?xml version="1.0" encoding="utf-8"?><text id="1064" parent="226" name="19504 Мастер-класс режиссёра Оскараса Коршуноваса"><tags><tag>url:http://www.chaskor.ru/news/master-klass_rezhissera_oskarasa_korshunovasa_19504</tag><tag>Год:2010</tag><tag>Дата:02/09</tag><tag>Тема:ЧасКор:Культура</tag><tag>Тема:ЧасКор:Культура/Драматический театр</tag></tags><paragraphs><paragraph id="10308"><sentence id="32372"><source>Мастер-класс режиссёра Оскараса Коршуноваса</source><tokens><token id="579480" text="Мастер-класс"><tfr rev_id="2508380" t="Мастер-класс"><v><l t="мастер-класс" id="388578"><g v="NOUN"></g><g v="inan"></g><g v="masc"></g><g v="sing"></g><g v="nomn"></g></l></v><v><l t="мастер-класс" id="388578"><g v="NOUN"></g><g v="inan"></g><g v="masc"></g><g v="sing"></g><g v="accs"></g></l></v></tfr></token><token id="579481" text="режиссёра"><tfr rev_id="2931359" t="режиссёра"><v><l t="режиссёр" id="305129"><g v="NOUN"></g><g v="anim"></g><g v="masc"></g><g v="sing"></g><g v="gent"></g></l></v></tfr></token><token id="579482" text="Оскараса"><tfr rev_id="1412558" t="Оскараса"><v><l t="оскараса" id="0"><g v="UNKN"></g></l></v></tfr></token><token id="579483" text="Коршуноваса"><tfr rev_id="1412559" t="Коршуноваса"><v><l t="коршуноваса" id="0"><g v="UNKN"></g></l></v></tfr></token></tokens></sentence><sentence id="32373"><source>Будущий обладатель Мейерхольдовского приза готов поделиться секретами своего мастерства.</source><tokens><token id="579484" text="Будущий"><tfr rev_id="1412560" t="Будущий"><v><l t="будущий" id="35164"><g v="ADJF"></g><g v="masc"></g><g v="sing"></g><g v="nomn"></g></l></v><v><l t="будущий" id="35164"><g v="ADJF"></g><g v="inan"></g><g v="masc"></g><g v="sing"></g><g v="accs"></g></l></v></tfr></token><token id="579485" text="обладатель"><tfr rev_id="1412561" t="обладатель"><v><l t="обладатель" id="196099"><g v="NOUN"></g><g v="anim"></g><g v="masc"></g><g v="sing"></g><g v="nomn"></g></l></v></tfr></token><token id="579486" text="Мейерхольдовского"><tfr rev_id="1412562" t="Мейерхольдовского"><v><l t="мейерхольдовского" id="0"><g v="UNKN"></g></l></v></tfr></token><token id="579487" text="приза"><tfr rev_id="1412563" t="приза"><v><l t="приз" id="270520"><g v="NOUN"></g><g v="inan"></g><g v="masc"></g><g v="sing"></g><g v="gent"></g></l></v></tfr></token><token id="579488" text="готов"><tfr rev_id="3334020" t="готов"><v><l t="готов" id="74227"><g v="ADJS"></g><g v="Qual"></g><g v="masc"></g><g v="sing"></g></l></v></tfr></token><token id="579489" text="поделиться"><tfr rev_id="1412565" t="поделиться"><v><l t="поделиться" id="245538"><g v="INFN"></g><g v="perf"></g><g v="intr"></g></l></v></tfr></token><token id="579490" text="секретами"><tfr rev_id="1412566" t="секретами"><v><l t="секрет" id="318031"><g v="NOUN"></g><g v="inan"></g><g v="masc"></g><g v="plur"></g><g v="ablt"></g></l></v></tfr></token><token id="579491" text="своего"><tfr rev_id="4167670" t="своего"><v><l t="свой" id="316379"><g v="ADJF"></g><g v="Apro"></g><g v="Anph"></g><g v="neut"></g><g v="sing"></g><g v="gent"></g></l></v></tfr></token><token id="579492" text="мастерства"><tfr rev_id="1412568" t="мастерства"><v><l t="мастерство" id="156094"><g v="NOUN"></g><g v="inan"></g><g v="neut"></g><g v="Sgtm"></g><g v="sing"></g><g v="gent"></g></l></v></tfr></token><token id="579493" text="."><tfr rev_id="1412569" t="."><v><l t="." id="0"><g v="PNCT"></g></l></v></tfr></token></tokens></sentence></paragraph><paragraph id="10309"><sentence id="32374"><source>13 сентября на V Ежегодных Мейерхольдовских встречах состоится вручение приза литовскому режиссёру Оскарасу Коршуновасу, который в рамках гастролей Александринского театра представит в Москве свою новую постановку «Укрощение строптивой».</source><tokens><token id="579494" text="13"><tfr rev_id="2461271" t="13"><v><l t="13" id="0"><g v="NUMB"></g></l></v></tfr></token><token id="579495" text="сентября"><tfr rev_id="1412571" t="сентября"><v><l t="сентябрь" id="318866"><g v="NOUN"></g><g v="inan"></g><g v="masc"></g><g v="sing"></g><g v="gent"></g></l></v></tfr></token><token id="579496" text="на"><tfr rev_id="3337229" t="на"><v><l t="на" id="166264"><g v="PREP"></g></l></v></tfr></token><token id="579497" text="V"><tfr rev_id="2634703" t="V"><v><l t="V" id="0"><g v="ROMN"></g></l></v></tfr></token><token id="579498" text="Ежегодных"><tfr rev_id="2927817" t="Ежегодных"><v><l t="ежегодный" id="94444"><g v="ADJF"></g><g v="Qual"></g><g v="plur"></g><g v="loct"></g></l></v></tfr></token><token id="579499" text="Мейерхольдовских"><tfr rev_id="1412575" t="Мейерхольдовских"><v><l t="мейерхольдовских" id="0"><g v="UNKN"></g></l></v></tfr></token><token id="579500" text="встречах"><tfr rev_id="1412576" t="встречах"><v><l t="встреча" id="54530"><g v="NOUN"></g><g v="inan"></g><g v="femn"></g><g v="plur"></g><g v="loct"></g></l></v></tfr></token><token id="579501" text="состоится"><tfr rev_id="1412577" t="состоится"><v><l t="состоялся" id="330568"><g v="VERB"></g><g v="perf"></g><g v="intr"></g><g v="sing"></g><g v="3per"></g><g v="futr"></g><g v="indc"></g></l></v></tfr></token><token id="579502" text="вручение"><tfr rev_id="3478101" t="вручение"><v><l t="вручение" id="53225"><g v="NOUN"></g><g v="inan"></g><g v="neut"></g><g v="sing"></g><g v="nomn"></g></l></v></tfr></token><token id="579503" text="приза"><tfr rev_id="1412579" t="приза"><v><l t="приз" id="270520"><g v="NOUN"></g><g v="inan"></g><g v="masc"></g><g v="sing"></g><g v="gent"></g></l></v></tfr></token><token id="579504" text="литовскому"><tfr rev_id="3284995" t="литовскому"><v><l t="литовский" id="149923"><g v="ADJF"></g><g v="masc"></g><g v="sing"></g><g v="datv"></g></l></v></tfr></token><token id="579505" text="режиссёру"><tfr rev_id="1412581" t="режиссёру"><v><l t="режиссёр" id="305129"><g v="NOUN"></g><g v="anim"></g><g v="masc"></g><g v="sing"></g><g v="datv"></g></l></v></tfr></token><token id="579506" text="Оскарасу"><tfr rev_id="1412582" t="Оскарасу"><v><l t="оскарасу" id="0"><g v="UNKN"></g></l></v></tfr></token><token id="579507" text="Коршуновасу"><tfr rev_id="1412583" t="Коршуновасу"><v><l t="коршуновасу" id="0"><g v="UNKN"></g></l></v></tfr></token><token id="579508" text=","><tfr rev_id="1412584" t=","><v><l t="," id="0"><g v="PNCT"></g></l></v></tfr></token><token id="579509" text="который"><tfr rev_id="3637380" t="который"><v><l t="который" id="141203"><g v="ADJF"></g><g v="Apro"></g><g v="Subx"></g><g v="Anph"></g><g v="masc"></g><g v="sing"></g><g v="nomn"></g></l></v><v><l t="который" id="141203"><g v="ADJF"></g><g v="Apro"></g><g v="Subx"></g><g v="Anph"></g><g v="inan"></g><g v="masc"></g><g v="sing"></g><g v="accs"></g></l></v></tfr></token><token id="579510" text="в"><tfr rev_id="1412586" t="в"><v><l t="в" id="37409"><g v="PREP"></g></l></v></tfr></token><token id="579511" text="рамках"><tfr rev_id="1412587" t="рамках"><v><l t="рамка" id="297819"><g v="NOUN"></g><g v="inan"></g><g v="femn"></g><g v="plur"></g><g v="loct"></g></l></v></tfr></token><token id="579512" text="гастролей"><tfr rev_id="1412588" t="гастролей"><v><l t="гастроль" id="67697"><g v="NOUN"></g><g v="inan"></g><g v="femn"></g><g v="plur"></g><g v="gent"></g></l></v></tfr></token><token id="579513" text="Александринского"><tfr rev_id="3454108" t="Александринского"><v><l t="александринский" id="8540"><g v="ADJF"></g><g v="masc"></g><g v="sing"></g><g v="gent"></g></l></v><v><l t="александринский" id="8540"><g v="ADJF"></g><g v="anim"></g><g v="masc"></g><g v="sing"></g><g v="accs"></g></l></v></tfr></token><token id="579514" text="театра"><tfr rev_id="1412590" t="театра"><v><l t="театр" id="343862"><g v="NOUN"></g><g v="inan"></g><g v="masc"></g><g v="sing"></g><g v="gent"></g></l></v></tfr></token><token id="579515" text="представит"><tfr rev_id="1412591" t="представит"><v><l t="представил" id="267099"><g v="VERB"></g><g v="perf"></g><g v="tran"></g><g v="sing"></g><g v="3per"></g><g v="futr"></g><g v="indc"></g></l></v></tfr></token><token id="579516" text="в"><tfr rev_id="1412592" t="в"><v><l t="в" id="37409"><g v="PREP"></g></l></v></tfr></token><token id="579517" text="Москве"><tfr rev_id="3550854" t="Москве"><v><l t="москва" id="163901"><g v="NOUN"></g><g v="inan"></g><g v="femn"></g><g v="Sgtm"></g><g v="Geox"></g><g v="sing"></g><g v="loct"></g></l></v></tfr></token><token id="579518" text="свою"><tfr rev_id="3632236" t="свою"><v><l t="свой" id="316379"><g v="ADJF"></g><g v="Apro"></g><g v="Anph"></g><g v="femn"></g><g v="sing"></g><g v="accs"></g></l></v></tfr></token><token id="579519" text="новую"><tfr rev_id="1412595" t="новую"><v><l t="новый" id="191918"><g v="ADJF"></g><g v="Qual"></g><g v="femn"></g><g v="sing"></g><g v="accs"></g></l></v></tfr></token><token id="579520" text="постановку"><tfr rev_id="1412596" t="постановку"><v><l t="постановка" id="262153"><g v="NOUN"></g><g v="inan"></g><g v="femn"></g><g v="sing"></g><g v="accs"></g></l></v></tfr></token><token id="579521" text="«"><tfr rev_id="2442798" t="«"><v><l t="«" id="0"><g v="PNCT"></g></l></v></tfr></token><token id="579522" text="Укрощение"><tfr rev_id="4105671" t="Укрощение"><v><l t="укрощение" id="356491"><g v="NOUN"></g><g v="inan"></g><g v="neut"></g><g v="sing"></g><g v="nomn"></g></l></v></tfr></token><token id="579523" text="строптивой"><tfr rev_id="3862041" t="строптивой"><v><l t="строптивый" id="337844"><g v="ADJF"></g><g v="Qual"></g><g v="femn"></g><g v="sing"></g><g v="gent"></g></l></v></tfr></token><token id="579524" text="»"><tfr rev_id="2442799" t="»"><v><l t="»" id="0"><g v="PNCT"></g></l></v></tfr></token><token id="579525" text="."><tfr rev_id="1412601" t="."><v><l t="." id="0"><g v="PNCT"></g></l></v></tfr></token></tokens></sentence><sentence id="32375"><source>Сразу после церемонии награждения маэстро проведёт публичный мастер-класс и дискуссию.</source><tokens><token id="579526" text="Сразу"><tfr rev_id="1412602" t="Сразу"><v><l t="сразу" id="333375"><g v="ADVB"></g></l></v></tfr></token><token id="579527" text="после"><tfr rev_id="4406377" t="после"><v><l t="после" id="261542"><g v="PREP"></g></l></v></tfr></token><token id="579528" text="церемонии"><tfr rev_id="4177253" t="церемонии"><v><l t="церемония" id="373652"><g v="NOUN"></g><g v="inan"></g><g v="femn"></g><g v="sing"></g><g v="gent"></g></l></v></tfr></token><token id="579529" text="награждения"><tfr rev_id="3473986" t="награждения"><v><l t="награждение" id="168110"><g v="NOUN"></g><g v="inan"></g><g v="neut"></g><g v="sing"></g><g v="gent"></g></l></v></tfr></token><token id="579530" text="маэстро"><tfr rev_id="4166227" t="маэстро"><v><l t="маэстро" id="156792"><g v="NOUN"></g><g v="anim"></g><g v="masc"></g><g v="Fixd"></g><g v="sing"></g><g v="nomn"></g></l></v></tfr></token><token id="579531" text="проведёт"><tfr rev_id="1412607" t="проведёт"><v><l t="провёл" id="277830"><g v="VERB"></g><g v="perf"></g><g v="tran"></g><g v="sing"></g><g v="3per"></g><g v="futr"></g><g v="indc"></g></l></v></tfr></token><token id="579532" text="публичный"><tfr rev_id="1412608" t="публичный"><v><l t="публичный" id="288858"><g v="ADJF"></g><g v="Qual"></g><g v="masc"></g><g v="sing"></g><g v="nomn"></g></l></v><v><l t="публичный" id="288858"><g v="ADJF"></g><g v="Qual"></g><g v="inan"></g><g v="masc"></g><g v="sing"></g><g v="accs"></g></l></v></tfr></token><token id="579533" text="мастер-класс"><tfr rev_id="2508381" t="мастер-класс"><v><l t="мастер-класс" id="388578"><g v="NOUN"></g><g v="inan"></g><g v="masc"></g><g v="sing"></g><g v="nomn"></g></l></v><v><l t="мастер-класс" id="388578"><g v="NOUN"></g><g v="inan"></g><g v="masc"></g><g v="sing"></g><g v="accs"></g></l></v></tfr></token><token id="579534" text="и"><tfr rev_id="3825403" t="и"><v><l t="и" id="116949"><g v="CONJ"></g></l></v></tfr></token><token id="579535" text="дискуссию"><tfr rev_id="1412611" t="дискуссию"><v><l t="дискуссия" id="84419"><g v="NOUN"></g><g v="inan"></g><g v="femn"></g><g v="sing"></g><g v="accs"></g></l></v></tfr></token><token id="579536" text="."><tfr rev_id="1412612" t="."><v><l t="." id="0"><g v="PNCT"></g></l></v></tfr></token></tokens></sentence><sentence id="32376"><source>А 14 и 15 сентября жителей и гостей столицы ждут видеопоказы спектаклей литовского режиссёра: «Эдип-царь», «Гамлет», «Путь в Дамаск», «Ромео и Джульетта», «Сон в летнюю ночь», «Мастер и Маргарита».</source><tokens><token id="579537" text="А"><tfr rev_id="3705753" t="А"><v><l t="а" id="51"><g v="CONJ"></g></l></v></tfr></token><token id="579538" text="14"><tfr rev_id="2461272" t="14"><v><l t="14" id="0"><g v="NUMB"></g></l></v></tfr></token><token id="579539" text="и"><tfr rev_id="3552064" t="и"><v><l t="и" id="116949"><g v="CONJ"></g></l></v></tfr></token><token id="579540" text="15"><tfr rev_id="2461273" t="15"><v><l t="15" id="0"><g v="NUMB"></g></l></v></tfr></token><token id="579541" text="сентября"><tfr rev_id="1412617" t="сентября"><v><l t="сентябрь" id="318866"><g v="NOUN"></g><g v="inan"></g><g v="masc"></g><g v="sing"></g><g v="gent"></g></l></v></tfr></token><token id="579542" text="жителей"><tfr rev_id="4459078" t="жителей"><v><l t="житель" id="97562"><g v="NOUN"></g><g v="anim"></g><g v="masc"></g><g v="plur"></g><g v="accs"></g></l></v></tfr></token><token id="579543" text="и"><tfr rev_id="1412619" t="и"><v><l t="и" id="116949"><g v="CONJ"></g></l></v><v><l t="и" id="116950"><g v="INTJ"></g></l></v></tfr></token><token id="579544" text="гостей"><tfr rev_id="3310076" t="гостей"><v><l t="гость" id="74145"><g v="NOUN"></g><g v="anim"></g><g v="masc"></g><g v="plur"></g><g v="accs"></g></l></v></tfr></token><token id="579545" text="столицы"><tfr rev_id="3452312" t="столицы"><v><l t="столица" id="336588"><g v="NOUN"></g><g v="inan"></g><g v="femn"></g><g v="sing"></g><g v="gent"></g></l></v></tfr></token><token id="579546" text="ждут"><tfr rev_id="1412622" t="ждут"><v><l t="жду" id="96195"><g v="VERB"></g><g v="impf"></g><g v="tran"></g><g v="plur"></g><g v="3per"></g><g v="pres"></g><g v="indc"></g></l></v></tfr></token><token id="579547" text="видеопоказы"><tfr rev_id="2931007" t="видеопоказы"><v><l t="видеопоказ" id="44520"><g v="NOUN"></g><g v="inan"></g><g v="masc"></g><g v="plur"></g><g v="nomn"></g></l></v></tfr></token><token id="579548" text="спектаклей"><tfr rev_id="1412624" t="спектаклей"><v><l t="спектакль" id="331679"><g v="NOUN"></g><g v="inan"></g><g v="masc"></g><g v="plur"></g><g v="gent"></g></l></v></tfr></token><token id="579549" text="литовского"><tfr rev_id="3539012" t="литовского"><v><l t="литовский" id="149923"><g v="ADJF"></g><g v="masc"></g><g v="sing"></g><g v="gent"></g></l></v><v><l t="литовский" id="149923"><g v="ADJF"></g><g v="anim"></g><g v="masc"></g><g v="sing"></g><g v="accs"></g></l></v></tfr></token><token id="579550" text="режиссёра"><tfr rev_id="4215984" t="режиссёра"><v><l t="режиссёр" id="305129"><g v="NOUN"></g><g v="anim"></g><g v="masc"></g><g v="sing"></g><g v="gent"></g></l></v></tfr></token><token id="579551" text=":"><tfr rev_id="1412627" t=":"><v><l t=":" id="0"><g v="PNCT"></g></l></v></tfr></token><token id="579552" text="«"><tfr rev_id="2442800" t="«"><v><l t="«" id="0"><g v="PNCT"></g></l></v></tfr></token><token id="579553" text="Эдип"><tfr rev_id="1412629" t="Эдип"><v><l t="эдип" id="383000"><g v="NOUN"></g><g v="anim"></g><g v="masc"></g><g v="Name"></g><g v="sing"></g><g v="nomn"></g></l></v></tfr></token><token id="579554" text="-"><tfr rev_id="1412630" t="-"><v><l t="-" id="0"><g v="PNCT"></g></l></v></tfr></token><token id="579555" text="царь"><tfr rev_id="1412631" t="царь"><v><l t="царь" id="372826"><g v="NOUN"></g><g v="anim"></g><g v="masc"></g><g v="sing"></g><g v="nomn"></g></l></v></tfr></token><token id="579556" text="»"><tfr rev_id="2442801" t="»"><v><l t="»" id="0"><g v="PNCT"></g></l></v></tfr></token><token id="579557" text=","><tfr rev_id="1412633" t=","><v><l t="," id="0"><g v="PNCT"></g></l></v></tfr></token><token id="579558" text="«"><tfr rev_id="2442802" t="«"><v><l t="«" id="0"><g v="PNCT"></g></l></v></tfr></token><token id="579559" text="Гамлет"><tfr rev_id="1412635" t="Гамлет"><v><l t="гамлет" id="66944"><g v="NOUN"></g><g v="anim"></g><g v="masc"></g><g v="Name"></g><g v="sing"></g><g v="nomn"></g></l></v></tfr></token><token id="579560" text="»"><tfr rev_id="2442803" t="»"><v><l t="»" id="0"><g v="PNCT"></g></l></v></tfr></token><token id="579561" text=","><tfr rev_id="1412637" t=","><v><l t="," id="0"><g v="PNCT"></g></l></v></tfr></token><token id="579562" text="«"><tfr rev_id="2442804" t="«"><v><l t="«" id="0"><g v="PNCT"></g></l></v></tfr></token><token id="579563" text="Путь"><tfr rev_id="1412639" t="Путь"><v><l t="путь" id="289625"><g v="NOUN"></g><g v="inan"></g><g v="masc"></g><g v="sing"></g><g v="nomn"></g></l></v><v><l t="путь" id="289625"><g v="NOUN"></g><g v="inan"></g><g v="masc"></g><g v="sing"></g><g v="accs"></g></l></v></tfr></token><token id="579564" text="в"><tfr rev_id="1412640" t="в"><v><l t="в" id="37409"><g v="PREP"></g></l></v></tfr></token><token id="579565" text="Дамаск"><tfr rev_id="4505302" t="Дамаск"><v><l t="дамаск" id="78079"><g v="NOUN"></g><g v="inan"></g><g v="masc"></g><g v="Geox"></g><g v="sing"></g><g v="nomn"></g></l></v></tfr></token><token id="579566" text="»"><tfr rev_id="2442805" t="»"><v><l t="»" id="0"><g v="PNCT"></g></l></v></tfr></token><token id="579567" text=","><tfr rev_id="1412643" t=","><v><l t="," id="0"><g v="PNCT"></g></l></v></tfr></token><token id="579568" text="«"><tfr rev_id="2442806" t="«"><v><l t="«" id="0"><g v="PNCT"></g></l></v></tfr></token><token id="579569" text="Ромео"><tfr rev_id="3807480" t="Ромео"><v><l t="ромео" id="308991"><g v="NOUN"></g><g v="anim"></g><g v="masc"></g><g v="Fixd"></g><g v="Name"></g><g v="sing"></g><g v="nomn"></g></l></v></tfr></token><token id="579570" text="и"><tfr rev_id="3529840" t="и"><v><l t="и" id="116949"><g v="CONJ"></g></l></v></tfr></token><token id="579571" text="Джульетта"><tfr rev_id="1412647" t="Джульетта"><v><l t="джульетта" id="83166"><g v="NOUN"></g><g v="anim"></g><g v="femn"></g><g v="Name"></g><g v="sing"></g><g v="nomn"></g></l></v></tfr></token><token id="579572" text="»"><tfr rev_id="2442807" t="»"><v><l t="»" id="0"><g v="PNCT"></g></l></v></tfr></token><token id="579573" text=","><tfr rev_id="1412649" t=","><v><l t="," id="0"><g v="PNCT"></g></l></v></tfr></token><token id="579574" text="«"><tfr rev_id="2442808" t="«"><v><l t="«" id="0"><g v="PNCT"></g></l></v></tfr></token><token id="579575" text="Сон"><tfr rev_id="3467295" t="Сон"><v><l t="сон" id="329403"><g v="NOUN"></g><g v="inan"></g><g v="masc"></g><g v="sing"></g><g v="nomn"></g></l></v></tfr></token><token id="579576" text="в"><tfr rev_id="1412652" t="в"><v><l t="в" id="37409"><g v="PREP"></g></l></v></tfr></token><token id="579577" text="летнюю"><tfr rev_id="1412653" t="летнюю"><v><l t="летний" id="148685"><g v="ADJF"></g><g v="femn"></g><g v="sing"></g><g v="accs"></g></l></v></tfr></token><token id="579578" text="ночь"><tfr rev_id="1412654" t="ночь"><v><l t="ночь" id="192469"><g v="NOUN"></g><g v="inan"></g><g v="femn"></g><g v="sing"></g><g v="nomn"></g></l></v><v><l t="ночь" id="192469"><g v="NOUN"></g><g v="inan"></g><g v="femn"></g><g v="sing"></g><g v="accs"></g></l></v></tfr></token><token id="579579" text="»"><tfr rev_id="2442809" t="»"><v><l t="»" id="0"><g v="PNCT"></g></l></v></tfr></token><token id="579580" text=","><tfr rev_id="1412656" t=","><v><l t="," id="0"><g v="PNCT"></g></l></v></tfr></token><token id="579581" text="«"><tfr rev_id="2442810" t="«"><v><l t="«" id="0"><g v="PNCT"></g></l></v></tfr></token><token id="579582" text="Мастер"><tfr rev_id="1412658" t="Мастер"><v><l t="мастер" id="156069"><g v="NOUN"></g><g v="anim"></g><g v="masc"></g><g v="sing"></g><g v="nomn"></g></l></v></tfr></token><token id="579583" text="и"><tfr rev_id="1412659" t="и"><v><l t="и" id="116949"><g v="CONJ"></g></l></v><v><l t="и" id="116950"><g v="INTJ"></g></l></v></tfr></token><token id="579584" text="Маргарита"><tfr rev_id="3492830" t="Маргарита"><v><l t="маргарита" id="155054"><g v="NOUN"></g><g v="anim"></g><g v="femn"></g><g v="Name"></g><g v="sing"></g><g v="nomn"></g></l></v></tfr></token><token id="579585" text="»"><tfr rev_id="2442811" t="»"><v><l t="»" id="0"><g v="PNCT"></g></l></v></tfr></token><token id="579586" text="."><tfr rev_id="1412662" t="."><v><l t="." id="0"><g v="PNCT"></g></l></v></tfr></token></tokens></sentence></paragraph><paragraph id="10310"><sentence id="32377"><source>Оскарас Коршуновас принадлежит к поколению европейских режиссёров, получивших признание в целом ряде международных проектов и культурных инициатив, случившихся после падения Берлинской стены, давшего театру Европы новую энергию.</source><tokens><token id="579587" text="Оскарас"><tfr rev_id="1412663" t="Оскарас"><v><l t="оскарас" id="0"><g v="UNKN"></g></l></v></tfr></token><token id="579588" text="Коршуновас"><tfr rev_id="1412664" t="Коршуновас"><v><l t="коршуновас" id="0"><g v="UNKN"></g></l></v></tfr></token><token id="579589" text="принадлежит"><tfr rev_id="1412665" t="принадлежит"><v><l t="принадлежу" id="272409"><g v="VERB"></g><g v="impf"></g><g v="intr"></g><g v="sing"></g><g v="3per"></g><g v="pres"></g><g v="indc"></g></l></v></tfr></token><token id="579590" text="к"><tfr rev_id="1412666" t="к"><v><l t="к" id="127460"><g v="PREP"></g></l></v></tfr></token><token id="579591" text="поколению"><tfr rev_id="1412667" t="поколению"><v><l t="поколение" id="254517"><g v="NOUN"></g><g v="inan"></g><g v="neut"></g><g v="sing"></g><g v="datv"></g></l></v></tfr></token><token id="579592" text="европейских"><tfr rev_id="4409159" t="европейских"><v><l t="европейский" id="94034"><g v="ADJF"></g><g v="plur"></g><g v="gent"></g></l></v></tfr></token><token id="579593" text="режиссёров"><tfr rev_id="4202484" t="режиссёров"><v><l t="режиссёр" id="305129"><g v="NOUN"></g><g v="anim"></g><g v="masc"></g><g v="plur"></g><g v="gent"></g></l></v></tfr></token><token id="579594" text=","><tfr rev_id="1412670" t=","><v><l t="," id="0"><g v="PNCT"></g></l></v></tfr></token><token id="579595" text="получивших"><tfr rev_id="3944290" t="получивших"><v><l t="получивший" id="256961"><g v="PRTF"></g><g v="perf"></g><g v="tran"></g><g v="past"></g><g v="actv"></g><g v="plur"></g><g v="gent"></g></l></v></tfr></token><token id="579596" text="признание"><tfr rev_id="1412672" t="признание"><v><l t="признание" id="270639"><g v="NOUN"></g><g v="inan"></g><g v="neut"></g><g v="sing"></g><g v="nomn"></g></l></v><v><l t="признание" id="270639"><g v="NOUN"></g><g v="inan"></g><g v="neut"></g><g v="sing"></g><g v="accs"></g></l></v></tfr></token><token id="579597" text="в"><tfr rev_id="1412673" t="в"><v><l t="в" id="37409"><g v="PREP"></g></l></v></tfr></token><token id="579598" text="целом"><tfr rev_id="4309139" t="целом"><v><l t="целый" id="373212"><g v="ADJF"></g><g v="Qual"></g><g v="masc"></g><g v="sing"></g><g v="loct"></g></l></v></tfr></token><token id="579599" text="ряде"><tfr rev_id="1412675" t="ряде"><v><l t="ряд" id="311045"><g v="NOUN"></g><g v="inan"></g><g v="masc"></g><g v="sing"></g><g v="loc1"></g></l></v></tfr></token><token id="579600" text="международных"><tfr rev_id="4355935" t="международных"><v><l t="международный" id="157346"><g v="ADJF"></g><g v="plur"></g><g v="gent"></g></l></v></tfr></token><token id="579601" text="проектов"><tfr rev_id="1412677" t="проектов"><v><l t="проект" id="279545"><g v="NOUN"></g><g v="inan"></g><g v="masc"></g><g v="plur"></g><g v="gent"></g></l></v></tfr></token><token id="579602" text="и"><tfr rev_id="1412678" t="и"><v><l t="и" id="116949"><g v="CONJ"></g></l></v><v><l t="и" id="116950"><g v="INTJ"></g></l></v></tfr></token><token id="579603" text="культурных"><tfr rev_id="3824174" t="культурных"><v><l t="культурный" id="144857"><g v="ADJF"></g><g v="Qual"></g><g v="plur"></g><g v="gent"></g></l></v></tfr></token><token id="579604" text="инициатив"><tfr rev_id="1412680" t="инициатив"><v><l t="инициатива" id="122496"><g v="NOUN"></g><g v="inan"></g><g v="femn"></g><g v="plur"></g><g v="gent"></g></l></v></tfr></token><token id="579605" text=","><tfr rev_id="1412681" t=","><v><l t="," id="0"><g v="PNCT"></g></l></v></tfr></token><token id="579606" text="случившихся"><tfr rev_id="3944148" t="случившихся"><v><l t="случившийся" id="325500"><g v="PRTF"></g><g v="perf"></g><g v="intr"></g><g v="past"></g><g v="actv"></g><g v="plur"></g><g v="gent"></g></l></v></tfr></token><token id="579607" text="после"><tfr rev_id="4407301" t="после"><v><l t="после" id="261542"><g v="PREP"></g></l></v></tfr></token><token id="579608" text="падения"><tfr rev_id="3447912" t="падения"><v><l t="падение" id="222518"><g v="NOUN"></g><g v="inan"></g><g v="neut"></g><g v="sing"></g><g v="gent"></g></l></v></tfr></token><token id="579609" text="Берлинской"><tfr rev_id="4425654" t="Берлинской"><v><l t="берлинский" id="27993"><g v="ADJF"></g><g v="femn"></g><g v="sing"></g><g v="gent"></g></l></v></tfr></token><token id="579610" text="стены"><tfr rev_id="3433871" t="стены"><v><l t="стена" id="335683"><g v="NOUN"></g><g v="inan"></g><g v="femn"></g><g v="sing"></g><g v="gent"></g></l></v></tfr></token><token id="579611" text=","><tfr rev_id="1412687" t=","><v><l t="," id="0"><g v="PNCT"></g></l></v></tfr></token><token id="579612" text="давшего"><tfr rev_id="3443132" t="давшего"><v><l t="давший" id="78548"><g v="PRTF"></g><g v="perf"></g><g v="tran"></g><g v="past"></g><g v="actv"></g><g v="neut"></g><g v="sing"></g><g v="gent"></g></l></v></tfr></token><token id="579613" text="театру"><tfr rev_id="1412689" t="театру"><v><l t="театр" id="343862"><g v="NOUN"></g><g v="inan"></g><g v="masc"></g><g v="sing"></g><g v="datv"></g></l></v></tfr></token><token id="579614" text="Европы"><tfr rev_id="1412690" t="Европы"><v><l t="европа" id="94019"><g v="NOUN"></g><g v="inan"></g><g v="femn"></g><g v="Sgtm"></g><g v="Geox"></g><g v="sing"></g><g v="gent"></g></l></v></tfr></token><token id="579615" text="новую"><tfr rev_id="1412691" t="новую"><v><l t="новый" id="191918"><g v="ADJF"></g><g v="Qual"></g><g v="femn"></g><g v="sing"></g><g v="accs"></g></l></v></tfr></token><token id="579616" text="энергию"><tfr rev_id="1412692" t="энергию"><v><l t="энергия" id="385504"><g v="NOUN"></g><g v="inan"></g><g v="femn"></g><g v="sing"></g><g v="accs"></g></l></v></tfr></token><token id="579617" text="."><tfr rev_id="1412693" t="."><v><l t="." id="0"><g v="PNCT"></g></l></v></tfr></token></tokens></sentence><sentence id="32378"><source>С 1990 года Коршуновас осуществил постановку около 30 спектаклей в Литве и по всему миру.</source><tokens><token id="579618" text="С"><tfr rev_id="1412694" t="С"><v><l t="с" id="311151"><g v="PREP"></g></l></v></tfr></token><token id="579619" text="1990"><tfr rev_id="2461274" t="1990"><v><l t="1990" id="0"><g v="NUMB"></g></l></v></tfr></token><token id="579620" text="года"><tfr rev_id="3506967" t="года"><v><l t="год" id="72149"><g v="NOUN"></g><g v="inan"></g><g v="masc"></g><g v="sing"></g><g v="gen1"></g></l></v></tfr></token><token id="579621" text="Коршуновас"><tfr rev_id="1412697" t="Коршуновас"><v><l t="коршуновас" id="0"><g v="UNKN"></g></l></v></tfr></token><token id="579622" text="осуществил"><tfr rev_id="1412698" t="осуществил"><v><l t="осуществил" id="211528"><g v="VERB"></g><g v="perf"></g><g v="tran"></g><g v="masc"></g><g v="sing"></g><g v="past"></g><g v="indc"></g></l></v></tfr></token><token id="579623" text="постановку"><tfr rev_id="1412699" t="постановку"><v><l t="постановка" id="262153"><g v="NOUN"></g><g v="inan"></g><g v="femn"></g><g v="sing"></g><g v="accs"></g></l></v></tfr></token><token id="579624" text="около"><tfr rev_id="4320079" t="около"><v><l t="около" id="205005"><g v="PREP"></g></l></v></tfr></token><token id="579625" text="30"><tfr rev_id="2461275" t="30"><v><l t="30" id="0"><g v="NUMB"></g></l></v></tfr></token><token id="579626" text="спектаклей"><tfr rev_id="1412702" t="спектаклей"><v><l t="спектакль" id="331679"><g v="NOUN"></g><g v="inan"></g><g v="masc"></g><g v="plur"></g><g v="gent"></g></l></v></tfr></token><token id="579627" text="в"><tfr rev_id="1412703" t="в"><v><l t="в" id="37409"><g v="PREP"></g></l></v></tfr></token><token id="579628" text="Литве"><tfr rev_id="3550063" t="Литве"><v><l t="литва" id="149833"><g v="NOUN"></g><g v="inan"></g><g v="femn"></g><g v="Sgtm"></g><g v="Geox"></g><g v="sing"></g><g v="loct"></g></l></v></tfr></token><token id="579629" text="и"><tfr rev_id="1412705" t="и"><v><l t="и" id="116949"><g v="CONJ"></g></l></v><v><l t="и" id="116950"><g v="INTJ"></g></l></v></tfr></token><token id="579630" text="по"><tfr rev_id="1412706" t="по"><v><l t="по" id="241240"><g v="PREP"></g></l></v></tfr></token><token id="579631" text="всему"><tfr rev_id="4130228" t="всему"><v><l t="весь" id="42156"><g v="ADJF"></g><g v="Subx"></g><g v="Apro"></g><g v="masc"></g><g v="sing"></g><g v="datv"></g></l></v></tfr></token><token id="579632" text="миру"><tfr rev_id="3718595" t="миру"><v><l t="мир" id="160807"><g v="NOUN"></g><g v="inan"></g><g v="masc"></g><g v="sing"></g><g v="datv"></g></l></v></tfr></token><token id="579633" text="."><tfr rev_id="1412709" t="."><v><l t="." id="0"><g v="PNCT"></g></l></v></tfr></token></tokens></sentence><sentence id="32379"><source>Спектакли Коршуноваса побывали на фестивалях Европы, Америки, Азии, Австралии.</source><tokens><token id="579634" text="Спектакли"><tfr rev_id="3749861" t="Спектакли"><v><l t="спектакль" id="331679"><g v="NOUN"></g><g v="inan"></g><g v="masc"></g><g v="plur"></g><g v="nomn"></g></l></v></tfr></token><token id="579635" text="Коршуноваса"><tfr rev_id="1412711" t="Коршуноваса"><v><l t="коршуноваса" id="0"><g v="UNKN"></g></l></v></tfr></token><token id="579636" text="побывали"><tfr rev_id="1412712" t="побывали"><v><l t="побывал" id="241937"><g v="VERB"></g><g v="perf"></g><g v="intr"></g><g v="plur"></g><g v="past"></g><g v="indc"></g></l></v></tfr></token><token id="579637" text="на"><tfr rev_id="3337674" t="на"><v><l t="на" id="166264"><g v="PREP"></g></l></v></tfr></token><token id="579638" text="фестивалях"><tfr rev_id="1412714" t="фестивалях"><v><l t="фестиваль" id="365486"><g v="NOUN"></g><g v="inan"></g><g v="masc"></g><g v="plur"></g><g v="loct"></g></l></v></tfr></token><token id="579639" text="Европы"><tfr rev_id="1412715" t="Европы"><v><l t="европа" id="94019"><g v="NOUN"></g><g v="inan"></g><g v="femn"></g><g v="Sgtm"></g><g v="Geox"></g><g v="sing"></g><g v="gent"></g></l></v></tfr></token><token id="579640" text=","><tfr rev_id="1412716" t=","><v><l t="," id="0"><g v="PNCT"></g></l></v></tfr></token><token id="579641" text="Америки"><tfr rev_id="1412717" t="Америки"><v><l t="америка" id="11393"><g v="NOUN"></g><g v="inan"></g><g v="femn"></g><g v="Sgtm"></g><g v="Geox"></g><g v="sing"></g><g v="gent"></g></l></v></tfr></token><token id="579642" text=","><tfr rev_id="1412718" t=","><v><l t="," id="0"><g v="PNCT"></g></l></v></tfr></token><token id="579643" text="Азии"><tfr rev_id="3456826" t="Азии"><v><l t="азия" id="5800"><g v="NOUN"></g><g v="inan"></g><g v="femn"></g><g v="Sgtm"></g><g v="Geox"></g><g v="sing"></g><g v="gent"></g></l></v></tfr></token><token id="579644" text=","><tfr rev_id="1412720" t=","><v><l t="," id="0"><g v="PNCT"></g></l></v></tfr></token><token id="579645" text="Австралии"><tfr rev_id="3455345" t="Австралии"><v><l t="австралия" id="2948"><g v="NOUN"></g><g v="inan"></g><g v="femn"></g><g v="Sgtm"></g><g v="Geox"></g><g v="sing"></g><g v="gent"></g></l></v></tfr></token><token id="579646" text="."><tfr rev_id="1412722" t="."><v><l t="." id="0"><g v="PNCT"></g></l></v></tfr></token></tokens></sentence><sentence id="32380"><source>В последние годы самые тесные творческие контакты установились с Польшей, Латвией, Россией, Финляндией, Швецией и Норвегией.</source><tokens><token id="579647" text="В"><tfr rev_id="1412723" t="В"><v><l t="в" id="37409"><g v="PREP"></g></l></v></tfr></token><token id="579648" text="последние"><tfr rev_id="3813443" t="последние"><v><l t="последний" id="261565"><g v="ADJF"></g><g v="inan"></g><g v="plur"></g><g v="accs"></g></l></v></tfr></token><token id="579649" text="годы"><tfr rev_id="3757325" t="годы"><v><l t="год" id="72149"><g v="NOUN"></g><g v="inan"></g><g v="masc"></g><g v="plur"></g><g v="accs"></g></l></v></tfr></token><token id="579650" text="самые"><tfr rev_id="3767746" t="самые"><v><l t="самый" id="313174"><g v="ADJF"></g><g v="Apro"></g><g v="plur"></g><g v="nomn"></g></l></v></tfr></token><token id="579651" text="тесные"><tfr rev_id="3816220" t="тесные"><v><l t="тесный" id="345741"><g v="ADJF"></g><g v="Qual"></g><g v="plur"></g><g v="nomn"></g></l></v></tfr></token><token id="579652" text="творческие"><tfr rev_id="3814733" t="творческие"><v><l t="творческий" id="343859"><g v="ADJF"></g><g v="plur"></g><g v="nomn"></g></l></v></tfr></token><token id="579653" text="контакты"><tfr rev_id="3751256" t="контакты"><v><l t="контакт" id="138320"><g v="NOUN"></g><g v="inan"></g><g v="masc"></g><g v="plur"></g><g v="nomn"></g></l></v></tfr></token><token id="579654" text="установились"><tfr rev_id="1412730" t="установились"><v><l t="установился" id="360987"><g v="VERB"></g><g v="perf"></g><g v="intr"></g><g v="plur"></g><g v="past"></g><g v="indc"></g></l></v></tfr></token><token id="579655" text="с"><tfr rev_id="1412731" t="с"><v><l t="с" id="311151"><g v="PREP"></g></l></v></tfr></token><token id="579656" text="Польшей"><tfr rev_id="1412732" t="Польшей"><v><l t="польша" id="257111"><g v="NOUN"></g><g v="inan"></g><g v="femn"></g><g v="Sgtm"></g><g v="Geox"></g><g v="sing"></g><g v="ablt"></g></l></v></tfr></token><token id="579657" text=","><tfr rev_id="1412733" t=","><v><l t="," id="0"><g v="PNCT"></g></l></v></tfr></token><token id="579658" text="Латвией"><tfr rev_id="3785926" t="Латвией"><v><l t="латвия" id="147064"><g v="NOUN"></g><g v="inan"></g><g v="femn"></g><g v="Geox"></g><g v="sing"></g><g v="ablt"></g></l></v></tfr></token><token id="579659" text=","><tfr rev_id="1412735" t=","><v><l t="," id="0"><g v="PNCT"></g></l></v></tfr></token><token id="579660" text="Россией"><tfr rev_id="1412736" t="Россией"><v><l t="россия" id="309322"><g v="NOUN"></g><g v="inan"></g><g v="femn"></g><g v="Sgtm"></g><g v="Geox"></g><g v="sing"></g><g v="ablt"></g></l></v></tfr></token><token id="579661" text=","><tfr rev_id="1412737" t=","><v><l t="," id="0"><g v="PNCT"></g></l></v></tfr></token><token id="579662" text="Финляндией"><tfr rev_id="1412738" t="Финляндией"><v><l t="финляндия" id="366154"><g v="NOUN"></g><g v="inan"></g><g v="femn"></g><g v="Sgtm"></g><g v="Geox"></g><g v="sing"></g><g v="ablt"></g></l></v></tfr></token><token id="579663" text=","><tfr rev_id="1412739" t=","><v><l t="," id="0"><g v="PNCT"></g></l></v></tfr></token><token id="579664" text="Швецией"><tfr rev_id="1412740" t="Швецией"><v><l t="швеция" id="378803"><g v="NOUN"></g><g v="inan"></g><g v="femn"></g><g v="Sgtm"></g><g v="Geox"></g><g v="sing"></g><g v="ablt"></g></l></v></tfr></token><token id="579665" text="и"><tfr rev_id="3712310" t="и"><v><l t="и" id="116949"><g v="CONJ"></g></l></v></tfr></token><token id="579666" text="Норвегией"><tfr rev_id="1412742" t="Норвегией"><v><l t="норвегия" id="192133"><g v="NOUN"></g><g v="inan"></g><g v="femn"></g><g v="Sgtm"></g><g v="Geox"></g><g v="sing"></g><g v="ablt"></g></l></v></tfr></token><token id="579667" text="."><tfr rev_id="1412743" t="."><v><l t="." id="0"><g v="PNCT"></g></l></v></tfr></token></tokens></sentence><sentence id="32381"><source>Коршуновас много работал в Королевском театре Стокгольма и Национальном театре Осло над постановками пьес Юна Фоссе, Сары Кейн, обэриутов, Шекспира и Стриндберга.</source><tokens><token id="579668" text="Коршуновас"><tfr rev_id="1412744" t="Коршуновас"><v><l t="коршуновас" id="0"><g v="UNKN"></g></l></v></tfr></token><token id="579669" text="много"><tfr rev_id="4177801" t="много"><v><l t="много" id="161428"><g v="ADVB"></g><g v="Prdx"></g></l></v></tfr></token><token id="579670" text="работал"><tfr rev_id="1412746" t="работал"><v><l t="работаю" id="290502"><g v="VERB"></g><g v="impf"></g><g v="intr"></g><g v="masc"></g><g v="sing"></g><g v="past"></g><g v="indc"></g></l></v></tfr></token><token id="579671" text="в"><tfr rev_id="1412747" t="в"><v><l t="в" id="37409"><g v="PREP"></g></l></v></tfr></token><token id="579672" text="Королевском"><tfr rev_id="3449090" t="Королевском"><v><l t="королевский" id="139924"><g v="ADJF"></g><g v="masc"></g><g v="sing"></g><g v="loct"></g></l></v></tfr></token><token id="579673" text="театре"><tfr rev_id="1412749" t="театре"><v><l t="театр" id="343862"><g v="NOUN"></g><g v="inan"></g><g v="masc"></g><g v="sing"></g><g v="loct"></g></l></v></tfr></token><token id="579674" text="Стокгольма"><tfr rev_id="1412750" t="Стокгольма"><v><l t="стокгольм" id="336498"><g v="NOUN"></g><g v="inan"></g><g v="masc"></g><g v="Geox"></g><g v="sing"></g><g v="gent"></g></l></v></tfr></token><token id="579675" text="и"><tfr rev_id="3813511" t="и"><v><l t="и" id="116949"><g v="CONJ"></g></l></v></tfr></token><token id="579676" text="Национальном"><tfr rev_id="4161263" t="Национальном"><v><l t="национальный" id="178150"><g v="ADJF"></g><g v="masc"></g><g v="sing"></g><g v="loct"></g></l></v></tfr></token><token id="579677" text="театре"><tfr rev_id="1412753" t="театре"><v><l t="театр" id="343862"><g v="NOUN"></g><g v="inan"></g><g v="masc"></g><g v="sing"></g><g v="loct"></g></l></v></tfr></token><token id="579678" text="Осло"><tfr rev_id="3674207" t="Осло"><v><l t="осло" id="210358"><g v="NOUN"></g><g v="inan"></g><g v="masc"></g><g v="Sgtm"></g><g v="Fixd"></g><g v="Geox"></g><g v="sing"></g><g v="gent"></g></l></v></tfr></token><token id="579679" text="над"><tfr rev_id="1412755" t="над"><v><l t="над" id="168356"><g v="PREP"></g></l></v></tfr></token><token id="579680" text="постановками"><tfr rev_id="1412756" t="постановками"><v><l t="постановка" id="262153"><g v="NOUN"></g><g v="inan"></g><g v="femn"></g><g v="plur"></g><g v="ablt"></g></l></v></tfr></token><token id="579681" text="пьес"><tfr rev_id="1412757" t="пьес"><v><l t="пьеса" id="290173"><g v="NOUN"></g><g v="inan"></g><g v="femn"></g><g v="plur"></g><g v="gent"></g></l></v></tfr></token><token id="579682" text="Юна"><tfr rev_id="4534860" t="Юна"><v><l t="Юна" id="0"><g v="UNKN"></g></l></v></tfr></token><token id="579683" text="Фоссе"><tfr rev_id="4534861" t="Фоссе"><v><l t="Фоссе" id="0"><g v="UNKN"></g></l></v></tfr></token><token id="579684" text=","><tfr rev_id="1412760" t=","><v><l t="," id="0"><g v="PNCT"></g></l></v></tfr></token><token id="579685" text="Сары"><tfr rev_id="3524710" t="Сары"><v><l t="сара" id="313556"><g v="NOUN"></g><g v="anim"></g><g v="femn"></g><g v="Name"></g><g v="sing"></g><g v="gent"></g></l></v></tfr></token><token id="579686" text="Кейн"><tfr rev_id="1412762" t="Кейн"><v><l t="кейн" id="0"><g v="UNKN"></g></l></v></tfr></token><token id="579687" text=","><tfr rev_id="1412763" t=","><v><l t="," id="0"><g v="PNCT"></g></l></v></tfr></token><token id="579688" text="обэриутов"><tfr rev_id="4533931" t="обэриутов"><v><l t="обэриут" id="392196"><g v="NOUN"></g><g v="anim"></g><g v="masc"></g><g v="plur"></g><g v="accs"></g></l></v><v><l t="обэриут" id="392196"><g v="NOUN"></g><g v="anim"></g><g v="masc"></g><g v="plur"></g><g v="gent"></g></l></v></tfr></token><token id="579689" text=","><tfr rev_id="1412765" t=","><v><l t="," id="0"><g v="PNCT"></g></l></v></tfr></token><token id="579690" text="Шекспира"><tfr rev_id="3886697" t="Шекспира"><v><l t="шекспир" id="378958"><g v="NOUN"></g><g v="anim"></g><g v="masc"></g><g v="Sgtm"></g><g v="Surn"></g><g v="sing"></g><g v="gent"></g></l></v></tfr></token><token id="579691" text="и"><tfr rev_id="1412767" t="и"><v><l t="и" id="116949"><g v="CONJ"></g></l></v><v><l t="и" id="116950"><g v="INTJ"></g></l></v></tfr></token><token id="579692" text="Стриндберга"><tfr rev_id="1412768" t="Стриндберга"><v><l t="стриндберга" id="0"><g v="UNKN"></g></l></v></tfr></token><token id="579693" text="."><tfr rev_id="1412769" t="."><v><l t="." id="0"><g v="PNCT"></g></l></v></tfr></token></tokens></sentence><sentence id="32382"><source>Проект «Дорога в Дамаск» по двухчастной пьесе Августа Стриндберга был осуществлён в Национальном театре Осло (2006) и в Театре драмы в Клайпеде (2007).</source><tokens><token id="579694" text="Проект"><tfr rev_id="4106864" t="Проект"><v><l t="проект" id="279545"><g v="NOUN"></g><g v="inan"></g><g v="masc"></g><g v="sing"></g><g v="nomn"></g></l></v></tfr></token><token id="579695" text="«"><tfr rev_id="2442812" t="«"><v><l t="«" id="0"><g v="PNCT"></g></l></v></tfr></token><token id="579696" text="Дорога"><tfr rev_id="2703080" t="Дорога"><v><l t="дорога" id="89707"><g v="NOUN"></g><g v="inan"></g><g v="femn"></g><g v="sing"></g><g v="nomn"></g></l></v></tfr></token><token id="579697" text="в"><tfr rev_id="1412773" t="в"><v><l t="в" id="37409"><g v="PREP"></g></l></v></tfr></token><token id="579698" text="Дамаск"><tfr rev_id="4467901" t="Дамаск"><v><l t="дамаск" id="78079"><g v="NOUN"></g><g v="inan"></g><g v="masc"></g><g v="Geox"></g><g v="sing"></g><g v="accs"></g></l></v></tfr></token><token id="579699" text="»"><tfr rev_id="2442813" t="»"><v><l t="»" id="0"><g v="PNCT"></g></l></v></tfr></token><token id="579700" text="по"><tfr rev_id="1412776" t="по"><v><l t="по" id="241240"><g v="PREP"></g></l></v></tfr></token><token id="579701" text="двухчастной"><tfr rev_id="1412777" t="двухчастной"><v><l t="двухчастной" id="0"><g v="UNKN"></g></l></v></tfr></token><token id="579702" text="пьесе"><tfr rev_id="3551700" t="пьесе"><v><l t="пьеса" id="290173"><g v="NOUN"></g><g v="inan"></g><g v="femn"></g><g v="sing"></g><g v="datv"></g></l></v></tfr></token><token id="579703" text="Августа"><tfr rev_id="4425852" t="Августа"><v><l t="август" id="390364"><g v="NOUN"></g><g v="anim"></g><g v="masc"></g><g v="Name"></g><g v="sing"></g><g v="gent"></g></l></v></tfr></token><token id="579704" text="Стриндберга"><tfr rev_id="1412780" t="Стриндберга"><v><l t="стриндберга" id="0"><g v="UNKN"></g></l></v></tfr></token><token id="579705" text="был"><tfr rev_id="1412781" t="был"><v><l t="есть" id="37265"><g v="VERB"></g><g v="impf"></g><g v="intr"></g><g v="masc"></g><g v="sing"></g><g v="past"></g><g v="indc"></g></l></v></tfr></token><token id="579706" text="осуществлён"><tfr rev_id="1412782" t="осуществлён"><v><l t="осуществлён" id="211532"><g v="PRTS"></g><g v="perf"></g><g v="past"></g><g v="pssv"></g><g v="masc"></g><g v="sing"></g></l></v></tfr></token><token id="579707" text="в"><tfr rev_id="1412783" t="в"><v><l t="в" id="37409"><g v="PREP"></g></l></v></tfr></token><token id="579708" text="Национальном"><tfr rev_id="3408335" t="Национальном"><v><l t="национальный" id="178150"><g v="ADJF"></g><g v="masc"></g><g v="sing"></g><g v="loct"></g></l></v></tfr></token><token id="579709" text="театре"><tfr rev_id="1412785" t="театре"><v><l t="театр" id="343862"><g v="NOUN"></g><g v="inan"></g><g v="masc"></g><g v="sing"></g><g v="loct"></g></l></v></tfr></token><token id="579710" text="Осло"><tfr rev_id="3496504" t="Осло"><v><l t="осло" id="210358"><g v="NOUN"></g><g v="inan"></g><g v="masc"></g><g v="Sgtm"></g><g v="Fixd"></g><g v="Geox"></g><g v="sing"></g><g v="gent"></g></l></v></tfr></token><token id="579711" text="("><tfr rev_id="1412787" t="("><v><l t="(" id="0"><g v="PNCT"></g></l></v></tfr></token><token id="579712" text="2006"><tfr rev_id="2461276" t="2006"><v><l t="2006" id="0"><g v="NUMB"></g></l></v></tfr></token><token id="579713" text=")"><tfr rev_id="1412789" t=")"><v><l t=")" id="0"><g v="PNCT"></g></l></v></tfr></token><token id="579714" text="и"><tfr rev_id="1412790" t="и"><v><l t="и" id="116949"><g v="CONJ"></g></l></v><v><l t="и" id="116950"><g v="INTJ"></g></l></v></tfr></token><token id="579715" text="в"><tfr rev_id="1412791" t="в"><v><l t="в" id="37409"><g v="PREP"></g></l></v></tfr></token><token id="579716" text="Театре"><tfr rev_id="1412792" t="Театре"><v><l t="театр" id="343862"><g v="NOUN"></g><g v="inan"></g><g v="masc"></g><g v="sing"></g><g v="loct"></g></l></v></tfr></token><token id="579717" text="драмы"><tfr rev_id="2693458" t="драмы"><v><l t="драма" id="91710"><g v="NOUN"></g><g v="inan"></g><g v="femn"></g><g v="sing"></g><g v="gent"></g></l></v></tfr></token><token id="579718" text="в"><tfr rev_id="1412794" t="в"><v><l t="в" id="37409"><g v="PREP"></g></l></v></tfr></token><token id="579719" text="Клайпеде"><tfr rev_id="2605674" t="Клайпеде"><v><l t="клайпеда" id="133842"><g v="NOUN"></g><g v="inan"></g><g v="femn"></g><g v="Sgtm"></g><g v="Geox"></g><g v="sing"></g><g v="loct"></g></l></v></tfr></token><token id="579720" text="("><tfr rev_id="1412796" t="("><v><l t="(" id="0"><g v="PNCT"></g></l></v></tfr></token><token id="579721" text="2007"><tfr rev_id="2461277" t="2007"><v><l t="2007" id="0"><g v="NUMB"></g></l></v></tfr></token><token id="579722" text=")"><tfr rev_id="1412798" t=")"><v><l t=")" id="0"><g v="PNCT"></g></l></v></tfr></token><token id="579723" text="."><tfr rev_id="1412799" t="."><v><l t="." id="0"><g v="PNCT"></g></l></v></tfr></token></tokens></sentence><sentence id="32383"><source>В 2005 году поставил в театре Et cetera п/р Александра Калягина (Москва) пьесу Сухово-Кобылина «Смерть Тарелкина».</source><tokens><token id="579724" text="В"><tfr rev_id="1412800" t="В"><v><l t="в" id="37409"><g v="PREP"></g></l></v></tfr></token><token id="579725" text="2005"><tfr rev_id="2461278" t="2005"><v><l t="2005" id="0"><g v="NUMB"></g></l></v></tfr></token><token id="579726" text="году"><tfr rev_id="2928039" t="году"><v><l t="год" id="72149"><g v="NOUN"></g><g v="inan"></g><g v="masc"></g><g v="sing"></g><g v="loc2"></g></l></v></tfr></token><token id="579727" text="поставил"><tfr rev_id="1412803" t="поставил"><v><l t="поставил" id="262088"><g v="VERB"></g><g v="perf"></g><g v="tran"></g><g v="masc"></g><g v="sing"></g><g v="past"></g><g v="indc"></g></l></v></tfr></token><token id="579728" text="в"><tfr rev_id="1412804" t="в"><v><l t="в" id="37409"><g v="PREP"></g></l></v></tfr></token><token id="579729" text="театре"><tfr rev_id="1412805" t="театре"><v><l t="театр" id="343862"><g v="NOUN"></g><g v="inan"></g><g v="masc"></g><g v="sing"></g><g v="loct"></g></l></v></tfr></token><token id="579730" text="Et"><tfr rev_id="2474431" t="Et"><v><l t="Et" id="0"><g v="LATN"></g></l></v></tfr></token><token id="579731" text="cetera"><tfr rev_id="2474432" t="cetera"><v><l t="cetera" id="0"><g v="LATN"></g></l></v></tfr></token><token id="579732" text="п"><tfr rev_id="1412808" t="п"><v><l t="п" id="0"><g v="UNKN"></g></l></v></tfr></token><token id="579733" text="/"><tfr rev_id="1412809" t="/"><v><l t="/" id="0"><g v="PNCT"></g></l></v></tfr></token><token id="579734" text="р"><tfr rev_id="1412810" t="р"><v><l t="р" id="0"><g v="UNKN"></g></l></v></tfr></token><token id="579735" text="Александра"><tfr rev_id="4182270" t="Александра"><v><l t="александр" id="8527"><g v="NOUN"></g><g v="anim"></g><g v="masc"></g><g v="Name"></g><g v="sing"></g><g v="gent"></g></l></v><v><l t="александр" id="8527"><g v="NOUN"></g><g v="anim"></g><g v="masc"></g><g v="Name"></g><g v="sing"></g><g v="accs"></g></l></v></tfr></token><token id="579736" text="Калягина"><tfr rev_id="4398500" t="Калягина"><v><l t="калягин" id="128783"><g v="NOUN"></g><g v="anim"></g><g v="masc"></g><g v="Sgtm"></g><g v="Surn"></g><g v="sing"></g><g v="gent"></g></l></v></tfr></token><token id="579737" text="("><tfr rev_id="1412813" t="("><v><l t="(" id="0"><g v="PNCT"></g></l></v></tfr></token><token id="579738" text="Москва"><tfr rev_id="1412814" t="Москва"><v><l t="москва" id="163901"><g v="NOUN"></g><g v="inan"></g><g v="femn"></g><g v="Sgtm"></g><g v="Geox"></g><g v="sing"></g><g v="nomn"></g></l></v></tfr></token><token id="579739" text=")"><tfr rev_id="1412815" t=")"><v><l t=")" id="0"><g v="PNCT"></g></l></v></tfr></token><token id="579740" text="пьесу"><tfr rev_id="1412816" t="пьесу"><v><l t="пьеса" id="290173"><g v="NOUN"></g><g v="inan"></g><g v="femn"></g><g v="sing"></g><g v="accs"></g></l></v></tfr></token><token id="579741" text="Сухово-Кобылина"><tfr rev_id="4392138" t="Сухово-Кобылина"><v><l t="сухово-кобылин" id="340278"><g v="NOUN"></g><g v="anim"></g><g v="masc"></g><g v="Sgtm"></g><g v="Surn"></g><g v="sing"></g><g v="gent"></g></l></v></tfr></token><token id="579742" text="«"><tfr rev_id="2442814" t="«"><v><l t="«" id="0"><g v="PNCT"></g></l></v></tfr></token><token id="579743" text="Смерть"><tfr rev_id="4103168" t="Смерть"><v><l t="смерть" id="326158"><g v="NOUN"></g><g v="inan"></g><g v="femn"></g><g v="sing"></g><g v="nomn"></g></l></v></tfr></token><token id="579744" text="Тарелкина"><tfr rev_id="1412820" t="Тарелкина"><v><l t="тарелкина" id="0"><g v="UNKN"></g></l></v></tfr></token><token id="579745" text="»"><tfr rev_id="2442815" t="»"><v><l t="»" id="0"><g v="PNCT"></g></l></v></tfr></token><token id="579746" text="."><tfr rev_id="1412822" t="."><v><l t="." id="0"><g v="PNCT"></g></l></v></tfr></token></tokens></sentence></paragraph><paragraph id="10311"><sentence id="32384"><source>Об обладателе Мейерхольдовского приза 2009 года и его творчестве читайте в статье Частного корреспондента «Аттила Виднянский: «Мы обязаны ставить перед собой цель»»</source><tokens><token id="579747" text="Об"><tfr rev_id="2921196" t="Об"><v><l t="о" id="192977"><g v="PREP"></g><g v="Vpre"></g></l></v></tfr></token><token id="579748" text="обладателе"><tfr rev_id="1412824" t="обладателе"><v><l t="обладатель" id="196099"><g v="NOUN"></g><g v="anim"></g><g v="masc"></g><g v="sing"></g><g v="loct"></g></l></v></tfr></token><token id="579749" text="Мейерхольдовского"><tfr rev_id="1412825" t="Мейерхольдовского"><v><l t="мейерхольдовского" id="0"><g v="UNKN"></g></l></v></tfr></token><token id="579750" text="приза"><tfr rev_id="1412826" t="приза"><v><l t="приз" id="270520"><g v="NOUN"></g><g v="inan"></g><g v="masc"></g><g v="sing"></g><g v="gent"></g></l></v></tfr></token><token id="579751" text="2009"><tfr rev_id="2461279" t="2009"><v><l t="2009" id="0"><g v="NUMB"></g></l></v></tfr></token><token id="579752" text="года"><tfr rev_id="3465555" t="года"><v><l t="год" id="72149"><g v="NOUN"></g><g v="inan"></g><g v="masc"></g><g v="sing"></g><g v="gen1"></g></l></v></tfr></token><token id="579753" text="и"><tfr rev_id="3411087" t="и"><v><l t="и" id="116949"><g v="CONJ"></g></l></v></tfr></token><token id="579754" text="его"><tfr rev_id="4512958" t="его"><v><l t="его" id="94208"><g v="ADJF"></g><g v="Fixd"></g><g v="Apro"></g><g v="Anph"></g><g v="neut"></g><g v="sing"></g><g v="nomn"></g></l></v><v><l t="его" id="94208"><g v="ADJF"></g><g v="Fixd"></g><g v="Apro"></g><g v="Anph"></g><g v="neut"></g><g v="sing"></g><g v="gent"></g></l></v><v><l t="его" id="94208"><g v="ADJF"></g><g v="Fixd"></g><g v="Apro"></g><g v="Anph"></g><g v="neut"></g><g v="sing"></g><g v="datv"></g></l></v><v><l t="его" id="94208"><g v="ADJF"></g><g v="Fixd"></g><g v="Apro"></g><g v="Anph"></g><g v="neut"></g><g v="sing"></g><g v="accs"></g></l></v><v><l t="его" id="94208"><g v="ADJF"></g><g v="Fixd"></g><g v="Apro"></g><g v="Anph"></g><g v="neut"></g><g v="sing"></g><g v="ablt"></g></l></v><v><l t="его" id="94208"><g v="ADJF"></g><g v="Fixd"></g><g v="Apro"></g><g v="Anph"></g><g v="neut"></g><g v="sing"></g><g v="loct"></g></l></v></tfr></token><token id="579755" text="творчестве"><tfr rev_id="1412831" t="творчестве"><v><l t="творчество" id="343860"><g v="NOUN"></g><g v="inan"></g><g v="neut"></g><g v="sing"></g><g v="loct"></g></l></v></tfr></token><token id="579756" text="читайте"><tfr rev_id="1412832" t="читайте"><v><l t="читаю" id="376719"><g v="VERB"></g><g v="impf"></g><g v="tran"></g><g v="plur"></g><g v="impr"></g><g v="excl"></g></l></v></tfr></token><token id="579757" text="в"><tfr rev_id="1412833" t="в"><v><l t="в" id="37409"><g v="PREP"></g></l></v></tfr></token><token id="579758" text="статье"><tfr rev_id="3447421" t="статье"><v><l t="статья" id="335173"><g v="NOUN"></g><g v="inan"></g><g v="femn"></g><g v="sing"></g><g v="loct"></g></l></v></tfr></token><token id="579759" text="Частного"><tfr rev_id="4309842" t="Частного"><v><l t="частный" id="374795"><g v="ADJF"></g><g v="Qual"></g><g v="masc"></g><g v="sing"></g><g v="gent"></g></l></v><v><l t="частный" id="374795"><g v="ADJF"></g><g v="Qual"></g><g v="anim"></g><g v="masc"></g><g v="sing"></g><g v="accs"></g></l></v></tfr></token><token id="579760" text="корреспондента"><tfr rev_id="2931286" t="корреспондента"><v><l t="корреспондент" id="140239"><g v="NOUN"></g><g v="anim"></g><g v="masc"></g><g v="sing"></g><g v="gent"></g></l></v></tfr></token><token id="579761" text="«"><tfr rev_id="2442816" t="«"><v><l t="«" id="0"><g v="PNCT"></g></l></v></tfr></token><token id="579762" text="Аттила"><tfr rev_id="4396783" t="Аттила"><v><l t="Аттила" id="0"><g v="UNKN"></g></l></v></tfr></token><token id="579763" text="Виднянский"><tfr rev_id="1412839" t="Виднянский"><v><l t="виднянский" id="0"><g v="UNKN"></g></l></v></tfr></token><token id="579764" text=":"><tfr rev_id="1412840" t=":"><v><l t=":" id="0"><g v="PNCT"></g></l></v></tfr></token><token id="579765" text="«"><tfr rev_id="2442817" t="«"><v><l t="«" id="0"><g v="PNCT"></g></l></v></tfr></token><token id="579766" text="Мы"><tfr rev_id="1412842" t="Мы"><v><l t="мы" id="165750"><g v="NPRO"></g><g v="1per"></g><g v="plur"></g><g v="nomn"></g></l></v></tfr></token><token id="579767" text="обязаны"><tfr rev_id="1412843" t="обязаны"><v><l t="обязан" id="202083"><g v="ADJS"></g><g v="Qual"></g><g v="plur"></g></l></v><v><l t="обязан" id="202099"><g v="PRTS"></g><g v="perf"></g><g v="past"></g><g v="pssv"></g><g v="plur"></g></l></v></tfr></token><token id="579768" text="ставить"><tfr rev_id="1412844" t="ставить"><v><l t="ставить" id="334321"><g v="INFN"></g><g v="impf"></g><g v="tran"></g></l></v></tfr></token><token id="579769" text="перед"><tfr rev_id="2602701" t="перед"><v><l t="перед" id="228071"><g v="PREP"></g></l></v></tfr></token><token id="579770" text="собой"><tfr rev_id="3636371" t="собой"><v><l t="себя" id="317456"><g v="NPRO"></g><g v="Anph"></g><g v="sing"></g><g v="ablt"></g></l></v></tfr></token><token id="579771" text="цель"><tfr rev_id="1715683" t="цель"><v><l t="цель" id="373216"><g v="NOUN"></g><g v="inan"></g><g v="femn"></g><g v="sing"></g><g v="nomn"></g></l></v><v><l t="цель" id="373216"><g v="NOUN"></g><g v="inan"></g><g v="femn"></g><g v="sing"></g><g v="accs"></g></l></v></tfr></token><token id="579772" text="»"><tfr rev_id="2442818" t="»"><v><l t="»" id="0"><g v="PNCT"></g></l></v></tfr></token><token id="579773" text="»"><tfr rev_id="2442819" t="»"><v><l t="»" id="0"><g v="PNCT"></g></l></v></tfr></token></tokens></sentence></paragraph></paragraphs></text>