<?xml version="1.0" encoding="utf-8"?><text id="1068" parent="226" name="23534 В России стартовал ЕГЭ"><tags><tag>url:http://www.chaskor.ru/news/segodnya_v_rossii_startoval_ege_23534</tag><tag>Год:2011</tag><tag>Дата:27/05</tag><tag>Тема:ЧасКор:Общество</tag><tag>Тема:ЧасКор:Общество/Образование</tag></tags><paragraphs><paragraph id="10321"><sentence id="32410"><source>В России стартовал ЕГЭ</source><tokens><token id="580187" text="В"><tfr rev_id="1413263" t="В"><v><l t="в" id="37409"><g v="PREP"></g></l></v></tfr></token><token id="580188" text="России"><tfr rev_id="3456823" t="России"><v><l t="россия" id="309322"><g v="NOUN"></g><g v="inan"></g><g v="femn"></g><g v="Sgtm"></g><g v="Geox"></g><g v="sing"></g><g v="loct"></g></l></v></tfr></token><token id="580189" text="стартовал"><tfr rev_id="1413265" t="стартовал"><v><l t="стартовал" id="334990"><g v="VERB"></g><g v="perf"></g><g v="intr"></g><g v="masc"></g><g v="sing"></g><g v="past"></g><g v="indc"></g></l></v><v><l t="стартую" id="334991"><g v="VERB"></g><g v="impf"></g><g v="intr"></g><g v="masc"></g><g v="sing"></g><g v="past"></g><g v="indc"></g></l></v></tfr></token><token id="580190" text="ЕГЭ"><tfr rev_id="4153105" t="ЕГЭ"><v><l t="егэ" id="388942"><g v="NOUN"></g><g v="inan"></g><g v="masc"></g><g v="Sgtm"></g><g v="Fixd"></g><g v="Abbr"></g><g v="sing"></g><g v="nomn"></g></l></v></tfr></token></tokens></sentence><sentence id="32411"><source>В этом году во всех пунктах сдачи экзаменов и на апелляции будут присутствовать независимые наблюдатели.</source><tokens><token id="580191" text="В"><tfr rev_id="1413267" t="В"><v><l t="в" id="37409"><g v="PREP"></g></l></v></tfr></token><token id="580192" text="этом"><tfr rev_id="4477824" t="этом"><v><l t="этот" id="386581"><g v="ADJF"></g><g v="Subx"></g><g v="Apro"></g><g v="Anph"></g><g v="masc"></g><g v="sing"></g><g v="loct"></g></l></v></tfr></token><token id="580193" text="году"><tfr rev_id="2827585" t="году"><v><l t="год" id="72149"><g v="NOUN"></g><g v="inan"></g><g v="masc"></g><g v="sing"></g><g v="loc2"></g></l></v></tfr></token><token id="580194" text="во"><tfr rev_id="2920218" t="во"><v><l t="в" id="37409"><g v="PREP"></g><g v="Vpre"></g></l></v></tfr></token><token id="580195" text="всех"><tfr rev_id="4407970" t="всех"><v><l t="весь" id="42156"><g v="ADJF"></g><g v="Subx"></g><g v="Apro"></g><g v="plur"></g><g v="loct"></g></l></v></tfr></token><token id="580196" text="пунктах"><tfr rev_id="1413272" t="пунктах"><v><l t="пункт" id="289177"><g v="NOUN"></g><g v="inan"></g><g v="masc"></g><g v="plur"></g><g v="loct"></g></l></v></tfr></token><token id="580197" text="сдачи"><tfr rev_id="3475964" t="сдачи"><v><l t="сдача" id="317182"><g v="NOUN"></g><g v="inan"></g><g v="femn"></g><g v="sing"></g><g v="gent"></g></l></v></tfr></token><token id="580198" text="экзаменов"><tfr rev_id="1413274" t="экзаменов"><v><l t="экзамен" id="383158"><g v="NOUN"></g><g v="inan"></g><g v="masc"></g><g v="plur"></g><g v="gent"></g></l></v></tfr></token><token id="580199" text="и"><tfr rev_id="1413275" t="и"><v><l t="и" id="116949"><g v="CONJ"></g></l></v><v><l t="и" id="116950"><g v="INTJ"></g></l></v></tfr></token><token id="580200" text="на"><tfr rev_id="3345805" t="на"><v><l t="на" id="166264"><g v="PREP"></g></l></v></tfr></token><token id="580201" text="апелляции"><tfr rev_id="4291538" t="апелляции"><v><l t="апелляция" id="15156"><g v="NOUN"></g><g v="inan"></g><g v="femn"></g><g v="sing"></g><g v="loct"></g></l></v></tfr></token><token id="580202" text="будут"><tfr rev_id="1413278" t="будут"><v><l t="есть" id="37265"><g v="VERB"></g><g v="impf"></g><g v="intr"></g><g v="plur"></g><g v="3per"></g><g v="futr"></g><g v="indc"></g></l></v></tfr></token><token id="580203" text="присутствовать"><tfr rev_id="1413279" t="присутствовать"><v><l t="присутствовать" id="275037"><g v="INFN"></g><g v="impf"></g><g v="intr"></g></l></v></tfr></token><token id="580204" text="независимые"><tfr rev_id="3820555" t="независимые"><v><l t="независимый" id="182131"><g v="ADJF"></g><g v="Qual"></g><g v="plur"></g><g v="nomn"></g></l></v></tfr></token><token id="580205" text="наблюдатели"><tfr rev_id="1413281" t="наблюдатели"><v><l t="наблюдатель" id="166525"><g v="NOUN"></g><g v="anim"></g><g v="masc"></g><g v="plur"></g><g v="nomn"></g></l></v></tfr></token><token id="580206" text="."><tfr rev_id="1413282" t="."><v><l t="." id="0"><g v="PNCT"></g></l></v></tfr></token></tokens></sentence></paragraph><paragraph id="10322"><sentence id="32412"><source>В различных регионах страны в 10:00 по местному времени сегодня начали сдавать Единый государственный экзамен российские школьники, сообщает РБК.</source><tokens><token id="580207" text="В"><tfr rev_id="1413283" t="В"><v><l t="в" id="37409"><g v="PREP"></g></l></v></tfr></token><token id="580208" text="различных"><tfr rev_id="4159370" t="различных"><v><l t="различный" id="294553"><g v="ADJF"></g><g v="Qual"></g><g v="plur"></g><g v="loct"></g></l></v></tfr></token><token id="580209" text="регионах"><tfr rev_id="1413285" t="регионах"><v><l t="регион" id="304808"><g v="NOUN"></g><g v="inan"></g><g v="masc"></g><g v="plur"></g><g v="loct"></g></l></v></tfr></token><token id="580210" text="страны"><tfr rev_id="3493583" t="страны"><v><l t="страна" id="337100"><g v="NOUN"></g><g v="inan"></g><g v="femn"></g><g v="sing"></g><g v="gent"></g></l></v></tfr></token><token id="580211" text="в"><tfr rev_id="1413287" t="в"><v><l t="в" id="37409"><g v="PREP"></g></l></v></tfr></token><token id="580212" text="10:00"><tfr rev_id="4567444" t="10:00"><v><l t="10:00" id="0"><g v="TIME"></g></l></v></tfr></token><token id="580213" text="по"><tfr rev_id="1413289" t="по"><v><l t="по" id="241240"><g v="PREP"></g></l></v></tfr></token><token id="580214" text="местному"><tfr rev_id="4205133" t="местному"><v><l t="местный" id="158819"><g v="ADJF"></g><g v="Qual"></g><g v="neut"></g><g v="sing"></g><g v="datv"></g></l></v></tfr></token><token id="580215" text="времени"><tfr rev_id="3549404" t="времени"><v><l t="время" id="53149"><g v="NOUN"></g><g v="inan"></g><g v="neut"></g><g v="sing"></g><g v="datv"></g></l></v></tfr></token><token id="580216" text="сегодня"><tfr rev_id="1413292" t="сегодня"><v><l t="сегодня" id="317730"><g v="ADVB"></g></l></v></tfr></token><token id="580217" text="начали"><tfr rev_id="1413293" t="начали"><v><l t="начал" id="178224"><g v="VERB"></g><g v="perf"></g><g v="tran"></g><g v="plur"></g><g v="past"></g><g v="indc"></g></l></v></tfr></token><token id="580218" text="сдавать"><tfr rev_id="1413294" t="сдавать"><v><l t="сдавать" id="317118"><g v="INFN"></g><g v="impf"></g><g v="tran"></g></l></v></tfr></token><token id="580219" text="Единый"><tfr rev_id="1413295" t="Единый"><v><l t="единый" id="94410"><g v="ADJF"></g><g v="Qual"></g><g v="masc"></g><g v="sing"></g><g v="nomn"></g></l></v><v><l t="единый" id="94410"><g v="ADJF"></g><g v="Qual"></g><g v="inan"></g><g v="masc"></g><g v="sing"></g><g v="accs"></g></l></v></tfr></token><token id="580220" text="государственный"><tfr rev_id="1413296" t="государственный"><v><l t="государственный" id="74161"><g v="ADJF"></g><g v="masc"></g><g v="sing"></g><g v="nomn"></g></l></v><v><l t="государственный" id="74161"><g v="ADJF"></g><g v="inan"></g><g v="masc"></g><g v="sing"></g><g v="accs"></g></l></v></tfr></token><token id="580221" text="экзамен"><tfr rev_id="3706364" t="экзамен"><v><l t="экзамен" id="383158"><g v="NOUN"></g><g v="inan"></g><g v="masc"></g><g v="sing"></g><g v="accs"></g></l></v></tfr></token><token id="580222" text="российские"><tfr rev_id="3751477" t="российские"><v><l t="российский" id="309319"><g v="ADJF"></g><g v="plur"></g><g v="nomn"></g></l></v></tfr></token><token id="580223" text="школьники"><tfr rev_id="1413299" t="школьники"><v><l t="школьник" id="380237"><g v="NOUN"></g><g v="anim"></g><g v="masc"></g><g v="plur"></g><g v="nomn"></g></l></v></tfr></token><token id="580224" text=","><tfr rev_id="1413300" t=","><v><l t="," id="0"><g v="PNCT"></g></l></v></tfr></token><token id="580225" text="сообщает"><tfr rev_id="1413301" t="сообщает"><v><l t="сообщаю" id="329538"><g v="VERB"></g><g v="impf"></g><g v="tran"></g><g v="sing"></g><g v="3per"></g><g v="pres"></g><g v="indc"></g></l></v></tfr></token><token id="580226" text="РБК"><tfr rev_id="4573962" t="РБК"><v><l t="рбк" id="389058"><g v="NOUN"></g><g v="inan"></g><g v="femn"></g><g v="Sgtm"></g><g v="Fixd"></g><g v="Abbr"></g><g v="Orgn"></g><g v="sing"></g><g v="nomn"></g></l></v></tfr></token><token id="580227" text="."><tfr rev_id="1413303" t="."><v><l t="." id="0"><g v="PNCT"></g></l></v></tfr></token></tokens></sentence><sentence id="32413"><source>Первыми проверку знаний пройдут те выпускники, которые выбрали такие предметы, как информатика и информационно-коммуникационные технологии (ИКТ), биология и литература.</source><tokens><token id="580228" text="Первыми"><tfr rev_id="4176212" t="Первыми"><v><l t="первый" id="226359"><g v="ADJF"></g><g v="Anum"></g><g v="plur"></g><g v="ablt"></g></l></v></tfr></token><token id="580229" text="проверку"><tfr rev_id="1413305" t="проверку"><v><l t="проверка" id="277763"><g v="NOUN"></g><g v="inan"></g><g v="femn"></g><g v="sing"></g><g v="accs"></g></l></v></tfr></token><token id="580230" text="знаний"><tfr rev_id="3751123" t="знаний"><v><l t="знание" id="115978"><g v="NOUN"></g><g v="inan"></g><g v="neut"></g><g v="plur"></g><g v="gent"></g></l></v></tfr></token><token id="580231" text="пройдут"><tfr rev_id="1413307" t="пройдут"><v><l t="прошёл" id="280310"><g v="VERB"></g><g v="perf"></g><g v="tran"></g><g v="plur"></g><g v="3per"></g><g v="futr"></g><g v="indc"></g></l></v></tfr></token><token id="580232" text="те"><tfr rev_id="3780016" t="те"><v><l t="тот" id="348430"><g v="ADJF"></g><g v="Subx"></g><g v="Apro"></g><g v="Anph"></g><g v="plur"></g><g v="nomn"></g></l></v></tfr></token><token id="580233" text="выпускники"><tfr rev_id="1413309" t="выпускники"><v><l t="выпускник" id="61010"><g v="NOUN"></g><g v="anim"></g><g v="masc"></g><g v="plur"></g><g v="nomn"></g></l></v></tfr></token><token id="580234" text=","><tfr rev_id="1413310" t=","><v><l t="," id="0"><g v="PNCT"></g></l></v></tfr></token><token id="580235" text="которые"><tfr rev_id="4076217" t="которые"><v><l t="который" id="141203"><g v="ADJF"></g><g v="Apro"></g><g v="Subx"></g><g v="Anph"></g><g v="plur"></g><g v="nomn"></g></l></v></tfr></token><token id="580236" text="выбрали"><tfr rev_id="1413312" t="выбрали"><v><l t="выбрал" id="55793"><g v="VERB"></g><g v="perf"></g><g v="tran"></g><g v="plur"></g><g v="past"></g><g v="indc"></g></l></v></tfr></token><token id="580237" text="такие"><tfr rev_id="3474450" t="такие"><v><l t="такой" id="342491"><g v="ADJF"></g><g v="Apro"></g><g v="inan"></g><g v="plur"></g><g v="accs"></g></l></v></tfr></token><token id="580238" text="предметы"><tfr rev_id="3728088" t="предметы"><v><l t="предмет" id="266555"><g v="NOUN"></g><g v="inan"></g><g v="masc"></g><g v="plur"></g><g v="accs"></g></l></v></tfr></token><token id="580239" text=","><tfr rev_id="1413315" t=","><v><l t="," id="0"><g v="PNCT"></g></l></v></tfr></token><token id="580240" text="как"><tfr rev_id="1413316" t="как"><v><l t="как" id="128190"><g v="CONJ"></g></l></v><v><l t="как" id="128191"><g v="PRCL"></g></l></v><v><l t="как" id="128192"><g v="ADVB"></g><g v="Ques"></g></l></v></tfr></token><token id="580241" text="информатика"><tfr rev_id="1413317" t="информатика"><v><l t="информатика" id="123563"><g v="NOUN"></g><g v="inan"></g><g v="femn"></g><g v="Sgtm"></g><g v="sing"></g><g v="nomn"></g></l></v></tfr></token><token id="580242" text="и"><tfr rev_id="1413318" t="и"><v><l t="и" id="116949"><g v="CONJ"></g></l></v><v><l t="и" id="116950"><g v="INTJ"></g></l></v></tfr></token><token id="580243" text="информационно-коммуникационные"><tfr rev_id="1413319" t="информационно-коммуникационные"><v><l t="информационно-коммуникационные" id="0"><g v="UNKN"></g></l></v></tfr></token><token id="580244" text="технологии"><tfr rev_id="3807609" t="технологии"><v><l t="технология" id="345970"><g v="NOUN"></g><g v="inan"></g><g v="femn"></g><g v="plur"></g><g v="nomn"></g></l></v></tfr></token><token id="580245" text="("><tfr rev_id="1413321" t="("><v><l t="(" id="0"><g v="PNCT"></g></l></v></tfr></token><token id="580246" text="ИКТ"><tfr rev_id="1413322" t="ИКТ"><v><l t="икт" id="121110"><g v="NOUN"></g><g v="inan"></g><g v="masc"></g><g v="sing"></g><g v="nomn"></g></l></v><v><l t="икт" id="121110"><g v="NOUN"></g><g v="inan"></g><g v="masc"></g><g v="sing"></g><g v="accs"></g></l></v></tfr></token><token id="580247" text=")"><tfr rev_id="1413323" t=")"><v><l t=")" id="0"><g v="PNCT"></g></l></v></tfr></token><token id="580248" text=","><tfr rev_id="1413324" t=","><v><l t="," id="0"><g v="PNCT"></g></l></v></tfr></token><token id="580249" text="биология"><tfr rev_id="1413325" t="биология"><v><l t="биология" id="29781"><g v="NOUN"></g><g v="inan"></g><g v="femn"></g><g v="sing"></g><g v="nomn"></g></l></v></tfr></token><token id="580250" text="и"><tfr rev_id="1413326" t="и"><v><l t="и" id="116949"><g v="CONJ"></g></l></v><v><l t="и" id="116950"><g v="INTJ"></g></l></v></tfr></token><token id="580251" text="литература"><tfr rev_id="1413327" t="литература"><v><l t="литература" id="149865"><g v="NOUN"></g><g v="inan"></g><g v="femn"></g><g v="sing"></g><g v="nomn"></g></l></v></tfr></token><token id="580252" text="."><tfr rev_id="1413328" t="."><v><l t="." id="0"><g v="PNCT"></g></l></v></tfr></token></tokens></sentence><sentence id="32414"><source>Те из них, кто по уважительным причинам не смогут присутствовать сегодня на пунктах сдачи экзаменов, смогут сдать их в резервные дни — 16 и 17 июня 2011 года.</source><tokens><token id="580253" text="Те"><tfr rev_id="3780017" t="Те"><v><l t="тот" id="348430"><g v="ADJF"></g><g v="Subx"></g><g v="Apro"></g><g v="Anph"></g><g v="plur"></g><g v="nomn"></g></l></v></tfr></token><token id="580254" text="из"><tfr rev_id="2604153" t="из"><v><l t="из" id="117677"><g v="PREP"></g></l></v></tfr></token><token id="580255" text="них"><tfr rev_id="3697688" t="них"><v><l t="они" id="206619"><g v="NPRO"></g><g v="3per"></g><g v="Anph"></g><g v="plur"></g><g v="gent"></g><g v="Af-p"></g></l></v></tfr></token><token id="580256" text=","><tfr rev_id="1413332" t=","><v><l t="," id="0"><g v="PNCT"></g></l></v></tfr></token><token id="580257" text="кто"><tfr rev_id="1413333" t="кто"><v><l t="кто" id="144216"><g v="NPRO"></g><g v="masc"></g><g v="sing"></g><g v="nomn"></g></l></v></tfr></token><token id="580258" text="по"><tfr rev_id="1413334" t="по"><v><l t="по" id="241240"><g v="PREP"></g></l></v></tfr></token><token id="580259" text="уважительным"><tfr rev_id="3861041" t="уважительным"><v><l t="уважительный" id="353234"><g v="ADJF"></g><g v="Qual"></g><g v="plur"></g><g v="datv"></g></l></v></tfr></token><token id="580260" text="причинам"><tfr rev_id="1413336" t="причинам"><v><l t="причина" id="276522"><g v="NOUN"></g><g v="inan"></g><g v="femn"></g><g v="plur"></g><g v="datv"></g></l></v></tfr></token><token id="580261" text="не"><tfr rev_id="1413337" t="не"><v><l t="не" id="178876"><g v="PRCL"></g></l></v></tfr></token><token id="580262" text="смогут"><tfr rev_id="1413338" t="смогут"><v><l t="смог" id="326830"><g v="VERB"></g><g v="perf"></g><g v="intr"></g><g v="plur"></g><g v="3per"></g><g v="futr"></g><g v="indc"></g></l></v></tfr></token><token id="580263" text="присутствовать"><tfr rev_id="1413339" t="присутствовать"><v><l t="присутствовать" id="275037"><g v="INFN"></g><g v="impf"></g><g v="intr"></g></l></v></tfr></token><token id="580264" text="сегодня"><tfr rev_id="1413340" t="сегодня"><v><l t="сегодня" id="317730"><g v="ADVB"></g></l></v></tfr></token><token id="580265" text="на"><tfr rev_id="3345162" t="на"><v><l t="на" id="166264"><g v="PREP"></g></l></v></tfr></token><token id="580266" text="пунктах"><tfr rev_id="1413342" t="пунктах"><v><l t="пункт" id="289177"><g v="NOUN"></g><g v="inan"></g><g v="masc"></g><g v="plur"></g><g v="loct"></g></l></v></tfr></token><token id="580267" text="сдачи"><tfr rev_id="3264517" t="сдачи"><v><l t="сдача" id="317182"><g v="NOUN"></g><g v="inan"></g><g v="femn"></g><g v="sing"></g><g v="gent"></g></l></v></tfr></token><token id="580268" text="экзаменов"><tfr rev_id="1413344" t="экзаменов"><v><l t="экзамен" id="383158"><g v="NOUN"></g><g v="inan"></g><g v="masc"></g><g v="plur"></g><g v="gent"></g></l></v></tfr></token><token id="580269" text=","><tfr rev_id="1413345" t=","><v><l t="," id="0"><g v="PNCT"></g></l></v></tfr></token><token id="580270" text="смогут"><tfr rev_id="1413346" t="смогут"><v><l t="смог" id="326830"><g v="VERB"></g><g v="perf"></g><g v="intr"></g><g v="plur"></g><g v="3per"></g><g v="futr"></g><g v="indc"></g></l></v></tfr></token><token id="580271" text="сдать"><tfr rev_id="1413347" t="сдать"><v><l t="сдать" id="317173"><g v="INFN"></g><g v="perf"></g><g v="tran"></g></l></v></tfr></token><token id="580272" text="их"><tfr rev_id="3885012" t="их"><v><l t="они" id="206619"><g v="NPRO"></g><g v="3per"></g><g v="Anph"></g><g v="plur"></g><g v="gent"></g></l></v><v><l t="они" id="206619"><g v="NPRO"></g><g v="3per"></g><g v="Anph"></g><g v="plur"></g><g v="accs"></g></l></v></tfr></token><token id="580273" text="в"><tfr rev_id="1413349" t="в"><v><l t="в" id="37409"><g v="PREP"></g></l></v></tfr></token><token id="580274" text="резервные"><tfr rev_id="3817616" t="резервные"><v><l t="резервный" id="305250"><g v="ADJF"></g><g v="Qual"></g><g v="inan"></g><g v="plur"></g><g v="accs"></g></l></v></tfr></token><token id="580275" text="дни"><tfr rev_id="3757025" t="дни"><v><l t="день" id="81427"><g v="NOUN"></g><g v="inan"></g><g v="masc"></g><g v="plur"></g><g v="accs"></g></l></v></tfr></token><token id="580276" text="—"><tfr rev_id="2442844" t="—"><v><l t="—" id="0"><g v="PNCT"></g></l></v></tfr></token><token id="580277" text="16"><tfr rev_id="2461286" t="16"><v><l t="16" id="0"><g v="NUMB"></g></l></v></tfr></token><token id="580278" text="и"><tfr rev_id="3552939" t="и"><v><l t="и" id="116949"><g v="CONJ"></g></l></v></tfr></token><token id="580279" text="17"><tfr rev_id="2461287" t="17"><v><l t="17" id="0"><g v="NUMB"></g></l></v></tfr></token><token id="580280" text="июня"><tfr rev_id="1413356" t="июня"><v><l t="июнь" id="127302"><g v="NOUN"></g><g v="inan"></g><g v="masc"></g><g v="sing"></g><g v="gent"></g></l></v></tfr></token><token id="580281" text="2011"><tfr rev_id="2461288" t="2011"><v><l t="2011" id="0"><g v="NUMB"></g></l></v></tfr></token><token id="580282" text="года"><tfr rev_id="3487299" t="года"><v><l t="год" id="72149"><g v="NOUN"></g><g v="inan"></g><g v="masc"></g><g v="sing"></g><g v="gen1"></g></l></v></tfr></token><token id="580283" text="."><tfr rev_id="1413359" t="."><v><l t="." id="0"><g v="PNCT"></g></l></v></tfr></token></tokens></sentence><sentence id="32415"><source>Продолжительность экзаменов по литературе, информатике и ИКТ составит 240 минут, по биологии — 180 минут.</source><tokens><token id="580284" text="Продолжительность"><tfr rev_id="3715512" t="Продолжительность"><v><l t="продолжительность" id="279228"><g v="NOUN"></g><g v="inan"></g><g v="femn"></g><g v="sing"></g><g v="nomn"></g></l></v></tfr></token><token id="580285" text="экзаменов"><tfr rev_id="1413361" t="экзаменов"><v><l t="экзамен" id="383158"><g v="NOUN"></g><g v="inan"></g><g v="masc"></g><g v="plur"></g><g v="gent"></g></l></v></tfr></token><token id="580286" text="по"><tfr rev_id="1413362" t="по"><v><l t="по" id="241240"><g v="PREP"></g></l></v></tfr></token><token id="580287" text="литературе"><tfr rev_id="3447485" t="литературе"><v><l t="литература" id="149865"><g v="NOUN"></g><g v="inan"></g><g v="femn"></g><g v="sing"></g><g v="datv"></g></l></v></tfr></token><token id="580288" text=","><tfr rev_id="1413364" t=","><v><l t="," id="0"><g v="PNCT"></g></l></v></tfr></token><token id="580289" text="информатике"><tfr rev_id="2605706" t="информатике"><v><l t="информатика" id="123563"><g v="NOUN"></g><g v="inan"></g><g v="femn"></g><g v="Sgtm"></g><g v="sing"></g><g v="datv"></g></l></v></tfr></token><token id="580290" text="и"><tfr rev_id="3410626" t="и"><v><l t="и" id="116949"><g v="CONJ"></g></l></v></tfr></token><token id="580291" text="ИКТ"><tfr rev_id="1413367" t="ИКТ"><v><l t="икт" id="121110"><g v="NOUN"></g><g v="inan"></g><g v="masc"></g><g v="sing"></g><g v="nomn"></g></l></v><v><l t="икт" id="121110"><g v="NOUN"></g><g v="inan"></g><g v="masc"></g><g v="sing"></g><g v="accs"></g></l></v></tfr></token><token id="580292" text="составит"><tfr rev_id="1413368" t="составит"><v><l t="составил" id="330483"><g v="VERB"></g><g v="perf"></g><g v="tran"></g><g v="sing"></g><g v="3per"></g><g v="futr"></g><g v="indc"></g></l></v></tfr></token><token id="580293" text="240"><tfr rev_id="2461289" t="240"><v><l t="240" id="0"><g v="NUMB"></g></l></v></tfr></token><token id="580294" text="минут"><tfr rev_id="1715269" t="минут"><v><l t="минута" id="160750"><g v="NOUN"></g><g v="inan"></g><g v="femn"></g><g v="plur"></g><g v="gent"></g></l></v></tfr></token><token id="580295" text=","><tfr rev_id="1413371" t=","><v><l t="," id="0"><g v="PNCT"></g></l></v></tfr></token><token id="580296" text="по"><tfr rev_id="1413372" t="по"><v><l t="по" id="241240"><g v="PREP"></g></l></v></tfr></token><token id="580297" text="биологии"><tfr rev_id="4291539" t="биологии"><v><l t="биология" id="29781"><g v="NOUN"></g><g v="inan"></g><g v="femn"></g><g v="sing"></g><g v="datv"></g></l></v></tfr></token><token id="580298" text="—"><tfr rev_id="2442845" t="—"><v><l t="—" id="0"><g v="PNCT"></g></l></v></tfr></token><token id="580299" text="180"><tfr rev_id="2461290" t="180"><v><l t="180" id="0"><g v="NUMB"></g></l></v></tfr></token><token id="580300" text="минут"><tfr rev_id="1714585" t="минут"><v><l t="минута" id="160750"><g v="NOUN"></g><g v="inan"></g><g v="femn"></g><g v="plur"></g><g v="gent"></g></l></v></tfr></token><token id="580301" text="."><tfr rev_id="1413377" t="."><v><l t="." id="0"><g v="PNCT"></g></l></v></tfr></token></tokens></sentence></paragraph><paragraph id="10323"><sentence id="32416"><source>В этом году сдача Единого государственного экзамена будет проходить с 27 мая по 20 июня 2011 года.</source><tokens><token id="580302" text="В"><tfr rev_id="1413378" t="В"><v><l t="в" id="37409"><g v="PREP"></g></l></v></tfr></token><token id="580303" text="этом"><tfr rev_id="4487053" t="этом"><v><l t="этот" id="386581"><g v="ADJF"></g><g v="Subx"></g><g v="Apro"></g><g v="Anph"></g><g v="masc"></g><g v="sing"></g><g v="loct"></g></l></v></tfr></token><token id="580304" text="году"><tfr rev_id="3045952" t="году"><v><l t="год" id="72149"><g v="NOUN"></g><g v="inan"></g><g v="masc"></g><g v="sing"></g><g v="loc2"></g></l></v></tfr></token><token id="580305" text="сдача"><tfr rev_id="1413381" t="сдача"><v><l t="сдача" id="317182"><g v="NOUN"></g><g v="inan"></g><g v="femn"></g><g v="sing"></g><g v="nomn"></g></l></v></tfr></token><token id="580306" text="Единого"><tfr rev_id="3449687" t="Единого"><v><l t="единый" id="94410"><g v="ADJF"></g><g v="Qual"></g><g v="masc"></g><g v="sing"></g><g v="gent"></g></l></v><v><l t="единый" id="94410"><g v="ADJF"></g><g v="Qual"></g><g v="anim"></g><g v="masc"></g><g v="sing"></g><g v="accs"></g></l></v></tfr></token><token id="580307" text="государственного"><tfr rev_id="3449640" t="государственного"><v><l t="государственный" id="74161"><g v="ADJF"></g><g v="masc"></g><g v="sing"></g><g v="gent"></g></l></v><v><l t="государственный" id="74161"><g v="ADJF"></g><g v="anim"></g><g v="masc"></g><g v="sing"></g><g v="accs"></g></l></v></tfr></token><token id="580308" text="экзамена"><tfr rev_id="1413384" t="экзамена"><v><l t="экзамен" id="383158"><g v="NOUN"></g><g v="inan"></g><g v="masc"></g><g v="sing"></g><g v="gent"></g></l></v></tfr></token><token id="580309" text="будет"><tfr rev_id="1413385" t="будет"><v><l t="есть" id="37265"><g v="VERB"></g><g v="impf"></g><g v="intr"></g><g v="sing"></g><g v="3per"></g><g v="futr"></g><g v="indc"></g></l></v></tfr></token><token id="580310" text="проходить"><tfr rev_id="1413386" t="проходить"><v><l t="проходить" id="287184"><g v="INFN"></g><g v="impf"></g><g v="tran"></g></l></v><v><l t="проходить" id="287191"><g v="INFN"></g><g v="perf"></g><g v="intr"></g></l></v></tfr></token><token id="580311" text="с"><tfr rev_id="1413387" t="с"><v><l t="с" id="311151"><g v="PREP"></g></l></v></tfr></token><token id="580312" text="27"><tfr rev_id="2461291" t="27"><v><l t="27" id="0"><g v="NUMB"></g></l></v></tfr></token><token id="580313" text="мая"><tfr rev_id="4290342" t="мая"><v><l t="май" id="153142"><g v="NOUN"></g><g v="inan"></g><g v="masc"></g><g v="Sgtm"></g><g v="sing"></g><g v="gent"></g></l></v></tfr></token><token id="580314" text="по"><tfr rev_id="1413390" t="по"><v><l t="по" id="241240"><g v="PREP"></g></l></v></tfr></token><token id="580315" text="20"><tfr rev_id="2461292" t="20"><v><l t="20" id="0"><g v="NUMB"></g></l></v></tfr></token><token id="580316" text="июня"><tfr rev_id="1413392" t="июня"><v><l t="июнь" id="127302"><g v="NOUN"></g><g v="inan"></g><g v="masc"></g><g v="sing"></g><g v="gent"></g></l></v></tfr></token><token id="580317" text="2011"><tfr rev_id="2461293" t="2011"><v><l t="2011" id="0"><g v="NUMB"></g></l></v></tfr></token><token id="580318" text="года"><tfr rev_id="3446657" t="года"><v><l t="год" id="72149"><g v="NOUN"></g><g v="inan"></g><g v="masc"></g><g v="sing"></g><g v="gen1"></g></l></v></tfr></token><token id="580319" text="."><tfr rev_id="1413395" t="."><v><l t="." id="0"><g v="PNCT"></g></l></v></tfr></token></tokens></sentence><sentence id="32417"><source>В общей сложности по России в этом году сдавать ЕГЭ будут 827 тыс. школьников.</source><tokens><token id="580320" text="В"><tfr rev_id="1413396" t="В"><v><l t="в" id="37409"><g v="PREP"></g></l></v></tfr></token><token id="580321" text="общей"><tfr rev_id="4380436" t="общей"><v><l t="общий" id="201663"><g v="ADJF"></g><g v="femn"></g><g v="sing"></g><g v="loct"></g></l></v></tfr></token><token id="580322" text="сложности"><tfr rev_id="4101699" t="сложности"><v><l t="сложность" id="325272"><g v="NOUN"></g><g v="inan"></g><g v="femn"></g><g v="sing"></g><g v="loct"></g></l></v></tfr></token><token id="580323" text="по"><tfr rev_id="1413399" t="по"><v><l t="по" id="241240"><g v="PREP"></g></l></v></tfr></token><token id="580324" text="России"><tfr rev_id="3325542" t="России"><v><l t="россия" id="309322"><g v="NOUN"></g><g v="inan"></g><g v="femn"></g><g v="Sgtm"></g><g v="Geox"></g><g v="sing"></g><g v="datv"></g></l></v></tfr></token><token id="580325" text="в"><tfr rev_id="1413401" t="в"><v><l t="в" id="37409"><g v="PREP"></g></l></v></tfr></token><token id="580326" text="этом"><tfr rev_id="4487317" t="этом"><v><l t="этот" id="386581"><g v="ADJF"></g><g v="Subx"></g><g v="Apro"></g><g v="Anph"></g><g v="masc"></g><g v="sing"></g><g v="loct"></g></l></v></tfr></token><token id="580327" text="году"><tfr rev_id="2964622" t="году"><v><l t="год" id="72149"><g v="NOUN"></g><g v="inan"></g><g v="masc"></g><g v="sing"></g><g v="loc2"></g></l></v></tfr></token><token id="580328" text="сдавать"><tfr rev_id="1413404" t="сдавать"><v><l t="сдавать" id="317118"><g v="INFN"></g><g v="impf"></g><g v="tran"></g></l></v></tfr></token><token id="580329" text="ЕГЭ"><tfr rev_id="4197162" t="ЕГЭ"><v><l t="егэ" id="388942"><g v="NOUN"></g><g v="inan"></g><g v="masc"></g><g v="Sgtm"></g><g v="Fixd"></g><g v="Abbr"></g><g v="sing"></g><g v="accs"></g></l></v></tfr></token><token id="580330" text="будут"><tfr rev_id="1413406" t="будут"><v><l t="есть" id="37265"><g v="VERB"></g><g v="impf"></g><g v="intr"></g><g v="plur"></g><g v="3per"></g><g v="futr"></g><g v="indc"></g></l></v></tfr></token><token id="580331" text="827"><tfr rev_id="2461294" t="827"><v><l t="827" id="0"><g v="NUMB"></g></l></v></tfr></token><token id="580332" text="тыс"><tfr rev_id="4165425" t="тыс"><v><l t="тыс" id="389041"><g v="NOUN"></g><g v="inan"></g><g v="femn"></g><g v="Fixd"></g><g v="Abbr"></g><g v="plur"></g><g v="nomn"></g></l></v><v><l t="тыс" id="389041"><g v="NOUN"></g><g v="inan"></g><g v="femn"></g><g v="Fixd"></g><g v="Abbr"></g><g v="plur"></g><g v="gent"></g></l></v><v><l t="тыс" id="389041"><g v="NOUN"></g><g v="inan"></g><g v="femn"></g><g v="Fixd"></g><g v="Abbr"></g><g v="plur"></g><g v="datv"></g></l></v><v><l t="тыс" id="389041"><g v="NOUN"></g><g v="inan"></g><g v="femn"></g><g v="Fixd"></g><g v="Abbr"></g><g v="plur"></g><g v="accs"></g></l></v><v><l t="тыс" id="389041"><g v="NOUN"></g><g v="inan"></g><g v="femn"></g><g v="Fixd"></g><g v="Abbr"></g><g v="plur"></g><g v="ablt"></g></l></v><v><l t="тыс" id="389041"><g v="NOUN"></g><g v="inan"></g><g v="femn"></g><g v="Fixd"></g><g v="Abbr"></g><g v="plur"></g><g v="loct"></g></l></v></tfr></token><token id="580333" text="."><tfr rev_id="1413409" t="."><v><l t="." id="0"><g v="PNCT"></g></l></v></tfr></token><token id="580334" text="школьников"><tfr rev_id="4200282" t="школьников"><v><l t="школьник" id="380237"><g v="NOUN"></g><g v="anim"></g><g v="masc"></g><g v="plur"></g><g v="gent"></g></l></v></tfr></token><token id="580335" text="."><tfr rev_id="1413411" t="."><v><l t="." id="0"><g v="PNCT"></g></l></v></tfr></token></tokens></sentence><sentence id="32418"><source>В среднем каждого участника ЕГЭ ожидает проверка знаний по 3—4 предметам, включая обязательные.</source><tokens><token id="580336" text="В"><tfr rev_id="1413412" t="В"><v><l t="в" id="37409"><g v="PREP"></g></l></v></tfr></token><token id="580337" text="среднем"><tfr rev_id="4176213" t="среднем"><v><l t="среднее" id="333541"><g v="NOUN"></g><g v="inan"></g><g v="neut"></g><g v="sing"></g><g v="loct"></g></l></v></tfr></token><token id="580338" text="каждого"><tfr rev_id="4429922" t="каждого"><v><l t="каждый" id="127875"><g v="ADJF"></g><g v="Subx"></g><g v="Apro"></g><g v="anim"></g><g v="masc"></g><g v="sing"></g><g v="accs"></g></l></v></tfr></token><token id="580339" text="участника"><tfr rev_id="3886627" t="участника"><v><l t="участник" id="363151"><g v="NOUN"></g><g v="anim"></g><g v="masc"></g><g v="sing"></g><g v="accs"></g></l></v></tfr></token><token id="580340" text="ЕГЭ"><tfr rev_id="3808228" t="ЕГЭ"><v><l t="егэ" id="388942"><g v="NOUN"></g><g v="inan"></g><g v="masc"></g><g v="Sgtm"></g><g v="Fixd"></g><g v="Abbr"></g><g v="sing"></g><g v="gent"></g></l></v></tfr></token><token id="580341" text="ожидает"><tfr rev_id="1413417" t="ожидает"><v><l t="ожидаю" id="203945"><g v="VERB"></g><g v="impf"></g><g v="tran"></g><g v="sing"></g><g v="3per"></g><g v="pres"></g><g v="indc"></g></l></v></tfr></token><token id="580342" text="проверка"><tfr rev_id="1413418" t="проверка"><v><l t="проверка" id="277763"><g v="NOUN"></g><g v="inan"></g><g v="femn"></g><g v="sing"></g><g v="nomn"></g></l></v></tfr></token><token id="580343" text="знаний"><tfr rev_id="3751124" t="знаний"><v><l t="знание" id="115978"><g v="NOUN"></g><g v="inan"></g><g v="neut"></g><g v="plur"></g><g v="gent"></g></l></v></tfr></token><token id="580344" text="по"><tfr rev_id="1413420" t="по"><v><l t="по" id="241240"><g v="PREP"></g></l></v></tfr></token><token id="580345" text="3"><tfr rev_id="2461295" t="3"><v><l t="3" id="0"><g v="NUMB"></g></l></v></tfr></token><token id="580346" text="—"><tfr rev_id="2442846" t="—"><v><l t="—" id="0"><g v="PNCT"></g></l></v></tfr></token><token id="580347" text="4"><tfr rev_id="2461296" t="4"><v><l t="4" id="0"><g v="NUMB"></g></l></v></tfr></token><token id="580348" text="предметам"><tfr rev_id="1413424" t="предметам"><v><l t="предмет" id="266555"><g v="NOUN"></g><g v="inan"></g><g v="masc"></g><g v="plur"></g><g v="datv"></g></l></v></tfr></token><token id="580349" text=","><tfr rev_id="1413425" t=","><v><l t="," id="0"><g v="PNCT"></g></l></v></tfr></token><token id="580350" text="включая"><tfr rev_id="2922703" t="включая"><v><l t="включая" id="46206"><g v="PREP"></g></l></v></tfr></token><token id="580351" text="обязательные"><tfr rev_id="3758033" t="обязательные"><v><l t="обязательный" id="202087"><g v="ADJF"></g><g v="inan"></g><g v="plur"></g><g v="accs"></g></l></v></tfr></token><token id="580352" text="."><tfr rev_id="1413428" t="."><v><l t="." id="0"><g v="PNCT"></g></l></v></tfr></token></tokens></sentence></paragraph><paragraph id="10324"><sentence id="32419"><source>На всех пунктах приема ЕГЭ в обязательном порядке будут присутствовать общественные наблюдатели.</source><tokens><token id="580353" text="На"><tfr rev_id="3397855" t="На"><v><l t="на" id="166264"><g v="PREP"></g></l></v></tfr></token><token id="580354" text="всех"><tfr rev_id="4135810" t="всех"><v><l t="весь" id="42156"><g v="ADJF"></g><g v="Subx"></g><g v="Apro"></g><g v="plur"></g><g v="loct"></g></l></v></tfr></token><token id="580355" text="пунктах"><tfr rev_id="1413431" t="пунктах"><v><l t="пункт" id="289177"><g v="NOUN"></g><g v="inan"></g><g v="masc"></g><g v="plur"></g><g v="loct"></g></l></v></tfr></token><token id="580356" text="приема"><tfr rev_id="1413432" t="приема"><v><l t="приём" id="268626"><g v="NOUN"></g><g v="inan"></g><g v="masc"></g><g v="sing"></g><g v="gent"></g></l></v></tfr></token><token id="580357" text="ЕГЭ"><tfr rev_id="4158914" t="ЕГЭ"><v><l t="егэ" id="388942"><g v="NOUN"></g><g v="inan"></g><g v="masc"></g><g v="Sgtm"></g><g v="Fixd"></g><g v="Abbr"></g><g v="sing"></g><g v="gent"></g></l></v></tfr></token><token id="580358" text="в"><tfr rev_id="1413434" t="в"><v><l t="в" id="37409"><g v="PREP"></g></l></v></tfr></token><token id="580359" text="обязательном"><tfr rev_id="3342833" t="обязательном"><v><l t="обязательный" id="202087"><g v="ADJF"></g><g v="masc"></g><g v="sing"></g><g v="loct"></g></l></v></tfr></token><token id="580360" text="порядке"><tfr rev_id="1413436" t="порядке"><v><l t="порядок" id="260978"><g v="NOUN"></g><g v="inan"></g><g v="masc"></g><g v="sing"></g><g v="loct"></g></l></v></tfr></token><token id="580361" text="будут"><tfr rev_id="1413437" t="будут"><v><l t="есть" id="37265"><g v="VERB"></g><g v="impf"></g><g v="intr"></g><g v="plur"></g><g v="3per"></g><g v="futr"></g><g v="indc"></g></l></v></tfr></token><token id="580362" text="присутствовать"><tfr rev_id="1413438" t="присутствовать"><v><l t="присутствовать" id="275037"><g v="INFN"></g><g v="impf"></g><g v="intr"></g></l></v></tfr></token><token id="580363" text="общественные"><tfr rev_id="3814718" t="общественные"><v><l t="общественный" id="201612"><g v="ADJF"></g><g v="plur"></g><g v="nomn"></g></l></v></tfr></token><token id="580364" text="наблюдатели"><tfr rev_id="1413440" t="наблюдатели"><v><l t="наблюдатель" id="166525"><g v="NOUN"></g><g v="anim"></g><g v="masc"></g><g v="plur"></g><g v="nomn"></g></l></v></tfr></token><token id="580365" text="."><tfr rev_id="1413441" t="."><v><l t="." id="0"><g v="PNCT"></g></l></v></tfr></token></tokens></sentence><sentence id="32420"><source>Аккредитацию наблюдателя за ходом ЕГЭ получили некоторые высокопоставленные чиновники, в том числе мэр Москвы Сергей Собянин.</source><tokens><token id="580366" text="Аккредитацию"><tfr rev_id="1413442" t="Аккредитацию"><v><l t="аккредитация" id="7164"><g v="NOUN"></g><g v="inan"></g><g v="femn"></g><g v="sing"></g><g v="accs"></g></l></v></tfr></token><token id="580367" text="наблюдателя"><tfr rev_id="4215853" t="наблюдателя"><v><l t="наблюдатель" id="166525"><g v="NOUN"></g><g v="anim"></g><g v="masc"></g><g v="sing"></g><g v="gent"></g></l></v></tfr></token><token id="580368" text="за"><tfr rev_id="1413444" t="за"><v><l t="за" id="98043"><g v="PREP"></g></l></v></tfr></token><token id="580369" text="ходом"><tfr rev_id="1413445" t="ходом"><v><l t="ход" id="371078"><g v="NOUN"></g><g v="inan"></g><g v="masc"></g><g v="sing"></g><g v="ablt"></g></l></v></tfr></token><token id="580370" text="ЕГЭ"><tfr rev_id="4158912" t="ЕГЭ"><v><l t="егэ" id="388942"><g v="NOUN"></g><g v="inan"></g><g v="masc"></g><g v="Sgtm"></g><g v="Fixd"></g><g v="Abbr"></g><g v="sing"></g><g v="gent"></g></l></v></tfr></token><token id="580371" text="получили"><tfr rev_id="1413447" t="получили"><v><l t="получил" id="256959"><g v="VERB"></g><g v="perf"></g><g v="tran"></g><g v="plur"></g><g v="past"></g><g v="indc"></g></l></v></tfr></token><token id="580372" text="некоторые"><tfr rev_id="4473857" t="некоторые"><v><l t="некоторый" id="183542"><g v="ADJF"></g><g v="Apro"></g><g v="plur"></g><g v="nomn"></g></l></v><v><l t="некоторый" id="183542"><g v="ADJF"></g><g v="Apro"></g><g v="inan"></g><g v="plur"></g><g v="accs"></g></l></v></tfr></token><token id="580373" text="высокопоставленные"><tfr rev_id="3751478" t="высокопоставленные"><v><l t="высокопоставленный" id="62325"><g v="ADJF"></g><g v="plur"></g><g v="nomn"></g></l></v></tfr></token><token id="580374" text="чиновники"><tfr rev_id="1413450" t="чиновники"><v><l t="чиновник" id="376482"><g v="NOUN"></g><g v="anim"></g><g v="masc"></g><g v="plur"></g><g v="nomn"></g></l></v></tfr></token><token id="580375" text=","><tfr rev_id="1413451" t=","><v><l t="," id="0"><g v="PNCT"></g></l></v></tfr></token><token id="580376" text="в"><tfr rev_id="1413452" t="в"><v><l t="в" id="37409"><g v="PREP"></g></l></v></tfr></token><token id="580377" text="том"><tfr rev_id="4317794" t="том"><v><l t="тот" id="348430"><g v="ADJF"></g><g v="Subx"></g><g v="Apro"></g><g v="Anph"></g><g v="neut"></g><g v="sing"></g><g v="loct"></g></l></v></tfr></token><token id="580378" text="числе"><tfr rev_id="1413454" t="числе"><v><l t="число" id="376585"><g v="NOUN"></g><g v="inan"></g><g v="neut"></g><g v="sing"></g><g v="loct"></g></l></v></tfr></token><token id="580379" text="мэр"><tfr rev_id="1413455" t="мэр"><v><l t="мэр" id="165997"><g v="NOUN"></g><g v="anim"></g><g v="masc"></g><g v="sing"></g><g v="nomn"></g></l></v></tfr></token><token id="580380" text="Москвы"><tfr rev_id="1413456" t="Москвы"><v><l t="москва" id="163901"><g v="NOUN"></g><g v="inan"></g><g v="femn"></g><g v="Sgtm"></g><g v="Geox"></g><g v="sing"></g><g v="gent"></g></l></v></tfr></token><token id="580381" text="Сергей"><tfr rev_id="1413457" t="Сергей"><v><l t="сергей" id="319056"><g v="NOUN"></g><g v="anim"></g><g v="masc"></g><g v="Name"></g><g v="sing"></g><g v="nomn"></g></l></v></tfr></token><token id="580382" text="Собянин"><tfr rev_id="1413458" t="Собянин"><v><l t="собянин" id="327857"><g v="NOUN"></g><g v="anim"></g><g v="masc"></g><g v="Sgtm"></g><g v="Surn"></g><g v="sing"></g><g v="nomn"></g></l></v></tfr></token><token id="580383" text="."><tfr rev_id="1413459" t="."><v><l t="." id="0"><g v="PNCT"></g></l></v></tfr></token></tokens></sentence><sentence id="32421"><source>Помимо этого в нынешнем году решено в качестве эксперимента разрешить присутствовать общественным наблюдателям на процедурах апелляции.</source><tokens><token id="580384" text="Помимо"><tfr rev_id="1413460" t="Помимо"><v><l t="помимо" id="257727"><g v="PREP"></g></l></v></tfr></token><token id="580385" text="этого"><tfr rev_id="3453751" t="этого"><v><l t="это" id="386575"><g v="NPRO"></g><g v="neut"></g><g v="sing"></g><g v="gent"></g></l></v></tfr></token><token id="580386" text="в"><tfr rev_id="1413462" t="в"><v><l t="в" id="37409"><g v="PREP"></g></l></v></tfr></token><token id="580387" text="нынешнем"><tfr rev_id="3881255" t="нынешнем"><v><l t="нынешний" id="192793"><g v="ADJF"></g><g v="masc"></g><g v="sing"></g><g v="loct"></g></l></v></tfr></token><token id="580388" text="году"><tfr rev_id="2850406" t="году"><v><l t="год" id="72149"><g v="NOUN"></g><g v="inan"></g><g v="masc"></g><g v="sing"></g><g v="loc2"></g></l></v></tfr></token><token id="580389" text="решено"><tfr rev_id="1413465" t="решено"><v><l t="решён" id="307400"><g v="PRTS"></g><g v="perf"></g><g v="past"></g><g v="pssv"></g><g v="neut"></g><g v="sing"></g></l></v></tfr></token><token id="580390" text="в"><tfr rev_id="1413466" t="в"><v><l t="в" id="37409"><g v="PREP"></g></l></v></tfr></token><token id="580391" text="качестве"><tfr rev_id="1413467" t="качестве"><v><l t="качество" id="131638"><g v="NOUN"></g><g v="inan"></g><g v="neut"></g><g v="sing"></g><g v="loct"></g></l></v></tfr></token><token id="580392" text="эксперимента"><tfr rev_id="1413468" t="эксперимента"><v><l t="эксперимент" id="383569"><g v="NOUN"></g><g v="inan"></g><g v="masc"></g><g v="sing"></g><g v="gent"></g></l></v></tfr></token><token id="580393" text="разрешить"><tfr rev_id="1413469" t="разрешить"><v><l t="разрешить" id="296668"><g v="INFN"></g><g v="perf"></g><g v="tran"></g></l></v></tfr></token><token id="580394" text="присутствовать"><tfr rev_id="1413470" t="присутствовать"><v><l t="присутствовать" id="275037"><g v="INFN"></g><g v="impf"></g><g v="intr"></g></l></v></tfr></token><token id="580395" text="общественным"><tfr rev_id="3489012" t="общественным"><v><l t="общественный" id="201612"><g v="ADJF"></g><g v="plur"></g><g v="datv"></g></l></v></tfr></token><token id="580396" text="наблюдателям"><tfr rev_id="1413472" t="наблюдателям"><v><l t="наблюдатель" id="166525"><g v="NOUN"></g><g v="anim"></g><g v="masc"></g><g v="plur"></g><g v="datv"></g></l></v></tfr></token><token id="580397" text="на"><tfr rev_id="3395283" t="на"><v><l t="на" id="166264"><g v="PREP"></g></l></v></tfr></token><token id="580398" text="процедурах"><tfr rev_id="1413474" t="процедурах"><v><l t="процедура" id="287322"><g v="NOUN"></g><g v="inan"></g><g v="femn"></g><g v="plur"></g><g v="loct"></g></l></v></tfr></token><token id="580399" text="апелляции"><tfr rev_id="3558180" t="апелляции"><v><l t="апелляция" id="15156"><g v="NOUN"></g><g v="inan"></g><g v="femn"></g><g v="sing"></g><g v="gent"></g></l></v></tfr></token><token id="580400" text="."><tfr rev_id="1413476" t="."><v><l t="." id="0"><g v="PNCT"></g></l></v></tfr></token></tokens></sentence><sentence id="32422"><source>Предусмотрены и другие нововведения.</source><tokens><token id="580401" text="Предусмотрены"><tfr rev_id="1413477" t="Предусмотрены"><v><l t="предусмотрен" id="267314"><g v="PRTS"></g><g v="perf"></g><g v="past"></g><g v="pssv"></g><g v="plur"></g></l></v></tfr></token><token id="580402" text="и"><tfr rev_id="1413478" t="и"><v><l t="и" id="116949"><g v="CONJ"></g></l></v><v><l t="и" id="116950"><g v="INTJ"></g></l></v></tfr></token><token id="580403" text="другие"><tfr rev_id="3815786" t="другие"><v><l t="другой" id="92342"><g v="ADJF"></g><g v="Apro"></g><g v="Subx"></g><g v="plur"></g><g v="nomn"></g></l></v></tfr></token><token id="580404" text="нововведения"><tfr rev_id="3813109" t="нововведения"><v><l t="нововведение" id="191574"><g v="NOUN"></g><g v="inan"></g><g v="neut"></g><g v="plur"></g><g v="nomn"></g></l></v></tfr></token><token id="580405" text="."><tfr rev_id="1413481" t="."><v><l t="." id="0"><g v="PNCT"></g></l></v></tfr></token></tokens></sentence><sentence id="32423"><source>Экзаменуемым запрещено во время ЕГЭ иметь при себе мобильные телефоны.</source><tokens><token id="580406" text="Экзаменуемым"><tfr rev_id="2369220" t="Экзаменуемым"><v><l t="экзаменуемый" id="383171"><g v="PRTF"></g><g v="impf"></g><g v="tran"></g><g v="pres"></g><g v="pssv"></g><g v="plur"></g><g v="datv"></g></l></v></tfr></token><token id="580407" text="запрещено"><tfr rev_id="1413483" t="запрещено"><v><l t="запрещён" id="107932"><g v="PRTS"></g><g v="perf"></g><g v="past"></g><g v="pssv"></g><g v="neut"></g><g v="sing"></g></l></v></tfr></token><token id="580408" text="во"><tfr rev_id="2920219" t="во"><v><l t="в" id="37409"><g v="PREP"></g><g v="Vpre"></g></l></v></tfr></token><token id="580409" text="время"><tfr rev_id="1413485" t="время"><v><l t="время" id="53149"><g v="NOUN"></g><g v="inan"></g><g v="neut"></g><g v="sing"></g><g v="nomn"></g></l></v><v><l t="время" id="53149"><g v="NOUN"></g><g v="inan"></g><g v="neut"></g><g v="sing"></g><g v="accs"></g></l></v></tfr></token><token id="580410" text="ЕГЭ"><tfr rev_id="4173662" t="ЕГЭ"><v><l t="егэ" id="388942"><g v="NOUN"></g><g v="inan"></g><g v="masc"></g><g v="Sgtm"></g><g v="Fixd"></g><g v="Abbr"></g><g v="sing"></g><g v="gent"></g></l></v></tfr></token><token id="580411" text="иметь"><tfr rev_id="1413487" t="иметь"><v><l t="иметь" id="121611"><g v="INFN"></g><g v="impf"></g><g v="tran"></g></l></v></tfr></token><token id="580412" text="при"><tfr rev_id="2604522" t="при"><v><l t="при" id="268625"><g v="PREP"></g></l></v></tfr></token><token id="580413" text="себе"><tfr rev_id="4397959" t="себе"><v><l t="себя" id="317456"><g v="NPRO"></g><g v="Anph"></g><g v="sing"></g><g v="loct"></g></l></v></tfr></token><token id="580414" text="мобильные"><tfr rev_id="3821347" t="мобильные"><v><l t="мобильный" id="162202"><g v="ADJF"></g><g v="Qual"></g><g v="inan"></g><g v="plur"></g><g v="accs"></g></l></v></tfr></token><token id="580415" text="телефоны"><tfr rev_id="3727656" t="телефоны"><v><l t="телефон" id="344325"><g v="NOUN"></g><g v="inan"></g><g v="masc"></g><g v="plur"></g><g v="accs"></g></l></v></tfr></token><token id="580416" text="."><tfr rev_id="1413492" t="."><v><l t="." id="0"><g v="PNCT"></g></l></v></tfr></token></tokens></sentence><sentence id="32424"><source>Также за контрольно-измерительными материалами законодательно закреплён статус документа, обладающего информацией ограниченного доступа.</source><tokens><token id="580417" text="Также"><tfr rev_id="4267686" t="Также"><v><l t="также" id="342482"><g v="PRCL"></g></l></v></tfr></token><token id="580418" text="за"><tfr rev_id="1413494" t="за"><v><l t="за" id="98043"><g v="PREP"></g></l></v></tfr></token><token id="580419" text="контрольно-измерительными"><tfr rev_id="1413495" t="контрольно-измерительными"><v><l t="контрольно-измерительный" id="138618"><g v="ADJF"></g><g v="plur"></g><g v="ablt"></g></l></v></tfr></token><token id="580420" text="материалами"><tfr rev_id="1413496" t="материалами"><v><l t="материал" id="156200"><g v="NOUN"></g><g v="inan"></g><g v="masc"></g><g v="plur"></g><g v="ablt"></g></l></v></tfr></token><token id="580421" text="законодательно"><tfr rev_id="1413497" t="законодательно"><v><l t="законодательно" id="103715"><g v="ADVB"></g></l></v><v><l t="законодателен" id="103717"><g v="ADJS"></g><g v="neut"></g><g v="sing"></g></l></v></tfr></token><token id="580422" text="закреплён"><tfr rev_id="1413498" t="закреплён"><v><l t="закреплён" id="104042"><g v="PRTS"></g><g v="perf"></g><g v="past"></g><g v="pssv"></g><g v="masc"></g><g v="sing"></g></l></v></tfr></token><token id="580423" text="статус"><tfr rev_id="4104960" t="статус"><v><l t="статус" id="335151"><g v="NOUN"></g><g v="inan"></g><g v="masc"></g><g v="sing"></g><g v="nomn"></g></l></v></tfr></token><token id="580424" text="документа"><tfr rev_id="1413500" t="документа"><v><l t="документ" id="87509"><g v="NOUN"></g><g v="inan"></g><g v="masc"></g><g v="sing"></g><g v="gent"></g></l></v></tfr></token><token id="580425" text=","><tfr rev_id="1413501" t=","><v><l t="," id="0"><g v="PNCT"></g></l></v></tfr></token><token id="580426" text="обладающего"><tfr rev_id="3443135" t="обладающего"><v><l t="обладающий" id="196103"><g v="PRTF"></g><g v="impf"></g><g v="intr"></g><g v="pres"></g><g v="actv"></g><g v="masc"></g><g v="sing"></g><g v="gent"></g></l></v><v><l t="обладающий" id="196103"><g v="PRTF"></g><g v="impf"></g><g v="intr"></g><g v="pres"></g><g v="actv"></g><g v="anim"></g><g v="masc"></g><g v="sing"></g><g v="accs"></g></l></v></tfr></token><token id="580427" text="информацией"><tfr rev_id="1413503" t="информацией"><v><l t="информация" id="123576"><g v="NOUN"></g><g v="inan"></g><g v="femn"></g><g v="sing"></g><g v="ablt"></g></l></v></tfr></token><token id="580428" text="ограниченного"><tfr rev_id="1413504" t="ограниченного"><v><l t="ограниченный" id="202918"><g v="ADJF"></g><g v="Qual"></g><g v="masc"></g><g v="sing"></g><g v="gent"></g></l></v><v><l t="ограниченный" id="202918"><g v="ADJF"></g><g v="Qual"></g><g v="anim"></g><g v="masc"></g><g v="sing"></g><g v="accs"></g></l></v><v><l t="ограниченный" id="202918"><g v="ADJF"></g><g v="Qual"></g><g v="neut"></g><g v="sing"></g><g v="gent"></g></l></v><v><l t="ограниченный" id="202940"><g v="PRTF"></g><g v="perf"></g><g v="tran"></g><g v="past"></g><g v="pssv"></g><g v="masc"></g><g v="sing"></g><g v="gent"></g></l></v><v><l t="ограниченный" id="202940"><g v="PRTF"></g><g v="perf"></g><g v="tran"></g><g v="past"></g><g v="pssv"></g><g v="anim"></g><g v="masc"></g><g v="sing"></g><g v="accs"></g></l></v><v><l t="ограниченный" id="202940"><g v="PRTF"></g><g v="perf"></g><g v="tran"></g><g v="past"></g><g v="pssv"></g><g v="neut"></g><g v="sing"></g><g v="gent"></g></l></v></tfr></token><token id="580429" text="доступа"><tfr rev_id="1413505" t="доступа"><v><l t="доступ" id="90727"><g v="NOUN"></g><g v="inan"></g><g v="masc"></g><g v="sing"></g><g v="gent"></g></l></v></tfr></token><token id="580430" text="."><tfr rev_id="1413506" t="."><v><l t="." id="0"><g v="PNCT"></g></l></v></tfr></token></tokens></sentence><sentence id="32425"><source>Из чего следует, что любая попытка обнародовать экзаменационное задание влечёт за собой административную и уголовную ответственность.</source><tokens><token id="580431" text="Из"><tfr rev_id="1717930" t="Из"><v><l t="из" id="117677"><g v="PREP"></g></l></v></tfr></token><token id="580432" text="чего"><tfr rev_id="1413508" t="чего"><v><l t="чего" id="374963"><g v="ADVB"></g><g v="Ques"></g></l></v><v><l t="что" id="377005"><g v="NPRO"></g><g v="neut"></g><g v="sing"></g><g v="gent"></g></l></v></tfr></token><token id="580433" text="следует"><tfr rev_id="3665426" t="следует"><v><l t="следую" id="324747"><g v="VERB"></g><g v="impf"></g><g v="intr"></g><g v="sing"></g><g v="3per"></g><g v="pres"></g><g v="indc"></g><g v="Impx"></g></l></v></tfr></token><token id="580434" text=","><tfr rev_id="1413510" t=","><v><l t="," id="0"><g v="PNCT"></g></l></v></tfr></token><token id="580435" text="что"><tfr rev_id="3196615" t="что"><v><l t="что" id="377004"><g v="CONJ"></g></l></v><v><l t="что" id="377005"><g v="NPRO"></g><g v="neut"></g><g v="sing"></g><g v="nomn"></g></l></v><v><l t="что" id="377005"><g v="NPRO"></g><g v="neut"></g><g v="sing"></g><g v="accs"></g></l></v><v><l t="что" id="377006"><g v="ADVB"></g><g v="Ques"></g></l></v><v><l t="что" id="388695"><g v="PRCL"></g></l></v></tfr></token><token id="580436" text="любая"><tfr rev_id="4474014" t="любая"><v><l t="любой" id="152026"><g v="ADJF"></g><g v="Apro"></g><g v="femn"></g><g v="sing"></g><g v="nomn"></g></l></v></tfr></token><token id="580437" text="попытка"><tfr rev_id="1413513" t="попытка"><v><l t="попытка" id="259844"><g v="NOUN"></g><g v="inan"></g><g v="femn"></g><g v="sing"></g><g v="nomn"></g></l></v></tfr></token><token id="580438" text="обнародовать"><tfr rev_id="1413514" t="обнародовать"><v><l t="обнародовать" id="197754"><g v="INFN"></g><g v="perf"></g><g v="tran"></g></l></v></tfr></token><token id="580439" text="экзаменационное"><tfr rev_id="1413515" t="экзаменационное"><v><l t="экзаменационный" id="383163"><g v="ADJF"></g><g v="neut"></g><g v="sing"></g><g v="nomn"></g></l></v><v><l t="экзаменационный" id="383163"><g v="ADJF"></g><g v="neut"></g><g v="sing"></g><g v="accs"></g></l></v></tfr></token><token id="580440" text="задание"><tfr rev_id="1413516" t="задание"><v><l t="задание" id="101413"><g v="NOUN"></g><g v="inan"></g><g v="neut"></g><g v="sing"></g><g v="nomn"></g></l></v><v><l t="задание" id="101413"><g v="NOUN"></g><g v="inan"></g><g v="neut"></g><g v="sing"></g><g v="accs"></g></l></v></tfr></token><token id="580441" text="влечёт"><tfr rev_id="1413517" t="влечёт"><v><l t="влеку" id="46904"><g v="VERB"></g><g v="impf"></g><g v="tran"></g><g v="sing"></g><g v="3per"></g><g v="pres"></g><g v="indc"></g></l></v></tfr></token><token id="580442" text="за"><tfr rev_id="1413518" t="за"><v><l t="за" id="98043"><g v="PREP"></g></l></v></tfr></token><token id="580443" text="собой"><tfr rev_id="3636372" t="собой"><v><l t="себя" id="317456"><g v="NPRO"></g><g v="Anph"></g><g v="sing"></g><g v="ablt"></g></l></v></tfr></token><token id="580444" text="административную"><tfr rev_id="1413520" t="административную"><v><l t="административный" id="5050"><g v="ADJF"></g><g v="femn"></g><g v="sing"></g><g v="accs"></g></l></v></tfr></token><token id="580445" text="и"><tfr rev_id="3533532" t="и"><v><l t="и" id="116949"><g v="CONJ"></g></l></v></tfr></token><token id="580446" text="уголовную"><tfr rev_id="1413522" t="уголовную"><v><l t="уголовный" id="354323"><g v="ADJF"></g><g v="Qual"></g><g v="femn"></g><g v="sing"></g><g v="accs"></g></l></v></tfr></token><token id="580447" text="ответственность"><tfr rev_id="3487896" t="ответственность"><v><l t="ответственность" id="212442"><g v="NOUN"></g><g v="inan"></g><g v="femn"></g><g v="sing"></g><g v="accs"></g></l></v></tfr></token><token id="580448" text="."><tfr rev_id="1413524" t="."><v><l t="." id="0"><g v="PNCT"></g></l></v></tfr></token></tokens></sentence></paragraph><paragraph id="10325"><sentence id="32426"><source>Напомним, с 20 по 30 апреля в РФ уже прошла досрочная сдача Единого государственного экзамена.</source><tokens><token id="580449" text="Напомним"><tfr rev_id="1413525" t="Напомним"><v><l t="напомнил" id="173892"><g v="VERB"></g><g v="perf"></g><g v="tran"></g><g v="plur"></g><g v="1per"></g><g v="futr"></g><g v="indc"></g></l></v><v><l t="напомнил" id="173892"><g v="VERB"></g><g v="perf"></g><g v="tran"></g><g v="sing"></g><g v="impr"></g><g v="incl"></g></l></v></tfr></token><token id="580450" text=","><tfr rev_id="1413526" t=","><v><l t="," id="0"><g v="PNCT"></g></l></v></tfr></token><token id="580451" text="с"><tfr rev_id="1413527" t="с"><v><l t="с" id="311151"><g v="PREP"></g></l></v></tfr></token><token id="580452" text="20"><tfr rev_id="2461297" t="20"><v><l t="20" id="0"><g v="NUMB"></g></l></v></tfr></token><token id="580453" text="по"><tfr rev_id="1413529" t="по"><v><l t="по" id="241240"><g v="PREP"></g></l></v></tfr></token><token id="580454" text="30"><tfr rev_id="2461298" t="30"><v><l t="30" id="0"><g v="NUMB"></g></l></v></tfr></token><token id="580455" text="апреля"><tfr rev_id="1413531" t="апреля"><v><l t="апрель" id="15509"><g v="NOUN"></g><g v="inan"></g><g v="masc"></g><g v="sing"></g><g v="gent"></g></l></v></tfr></token><token id="580456" text="в"><tfr rev_id="1413532" t="в"><v><l t="в" id="37409"><g v="PREP"></g></l></v></tfr></token><token id="580457" text="РФ"><tfr rev_id="4151797" t="РФ"><v><l t="рф" id="310486"><g v="NOUN"></g><g v="inan"></g><g v="femn"></g><g v="Sgtm"></g><g v="Fixd"></g><g v="Abbr"></g><g v="Geox"></g><g v="sing"></g><g v="loct"></g></l></v></tfr></token><token id="580458" text="уже"><tfr rev_id="2692672" t="уже"><v><l t="уж" id="355422"><g v="NOUN"></g><g v="anim"></g><g v="masc"></g><g v="sing"></g><g v="loct"></g></l></v><v><l t="уже" id="355498"><g v="ADVB"></g></l></v><v><l t="уже" id="355674"><g v="COMP"></g><g v="Qual"></g></l></v><v><l t="уже" id="388673"><g v="PRCL"></g></l></v></tfr></token><token id="580459" text="прошла"><tfr rev_id="4328256" t="прошла"><v><l t="прошёл" id="280310"><g v="VERB"></g><g v="perf"></g><g v="tran"></g><g v="femn"></g><g v="sing"></g><g v="past"></g><g v="indc"></g></l></v></tfr></token><token id="580460" text="досрочная"><tfr rev_id="1413536" t="досрочная"><v><l t="досрочный" id="90409"><g v="ADJF"></g><g v="Qual"></g><g v="femn"></g><g v="sing"></g><g v="nomn"></g></l></v></tfr></token><token id="580461" text="сдача"><tfr rev_id="1413537" t="сдача"><v><l t="сдача" id="317182"><g v="NOUN"></g><g v="inan"></g><g v="femn"></g><g v="sing"></g><g v="nomn"></g></l></v></tfr></token><token id="580462" text="Единого"><tfr rev_id="3823859" t="Единого"><v><l t="единый" id="94410"><g v="ADJF"></g><g v="Qual"></g><g v="masc"></g><g v="sing"></g><g v="gent"></g></l></v><v><l t="единый" id="94410"><g v="ADJF"></g><g v="Qual"></g><g v="anim"></g><g v="masc"></g><g v="sing"></g><g v="accs"></g></l></v></tfr></token><token id="580463" text="государственного"><tfr rev_id="3477441" t="государственного"><v><l t="государственный" id="74161"><g v="ADJF"></g><g v="masc"></g><g v="sing"></g><g v="gent"></g></l></v><v><l t="государственный" id="74161"><g v="ADJF"></g><g v="anim"></g><g v="masc"></g><g v="sing"></g><g v="accs"></g></l></v></tfr></token><token id="580464" text="экзамена"><tfr rev_id="1413540" t="экзамена"><v><l t="экзамен" id="383158"><g v="NOUN"></g><g v="inan"></g><g v="masc"></g><g v="sing"></g><g v="gent"></g></l></v></tfr></token><token id="580465" text="."><tfr rev_id="1413541" t="."><v><l t="." id="0"><g v="PNCT"></g></l></v></tfr></token></tokens></sentence><sentence id="32427"><source>Высокие результаты, показанные выпускниками в Дагестане, Адыгее, Кабардино-Балкарии, Воронежской и Ростовской областях, вызвали подозрения у сотрудников Рособрнадзора.</source><tokens><token id="580466" text="Высокие"><tfr rev_id="3817147" t="Высокие"><v><l t="высокий" id="62135"><g v="ADJF"></g><g v="Qual"></g><g v="plur"></g><g v="nomn"></g></l></v></tfr></token><token id="580467" text="результаты"><tfr rev_id="3748172" t="результаты"><v><l t="результат" id="305391"><g v="NOUN"></g><g v="inan"></g><g v="masc"></g><g v="plur"></g><g v="nomn"></g></l></v></tfr></token><token id="580468" text=","><tfr rev_id="1413544" t=","><v><l t="," id="0"><g v="PNCT"></g></l></v></tfr></token><token id="580469" text="показанные"><tfr rev_id="1413545" t="показанные"><v><l t="показанный" id="253985"><g v="PRTF"></g><g v="perf"></g><g v="tran"></g><g v="past"></g><g v="pssv"></g><g v="plur"></g><g v="nomn"></g></l></v><v><l t="показанный" id="253985"><g v="PRTF"></g><g v="perf"></g><g v="tran"></g><g v="past"></g><g v="pssv"></g><g v="inan"></g><g v="plur"></g><g v="accs"></g></l></v></tfr></token><token id="580470" text="выпускниками"><tfr rev_id="1413546" t="выпускниками"><v><l t="выпускник" id="61010"><g v="NOUN"></g><g v="anim"></g><g v="masc"></g><g v="plur"></g><g v="ablt"></g></l></v></tfr></token><token id="580471" text="в"><tfr rev_id="1413547" t="в"><v><l t="в" id="37409"><g v="PREP"></g></l></v></tfr></token><token id="580472" text="Дагестане"><tfr rev_id="1413548" t="Дагестане"><v><l t="дагестан" id="77782"><g v="NOUN"></g><g v="inan"></g><g v="masc"></g><g v="Geox"></g><g v="sing"></g><g v="loct"></g></l></v></tfr></token><token id="580473" text=","><tfr rev_id="1413549" t=","><v><l t="," id="0"><g v="PNCT"></g></l></v></tfr></token><token id="580474" text="Адыгее"><tfr rev_id="3446871" t="Адыгее"><v><l t="адыгея" id="5340"><g v="NOUN"></g><g v="inan"></g><g v="femn"></g><g v="Sgtm"></g><g v="Geox"></g><g v="sing"></g><g v="loct"></g></l></v></tfr></token><token id="580475" text=","><tfr rev_id="1413551" t=","><v><l t="," id="0"><g v="PNCT"></g></l></v></tfr></token><token id="580476" text="Кабардино-Балкарии"><tfr rev_id="3455324" t="Кабардино-Балкарии"><v><l t="кабардино-балкария" id="127533"><g v="NOUN"></g><g v="inan"></g><g v="femn"></g><g v="Sgtm"></g><g v="Geox"></g><g v="sing"></g><g v="loct"></g></l></v></tfr></token><token id="580477" text=","><tfr rev_id="1413553" t=","><v><l t="," id="0"><g v="PNCT"></g></l></v></tfr></token><token id="580478" text="Воронежской"><tfr rev_id="4495110" t="Воронежской"><v><l t="воронежский" id="51033"><g v="ADJF"></g><g v="femn"></g><g v="sing"></g><g v="loct"></g></l></v></tfr></token><token id="580479" text="и"><tfr rev_id="3411167" t="и"><v><l t="и" id="116949"><g v="CONJ"></g></l></v></tfr></token><token id="580480" text="Ростовской"><tfr rev_id="2369680" t="Ростовской"><v><l t="ростовский" id="309407"><g v="ADJF"></g><g v="femn"></g><g v="sing"></g><g v="loct"></g></l></v></tfr></token><token id="580481" text="областях"><tfr rev_id="1413557" t="областях"><v><l t="область" id="196229"><g v="NOUN"></g><g v="inan"></g><g v="femn"></g><g v="plur"></g><g v="loct"></g></l></v></tfr></token><token id="580482" text=","><tfr rev_id="1413558" t=","><v><l t="," id="0"><g v="PNCT"></g></l></v></tfr></token><token id="580483" text="вызвали"><tfr rev_id="1413559" t="вызвали"><v><l t="вызвал" id="57525"><g v="VERB"></g><g v="perf"></g><g v="tran"></g><g v="plur"></g><g v="past"></g><g v="indc"></g></l></v></tfr></token><token id="580484" text="подозрения"><tfr rev_id="3795518" t="подозрения"><v><l t="подозрение" id="248465"><g v="NOUN"></g><g v="inan"></g><g v="neut"></g><g v="plur"></g><g v="accs"></g></l></v></tfr></token><token id="580485" text="у"><tfr rev_id="3327398" t="у"><v><l t="у" id="352818"><g v="PREP"></g></l></v></tfr></token><token id="580486" text="сотрудников"><tfr rev_id="2928473" t="сотрудников"><v><l t="сотрудник" id="330867"><g v="NOUN"></g><g v="anim"></g><g v="masc"></g><g v="plur"></g><g v="gent"></g></l></v></tfr></token><token id="580487" text="Рособрнадзора"><tfr rev_id="4306500" t="Рособрнадзора"><v><l t="рособрнадзор" id="390297"><g v="NOUN"></g><g v="inan"></g><g v="masc"></g><g v="Sgtm"></g><g v="Orgn"></g><g v="sing"></g><g v="gent"></g></l></v></tfr></token><token id="580488" text="."><tfr rev_id="1413564" t="."><v><l t="." id="0"><g v="PNCT"></g></l></v></tfr></token></tokens></sentence><sentence id="32428"><source>В ведомстве намерены провести проверки, по итогам которых могут быть пересмотрены результаты досрочно сданных ЕГЭ.</source><tokens><token id="580489" text="В"><tfr rev_id="1413565" t="В"><v><l t="в" id="37409"><g v="PREP"></g></l></v></tfr></token><token id="580490" text="ведомстве"><tfr rev_id="1413566" t="ведомстве"><v><l t="ведомство" id="40354"><g v="NOUN"></g><g v="inan"></g><g v="neut"></g><g v="sing"></g><g v="loct"></g></l></v></tfr></token><token id="580491" text="намерены"><tfr rev_id="1413567" t="намерены"><v><l t="намерен" id="172445"><g v="ADJS"></g><g v="plur"></g></l></v><v><l t="намерен" id="172473"><g v="PRTS"></g><g v="perf"></g><g v="past"></g><g v="pssv"></g><g v="plur"></g></l></v></tfr></token><token id="580492" text="провести"><tfr rev_id="1413568" t="провести"><v><l t="провести" id="277831"><g v="INFN"></g><g v="perf"></g><g v="tran"></g></l></v></tfr></token><token id="580493" text="проверки"><tfr rev_id="3749136" t="проверки"><v><l t="проверка" id="277763"><g v="NOUN"></g><g v="inan"></g><g v="femn"></g><g v="plur"></g><g v="accs"></g></l></v></tfr></token><token id="580494" text=","><tfr rev_id="1413570" t=","><v><l t="," id="0"><g v="PNCT"></g></l></v></tfr></token><token id="580495" text="по"><tfr rev_id="1413571" t="по"><v><l t="по" id="241240"><g v="PREP"></g></l></v></tfr></token><token id="580496" text="итогам"><tfr rev_id="1413572" t="итогам"><v><l t="итог" id="127141"><g v="NOUN"></g><g v="inan"></g><g v="masc"></g><g v="plur"></g><g v="datv"></g></l></v></tfr></token><token id="580497" text="которых"><tfr rev_id="4355980" t="которых"><v><l t="который" id="141203"><g v="ADJF"></g><g v="Apro"></g><g v="Subx"></g><g v="Anph"></g><g v="plur"></g><g v="gent"></g></l></v></tfr></token><token id="580498" text="могут"><tfr rev_id="1413574" t="могут"><v><l t="могу" id="164485"><g v="VERB"></g><g v="impf"></g><g v="intr"></g><g v="plur"></g><g v="3per"></g><g v="pres"></g><g v="indc"></g></l></v></tfr></token><token id="580499" text="быть"><tfr rev_id="1413575" t="быть"><v><l t="быть" id="37266"><g v="INFN"></g><g v="impf"></g><g v="intr"></g></l></v></tfr></token><token id="580500" text="пересмотрены"><tfr rev_id="1413576" t="пересмотрены"><v><l t="пересмотрен" id="234336"><g v="PRTS"></g><g v="perf"></g><g v="past"></g><g v="pssv"></g><g v="plur"></g></l></v></tfr></token><token id="580501" text="результаты"><tfr rev_id="3751321" t="результаты"><v><l t="результат" id="305391"><g v="NOUN"></g><g v="inan"></g><g v="masc"></g><g v="plur"></g><g v="nomn"></g></l></v></tfr></token><token id="580502" text="досрочно"><tfr rev_id="1413578" t="досрочно"><v><l t="досрочно" id="90408"><g v="ADVB"></g></l></v><v><l t="досрочен" id="90411"><g v="ADJS"></g><g v="Qual"></g><g v="neut"></g><g v="sing"></g></l></v></tfr></token><token id="580503" text="сданных"><tfr rev_id="1413579" t="сданных"><v><l t="сданный" id="317175"><g v="PRTF"></g><g v="perf"></g><g v="tran"></g><g v="past"></g><g v="pssv"></g><g v="plur"></g><g v="gent"></g></l></v><v><l t="сданный" id="317175"><g v="PRTF"></g><g v="perf"></g><g v="tran"></g><g v="past"></g><g v="pssv"></g><g v="anim"></g><g v="plur"></g><g v="accs"></g></l></v><v><l t="сданный" id="317175"><g v="PRTF"></g><g v="perf"></g><g v="tran"></g><g v="past"></g><g v="pssv"></g><g v="plur"></g><g v="loct"></g></l></v></tfr></token><token id="580504" text="ЕГЭ"><tfr rev_id="4167349" t="ЕГЭ"><v><l t="егэ" id="388942"><g v="NOUN"></g><g v="inan"></g><g v="masc"></g><g v="Sgtm"></g><g v="Fixd"></g><g v="Abbr"></g><g v="sing"></g><g v="gent"></g></l></v></tfr></token><token id="580505" text="."><tfr rev_id="1413581" t="."><v><l t="." id="0"><g v="PNCT"></g></l></v></tfr></token></tokens></sentence></paragraph><paragraph id="10326"><sentence id="32429"><source>О том, что думают россияне о введении Единого государственного экзамена, читайте в статье Частного корреспондента «ЕГЭ капут?»</source><tokens><token id="580506" text="О"><tfr rev_id="3417302" t="О"><v><l t="о" id="192977"><g v="PREP"></g></l></v></tfr></token><token id="580507" text="том"><tfr rev_id="4405472" t="том"><v><l t="тот" id="348430"><g v="ADJF"></g><g v="Subx"></g><g v="Apro"></g><g v="Anph"></g><g v="neut"></g><g v="sing"></g><g v="loct"></g></l></v></tfr></token><token id="580508" text=","><tfr rev_id="1413584" t=","><v><l t="," id="0"><g v="PNCT"></g></l></v></tfr></token><token id="580509" text="что"><tfr rev_id="3196616" t="что"><v><l t="что" id="377004"><g v="CONJ"></g></l></v><v><l t="что" id="377005"><g v="NPRO"></g><g v="neut"></g><g v="sing"></g><g v="nomn"></g></l></v><v><l t="что" id="377005"><g v="NPRO"></g><g v="neut"></g><g v="sing"></g><g v="accs"></g></l></v><v><l t="что" id="377006"><g v="ADVB"></g><g v="Ques"></g></l></v><v><l t="что" id="388695"><g v="PRCL"></g></l></v></tfr></token><token id="580510" text="думают"><tfr rev_id="1413586" t="думают"><v><l t="думаю" id="92996"><g v="VERB"></g><g v="impf"></g><g v="tran"></g><g v="plur"></g><g v="3per"></g><g v="pres"></g><g v="indc"></g></l></v><v><l t="думаю" id="93001"><g v="VERB"></g><g v="impf"></g><g v="intr"></g><g v="plur"></g><g v="3per"></g><g v="pres"></g><g v="indc"></g></l></v></tfr></token><token id="580511" text="россияне"><tfr rev_id="1413587" t="россияне"><v><l t="россиянин" id="309323"><g v="NOUN"></g><g v="anim"></g><g v="masc"></g><g v="plur"></g><g v="nomn"></g></l></v></tfr></token><token id="580512" text="о"><tfr rev_id="3326661" t="о"><v><l t="о" id="192977"><g v="PREP"></g></l></v></tfr></token><token id="580513" text="введении"><tfr rev_id="1413589" t="введении"><v><l t="введение" id="39618"><g v="NOUN"></g><g v="inan"></g><g v="neut"></g><g v="sing"></g><g v="loct"></g></l></v></tfr></token><token id="580514" text="Единого"><tfr rev_id="4420161" t="Единого"><v><l t="единый" id="94410"><g v="ADJF"></g><g v="Qual"></g><g v="masc"></g><g v="sing"></g><g v="gent"></g></l></v></tfr></token><token id="580515" text="государственного"><tfr rev_id="3408083" t="государственного"><v><l t="государственный" id="74161"><g v="ADJF"></g><g v="masc"></g><g v="sing"></g><g v="gent"></g></l></v><v><l t="государственный" id="74161"><g v="ADJF"></g><g v="anim"></g><g v="masc"></g><g v="sing"></g><g v="accs"></g></l></v></tfr></token><token id="580516" text="экзамена"><tfr rev_id="1413592" t="экзамена"><v><l t="экзамен" id="383158"><g v="NOUN"></g><g v="inan"></g><g v="masc"></g><g v="sing"></g><g v="gent"></g></l></v></tfr></token><token id="580517" text=","><tfr rev_id="1413593" t=","><v><l t="," id="0"><g v="PNCT"></g></l></v></tfr></token><token id="580518" text="читайте"><tfr rev_id="1413594" t="читайте"><v><l t="читаю" id="376719"><g v="VERB"></g><g v="impf"></g><g v="tran"></g><g v="plur"></g><g v="impr"></g><g v="excl"></g></l></v></tfr></token><token id="580519" text="в"><tfr rev_id="1413595" t="в"><v><l t="в" id="37409"><g v="PREP"></g></l></v></tfr></token><token id="580520" text="статье"><tfr rev_id="3534737" t="статье"><v><l t="статья" id="335173"><g v="NOUN"></g><g v="inan"></g><g v="femn"></g><g v="sing"></g><g v="loct"></g></l></v></tfr></token><token id="580521" text="Частного"><tfr rev_id="4371630" t="Частного"><v><l t="частный" id="374795"><g v="ADJF"></g><g v="Qual"></g><g v="masc"></g><g v="sing"></g><g v="gent"></g></l></v><v><l t="частный" id="374795"><g v="ADJF"></g><g v="Qual"></g><g v="anim"></g><g v="masc"></g><g v="sing"></g><g v="accs"></g></l></v></tfr></token><token id="580522" text="корреспондента"><tfr rev_id="3417625" t="корреспондента"><v><l t="корреспондент" id="140239"><g v="NOUN"></g><g v="anim"></g><g v="masc"></g><g v="sing"></g><g v="gent"></g></l></v></tfr></token><token id="580523" text="«"><tfr rev_id="2442847" t="«"><v><l t="«" id="0"><g v="PNCT"></g></l></v></tfr></token><token id="580524" text="ЕГЭ"><tfr rev_id="4166216" t="ЕГЭ"><v><l t="егэ" id="388942"><g v="NOUN"></g><g v="inan"></g><g v="masc"></g><g v="Sgtm"></g><g v="Fixd"></g><g v="Abbr"></g><g v="sing"></g><g v="datv"></g></l></v></tfr></token><token id="580525" text="капут"><tfr rev_id="3479582" t="капут"><v><l t="капут" id="389035"><g v="PRED"></g><g v="pres"></g></l></v></tfr></token><token id="580526" text="?"><tfr rev_id="1413602" t="?"><v><l t="?" id="0"><g v="PNCT"></g></l></v></tfr></token><token id="580527" text="»"><tfr rev_id="2442848" t="»"><v><l t="»" id="0"><g v="PNCT"></g></l></v></tfr></token></tokens></sentence></paragraph></paragraphs></text>