<?xml version="1.0" encoding="utf-8"?><text id="1074" parent="226" name="09096 Российские профсоюзы предрекают новую волну безработицы"><tags><tag>url:http://www.chaskor.ru/news/rossijskie_profsoyuzy_predrekayut_novuyu_volnu_bezrabotitsy_9096</tag><tag>Год:2009</tag><tag>Дата:06/08</tag><tag>Тема:ЧасКор:Общество</tag><tag>Тема:ЧасКор:Общество/Работа</tag></tags><paragraphs><paragraph id="10415"><sentence id="32678"><source>Российские профсоюзы предрекают новую волну безработицы</source><tokens><token id="585314" text="Российские"><tfr rev_id="4075778" t="Российские"><v><l t="российский" id="309319"><g v="ADJF"></g><g v="plur"></g><g v="nomn"></g></l></v></tfr></token><token id="585315" text="профсоюзы"><tfr rev_id="3716207" t="профсоюзы"><v><l t="профсоюз" id="287042"><g v="NOUN"></g><g v="inan"></g><g v="masc"></g><g v="plur"></g><g v="nomn"></g></l></v></tfr></token><token id="585316" text="предрекают"><tfr rev_id="1418389" t="предрекают"><v><l t="предрекаю" id="266965"><g v="VERB"></g><g v="impf"></g><g v="tran"></g><g v="plur"></g><g v="3per"></g><g v="pres"></g><g v="indc"></g></l></v></tfr></token><token id="585317" text="новую"><tfr rev_id="1418390" t="новую"><v><l t="новый" id="191918"><g v="ADJF"></g><g v="Qual"></g><g v="femn"></g><g v="sing"></g><g v="accs"></g></l></v></tfr></token><token id="585318" text="волну"><tfr rev_id="1418391" t="волну"><v><l t="волна" id="50017"><g v="NOUN"></g><g v="inan"></g><g v="femn"></g><g v="sing"></g><g v="accs"></g></l></v></tfr></token><token id="585319" text="безработицы"><tfr rev_id="3451998" t="безработицы"><v><l t="безработица" id="26303"><g v="NOUN"></g><g v="inan"></g><g v="femn"></g><g v="sing"></g><g v="gent"></g></l></v></tfr></token></tokens></sentence><sentence id="32679"><source>По их прогнозам, до конца года в России будут уволены 400 тыс. человек.</source><tokens><token id="585320" text="По"><tfr rev_id="1418393" t="По"><v><l t="по" id="241240"><g v="PREP"></g></l></v></tfr></token><token id="585321" text="их"><tfr rev_id="4209359" t="их"><v><l t="их" id="127205"><g v="ADJF"></g><g v="Fixd"></g><g v="Apro"></g><g v="Anph"></g><g v="plur"></g><g v="nomn"></g></l></v><v><l t="их" id="127205"><g v="ADJF"></g><g v="Fixd"></g><g v="Apro"></g><g v="Anph"></g><g v="plur"></g><g v="gent"></g></l></v><v><l t="их" id="127205"><g v="ADJF"></g><g v="Fixd"></g><g v="Apro"></g><g v="Anph"></g><g v="plur"></g><g v="datv"></g></l></v><v><l t="их" id="127205"><g v="ADJF"></g><g v="Fixd"></g><g v="Apro"></g><g v="Anph"></g><g v="plur"></g><g v="accs"></g></l></v><v><l t="их" id="127205"><g v="ADJF"></g><g v="Fixd"></g><g v="Apro"></g><g v="Anph"></g><g v="plur"></g><g v="ablt"></g></l></v><v><l t="их" id="127205"><g v="ADJF"></g><g v="Fixd"></g><g v="Apro"></g><g v="Anph"></g><g v="plur"></g><g v="loct"></g></l></v></tfr></token><token id="585322" text="прогнозам"><tfr rev_id="1418395" t="прогнозам"><v><l t="прогноз" id="278534"><g v="NOUN"></g><g v="inan"></g><g v="masc"></g><g v="plur"></g><g v="datv"></g></l></v></tfr></token><token id="585323" text=","><tfr rev_id="1418396" t=","><v><l t="," id="0"><g v="PNCT"></g></l></v></tfr></token><token id="585324" text="до"><tfr rev_id="1418397" t="до"><v><l t="до" id="85153"><g v="PREP"></g></l></v></tfr></token><token id="585325" text="конца"><tfr rev_id="1418398" t="конца"><v><l t="конец" id="137815"><g v="NOUN"></g><g v="inan"></g><g v="masc"></g><g v="sing"></g><g v="gent"></g></l></v></tfr></token><token id="585326" text="года"><tfr rev_id="3486981" t="года"><v><l t="год" id="72149"><g v="NOUN"></g><g v="inan"></g><g v="masc"></g><g v="sing"></g><g v="gen1"></g></l></v></tfr></token><token id="585327" text="в"><tfr rev_id="1418400" t="в"><v><l t="в" id="37409"><g v="PREP"></g></l></v></tfr></token><token id="585328" text="России"><tfr rev_id="2922496" t="России"><v><l t="россия" id="309322"><g v="NOUN"></g><g v="inan"></g><g v="femn"></g><g v="Sgtm"></g><g v="Geox"></g><g v="sing"></g><g v="loct"></g></l></v></tfr></token><token id="585329" text="будут"><tfr rev_id="1418402" t="будут"><v><l t="есть" id="37265"><g v="VERB"></g><g v="impf"></g><g v="intr"></g><g v="plur"></g><g v="3per"></g><g v="futr"></g><g v="indc"></g></l></v></tfr></token><token id="585330" text="уволены"><tfr rev_id="1418403" t="уволены"><v><l t="уволен" id="353812"><g v="PRTS"></g><g v="perf"></g><g v="past"></g><g v="pssv"></g><g v="plur"></g></l></v></tfr></token><token id="585331" text="400"><tfr rev_id="2461343" t="400"><v><l t="400" id="0"><g v="NUMB"></g></l></v></tfr></token><token id="585332" text="тыс"><tfr rev_id="4136660" t="тыс"><v><l t="тыс" id="389041"><g v="NOUN"></g><g v="inan"></g><g v="femn"></g><g v="Fixd"></g><g v="Abbr"></g><g v="plur"></g><g v="nomn"></g></l></v><v><l t="тыс" id="389041"><g v="NOUN"></g><g v="inan"></g><g v="femn"></g><g v="Fixd"></g><g v="Abbr"></g><g v="plur"></g><g v="gent"></g></l></v><v><l t="тыс" id="389041"><g v="NOUN"></g><g v="inan"></g><g v="femn"></g><g v="Fixd"></g><g v="Abbr"></g><g v="plur"></g><g v="datv"></g></l></v><v><l t="тыс" id="389041"><g v="NOUN"></g><g v="inan"></g><g v="femn"></g><g v="Fixd"></g><g v="Abbr"></g><g v="plur"></g><g v="accs"></g></l></v><v><l t="тыс" id="389041"><g v="NOUN"></g><g v="inan"></g><g v="femn"></g><g v="Fixd"></g><g v="Abbr"></g><g v="plur"></g><g v="ablt"></g></l></v><v><l t="тыс" id="389041"><g v="NOUN"></g><g v="inan"></g><g v="femn"></g><g v="Fixd"></g><g v="Abbr"></g><g v="plur"></g><g v="loct"></g></l></v></tfr></token><token id="585333" text="."><tfr rev_id="1418406" t="."><v><l t="." id="0"><g v="PNCT"></g></l></v></tfr></token><token id="585334" text="человек"><tfr rev_id="3264610" t="человек"><v><l t="человек" id="375073"><g v="NOUN"></g><g v="anim"></g><g v="masc"></g><g v="plur"></g><g v="gent"></g></l></v></tfr></token><token id="585335" text="."><tfr rev_id="1418408" t="."><v><l t="." id="0"><g v="PNCT"></g></l></v></tfr></token></tokens></sentence></paragraph><paragraph id="10416"><sentence id="32680"><source>Прогнозы Федерации независимых профсоюзов, мягко говоря, неутешительны для России.</source><tokens><token id="585336" text="Прогнозы"><tfr rev_id="3744120" t="Прогнозы"><v><l t="прогноз" id="278534"><g v="NOUN"></g><g v="inan"></g><g v="masc"></g><g v="plur"></g><g v="nomn"></g></l></v></tfr></token><token id="585337" text="Федерации"><tfr rev_id="4269784" t="Федерации"><v><l t="федерация" id="364940"><g v="NOUN"></g><g v="inan"></g><g v="femn"></g><g v="sing"></g><g v="gent"></g></l></v></tfr></token><token id="585338" text="независимых"><tfr rev_id="4402425" t="независимых"><v><l t="независимый" id="182131"><g v="ADJF"></g><g v="Qual"></g><g v="plur"></g><g v="gent"></g></l></v></tfr></token><token id="585339" text="профсоюзов"><tfr rev_id="1418412" t="профсоюзов"><v><l t="профсоюз" id="287042"><g v="NOUN"></g><g v="inan"></g><g v="masc"></g><g v="plur"></g><g v="gent"></g></l></v></tfr></token><token id="585340" text=","><tfr rev_id="1418413" t=","><v><l t="," id="0"><g v="PNCT"></g></l></v></tfr></token><token id="585341" text="мягко"><tfr rev_id="1418414" t="мягко"><v><l t="мягок" id="166045"><g v="ADJS"></g><g v="Qual"></g><g v="neut"></g><g v="sing"></g></l></v><v><l t="мягко" id="166047"><g v="ADVB"></g></l></v></tfr></token><token id="585342" text="говоря"><tfr rev_id="1418415" t="говоря"><v><l t="говоря" id="72061"><g v="GRND"></g><g v="impf"></g><g v="tran"></g><g v="pres"></g></l></v></tfr></token><token id="585343" text=","><tfr rev_id="1418416" t=","><v><l t="," id="0"><g v="PNCT"></g></l></v></tfr></token><token id="585344" text="неутешительны"><tfr rev_id="1418417" t="неутешительны"><v><l t="неутешителен" id="189525"><g v="ADJS"></g><g v="plur"></g></l></v></tfr></token><token id="585345" text="для"><tfr rev_id="3452657" t="для"><v><l t="для" id="85032"><g v="PREP"></g></l></v></tfr></token><token id="585346" text="России"><tfr rev_id="2602226" t="России"><v><l t="россия" id="309322"><g v="NOUN"></g><g v="inan"></g><g v="femn"></g><g v="Sgtm"></g><g v="Geox"></g><g v="sing"></g><g v="gent"></g></l></v></tfr></token><token id="585347" text="."><tfr rev_id="1418420" t="."><v><l t="." id="0"><g v="PNCT"></g></l></v></tfr></token></tokens></sentence><sentence id="32681"><source>Она предрекает, что в августе-сентябре будут уволены как минимум 200 тыс. человек, ещё столько же потеряют работу до конца года.</source><tokens><token id="585348" text="Она"><tfr rev_id="3586446" t="Она"><v><l t="она" id="206544"><g v="NPRO"></g><g v="femn"></g><g v="3per"></g><g v="Anph"></g><g v="sing"></g><g v="nomn"></g></l></v></tfr></token><token id="585349" text="предрекает"><tfr rev_id="1418422" t="предрекает"><v><l t="предрекаю" id="266965"><g v="VERB"></g><g v="impf"></g><g v="tran"></g><g v="sing"></g><g v="3per"></g><g v="pres"></g><g v="indc"></g></l></v></tfr></token><token id="585350" text=","><tfr rev_id="1418423" t=","><v><l t="," id="0"><g v="PNCT"></g></l></v></tfr></token><token id="585351" text="что"><tfr rev_id="3196672" t="что"><v><l t="что" id="377004"><g v="CONJ"></g></l></v><v><l t="что" id="377005"><g v="NPRO"></g><g v="neut"></g><g v="sing"></g><g v="nomn"></g></l></v><v><l t="что" id="377005"><g v="NPRO"></g><g v="neut"></g><g v="sing"></g><g v="accs"></g></l></v><v><l t="что" id="377006"><g v="ADVB"></g><g v="Ques"></g></l></v><v><l t="что" id="388695"><g v="PRCL"></g></l></v></tfr></token><token id="585352" text="в"><tfr rev_id="1418425" t="в"><v><l t="в" id="37409"><g v="PREP"></g></l></v></tfr></token><token id="585353" text="августе"><tfr rev_id="4341940" t="августе"><v><l t="август" id="2368"><g v="NOUN"></g><g v="inan"></g><g v="masc"></g><g v="sing"></g><g v="loct"></g></l></v></tfr></token><token id="585354" text="-"><tfr rev_id="1418427" t="-"><v><l t="-" id="0"><g v="PNCT"></g></l></v></tfr></token><token id="585355" text="сентябре"><tfr rev_id="1418428" t="сентябре"><v><l t="сентябрь" id="318866"><g v="NOUN"></g><g v="inan"></g><g v="masc"></g><g v="sing"></g><g v="loct"></g></l></v></tfr></token><token id="585356" text="будут"><tfr rev_id="1418429" t="будут"><v><l t="есть" id="37265"><g v="VERB"></g><g v="impf"></g><g v="intr"></g><g v="plur"></g><g v="3per"></g><g v="futr"></g><g v="indc"></g></l></v></tfr></token><token id="585357" text="уволены"><tfr rev_id="1418430" t="уволены"><v><l t="уволен" id="353812"><g v="PRTS"></g><g v="perf"></g><g v="past"></g><g v="pssv"></g><g v="plur"></g></l></v></tfr></token><token id="585358" text="как"><tfr rev_id="1418431" t="как"><v><l t="как" id="128190"><g v="CONJ"></g></l></v><v><l t="как" id="128191"><g v="PRCL"></g></l></v><v><l t="как" id="128192"><g v="ADVB"></g><g v="Ques"></g></l></v></tfr></token><token id="585359" text="минимум"><tfr rev_id="3720214" t="минимум"><v><l t="минимум" id="160582"><g v="NOUN"></g><g v="inan"></g><g v="masc"></g><g v="sing"></g><g v="nomn"></g></l></v></tfr></token><token id="585360" text="200"><tfr rev_id="2461344" t="200"><v><l t="200" id="0"><g v="NUMB"></g></l></v></tfr></token><token id="585361" text="тыс"><tfr rev_id="4497116" t="тыс"><v><l t="тыс" id="389041"><g v="NOUN"></g><g v="inan"></g><g v="femn"></g><g v="Fixd"></g><g v="Abbr"></g><g v="plur"></g><g v="nomn"></g></l></v><v><l t="тыс" id="389041"><g v="NOUN"></g><g v="inan"></g><g v="femn"></g><g v="Fixd"></g><g v="Abbr"></g><g v="plur"></g><g v="gent"></g></l></v><v><l t="тыс" id="389041"><g v="NOUN"></g><g v="inan"></g><g v="femn"></g><g v="Fixd"></g><g v="Abbr"></g><g v="plur"></g><g v="datv"></g></l></v><v><l t="тыс" id="389041"><g v="NOUN"></g><g v="inan"></g><g v="femn"></g><g v="Fixd"></g><g v="Abbr"></g><g v="plur"></g><g v="accs"></g></l></v><v><l t="тыс" id="389041"><g v="NOUN"></g><g v="inan"></g><g v="femn"></g><g v="Fixd"></g><g v="Abbr"></g><g v="plur"></g><g v="ablt"></g></l></v><v><l t="тыс" id="389041"><g v="NOUN"></g><g v="inan"></g><g v="femn"></g><g v="Fixd"></g><g v="Abbr"></g><g v="plur"></g><g v="loct"></g></l></v></tfr></token><token id="585362" text="."><tfr rev_id="1418435" t="."><v><l t="." id="0"><g v="PNCT"></g></l></v></tfr></token><token id="585363" text="человек"><tfr rev_id="3496244" t="человек"><v><l t="человек" id="375073"><g v="NOUN"></g><g v="anim"></g><g v="masc"></g><g v="plur"></g><g v="gent"></g></l></v></tfr></token><token id="585364" text=","><tfr rev_id="1418437" t=","><v><l t="," id="0"><g v="PNCT"></g></l></v></tfr></token><token id="585365" text="ещё"><tfr rev_id="1418438" t="ещё"><v><l t="ещё" id="95551"><g v="PRCL"></g></l></v><v><l t="ещё" id="95552"><g v="ADVB"></g></l></v></tfr></token><token id="585366" text="столько"><tfr rev_id="3399168" t="столько"><v><l t="столько" id="336670"><g v="ADVB"></g></l></v><v><l t="столько" id="336671"><g v="NUMR"></g><g v="nomn"></g></l></v><v><l t="столько" id="336671"><g v="NUMR"></g><g v="inan"></g><g v="accs"></g></l></v><v><l t="столько" id="388693"><g v="CONJ"></g></l></v></tfr></token><token id="585367" text="же"><tfr rev_id="1418440" t="же"><v><l t="же" id="96208"><g v="CONJ"></g></l></v><v><l t="же" id="96209"><g v="PRCL"></g></l></v></tfr></token><token id="585368" text="потеряют"><tfr rev_id="1418441" t="потеряют"><v><l t="потерял" id="263149"><g v="VERB"></g><g v="perf"></g><g v="tran"></g><g v="plur"></g><g v="3per"></g><g v="futr"></g><g v="indc"></g></l></v></tfr></token><token id="585369" text="работу"><tfr rev_id="1418442" t="работу"><v><l t="работа" id="290501"><g v="NOUN"></g><g v="inan"></g><g v="femn"></g><g v="sing"></g><g v="accs"></g></l></v></tfr></token><token id="585370" text="до"><tfr rev_id="1418443" t="до"><v><l t="до" id="85153"><g v="PREP"></g></l></v></tfr></token><token id="585371" text="конца"><tfr rev_id="1418444" t="конца"><v><l t="конец" id="137815"><g v="NOUN"></g><g v="inan"></g><g v="masc"></g><g v="sing"></g><g v="gent"></g></l></v></tfr></token><token id="585372" text="года"><tfr rev_id="3483917" t="года"><v><l t="год" id="72149"><g v="NOUN"></g><g v="inan"></g><g v="masc"></g><g v="sing"></g><g v="gen1"></g></l></v></tfr></token><token id="585373" text="."><tfr rev_id="1418446" t="."><v><l t="." id="0"><g v="PNCT"></g></l></v></tfr></token></tokens></sentence><sentence id="32682"><source>Такую прогнозную оценку профсоюзы дали, опираясь на анализ ситуации в тех предприятиях, которые уже начали сокращать сотрудников или начнут это делать с минуты на минуту, передаёт «Интерфакс».</source><tokens><token id="585374" text="Такую"><tfr rev_id="1418447" t="Такую"><v><l t="такой" id="342491"><g v="ADJF"></g><g v="Apro"></g><g v="femn"></g><g v="sing"></g><g v="accs"></g></l></v></tfr></token><token id="585375" text="прогнозную"><tfr rev_id="1418448" t="прогнозную"><v><l t="прогнозный" id="278552"><g v="ADJF"></g><g v="femn"></g><g v="sing"></g><g v="accs"></g></l></v></tfr></token><token id="585376" text="оценку"><tfr rev_id="1418449" t="оценку"><v><l t="оценка" id="221498"><g v="NOUN"></g><g v="inan"></g><g v="femn"></g><g v="sing"></g><g v="accs"></g></l></v></tfr></token><token id="585377" text="профсоюзы"><tfr rev_id="3749847" t="профсоюзы"><v><l t="профсоюз" id="287042"><g v="NOUN"></g><g v="inan"></g><g v="masc"></g><g v="plur"></g><g v="nomn"></g></l></v></tfr></token><token id="585378" text="дали"><tfr rev_id="1714518" t="дали"><v><l t="дал" id="78546"><g v="VERB"></g><g v="perf"></g><g v="tran"></g><g v="plur"></g><g v="past"></g><g v="indc"></g></l></v></tfr></token><token id="585379" text=","><tfr rev_id="1418452" t=","><v><l t="," id="0"><g v="PNCT"></g></l></v></tfr></token><token id="585380" text="опираясь"><tfr rev_id="1418453" t="опираясь"><v><l t="опираясь" id="207151"><g v="GRND"></g><g v="impf"></g><g v="intr"></g><g v="pres"></g></l></v></tfr></token><token id="585381" text="на"><tfr rev_id="3344543" t="на"><v><l t="на" id="166264"><g v="PREP"></g></l></v></tfr></token><token id="585382" text="анализ"><tfr rev_id="3486451" t="анализ"><v><l t="анализ" id="12202"><g v="NOUN"></g><g v="inan"></g><g v="masc"></g><g v="sing"></g><g v="accs"></g></l></v></tfr></token><token id="585383" text="ситуации"><tfr rev_id="4177289" t="ситуации"><v><l t="ситуация" id="321441"><g v="NOUN"></g><g v="inan"></g><g v="femn"></g><g v="sing"></g><g v="gent"></g></l></v></tfr></token><token id="585384" text="в"><tfr rev_id="1418457" t="в"><v><l t="в" id="37409"><g v="PREP"></g></l></v></tfr></token><token id="585385" text="тех"><tfr rev_id="3780477" t="тех"><v><l t="тот" id="348430"><g v="ADJF"></g><g v="Subx"></g><g v="Apro"></g><g v="Anph"></g><g v="plur"></g><g v="loct"></g></l></v></tfr></token><token id="585386" text="предприятиях"><tfr rev_id="1418459" t="предприятиях"><v><l t="предприятие" id="266920"><g v="NOUN"></g><g v="inan"></g><g v="neut"></g><g v="plur"></g><g v="loct"></g></l></v></tfr></token><token id="585387" text=","><tfr rev_id="1418460" t=","><v><l t="," id="0"><g v="PNCT"></g></l></v></tfr></token><token id="585388" text="которые"><tfr rev_id="3793950" t="которые"><v><l t="который" id="141203"><g v="ADJF"></g><g v="Apro"></g><g v="Subx"></g><g v="Anph"></g><g v="plur"></g><g v="nomn"></g></l></v></tfr></token><token id="585389" text="уже"><tfr rev_id="2692685" t="уже"><v><l t="уж" id="355422"><g v="NOUN"></g><g v="anim"></g><g v="masc"></g><g v="sing"></g><g v="loct"></g></l></v><v><l t="уже" id="355498"><g v="ADVB"></g></l></v><v><l t="уже" id="355674"><g v="COMP"></g><g v="Qual"></g></l></v><v><l t="уже" id="388673"><g v="PRCL"></g></l></v></tfr></token><token id="585390" text="начали"><tfr rev_id="1418463" t="начали"><v><l t="начал" id="178224"><g v="VERB"></g><g v="perf"></g><g v="tran"></g><g v="plur"></g><g v="past"></g><g v="indc"></g></l></v></tfr></token><token id="585391" text="сокращать"><tfr rev_id="1418464" t="сокращать"><v><l t="сокращать" id="328833"><g v="INFN"></g><g v="impf"></g><g v="tran"></g></l></v></tfr></token><token id="585392" text="сотрудников"><tfr rev_id="4096660" t="сотрудников"><v><l t="сотрудник" id="330867"><g v="NOUN"></g><g v="anim"></g><g v="masc"></g><g v="plur"></g><g v="accs"></g></l></v></tfr></token><token id="585393" text="или"><tfr rev_id="3787166" t="или"><v><l t="или" id="121146"><g v="CONJ"></g></l></v></tfr></token><token id="585394" text="начнут"><tfr rev_id="1418467" t="начнут"><v><l t="начал" id="178224"><g v="VERB"></g><g v="perf"></g><g v="tran"></g><g v="plur"></g><g v="3per"></g><g v="futr"></g><g v="indc"></g></l></v></tfr></token><token id="585395" text="это"><tfr rev_id="4441477" t="это"><v><l t="это" id="386574"><g v="PRCL"></g></l></v><v><l t="это" id="386575"><g v="NPRO"></g><g v="neut"></g><g v="sing"></g><g v="nomn"></g></l></v><v><l t="это" id="386575"><g v="NPRO"></g><g v="neut"></g><g v="sing"></g><g v="accs"></g></l></v><v><l t="этот" id="386581"><g v="ADJF"></g><g v="Subx"></g><g v="Apro"></g><g v="Anph"></g><g v="neut"></g><g v="sing"></g><g v="nomn"></g></l></v><v><l t="этот" id="386581"><g v="ADJF"></g><g v="Subx"></g><g v="Apro"></g><g v="Anph"></g><g v="neut"></g><g v="sing"></g><g v="accs"></g></l></v></tfr></token><token id="585396" text="делать"><tfr rev_id="1418469" t="делать"><v><l t="делать" id="80527"><g v="INFN"></g><g v="impf"></g><g v="tran"></g></l></v></tfr></token><token id="585397" text="с"><tfr rev_id="1418470" t="с"><v><l t="с" id="311151"><g v="PREP"></g></l></v></tfr></token><token id="585398" text="минуты"><tfr rev_id="3494777" t="минуты"><v><l t="минута" id="160750"><g v="NOUN"></g><g v="inan"></g><g v="femn"></g><g v="sing"></g><g v="gent"></g></l></v></tfr></token><token id="585399" text="на"><tfr rev_id="3336513" t="на"><v><l t="на" id="166264"><g v="PREP"></g></l></v></tfr></token><token id="585400" text="минуту"><tfr rev_id="1418473" t="минуту"><v><l t="минута" id="160750"><g v="NOUN"></g><g v="inan"></g><g v="femn"></g><g v="sing"></g><g v="accs"></g></l></v></tfr></token><token id="585401" text=","><tfr rev_id="1418474" t=","><v><l t="," id="0"><g v="PNCT"></g></l></v></tfr></token><token id="585402" text="передаёт"><tfr rev_id="1418475" t="передаёт"><v><l t="передаю" id="228101"><g v="VERB"></g><g v="impf"></g><g v="tran"></g><g v="sing"></g><g v="3per"></g><g v="pres"></g><g v="indc"></g></l></v><v><l t="передавал" id="228108"><g v="VERB"></g><g v="perf"></g><g v="tran"></g><g v="sing"></g><g v="3per"></g><g v="futr"></g><g v="indc"></g></l></v></tfr></token><token id="585403" text="«"><tfr rev_id="2442974" t="«"><v><l t="«" id="0"><g v="PNCT"></g></l></v></tfr></token><token id="585404" text="Интерфакс"><tfr rev_id="4506120" t="Интерфакс"><v><l t="интерфакс" id="123339"><g v="NOUN"></g><g v="inan"></g><g v="masc"></g><g v="Orgn"></g><g v="sing"></g><g v="nomn"></g></l></v><v><l t="интерфакс" id="123339"><g v="NOUN"></g><g v="inan"></g><g v="masc"></g><g v="Orgn"></g><g v="sing"></g><g v="accs"></g></l></v></tfr></token><token id="585405" text="»"><tfr rev_id="2442975" t="»"><v><l t="»" id="0"><g v="PNCT"></g></l></v></tfr></token><token id="585406" text="."><tfr rev_id="1418479" t="."><v><l t="." id="0"><g v="PNCT"></g></l></v></tfr></token></tokens></sentence></paragraph><paragraph id="10417"><sentence id="32683"><source>Напомним, мировой финансовый кризис породил массовую безработицу, причём не только в России, но и практически во всех странах.</source><tokens><token id="585407" text="Напомним"><tfr rev_id="1418480" t="Напомним"><v><l t="напомнил" id="173892"><g v="VERB"></g><g v="perf"></g><g v="tran"></g><g v="plur"></g><g v="1per"></g><g v="futr"></g><g v="indc"></g></l></v><v><l t="напомнил" id="173892"><g v="VERB"></g><g v="perf"></g><g v="tran"></g><g v="sing"></g><g v="impr"></g><g v="incl"></g></l></v></tfr></token><token id="585408" text=","><tfr rev_id="1418481" t=","><v><l t="," id="0"><g v="PNCT"></g></l></v></tfr></token><token id="585409" text="мировой"><tfr rev_id="4232247" t="мировой"><v><l t="мировой" id="160894"><g v="ADJF"></g><g v="masc"></g><g v="sing"></g><g v="nomn"></g></l></v><v><l t="мировой" id="160894"><g v="ADJF"></g><g v="inan"></g><g v="masc"></g><g v="sing"></g><g v="accs"></g></l></v></tfr></token><token id="585410" text="финансовый"><tfr rev_id="3348499" t="финансовый"><v><l t="финансовый" id="366103"><g v="ADJF"></g><g v="masc"></g><g v="sing"></g><g v="nomn"></g></l></v><v><l t="финансовый" id="366103"><g v="ADJF"></g><g v="inan"></g><g v="masc"></g><g v="sing"></g><g v="accs"></g></l></v></tfr></token><token id="585411" text="кризис"><tfr rev_id="4099270" t="кризис"><v><l t="кризис" id="142725"><g v="NOUN"></g><g v="inan"></g><g v="masc"></g><g v="sing"></g><g v="nomn"></g></l></v></tfr></token><token id="585412" text="породил"><tfr rev_id="1418485" t="породил"><v><l t="породил" id="260323"><g v="VERB"></g><g v="perf"></g><g v="tran"></g><g v="masc"></g><g v="sing"></g><g v="past"></g><g v="indc"></g></l></v></tfr></token><token id="585413" text="массовую"><tfr rev_id="1418486" t="массовую"><v><l t="массовый" id="156047"><g v="ADJF"></g><g v="femn"></g><g v="sing"></g><g v="accs"></g></l></v></tfr></token><token id="585414" text="безработицу"><tfr rev_id="1418487" t="безработицу"><v><l t="безработица" id="26303"><g v="NOUN"></g><g v="inan"></g><g v="femn"></g><g v="sing"></g><g v="accs"></g></l></v></tfr></token><token id="585415" text=","><tfr rev_id="1418488" t=","><v><l t="," id="0"><g v="PNCT"></g></l></v></tfr></token><token id="585416" text="причём"><tfr rev_id="1418489" t="причём"><v><l t="причём" id="276410"><g v="CONJ"></g></l></v></tfr></token><token id="585417" text="не"><tfr rev_id="1418490" t="не"><v><l t="не" id="178876"><g v="PRCL"></g></l></v></tfr></token><token id="585418" text="только"><tfr rev_id="3784040" t="только"><v><l t="только" id="347395"><g v="CONJ"></g></l></v><v><l t="только" id="347396"><g v="PRCL"></g></l></v><v><l t="только" id="390053"><g v="ADVB"></g></l></v></tfr></token><token id="585419" text="в"><tfr rev_id="1418492" t="в"><v><l t="в" id="37409"><g v="PREP"></g></l></v></tfr></token><token id="585420" text="России"><tfr rev_id="2922374" t="России"><v><l t="россия" id="309322"><g v="NOUN"></g><g v="inan"></g><g v="femn"></g><g v="Sgtm"></g><g v="Geox"></g><g v="sing"></g><g v="loct"></g></l></v></tfr></token><token id="585421" text=","><tfr rev_id="1418494" t=","><v><l t="," id="0"><g v="PNCT"></g></l></v></tfr></token><token id="585422" text="но"><tfr rev_id="1418495" t="но"><v><l t="но" id="191429"><g v="CONJ"></g></l></v><v><l t="но" id="191430"><g v="INTJ"></g></l></v></tfr></token><token id="585423" text="и"><tfr rev_id="3690634" t="и"><v><l t="и" id="116949"><g v="CONJ"></g></l></v></tfr></token><token id="585424" text="практически"><tfr rev_id="1418497" t="практически"><v><l t="практически" id="265904"><g v="ADVB"></g></l></v></tfr></token><token id="585425" text="во"><tfr rev_id="2920222" t="во"><v><l t="в" id="37409"><g v="PREP"></g><g v="Vpre"></g></l></v></tfr></token><token id="585426" text="всех"><tfr rev_id="4409103" t="всех"><v><l t="весь" id="42156"><g v="ADJF"></g><g v="Subx"></g><g v="Apro"></g><g v="plur"></g><g v="loct"></g></l></v></tfr></token><token id="585427" text="странах"><tfr rev_id="1418500" t="странах"><v><l t="страна" id="337100"><g v="NOUN"></g><g v="inan"></g><g v="femn"></g><g v="plur"></g><g v="loct"></g></l></v></tfr></token><token id="585428" text="."><tfr rev_id="1418501" t="."><v><l t="." id="0"><g v="PNCT"></g></l></v></tfr></token></tokens></sentence><sentence id="32684"><source>Темп сокращений удалось сдержать к середине весны, а в июне службы занятости начали рапортовать об уменьшении количества официально зарегистрированных безработных.</source><tokens><token id="585429" text="Темп"><tfr rev_id="4101521" t="Темп"><v><l t="темп" id="344595"><g v="NOUN"></g><g v="inan"></g><g v="masc"></g><g v="sing"></g><g v="accs"></g></l></v></tfr></token><token id="585430" text="сокращений"><tfr rev_id="1418503" t="сокращений"><v><l t="сокращение" id="328844"><g v="NOUN"></g><g v="inan"></g><g v="neut"></g><g v="plur"></g><g v="gent"></g></l></v></tfr></token><token id="585431" text="удалось"><tfr rev_id="1418504" t="удалось"><v><l t="удался" id="354717"><g v="VERB"></g><g v="perf"></g><g v="intr"></g><g v="neut"></g><g v="sing"></g><g v="past"></g><g v="indc"></g></l></v></tfr></token><token id="585432" text="сдержать"><tfr rev_id="1418505" t="сдержать"><v><l t="сдержать" id="317276"><g v="INFN"></g><g v="perf"></g><g v="tran"></g></l></v></tfr></token><token id="585433" text="к"><tfr rev_id="1418506" t="к"><v><l t="к" id="127460"><g v="PREP"></g></l></v></tfr></token><token id="585434" text="середине"><tfr rev_id="3556288" t="середине"><v><l t="середина" id="319232"><g v="NOUN"></g><g v="inan"></g><g v="femn"></g><g v="sing"></g><g v="datv"></g></l></v></tfr></token><token id="585435" text="весны"><tfr rev_id="3457745" t="весны"><v><l t="весна" id="42035"><g v="NOUN"></g><g v="inan"></g><g v="femn"></g><g v="sing"></g><g v="gent"></g></l></v></tfr></token><token id="585436" text=","><tfr rev_id="1418509" t=","><v><l t="," id="0"><g v="PNCT"></g></l></v></tfr></token><token id="585437" text="а"><tfr rev_id="1418510" t="а"><v><l t="а" id="51"><g v="CONJ"></g></l></v><v><l t="а" id="52"><g v="INTJ"></g></l></v><v><l t="а" id="53"><g v="PRCL"></g></l></v></tfr></token><token id="585438" text="в"><tfr rev_id="1418511" t="в"><v><l t="в" id="37409"><g v="PREP"></g></l></v></tfr></token><token id="585439" text="июне"><tfr rev_id="1418512" t="июне"><v><l t="июнь" id="127302"><g v="NOUN"></g><g v="inan"></g><g v="masc"></g><g v="sing"></g><g v="loct"></g></l></v></tfr></token><token id="585440" text="службы"><tfr rev_id="3741473" t="службы"><v><l t="служба" id="325377"><g v="NOUN"></g><g v="inan"></g><g v="femn"></g><g v="plur"></g><g v="nomn"></g></l></v></tfr></token><token id="585441" text="занятости"><tfr rev_id="4271771" t="занятости"><v><l t="занятость" id="106580"><g v="NOUN"></g><g v="inan"></g><g v="femn"></g><g v="sing"></g><g v="gent"></g></l></v></tfr></token><token id="585442" text="начали"><tfr rev_id="1418515" t="начали"><v><l t="начал" id="178224"><g v="VERB"></g><g v="perf"></g><g v="tran"></g><g v="plur"></g><g v="past"></g><g v="indc"></g></l></v></tfr></token><token id="585443" text="рапортовать"><tfr rev_id="1418516" t="рапортовать"><v><l t="рапортовать" id="298010"><g v="INFN"></g><g v="perf"></g><g v="tran"></g></l></v><v><l t="рапортовать" id="298011"><g v="INFN"></g><g v="impf"></g><g v="tran"></g></l></v></tfr></token><token id="585444" text="об"><tfr rev_id="2921207" t="об"><v><l t="о" id="192977"><g v="PREP"></g><g v="Vpre"></g></l></v></tfr></token><token id="585445" text="уменьшении"><tfr rev_id="1418518" t="уменьшении"><v><l t="уменьшение" id="357492"><g v="NOUN"></g><g v="inan"></g><g v="neut"></g><g v="sing"></g><g v="loct"></g></l></v></tfr></token><token id="585446" text="количества"><tfr rev_id="2372506" t="количества"><v><l t="количество" id="135983"><g v="NOUN"></g><g v="inan"></g><g v="neut"></g><g v="sing"></g><g v="gent"></g></l></v></tfr></token><token id="585447" text="официально"><tfr rev_id="1418520" t="официально"><v><l t="официально" id="220937"><g v="ADVB"></g></l></v><v><l t="официален" id="220941"><g v="ADJS"></g><g v="neut"></g><g v="sing"></g></l></v></tfr></token><token id="585448" text="зарегистрированных"><tfr rev_id="3417768" t="зарегистрированных"><v><l t="зарегистрированный" id="108630"><g v="PRTF"></g><g v="perf"></g><g v="tran"></g><g v="past"></g><g v="pssv"></g><g v="plur"></g><g v="gent"></g></l></v></tfr></token><token id="585449" text="безработных"><tfr rev_id="4484956" t="безработных"><v><l t="безработный" id="26304"><g v="NOUN"></g><g v="anim"></g><g v="masc"></g><g v="plur"></g><g v="gent"></g></l></v></tfr></token><token id="585450" text="."><tfr rev_id="1418523" t="."><v><l t="." id="0"><g v="PNCT"></g></l></v></tfr></token></tokens></sentence><sentence id="32685"><source>К настоящему моменту в Российской Федерации зарегистрировано 2,47 млн. безработных.</source><tokens><token id="585451" text="К"><tfr rev_id="1418524" t="К"><v><l t="к" id="127460"><g v="PREP"></g></l></v></tfr></token><token id="585452" text="настоящему"><tfr rev_id="4371599" t="настоящему"><v><l t="настоящий" id="176151"><g v="ADJF"></g><g v="masc"></g><g v="sing"></g><g v="datv"></g></l></v></tfr></token><token id="585453" text="моменту"><tfr rev_id="1418526" t="моменту"><v><l t="момент" id="163050"><g v="NOUN"></g><g v="inan"></g><g v="masc"></g><g v="sing"></g><g v="datv"></g></l></v></tfr></token><token id="585454" text="в"><tfr rev_id="1418527" t="в"><v><l t="в" id="37409"><g v="PREP"></g></l></v></tfr></token><token id="585455" text="Российской"><tfr rev_id="4161828" t="Российской"><v><l t="российский" id="309319"><g v="ADJF"></g><g v="femn"></g><g v="sing"></g><g v="loct"></g></l></v></tfr></token><token id="585456" text="Федерации"><tfr rev_id="4291555" t="Федерации"><v><l t="федерация" id="364940"><g v="NOUN"></g><g v="inan"></g><g v="femn"></g><g v="sing"></g><g v="loct"></g></l></v></tfr></token><token id="585457" text="зарегистрировано"><tfr rev_id="1418530" t="зарегистрировано"><v><l t="зарегистрирован" id="108631"><g v="PRTS"></g><g v="perf"></g><g v="past"></g><g v="pssv"></g><g v="neut"></g><g v="sing"></g></l></v></tfr></token><token id="585458" text="2,47"><tfr rev_id="2461345" t="2,47"><v><l t="2,47" id="0"><g v="NUMB"></g></l></v></tfr></token><token id="585459" text="млн"><tfr rev_id="4180745" t="млн"><v><l t="млн" id="389040"><g v="NOUN"></g><g v="inan"></g><g v="masc"></g><g v="Fixd"></g><g v="Abbr"></g><g v="sing"></g><g v="gent"></g></l></v></tfr></token><token id="585460" text="."><tfr rev_id="1418533" t="."><v><l t="." id="0"><g v="PNCT"></g></l></v></tfr></token><token id="585461" text="безработных"><tfr rev_id="4465393" t="безработных"><v><l t="безработный" id="26304"><g v="NOUN"></g><g v="anim"></g><g v="masc"></g><g v="plur"></g><g v="gent"></g></l></v></tfr></token><token id="585462" text="."><tfr rev_id="1418535" t="."><v><l t="." id="0"><g v="PNCT"></g></l></v></tfr></token></tokens></sentence><sentence id="32686"><source>Однако скрытая безработица в стране как минимум в три раза больше, предупреждают эксперты.</source><tokens><token id="585463" text="Однако"><tfr rev_id="2624518" t="Однако"><v><l t="однако" id="203386"><g v="INTJ"></g></l></v><v><l t="однако" id="203387"><g v="CONJ"></g><g v="Prnt"></g></l></v></tfr></token><token id="585464" text="скрытая"><tfr rev_id="1418537" t="скрытая"><v><l t="скрытый" id="323821"><g v="ADJF"></g><g v="Qual"></g><g v="femn"></g><g v="sing"></g><g v="nomn"></g></l></v><v><l t="скрытый" id="323827"><g v="PRTF"></g><g v="perf"></g><g v="tran"></g><g v="past"></g><g v="pssv"></g><g v="femn"></g><g v="sing"></g><g v="nomn"></g></l></v></tfr></token><token id="585465" text="безработица"><tfr rev_id="1418538" t="безработица"><v><l t="безработица" id="26303"><g v="NOUN"></g><g v="inan"></g><g v="femn"></g><g v="sing"></g><g v="nomn"></g></l></v></tfr></token><token id="585466" text="в"><tfr rev_id="1418539" t="в"><v><l t="в" id="37409"><g v="PREP"></g></l></v></tfr></token><token id="585467" text="стране"><tfr rev_id="3556262" t="стране"><v><l t="страна" id="337100"><g v="NOUN"></g><g v="inan"></g><g v="femn"></g><g v="sing"></g><g v="loct"></g></l></v></tfr></token><token id="585468" text="как"><tfr rev_id="1418541" t="как"><v><l t="как" id="128190"><g v="CONJ"></g></l></v><v><l t="как" id="128191"><g v="PRCL"></g></l></v><v><l t="как" id="128192"><g v="ADVB"></g><g v="Ques"></g></l></v></tfr></token><token id="585469" text="минимум"><tfr rev_id="4572414" t="минимум"><v><l t="минимум" id="160582"><g v="NOUN"></g><g v="inan"></g><g v="masc"></g><g v="sing"></g><g v="nomn"></g></l></v></tfr></token><token id="585470" text="в"><tfr rev_id="1418543" t="в"><v><l t="в" id="37409"><g v="PREP"></g></l></v></tfr></token><token id="585471" text="три"><tfr rev_id="2635275" t="три"><v><l t="три" id="349973"><g v="NUMR"></g><g v="nomn"></g></l></v><v><l t="три" id="349973"><g v="NUMR"></g><g v="inan"></g><g v="accs"></g></l></v></tfr></token><token id="585472" text="раза"><tfr rev_id="3421611" t="раза"><v><l t="раз" id="291500"><g v="NOUN"></g><g v="inan"></g><g v="masc"></g><g v="sing"></g><g v="gen1"></g></l></v></tfr></token><token id="585473" text="больше"><tfr rev_id="2558461" t="больше"><v><l t="больше" id="32325"><g v="ADVB"></g></l></v><v><l t="больше" id="32447"><g v="COMP"></g><g v="Qual"></g></l></v></tfr></token><token id="585474" text=","><tfr rev_id="1418547" t=","><v><l t="," id="0"><g v="PNCT"></g></l></v></tfr></token><token id="585475" text="предупреждают"><tfr rev_id="1418548" t="предупреждают"><v><l t="предупреждаю" id="267280"><g v="VERB"></g><g v="impf"></g><g v="tran"></g><g v="plur"></g><g v="3per"></g><g v="pres"></g><g v="indc"></g></l></v></tfr></token><token id="585476" text="эксперты"><tfr rev_id="1418549" t="эксперты"><v><l t="эксперт" id="383582"><g v="NOUN"></g><g v="anim"></g><g v="masc"></g><g v="plur"></g><g v="nomn"></g></l></v></tfr></token><token id="585477" text="."><tfr rev_id="1418550" t="."><v><l t="." id="0"><g v="PNCT"></g></l></v></tfr></token></tokens></sentence></paragraph></paragraphs></text>