<?xml version="1.0" encoding="utf-8"?><text id="1082" parent="56" name="Предварительный итог выборов на Украине"><tags><tag>url:http://ru.wikinews.org/w/index.php?title=Предварительный_итог_выборов_на_Украине&amp;oldid=58906</tag><tag>Автор:http://ru.wikinews.org/wiki/Участник:Ygrek</tag><tag>Дата:27/03</tag><tag>Год:2006</tag><tag>Тема:ВикиКатегория:Политика</tag><tag>Гео:ВикиКатегория:Украина</tag></tags><paragraphs><paragraph id="10498"><sentence id="32981"><source>В воскресенье, 26 марта, на Украине состоялись парламентские выборы.</source><tokens><token id="591075" text="В"><tfr rev_id="1424146" t="В"><v><l t="в" id="37409"><g v="PREP"></g></l></v></tfr></token><token id="591076" text="воскресенье"><tfr rev_id="4458290" t="воскресенье"><v><l t="воскресение" id="51393"><g v="NOUN"></g><g v="inan"></g><g v="neut"></g><g v="sing"></g><g v="accs"></g><g v="V-be"></g></l></v><v><l t="воскресенье" id="51406"><g v="NOUN"></g><g v="inan"></g><g v="neut"></g><g v="sing"></g><g v="accs"></g></l></v></tfr></token><token id="591077" text=","><tfr rev_id="1424148" t=","><v><l t="," id="0"><g v="PNCT"></g></l></v></tfr></token><token id="591078" text="26"><tfr rev_id="2461423" t="26"><v><l t="26" id="0"><g v="NUMB"></g></l></v></tfr></token><token id="591079" text="марта"><tfr rev_id="3467482" t="марта"><v><l t="март" id="155465"><g v="NOUN"></g><g v="inan"></g><g v="masc"></g><g v="sing"></g><g v="gent"></g></l></v></tfr></token><token id="591080" text=","><tfr rev_id="1424151" t=","><v><l t="," id="0"><g v="PNCT"></g></l></v></tfr></token><token id="591081" text="на"><tfr rev_id="3337541" t="на"><v><l t="на" id="166264"><g v="PREP"></g></l></v></tfr></token><token id="591082" text="Украине"><tfr rev_id="2623310" t="Украине"><v><l t="украина" id="356365"><g v="NOUN"></g><g v="inan"></g><g v="femn"></g><g v="Sgtm"></g><g v="Geox"></g><g v="sing"></g><g v="loct"></g></l></v></tfr></token><token id="591083" text="состоялись"><tfr rev_id="1424154" t="состоялись"><v><l t="состоялся" id="330568"><g v="VERB"></g><g v="perf"></g><g v="intr"></g><g v="plur"></g><g v="past"></g><g v="indc"></g></l></v></tfr></token><token id="591084" text="парламентские"><tfr rev_id="3758161" t="парламентские"><v><l t="парламентский" id="224165"><g v="ADJF"></g><g v="plur"></g><g v="nomn"></g></l></v></tfr></token><token id="591085" text="выборы"><tfr rev_id="3727370" t="выборы"><v><l t="выбор" id="55719"><g v="NOUN"></g><g v="inan"></g><g v="masc"></g><g v="plur"></g><g v="nomn"></g></l></v><v><l t="выборы" id="55749"><g v="NOUN"></g><g v="inan"></g><g v="GNdr"></g><g v="Pltm"></g><g v="plur"></g><g v="nomn"></g></l></v></tfr></token><token id="591086" text="."><tfr rev_id="1424157" t="."><v><l t="." id="0"><g v="PNCT"></g></l></v></tfr></token></tokens></sentence><sentence id="32982"><source>По состоянию на 2:22 по местному времени, обработано 60,74% протоколов избирательных комиссий.</source><tokens><token id="591087" text="По"><tfr rev_id="1424158" t="По"><v><l t="по" id="241240"><g v="PREP"></g></l></v></tfr></token><token id="591088" text="состоянию"><tfr rev_id="1424159" t="состоянию"><v><l t="состояние" id="330557"><g v="NOUN"></g><g v="inan"></g><g v="neut"></g><g v="sing"></g><g v="datv"></g></l></v></tfr></token><token id="591089" text="на"><tfr rev_id="3334597" t="на"><v><l t="на" id="166264"><g v="PREP"></g></l></v></tfr></token><token id="591090" text="2:22"><tfr rev_id="4539361" t="2:22"><v><l t="2:22" id="0"><g v="UNKN"></g></l></v></tfr></token><token id="591091" text="по"><tfr rev_id="1424162" t="по"><v><l t="по" id="241240"><g v="PREP"></g></l></v></tfr></token><token id="591092" text="местному"><tfr rev_id="2585582" t="местному"><v><l t="местный" id="158819"><g v="ADJF"></g><g v="Qual"></g><g v="neut"></g><g v="sing"></g><g v="datv"></g></l></v></tfr></token><token id="591093" text="времени"><tfr rev_id="3549466" t="времени"><v><l t="время" id="53149"><g v="NOUN"></g><g v="inan"></g><g v="neut"></g><g v="sing"></g><g v="datv"></g></l></v></tfr></token><token id="591094" text=","><tfr rev_id="1424165" t=","><v><l t="," id="0"><g v="PNCT"></g></l></v></tfr></token><token id="591095" text="обработано"><tfr rev_id="1424166" t="обработано"><v><l t="обработан" id="198752"><g v="PRTS"></g><g v="perf"></g><g v="past"></g><g v="pssv"></g><g v="neut"></g><g v="sing"></g></l></v></tfr></token><token id="591096" text="60,74"><tfr rev_id="2461425" t="60,74"><v><l t="60,74" id="0"><g v="NUMB"></g></l></v></tfr></token><token id="591097" text="%"><tfr rev_id="2443240" t="%"><v><l t="%" id="0"><g v="PNCT"></g></l></v></tfr></token><token id="591098" text="протоколов"><tfr rev_id="1424169" t="протоколов"><v><l t="протокол" id="286341"><g v="NOUN"></g><g v="inan"></g><g v="masc"></g><g v="plur"></g><g v="gent"></g></l></v></tfr></token><token id="591099" text="избирательных"><tfr rev_id="3703575" t="избирательных"><v><l t="избирательный" id="117814"><g v="ADJF"></g><g v="Qual"></g><g v="plur"></g><g v="gent"></g></l></v></tfr></token><token id="591100" text="комиссий"><tfr rev_id="1424171" t="комиссий"><v><l t="комиссия" id="136905"><g v="NOUN"></g><g v="inan"></g><g v="femn"></g><g v="plur"></g><g v="gent"></g></l></v></tfr></token><token id="591101" text="."><tfr rev_id="1424172" t="."><v><l t="." id="0"><g v="PNCT"></g></l></v></tfr></token></tokens></sentence></paragraph><paragraph id="10499"><sentence id="32983"><source>Предварительные результаты голосования выглядят так:</source><tokens><token id="591102" text="Предварительные"><tfr rev_id="4067151" t="Предварительные"><v><l t="предварительный" id="266249"><g v="ADJF"></g><g v="plur"></g><g v="nomn"></g></l></v></tfr></token><token id="591103" text="результаты"><tfr rev_id="3409663" t="результаты"><v><l t="результат" id="305391"><g v="NOUN"></g><g v="inan"></g><g v="masc"></g><g v="plur"></g><g v="nomn"></g></l></v></tfr></token><token id="591104" text="голосования"><tfr rev_id="3449887" t="голосования"><v><l t="голосование" id="72508"><g v="NOUN"></g><g v="inan"></g><g v="neut"></g><g v="sing"></g><g v="gent"></g></l></v></tfr></token><token id="591105" text="выглядят"><tfr rev_id="1424176" t="выглядят"><v><l t="выглядел" id="56595"><g v="VERB"></g><g v="perf"></g><g v="tran"></g><g v="plur"></g><g v="3per"></g><g v="futr"></g><g v="indc"></g></l></v><v><l t="выгляжу" id="56599"><g v="VERB"></g><g v="impf"></g><g v="intr"></g><g v="plur"></g><g v="3per"></g><g v="pres"></g><g v="indc"></g></l></v></tfr></token><token id="591106" text="так"><tfr rev_id="1424177" t="так"><v><l t="так" id="342451"><g v="CONJ"></g></l></v><v><l t="так" id="342452"><g v="PRCL"></g></l></v><v><l t="так" id="342453"><g v="ADVB"></g><g v="Dmns"></g></l></v></tfr></token><token id="591107" text=":"><tfr rev_id="1424178" t=":"><v><l t=":" id="0"><g v="PNCT"></g></l></v></tfr></token></tokens></sentence></paragraph><paragraph id="10500"><sentence id="32984"><source>• Партия регионов — 28,72 % голосов</source><tokens><token id="591108" text="•"><tfr rev_id="2443241" t="•"><v><l t="•" id="0"><g v="PNCT"></g></l></v></tfr></token><token id="591109" text="Партия"><tfr rev_id="1424180" t="Партия"><v><l t="партия" id="224431"><g v="NOUN"></g><g v="inan"></g><g v="femn"></g><g v="sing"></g><g v="nomn"></g></l></v></tfr></token><token id="591110" text="регионов"><tfr rev_id="1424181" t="регионов"><v><l t="регион" id="304808"><g v="NOUN"></g><g v="inan"></g><g v="masc"></g><g v="plur"></g><g v="gent"></g></l></v></tfr></token><token id="591111" text="—"><tfr rev_id="2443242" t="—"><v><l t="—" id="0"><g v="PNCT"></g></l></v></tfr></token><token id="591112" text="28,72"><tfr rev_id="2461426" t="28,72"><v><l t="28,72" id="0"><g v="NUMB"></g></l></v></tfr></token><token id="591113" text="%"><tfr rev_id="2443243" t="%"><v><l t="%" id="0"><g v="PNCT"></g></l></v></tfr></token><token id="591114" text="голосов"><tfr rev_id="1424185" t="голосов"><v><l t="голос" id="72469"><g v="NOUN"></g><g v="inan"></g><g v="masc"></g><g v="plur"></g><g v="gent"></g></l></v></tfr></token></tokens></sentence><sentence id="32985"><source>• Блок Юлии Тимошенко — 22,88 %</source><tokens><token id="591115" text="•"><tfr rev_id="2443244" t="•"><v><l t="•" id="0"><g v="PNCT"></g></l></v></tfr></token><token id="591116" text="Блок"><tfr rev_id="4360036" t="Блок"><v><l t="блок" id="30975"><g v="NOUN"></g><g v="inan"></g><g v="masc"></g><g v="sing"></g><g v="nomn"></g></l></v></tfr></token><token id="591117" text="Юлии"><tfr rev_id="4277438" t="Юлии"><v><l t="юлия" id="386987"><g v="NOUN"></g><g v="anim"></g><g v="femn"></g><g v="Name"></g><g v="sing"></g><g v="gent"></g></l></v></tfr></token><token id="591118" text="Тимошенко"><tfr rev_id="4327339" t="Тимошенко"><v><l t="тимошенко" id="346195"><g v="NOUN"></g><g v="anim"></g><g v="ms-f"></g><g v="Fixd"></g><g v="Surn"></g><g v="sing"></g><g v="gent"></g></l></v></tfr></token><token id="591119" text="—"><tfr rev_id="2443245" t="—"><v><l t="—" id="0"><g v="PNCT"></g></l></v></tfr></token><token id="591120" text="22,88"><tfr rev_id="2461427" t="22,88"><v><l t="22,88" id="0"><g v="NUMB"></g></l></v></tfr></token><token id="591121" text="%"><tfr rev_id="2443246" t="%"><v><l t="%" id="0"><g v="PNCT"></g></l></v></tfr></token></tokens></sentence><sentence id="32986"><source>• «Наша Украина» — 15,90 %</source><tokens><token id="591122" text="•"><tfr rev_id="2443247" t="•"><v><l t="•" id="0"><g v="PNCT"></g></l></v></tfr></token><token id="591123" text="«"><tfr rev_id="2443248" t="«"><v><l t="«" id="0"><g v="PNCT"></g></l></v></tfr></token><token id="591124" text="Наша"><tfr rev_id="1424195" t="Наша"><v><l t="наш" id="178492"><g v="ADJF"></g><g v="Apro"></g><g v="femn"></g><g v="sing"></g><g v="nomn"></g></l></v></tfr></token><token id="591125" text="Украина"><tfr rev_id="1424196" t="Украина"><v><l t="украина" id="356365"><g v="NOUN"></g><g v="inan"></g><g v="femn"></g><g v="Sgtm"></g><g v="Geox"></g><g v="sing"></g><g v="nomn"></g></l></v></tfr></token><token id="591126" text="»"><tfr rev_id="2443249" t="»"><v><l t="»" id="0"><g v="PNCT"></g></l></v></tfr></token><token id="591127" text="—"><tfr rev_id="2443250" t="—"><v><l t="—" id="0"><g v="PNCT"></g></l></v></tfr></token><token id="591128" text="15,90"><tfr rev_id="2461428" t="15,90"><v><l t="15,90" id="0"><g v="NUMB"></g></l></v></tfr></token><token id="591129" text="%"><tfr rev_id="2443251" t="%"><v><l t="%" id="0"><g v="PNCT"></g></l></v></tfr></token></tokens></sentence><sentence id="32987"><source>• Социалистическая партия — 6,48 %</source><tokens><token id="591130" text="•"><tfr rev_id="2443252" t="•"><v><l t="•" id="0"><g v="PNCT"></g></l></v></tfr></token><token id="591131" text="Социалистическая"><tfr rev_id="1424202" t="Социалистическая"><v><l t="социалистический" id="331049"><g v="ADJF"></g><g v="femn"></g><g v="sing"></g><g v="nomn"></g></l></v></tfr></token><token id="591132" text="партия"><tfr rev_id="1424203" t="партия"><v><l t="партия" id="224431"><g v="NOUN"></g><g v="inan"></g><g v="femn"></g><g v="sing"></g><g v="nomn"></g></l></v></tfr></token><token id="591133" text="—"><tfr rev_id="2443253" t="—"><v><l t="—" id="0"><g v="PNCT"></g></l></v></tfr></token><token id="591134" text="6,48"><tfr rev_id="2461429" t="6,48"><v><l t="6,48" id="0"><g v="NUMB"></g></l></v></tfr></token><token id="591135" text="%"><tfr rev_id="2443254" t="%"><v><l t="%" id="0"><g v="PNCT"></g></l></v></tfr></token></tokens></sentence><sentence id="32988"><source>• Коммунистическая партия — 3,48 %</source><tokens><token id="591136" text="•"><tfr rev_id="2443255" t="•"><v><l t="•" id="0"><g v="PNCT"></g></l></v></tfr></token><token id="591137" text="Коммунистическая"><tfr rev_id="1424208" t="Коммунистическая"><v><l t="коммунистический" id="137054"><g v="ADJF"></g><g v="femn"></g><g v="sing"></g><g v="nomn"></g></l></v></tfr></token><token id="591138" text="партия"><tfr rev_id="1424209" t="партия"><v><l t="партия" id="224431"><g v="NOUN"></g><g v="inan"></g><g v="femn"></g><g v="sing"></g><g v="nomn"></g></l></v></tfr></token><token id="591139" text="—"><tfr rev_id="2443256" t="—"><v><l t="—" id="0"><g v="PNCT"></g></l></v></tfr></token><token id="591140" text="3,48"><tfr rev_id="2461430" t="3,48"><v><l t="3,48" id="0"><g v="NUMB"></g></l></v></tfr></token><token id="591141" text="%"><tfr rev_id="2443257" t="%"><v><l t="%" id="0"><g v="PNCT"></g></l></v></tfr></token></tokens></sentence></paragraph><paragraph id="10501"><sentence id="32989"><source>Остальные партии не набрали необходимого минимума (3 %) голосов.</source><tokens><token id="591142" text="Остальные"><tfr rev_id="4137135" t="Остальные"><v><l t="остальной" id="210836"><g v="ADJF"></g><g v="Subx"></g><g v="Apro"></g><g v="plur"></g><g v="nomn"></g></l></v></tfr></token><token id="591143" text="партии"><tfr rev_id="3743530" t="партии"><v><l t="партия" id="224431"><g v="NOUN"></g><g v="inan"></g><g v="femn"></g><g v="plur"></g><g v="nomn"></g></l></v></tfr></token><token id="591144" text="не"><tfr rev_id="1424215" t="не"><v><l t="не" id="178876"><g v="PRCL"></g></l></v></tfr></token><token id="591145" text="набрали"><tfr rev_id="1424216" t="набрали"><v><l t="набрал" id="166662"><g v="VERB"></g><g v="perf"></g><g v="tran"></g><g v="plur"></g><g v="past"></g><g v="indc"></g></l></v></tfr></token><token id="591146" text="необходимого"><tfr rev_id="4448585" t="необходимого"><v><l t="необходимый" id="184808"><g v="ADJF"></g><g v="Qual"></g><g v="masc"></g><g v="sing"></g><g v="gent"></g></l></v></tfr></token><token id="591147" text="минимума"><tfr rev_id="1424218" t="минимума"><v><l t="минимум" id="160582"><g v="NOUN"></g><g v="inan"></g><g v="masc"></g><g v="sing"></g><g v="gent"></g></l></v></tfr></token><token id="591148" text="("><tfr rev_id="1424219" t="("><v><l t="(" id="0"><g v="PNCT"></g></l></v></tfr></token><token id="591149" text="3"><tfr rev_id="2461431" t="3"><v><l t="3" id="0"><g v="NUMB"></g></l></v></tfr></token><token id="591150" text="%"><tfr rev_id="2443258" t="%"><v><l t="%" id="0"><g v="PNCT"></g></l></v></tfr></token><token id="591151" text=")"><tfr rev_id="1424222" t=")"><v><l t=")" id="0"><g v="PNCT"></g></l></v></tfr></token><token id="591152" text="голосов"><tfr rev_id="1424223" t="голосов"><v><l t="голос" id="72469"><g v="NOUN"></g><g v="inan"></g><g v="masc"></g><g v="plur"></g><g v="gent"></g></l></v></tfr></token><token id="591153" text="."><tfr rev_id="1424224" t="."><v><l t="." id="0"><g v="PNCT"></g></l></v></tfr></token></tokens></sentence></paragraph><paragraph id="10502"><sentence id="32990"><source>Явка избирателей составила 67 — 68 %.</source><tokens><token id="591154" text="Явка"><tfr rev_id="1424225" t="Явка"><v><l t="явка" id="387369"><g v="NOUN"></g><g v="inan"></g><g v="femn"></g><g v="sing"></g><g v="nomn"></g></l></v></tfr></token><token id="591155" text="избирателей"><tfr rev_id="3538018" t="избирателей"><v><l t="избиратель" id="117810"><g v="NOUN"></g><g v="anim"></g><g v="masc"></g><g v="plur"></g><g v="gent"></g></l></v></tfr></token><token id="591156" text="составила"><tfr rev_id="1424227" t="составила"><v><l t="составил" id="330483"><g v="VERB"></g><g v="perf"></g><g v="tran"></g><g v="femn"></g><g v="sing"></g><g v="past"></g><g v="indc"></g></l></v></tfr></token><token id="591157" text="67"><tfr rev_id="2461432" t="67"><v><l t="67" id="0"><g v="NUMB"></g></l></v></tfr></token><token id="591158" text="—"><tfr rev_id="2443259" t="—"><v><l t="—" id="0"><g v="PNCT"></g></l></v></tfr></token><token id="591159" text="68"><tfr rev_id="2461433" t="68"><v><l t="68" id="0"><g v="NUMB"></g></l></v></tfr></token><token id="591160" text="%"><tfr rev_id="4140779" t="%"><v><l t="%" id="0"><g v="PNCT"></g></l></v></tfr></token><token id="1962900" text="."><tfr rev_id="4140778" t="."><v><l t="." id="0"><g v="PNCT"></g></l></v></tfr></token></tokens></sentence></paragraph></paragraphs></text>