<?xml version="1.0" encoding="utf-8"?><text id="1092" parent="226" name="19512 Британские СМИ: «Передача права на проведение ЧМ-2018 России — безумие»"><tags><tag>url:http://www.chaskor.ru/news/britanskie_smi_peredacha_prava_na_provedenie_chm-2018_rossii_-_bezumie_19512</tag><tag>Год:2010</tag><tag>Дата:03/09</tag><tag>Тема:ЧасКор:Общество</tag><tag>Тема:ЧасКор:Общество/Спорт</tag></tags><paragraphs><paragraph id="10549"><sentence id="33123"><source>Британские СМИ: «Передача права на проведение ЧМ-2018 России — безумие»</source><tokens><token id="593621" text="Британские"><tfr rev_id="3748454" t="Британские"><v><l t="британский" id="34021"><g v="ADJF"></g><g v="plur"></g><g v="nomn"></g></l></v></tfr></token><token id="593622" text="СМИ"><tfr rev_id="4489525" t="СМИ"><v><l t="сми" id="326341"><g v="NOUN"></g><g v="inan"></g><g v="GNdr"></g><g v="Pltm"></g><g v="Fixd"></g><g v="Abbr"></g><g v="plur"></g><g v="nomn"></g></l></v></tfr></token><token id="593623" text=":"><tfr rev_id="1426694" t=":"><v><l t=":" id="0"><g v="PNCT"></g></l></v></tfr></token><token id="593624" text="«"><tfr rev_id="2443323" t="«"><v><l t="«" id="0"><g v="PNCT"></g></l></v></tfr></token><token id="593625" text="Передача"><tfr rev_id="1426696" t="Передача"><v><l t="передача" id="228169"><g v="NOUN"></g><g v="inan"></g><g v="femn"></g><g v="sing"></g><g v="nomn"></g></l></v></tfr></token><token id="593626" text="права"><tfr rev_id="4203355" t="права"><v><l t="право" id="265680"><g v="NOUN"></g><g v="inan"></g><g v="neut"></g><g v="sing"></g><g v="gent"></g></l></v></tfr></token><token id="593627" text="на"><tfr rev_id="3475282" t="на"><v><l t="на" id="166264"><g v="PREP"></g></l></v></tfr></token><token id="593628" text="проведение"><tfr rev_id="1426699" t="проведение"><v><l t="проведение" id="277705"><g v="NOUN"></g><g v="inan"></g><g v="neut"></g><g v="sing"></g><g v="nomn"></g></l></v><v><l t="проведение" id="277705"><g v="NOUN"></g><g v="inan"></g><g v="neut"></g><g v="sing"></g><g v="accs"></g></l></v></tfr></token><token id="593629" text="ЧМ-2018"><tfr rev_id="4539060" t="ЧМ-2018"><v><l t="ЧМ-2018" id="0"><g v="UNKN"></g></l></v></tfr></token><token id="593632" text="России"><tfr rev_id="3455292" t="России"><v><l t="россия" id="309322"><g v="NOUN"></g><g v="inan"></g><g v="femn"></g><g v="Sgtm"></g><g v="Geox"></g><g v="sing"></g><g v="datv"></g></l></v></tfr></token><token id="593633" text="—"><tfr rev_id="2443324" t="—"><v><l t="—" id="0"><g v="PNCT"></g></l></v></tfr></token><token id="593634" text="безумие"><tfr rev_id="1426705" t="безумие"><v><l t="безумие" id="26429"><g v="NOUN"></g><g v="inan"></g><g v="neut"></g><g v="sing"></g><g v="nomn"></g></l></v><v><l t="безумие" id="26429"><g v="NOUN"></g><g v="inan"></g><g v="neut"></g><g v="sing"></g><g v="accs"></g></l></v></tfr></token><token id="593635" text="»"><tfr rev_id="2443325" t="»"><v><l t="»" id="0"><g v="PNCT"></g></l></v></tfr></token></tokens></sentence></paragraph><paragraph id="10550"><sentence id="33124"><source>Журналисты Туманного Альбиона пытаются доказать, что Москва недостойна принять первенство планеты по футболу.</source><tokens><token id="593636" text="Журналисты"><tfr rev_id="1426707" t="Журналисты"><v><l t="журналист" id="97974"><g v="NOUN"></g><g v="anim"></g><g v="masc"></g><g v="plur"></g><g v="nomn"></g></l></v></tfr></token><token id="593637" text="Туманного"><tfr rev_id="3454171" t="Туманного"><v><l t="туманный" id="351494"><g v="ADJF"></g><g v="Qual"></g><g v="masc"></g><g v="sing"></g><g v="gent"></g></l></v><v><l t="туманный" id="351494"><g v="ADJF"></g><g v="Qual"></g><g v="anim"></g><g v="masc"></g><g v="sing"></g><g v="accs"></g></l></v></tfr></token><token id="593638" text="Альбиона"><tfr rev_id="1426709" t="Альбиона"><v><l t="альбион" id="10401"><g v="NOUN"></g><g v="inan"></g><g v="masc"></g><g v="sing"></g><g v="gent"></g></l></v></tfr></token><token id="593639" text="пытаются"><tfr rev_id="1426710" t="пытаются"><v><l t="пытаюсь" id="290086"><g v="VERB"></g><g v="impf"></g><g v="intr"></g><g v="plur"></g><g v="3per"></g><g v="pres"></g><g v="indc"></g></l></v></tfr></token><token id="593640" text="доказать"><tfr rev_id="1426711" t="доказать"><v><l t="доказать" id="86980"><g v="INFN"></g><g v="perf"></g><g v="tran"></g></l></v></tfr></token><token id="593641" text=","><tfr rev_id="1426712" t=","><v><l t="," id="0"><g v="PNCT"></g></l></v></tfr></token><token id="593642" text="что"><tfr rev_id="3196738" t="что"><v><l t="что" id="377004"><g v="CONJ"></g></l></v><v><l t="что" id="377005"><g v="NPRO"></g><g v="neut"></g><g v="sing"></g><g v="nomn"></g></l></v><v><l t="что" id="377005"><g v="NPRO"></g><g v="neut"></g><g v="sing"></g><g v="accs"></g></l></v><v><l t="что" id="377006"><g v="ADVB"></g><g v="Ques"></g></l></v><v><l t="что" id="388695"><g v="PRCL"></g></l></v></tfr></token><token id="593643" text="Москва"><tfr rev_id="1426714" t="Москва"><v><l t="москва" id="163901"><g v="NOUN"></g><g v="inan"></g><g v="femn"></g><g v="Sgtm"></g><g v="Geox"></g><g v="sing"></g><g v="nomn"></g></l></v></tfr></token><token id="593644" text="недостойна"><tfr rev_id="1426715" t="недостойна"><v><l t="недостоин" id="181703"><g v="ADJS"></g><g v="femn"></g><g v="sing"></g></l></v></tfr></token><token id="593645" text="принять"><tfr rev_id="1426716" t="принять"><v><l t="принять" id="272701"><g v="INFN"></g><g v="perf"></g><g v="tran"></g></l></v></tfr></token><token id="593646" text="первенство"><tfr rev_id="4097846" t="первенство"><v><l t="первенство" id="226198"><g v="NOUN"></g><g v="inan"></g><g v="neut"></g><g v="sing"></g><g v="accs"></g></l></v></tfr></token><token id="593647" text="планеты"><tfr rev_id="3457236" t="планеты"><v><l t="планета" id="239690"><g v="NOUN"></g><g v="inan"></g><g v="femn"></g><g v="sing"></g><g v="gent"></g></l></v></tfr></token><token id="593648" text="по"><tfr rev_id="1426719" t="по"><v><l t="по" id="241240"><g v="PREP"></g></l></v></tfr></token><token id="593649" text="футболу"><tfr rev_id="1426720" t="футболу"><v><l t="футбол" id="368772"><g v="NOUN"></g><g v="inan"></g><g v="masc"></g><g v="sing"></g><g v="datv"></g></l></v></tfr></token><token id="593650" text="."><tfr rev_id="1426721" t="."><v><l t="." id="0"><g v="PNCT"></g></l></v></tfr></token></tokens></sentence></paragraph><paragraph id="10551"><sentence id="33125"><source>Как известно, наблюдатели считают Москву и Лондон наиболее вероятными претендентами на право организации чемпионата мира по футболу в 2018 году.</source><tokens><token id="593651" text="Как"><tfr rev_id="1426722" t="Как"><v><l t="как" id="128190"><g v="CONJ"></g></l></v><v><l t="как" id="128191"><g v="PRCL"></g></l></v><v><l t="как" id="128192"><g v="ADVB"></g><g v="Ques"></g></l></v></tfr></token><token id="593652" text="известно"><tfr rev_id="1426723" t="известно"><v><l t="известно" id="118141"><g v="CONJ"></g><g v="Prnt"></g></l></v><v><l t="известно" id="118142"><g v="PRED"></g><g v="pres"></g></l></v><v><l t="известен" id="118146"><g v="ADJS"></g><g v="Qual"></g><g v="neut"></g><g v="sing"></g></l></v></tfr></token><token id="593653" text=","><tfr rev_id="1426724" t=","><v><l t="," id="0"><g v="PNCT"></g></l></v></tfr></token><token id="593654" text="наблюдатели"><tfr rev_id="1426725" t="наблюдатели"><v><l t="наблюдатель" id="166525"><g v="NOUN"></g><g v="anim"></g><g v="masc"></g><g v="plur"></g><g v="nomn"></g></l></v></tfr></token><token id="593655" text="считают"><tfr rev_id="1426726" t="считают"><v><l t="считаю" id="341320"><g v="VERB"></g><g v="impf"></g><g v="tran"></g><g v="plur"></g><g v="3per"></g><g v="pres"></g><g v="indc"></g></l></v><v><l t="считал" id="341329"><g v="VERB"></g><g v="perf"></g><g v="tran"></g><g v="plur"></g><g v="3per"></g><g v="futr"></g><g v="indc"></g></l></v></tfr></token><token id="593656" text="Москву"><tfr rev_id="1426727" t="Москву"><v><l t="москва" id="163901"><g v="NOUN"></g><g v="inan"></g><g v="femn"></g><g v="Sgtm"></g><g v="Geox"></g><g v="sing"></g><g v="accs"></g></l></v></tfr></token><token id="593657" text="и"><tfr rev_id="3486575" t="и"><v><l t="и" id="116949"><g v="CONJ"></g></l></v></tfr></token><token id="593658" text="Лондон"><tfr rev_id="4107497" t="Лондон"><v><l t="лондон" id="150828"><g v="NOUN"></g><g v="inan"></g><g v="masc"></g><g v="Geox"></g><g v="sing"></g><g v="accs"></g></l></v></tfr></token><token id="593659" text="наиболее"><tfr rev_id="1426730" t="наиболее"><v><l t="наиболее" id="170502"><g v="ADVB"></g></l></v></tfr></token><token id="593660" text="вероятными"><tfr rev_id="1426731" t="вероятными"><v><l t="вероятный" id="41550"><g v="ADJF"></g><g v="Qual"></g><g v="plur"></g><g v="ablt"></g></l></v></tfr></token><token id="593661" text="претендентами"><tfr rev_id="1426732" t="претендентами"><v><l t="претендент" id="268410"><g v="NOUN"></g><g v="anim"></g><g v="masc"></g><g v="plur"></g><g v="ablt"></g></l></v></tfr></token><token id="593662" text="на"><tfr rev_id="3341331" t="на"><v><l t="на" id="166264"><g v="PREP"></g></l></v></tfr></token><token id="593663" text="право"><tfr rev_id="4576391" t="право"><v><l t="право" id="265680"><g v="NOUN"></g><g v="inan"></g><g v="neut"></g><g v="sing"></g><g v="nomn"></g></l></v><v><l t="право" id="265680"><g v="NOUN"></g><g v="inan"></g><g v="neut"></g><g v="sing"></g><g v="accs"></g></l></v></tfr></token><token id="593664" text="организации"><tfr rev_id="3488158" t="организации"><v><l t="организация" id="208750"><g v="NOUN"></g><g v="inan"></g><g v="femn"></g><g v="sing"></g><g v="gent"></g></l></v><v><l t="организация" id="208750"><g v="NOUN"></g><g v="inan"></g><g v="femn"></g><g v="sing"></g><g v="datv"></g></l></v><v><l t="организация" id="208750"><g v="NOUN"></g><g v="inan"></g><g v="femn"></g><g v="sing"></g><g v="loct"></g></l></v></tfr></token><token id="593665" text="чемпионата"><tfr rev_id="1426736" t="чемпионата"><v><l t="чемпионат" id="375186"><g v="NOUN"></g><g v="inan"></g><g v="masc"></g><g v="sing"></g><g v="gent"></g></l></v></tfr></token><token id="593666" text="мира"><tfr rev_id="3718644" t="мира"><v><l t="мир" id="160807"><g v="NOUN"></g><g v="inan"></g><g v="masc"></g><g v="sing"></g><g v="gen1"></g></l></v></tfr></token><token id="593667" text="по"><tfr rev_id="1426738" t="по"><v><l t="по" id="241240"><g v="PREP"></g></l></v></tfr></token><token id="593668" text="футболу"><tfr rev_id="1426739" t="футболу"><v><l t="футбол" id="368772"><g v="NOUN"></g><g v="inan"></g><g v="masc"></g><g v="sing"></g><g v="datv"></g></l></v></tfr></token><token id="593669" text="в"><tfr rev_id="1426740" t="в"><v><l t="в" id="37409"><g v="PREP"></g></l></v></tfr></token><token id="593670" text="2018"><tfr rev_id="2461486" t="2018"><v><l t="2018" id="0"><g v="NUMB"></g></l></v></tfr></token><token id="593671" text="году"><tfr rev_id="2850262" t="году"><v><l t="год" id="72149"><g v="NOUN"></g><g v="inan"></g><g v="masc"></g><g v="sing"></g><g v="loc2"></g></l></v></tfr></token><token id="593672" text="."><tfr rev_id="1426743" t="."><v><l t="." id="0"><g v="PNCT"></g></l></v></tfr></token></tokens></sentence><sentence id="33126"><source>Поэтому неудивительно, что между Россией и Англией разворачивается серьёзная конкурентная борьба.</source><tokens><token id="593673" text="Поэтому"><tfr rev_id="1426744" t="Поэтому"><v><l t="поэтому" id="265490"><g v="ADVB"></g></l></v></tfr></token><token id="593674" text="неудивительно"><tfr rev_id="3647424" t="неудивительно"><v><l t="неудивителен" id="189202"><g v="ADJS"></g><g v="neut"></g><g v="sing"></g></l></v><v><l t="неудивительно" id="389348"><g v="ADVB"></g></l></v></tfr></token><token id="593675" text=","><tfr rev_id="1426746" t=","><v><l t="," id="0"><g v="PNCT"></g></l></v></tfr></token><token id="593676" text="что"><tfr rev_id="3196739" t="что"><v><l t="что" id="377004"><g v="CONJ"></g></l></v><v><l t="что" id="377005"><g v="NPRO"></g><g v="neut"></g><g v="sing"></g><g v="nomn"></g></l></v><v><l t="что" id="377005"><g v="NPRO"></g><g v="neut"></g><g v="sing"></g><g v="accs"></g></l></v><v><l t="что" id="377006"><g v="ADVB"></g><g v="Ques"></g></l></v><v><l t="что" id="388695"><g v="PRCL"></g></l></v></tfr></token><token id="593677" text="между"><tfr rev_id="1426748" t="между"><v><l t="между" id="157306"><g v="PREP"></g></l></v></tfr></token><token id="593678" text="Россией"><tfr rev_id="1426749" t="Россией"><v><l t="россия" id="309322"><g v="NOUN"></g><g v="inan"></g><g v="femn"></g><g v="Sgtm"></g><g v="Geox"></g><g v="sing"></g><g v="ablt"></g></l></v></tfr></token><token id="593679" text="и"><tfr rev_id="1426750" t="и"><v><l t="и" id="116949"><g v="CONJ"></g></l></v><v><l t="и" id="116950"><g v="INTJ"></g></l></v></tfr></token><token id="593680" text="Англией"><tfr rev_id="1426751" t="Англией"><v><l t="англия" id="12747"><g v="NOUN"></g><g v="inan"></g><g v="femn"></g><g v="Sgtm"></g><g v="Geox"></g><g v="sing"></g><g v="ablt"></g></l></v></tfr></token><token id="593681" text="разворачивается"><tfr rev_id="1426752" t="разворачивается"><v><l t="разворачиваюсь" id="292698"><g v="VERB"></g><g v="impf"></g><g v="intr"></g><g v="sing"></g><g v="3per"></g><g v="pres"></g><g v="indc"></g></l></v></tfr></token><token id="593682" text="серьёзная"><tfr rev_id="1426753" t="серьёзная"><v><l t="серьёзный" id="319559"><g v="ADJF"></g><g v="Qual"></g><g v="femn"></g><g v="sing"></g><g v="nomn"></g></l></v></tfr></token><token id="593683" text="конкурентная"><tfr rev_id="1426754" t="конкурентная"><v><l t="конкурентный" id="137902"><g v="ADJF"></g><g v="femn"></g><g v="sing"></g><g v="nomn"></g></l></v></tfr></token><token id="593684" text="борьба"><tfr rev_id="1426755" t="борьба"><v><l t="борьба" id="33103"><g v="NOUN"></g><g v="inan"></g><g v="femn"></g><g v="Sgtm"></g><g v="sing"></g><g v="nomn"></g></l></v></tfr></token><token id="593685" text="."><tfr rev_id="1426756" t="."><v><l t="." id="0"><g v="PNCT"></g></l></v></tfr></token></tokens></sentence><sentence id="33127"><source>Присоединились к ней и британские журналисты, которые стараются убедить читателей, что наша страна недостойна такого права.</source><tokens><token id="593686" text="Присоединились"><tfr rev_id="1426757" t="Присоединились"><v><l t="присоединился" id="274434"><g v="VERB"></g><g v="perf"></g><g v="intr"></g><g v="plur"></g><g v="past"></g><g v="indc"></g></l></v></tfr></token><token id="593687" text="к"><tfr rev_id="1426758" t="к"><v><l t="к" id="127460"><g v="PREP"></g></l></v></tfr></token><token id="593688" text="ней"><tfr rev_id="4351132" t="ней"><v><l t="она" id="206544"><g v="NPRO"></g><g v="femn"></g><g v="3per"></g><g v="Anph"></g><g v="sing"></g><g v="datv"></g><g v="Af-p"></g></l></v></tfr></token><token id="593689" text="и"><tfr rev_id="1426760" t="и"><v><l t="и" id="116949"><g v="CONJ"></g></l></v><v><l t="и" id="116950"><g v="INTJ"></g></l></v></tfr></token><token id="593690" text="британские"><tfr rev_id="3750178" t="британские"><v><l t="британский" id="34021"><g v="ADJF"></g><g v="plur"></g><g v="nomn"></g></l></v></tfr></token><token id="593691" text="журналисты"><tfr rev_id="1426762" t="журналисты"><v><l t="журналист" id="97974"><g v="NOUN"></g><g v="anim"></g><g v="masc"></g><g v="plur"></g><g v="nomn"></g></l></v></tfr></token><token id="593692" text=","><tfr rev_id="1426763" t=","><v><l t="," id="0"><g v="PNCT"></g></l></v></tfr></token><token id="593693" text="которые"><tfr rev_id="3742369" t="которые"><v><l t="который" id="141203"><g v="ADJF"></g><g v="Apro"></g><g v="Subx"></g><g v="Anph"></g><g v="plur"></g><g v="nomn"></g></l></v></tfr></token><token id="593694" text="стараются"><tfr rev_id="1426765" t="стараются"><v><l t="стараюсь" id="334746"><g v="VERB"></g><g v="impf"></g><g v="intr"></g><g v="plur"></g><g v="3per"></g><g v="pres"></g><g v="indc"></g></l></v></tfr></token><token id="593695" text="убедить"><tfr rev_id="1426766" t="убедить"><v><l t="убедить" id="352900"><g v="INFN"></g><g v="perf"></g><g v="tran"></g></l></v></tfr></token><token id="593696" text="читателей"><tfr rev_id="3538160" t="читателей"><v><l t="читатель" id="376715"><g v="NOUN"></g><g v="anim"></g><g v="masc"></g><g v="plur"></g><g v="accs"></g></l></v></tfr></token><token id="593697" text=","><tfr rev_id="1426768" t=","><v><l t="," id="0"><g v="PNCT"></g></l></v></tfr></token><token id="593698" text="что"><tfr rev_id="3196740" t="что"><v><l t="что" id="377004"><g v="CONJ"></g></l></v><v><l t="что" id="377005"><g v="NPRO"></g><g v="neut"></g><g v="sing"></g><g v="nomn"></g></l></v><v><l t="что" id="377005"><g v="NPRO"></g><g v="neut"></g><g v="sing"></g><g v="accs"></g></l></v><v><l t="что" id="377006"><g v="ADVB"></g><g v="Ques"></g></l></v><v><l t="что" id="388695"><g v="PRCL"></g></l></v></tfr></token><token id="593699" text="наша"><tfr rev_id="1426770" t="наша"><v><l t="наш" id="178492"><g v="ADJF"></g><g v="Apro"></g><g v="femn"></g><g v="sing"></g><g v="nomn"></g></l></v></tfr></token><token id="593700" text="страна"><tfr rev_id="1426771" t="страна"><v><l t="страна" id="337100"><g v="NOUN"></g><g v="inan"></g><g v="femn"></g><g v="sing"></g><g v="nomn"></g></l></v></tfr></token><token id="593701" text="недостойна"><tfr rev_id="1426772" t="недостойна"><v><l t="недостоин" id="181703"><g v="ADJS"></g><g v="femn"></g><g v="sing"></g></l></v></tfr></token><token id="593702" text="такого"><tfr rev_id="4076795" t="такого"><v><l t="такой" id="342491"><g v="ADJF"></g><g v="Apro"></g><g v="neut"></g><g v="sing"></g><g v="gent"></g></l></v></tfr></token><token id="593703" text="права"><tfr rev_id="4203343" t="права"><v><l t="право" id="265680"><g v="NOUN"></g><g v="inan"></g><g v="neut"></g><g v="sing"></g><g v="gent"></g></l></v></tfr></token><token id="593704" text="."><tfr rev_id="1426775" t="."><v><l t="." id="0"><g v="PNCT"></g></l></v></tfr></token></tokens></sentence><sentence id="33128"><source>«Если Россия такая замечательная, то почему Роман Абрамович живёт в Вентворте?</source><tokens><token id="593705" text="«"><tfr rev_id="2443326" t="«"><v><l t="«" id="0"><g v="PNCT"></g></l></v></tfr></token><token id="593706" text="Если"><tfr rev_id="1426777" t="Если"><v><l t="если" id="95365"><g v="CONJ"></g></l></v></tfr></token><token id="593707" text="Россия"><tfr rev_id="1426778" t="Россия"><v><l t="россия" id="309322"><g v="NOUN"></g><g v="inan"></g><g v="femn"></g><g v="Sgtm"></g><g v="Geox"></g><g v="sing"></g><g v="nomn"></g></l></v></tfr></token><token id="593708" text="такая"><tfr rev_id="2368559" t="такая"><v><l t="такой" id="342491"><g v="ADJF"></g><g v="Apro"></g><g v="femn"></g><g v="sing"></g><g v="nomn"></g></l></v></tfr></token><token id="593709" text="замечательная"><tfr rev_id="1426780" t="замечательная"><v><l t="замечательный" id="105549"><g v="ADJF"></g><g v="Qual"></g><g v="femn"></g><g v="sing"></g><g v="nomn"></g></l></v></tfr></token><token id="593710" text=","><tfr rev_id="1426781" t=","><v><l t="," id="0"><g v="PNCT"></g></l></v></tfr></token><token id="593711" text="то"><tfr rev_id="3777510" t="то"><v><l t="то" id="346835"><g v="CONJ"></g></l></v><v><l t="то" id="346836"><g v="PRCL"></g></l></v><v><l t="тот" id="348430"><g v="ADJF"></g><g v="Subx"></g><g v="Apro"></g><g v="Anph"></g><g v="neut"></g><g v="sing"></g><g v="nomn"></g></l></v><v><l t="тот" id="348430"><g v="ADJF"></g><g v="Subx"></g><g v="Apro"></g><g v="Anph"></g><g v="neut"></g><g v="sing"></g><g v="accs"></g></l></v></tfr></token><token id="593712" text="почему"><tfr rev_id="1426783" t="почему"><v><l t="почему" id="264705"><g v="ADVB"></g><g v="Ques"></g></l></v></tfr></token><token id="593713" text="Роман"><tfr rev_id="4454303" t="Роман"><v><l t="роман" id="308829"><g v="NOUN"></g><g v="anim"></g><g v="masc"></g><g v="Name"></g><g v="sing"></g><g v="nomn"></g></l></v></tfr></token><token id="593714" text="Абрамович"><tfr rev_id="4329602" t="Абрамович"><v><l t="абрамович" id="1689"><g v="NOUN"></g><g v="anim"></g><g v="masc"></g><g v="Sgtm"></g><g v="Surn"></g><g v="sing"></g><g v="nomn"></g></l></v></tfr></token><token id="593715" text="живёт"><tfr rev_id="1426786" t="живёт"><v><l t="живу" id="97603"><g v="VERB"></g><g v="impf"></g><g v="intr"></g><g v="sing"></g><g v="3per"></g><g v="pres"></g><g v="indc"></g></l></v></tfr></token><token id="593716" text="в"><tfr rev_id="1426787" t="в"><v><l t="в" id="37409"><g v="PREP"></g></l></v></tfr></token><token id="593717" text="Вентворте"><tfr rev_id="1426788" t="Вентворте"><v><l t="вентворте" id="0"><g v="UNKN"></g></l></v></tfr></token><token id="593718" text="?"><tfr rev_id="1426789" t="?"><v><l t="?" id="0"><g v="PNCT"></g></l></v></tfr></token></tokens></sentence><sentence id="33129"><source>Этот человек обладает миллиардами.</source><tokens><token id="593719" text="Этот"><tfr rev_id="4432075" t="Этот"><v><l t="этот" id="386581"><g v="ADJF"></g><g v="Subx"></g><g v="Apro"></g><g v="Anph"></g><g v="masc"></g><g v="sing"></g><g v="nomn"></g></l></v><v><l t="этот" id="386581"><g v="ADJF"></g><g v="Subx"></g><g v="Apro"></g><g v="Anph"></g><g v="inan"></g><g v="masc"></g><g v="sing"></g><g v="accs"></g></l></v></tfr></token><token id="593720" text="человек"><tfr rev_id="3451348" t="человек"><v><l t="человек" id="375073"><g v="NOUN"></g><g v="anim"></g><g v="masc"></g><g v="sing"></g><g v="nomn"></g></l></v></tfr></token><token id="593721" text="обладает"><tfr rev_id="1426792" t="обладает"><v><l t="обладаю" id="196101"><g v="VERB"></g><g v="impf"></g><g v="intr"></g><g v="sing"></g><g v="3per"></g><g v="pres"></g><g v="indc"></g></l></v></tfr></token><token id="593722" text="миллиардами"><tfr rev_id="1426793" t="миллиардами"><v><l t="миллиард" id="160237"><g v="NOUN"></g><g v="inan"></g><g v="masc"></g><g v="plur"></g><g v="ablt"></g></l></v></tfr></token><token id="593723" text="."><tfr rev_id="1426794" t="."><v><l t="." id="0"><g v="PNCT"></g></l></v></tfr></token></tokens></sentence><sentence id="33130"><source>У него мог бы быть самый лучший дом в России.</source><tokens><token id="593724" text="У"><tfr rev_id="3328282" t="У"><v><l t="у" id="352818"><g v="PREP"></g></l></v></tfr></token><token id="593725" text="него"><tfr rev_id="4528175" t="него"><v><l t="он" id="206541"><g v="NPRO"></g><g v="masc"></g><g v="3per"></g><g v="Anph"></g><g v="sing"></g><g v="gent"></g><g v="Af-p"></g></l></v><v><l t="оно" id="206649"><g v="NPRO"></g><g v="neut"></g><g v="3per"></g><g v="Anph"></g><g v="sing"></g><g v="gent"></g><g v="Af-p"></g></l></v></tfr></token><token id="593726" text="мог"><tfr rev_id="1426797" t="мог"><v><l t="могу" id="164485"><g v="VERB"></g><g v="impf"></g><g v="intr"></g><g v="masc"></g><g v="sing"></g><g v="past"></g><g v="indc"></g></l></v></tfr></token><token id="593727" text="бы"><tfr rev_id="1426798" t="бы"><v><l t="бы" id="36985"><g v="PRCL"></g></l></v></tfr></token><token id="593728" text="быть"><tfr rev_id="1426799" t="быть"><v><l t="быть" id="37266"><g v="INFN"></g><g v="impf"></g><g v="intr"></g></l></v></tfr></token><token id="593729" text="самый"><tfr rev_id="1426800" t="самый"><v><l t="самый" id="313174"><g v="ADJF"></g><g v="Apro"></g><g v="masc"></g><g v="sing"></g><g v="nomn"></g></l></v><v><l t="самый" id="313174"><g v="ADJF"></g><g v="Apro"></g><g v="inan"></g><g v="masc"></g><g v="sing"></g><g v="accs"></g></l></v></tfr></token><token id="593730" text="лучший"><tfr rev_id="1426801" t="лучший"><v><l t="лучший" id="371672"><g v="ADJF"></g><g v="Supr"></g><g v="Qual"></g><g v="masc"></g><g v="sing"></g><g v="nomn"></g></l></v><v><l t="лучший" id="371672"><g v="ADJF"></g><g v="Supr"></g><g v="Qual"></g><g v="inan"></g><g v="masc"></g><g v="sing"></g><g v="accs"></g></l></v></tfr></token><token id="593731" text="дом"><tfr rev_id="4103239" t="дом"><v><l t="дом" id="88152"><g v="NOUN"></g><g v="inan"></g><g v="masc"></g><g v="sing"></g><g v="nomn"></g></l></v></tfr></token><token id="593732" text="в"><tfr rev_id="1426803" t="в"><v><l t="в" id="37409"><g v="PREP"></g></l></v></tfr></token><token id="593733" text="России"><tfr rev_id="2782066" t="России"><v><l t="россия" id="309322"><g v="NOUN"></g><g v="inan"></g><g v="femn"></g><g v="Sgtm"></g><g v="Geox"></g><g v="sing"></g><g v="loct"></g></l></v></tfr></token><token id="593734" text="."><tfr rev_id="1426805" t="."><v><l t="." id="0"><g v="PNCT"></g></l></v></tfr></token></tokens></sentence><sentence id="33131"><source>У него могло бы быть их хоть десять, раскиданных по всей стране с запада на восток»,</source><tokens><token id="593735" text="У"><tfr rev_id="3329010" t="У"><v><l t="у" id="352818"><g v="PREP"></g></l></v></tfr></token><token id="593736" text="него"><tfr rev_id="4528176" t="него"><v><l t="он" id="206541"><g v="NPRO"></g><g v="masc"></g><g v="3per"></g><g v="Anph"></g><g v="sing"></g><g v="gent"></g><g v="Af-p"></g></l></v><v><l t="оно" id="206649"><g v="NPRO"></g><g v="neut"></g><g v="3per"></g><g v="Anph"></g><g v="sing"></g><g v="gent"></g><g v="Af-p"></g></l></v></tfr></token><token id="593737" text="могло"><tfr rev_id="1426808" t="могло"><v><l t="могу" id="164485"><g v="VERB"></g><g v="impf"></g><g v="intr"></g><g v="neut"></g><g v="sing"></g><g v="past"></g><g v="indc"></g></l></v></tfr></token><token id="593738" text="бы"><tfr rev_id="1426809" t="бы"><v><l t="бы" id="36985"><g v="PRCL"></g></l></v></tfr></token><token id="593739" text="быть"><tfr rev_id="1426810" t="быть"><v><l t="быть" id="37266"><g v="INFN"></g><g v="impf"></g><g v="intr"></g></l></v></tfr></token><token id="593740" text="их"><tfr rev_id="4204340" t="их"><v><l t="они" id="206619"><g v="NPRO"></g><g v="3per"></g><g v="Anph"></g><g v="plur"></g><g v="gent"></g></l></v><v><l t="они" id="206619"><g v="NPRO"></g><g v="3per"></g><g v="Anph"></g><g v="plur"></g><g v="accs"></g></l></v></tfr></token><token id="593741" text="хоть"><tfr rev_id="1426812" t="хоть"><v><l t="хоть" id="371728"><g v="PRCL"></g></l></v><v><l t="хоть" id="371729"><g v="CONJ"></g></l></v></tfr></token><token id="593742" text="десять"><tfr rev_id="1426813" t="десять"><v><l t="десять" id="82114"><g v="NUMR"></g><g v="nomn"></g></l></v><v><l t="десять" id="82114"><g v="NUMR"></g><g v="accs"></g></l></v></tfr></token><token id="593743" text=","><tfr rev_id="1426814" t=","><v><l t="," id="0"><g v="PNCT"></g></l></v></tfr></token><token id="593744" text="раскиданных"><tfr rev_id="1426815" t="раскиданных"><v><l t="раскиданный" id="298333"><g v="PRTF"></g><g v="perf"></g><g v="tran"></g><g v="past"></g><g v="pssv"></g><g v="plur"></g><g v="gent"></g></l></v><v><l t="раскиданный" id="298333"><g v="PRTF"></g><g v="perf"></g><g v="tran"></g><g v="past"></g><g v="pssv"></g><g v="anim"></g><g v="plur"></g><g v="accs"></g></l></v><v><l t="раскиданный" id="298333"><g v="PRTF"></g><g v="perf"></g><g v="tran"></g><g v="past"></g><g v="pssv"></g><g v="plur"></g><g v="loct"></g></l></v></tfr></token><token id="593745" text="по"><tfr rev_id="1426816" t="по"><v><l t="по" id="241240"><g v="PREP"></g></l></v></tfr></token><token id="593746" text="всей"><tfr rev_id="4393283" t="всей"><v><l t="весь" id="42156"><g v="ADJF"></g><g v="Subx"></g><g v="Apro"></g><g v="femn"></g><g v="sing"></g><g v="datv"></g></l></v></tfr></token><token id="593747" text="стране"><tfr rev_id="3447116" t="стране"><v><l t="страна" id="337100"><g v="NOUN"></g><g v="inan"></g><g v="femn"></g><g v="sing"></g><g v="datv"></g></l></v></tfr></token><token id="593748" text="с"><tfr rev_id="1426819" t="с"><v><l t="с" id="311151"><g v="PREP"></g></l></v></tfr></token><token id="593749" text="запада"><tfr rev_id="4505178" t="запада"><v><l t="запад" id="106649"><g v="NOUN"></g><g v="inan"></g><g v="masc"></g><g v="sing"></g><g v="gent"></g></l></v></tfr></token><token id="593750" text="на"><tfr rev_id="3334728" t="на"><v><l t="на" id="166264"><g v="PREP"></g></l></v></tfr></token><token id="593751" text="восток"><tfr rev_id="4505693" t="восток"><v><l t="восток" id="51910"><g v="NOUN"></g><g v="inan"></g><g v="masc"></g><g v="sing"></g><g v="accs"></g></l></v></tfr></token><token id="593752" text="»"><tfr rev_id="2443327" t="»"><v><l t="»" id="0"><g v="PNCT"></g></l></v></tfr></token><token id="593753" text=","><tfr rev_id="1426824" t=","><v><l t="," id="0"><g v="PNCT"></g></l></v></tfr></token></tokens></sentence><sentence id="33132"><source>— цитирует первый аргумент газеты Daily Mail «Росбалт».</source><tokens><token id="593754" text="—"><tfr rev_id="2443328" t="—"><v><l t="—" id="0"><g v="PNCT"></g></l></v></tfr></token><token id="593755" text="цитирует"><tfr rev_id="1426826" t="цитирует"><v><l t="цитирую" id="374102"><g v="VERB"></g><g v="impf"></g><g v="tran"></g><g v="sing"></g><g v="3per"></g><g v="pres"></g><g v="indc"></g></l></v></tfr></token><token id="593756" text="первый"><tfr rev_id="1426827" t="первый"><v><l t="первый" id="226359"><g v="ADJF"></g><g v="Anum"></g><g v="masc"></g><g v="sing"></g><g v="nomn"></g></l></v><v><l t="первый" id="226359"><g v="ADJF"></g><g v="Anum"></g><g v="inan"></g><g v="masc"></g><g v="sing"></g><g v="accs"></g></l></v></tfr></token><token id="593757" text="аргумент"><tfr rev_id="4099550" t="аргумент"><v><l t="аргумент" id="15995"><g v="NOUN"></g><g v="inan"></g><g v="masc"></g><g v="sing"></g><g v="accs"></g></l></v></tfr></token><token id="593758" text="газеты"><tfr rev_id="3327717" t="газеты"><v><l t="газета" id="65825"><g v="NOUN"></g><g v="inan"></g><g v="femn"></g><g v="sing"></g><g v="gent"></g></l></v></tfr></token><token id="593759" text="Daily"><tfr rev_id="2474552" t="Daily"><v><l t="Daily" id="0"><g v="LATN"></g></l></v></tfr></token><token id="593760" text="Mail"><tfr rev_id="2474553" t="Mail"><v><l t="Mail" id="0"><g v="LATN"></g></l></v></tfr></token><token id="593761" text="«"><tfr rev_id="2443329" t="«"><v><l t="«" id="0"><g v="PNCT"></g></l></v></tfr></token><token id="593762" text="Росбалт"><tfr rev_id="3478137" t="Росбалт"><v><l t="росбалт" id="309108"><g v="NOUN"></g><g v="inan"></g><g v="masc"></g><g v="Sgtm"></g><g v="Orgn"></g><g v="sing"></g><g v="nomn"></g></l></v></tfr></token><token id="593763" text="»"><tfr rev_id="2443330" t="»"><v><l t="»" id="0"><g v="PNCT"></g></l></v></tfr></token><token id="593764" text="."><tfr rev_id="1426835" t="."><v><l t="." id="0"><g v="PNCT"></g></l></v></tfr></token></tokens></sentence></paragraph><paragraph id="10552"><sentence id="33133"><source>Впрочем, против некоторых аргументов британских журналистов не поспоришь.</source><tokens><token id="593765" text="Впрочем"><tfr rev_id="3423251" t="Впрочем"><v><l t="впрочем" id="52738"><g v="CONJ"></g><g v="Prnt"></g></l></v></tfr></token><token id="593766" text=","><tfr rev_id="1426837" t=","><v><l t="," id="0"><g v="PNCT"></g></l></v></tfr></token><token id="593767" text="против"><tfr rev_id="4464757" t="против"><v><l t="против" id="285790"><g v="PREP"></g></l></v></tfr></token><token id="593768" text="некоторых"><tfr rev_id="4427321" t="некоторых"><v><l t="некоторый" id="183542"><g v="ADJF"></g><g v="Apro"></g><g v="plur"></g><g v="gent"></g></l></v></tfr></token><token id="593769" text="аргументов"><tfr rev_id="1426840" t="аргументов"><v><l t="аргумент" id="15995"><g v="NOUN"></g><g v="inan"></g><g v="masc"></g><g v="plur"></g><g v="gent"></g></l></v></tfr></token><token id="593770" text="британских"><tfr rev_id="3410861" t="британских"><v><l t="британский" id="34021"><g v="ADJF"></g><g v="plur"></g><g v="gent"></g></l></v></tfr></token><token id="593771" text="журналистов"><tfr rev_id="4383005" t="журналистов"><v><l t="журналист" id="97974"><g v="NOUN"></g><g v="anim"></g><g v="masc"></g><g v="plur"></g><g v="gent"></g></l></v></tfr></token><token id="593772" text="не"><tfr rev_id="1426843" t="не"><v><l t="не" id="178876"><g v="PRCL"></g></l></v></tfr></token><token id="593773" text="поспоришь"><tfr rev_id="1426844" t="поспоришь"><v><l t="поспорил" id="261983"><g v="VERB"></g><g v="perf"></g><g v="intr"></g><g v="sing"></g><g v="2per"></g><g v="futr"></g><g v="indc"></g></l></v></tfr></token><token id="593774" text="."><tfr rev_id="1426845" t="."><v><l t="." id="0"><g v="PNCT"></g></l></v></tfr></token></tokens></sentence><sentence id="33134"><source>Например, что Англии не нужно, как России, отстраивать 14 стадионов, возводить отели и прокладывать автомобильные и железные дороги, чтобы привести свою инфраструктуру в божеский вид.</source><tokens><token id="593775" text="Например"><tfr rev_id="1426846" t="Например"><v><l t="например" id="174036"><g v="CONJ"></g><g v="Prnt"></g></l></v></tfr></token><token id="593776" text=","><tfr rev_id="1426847" t=","><v><l t="," id="0"><g v="PNCT"></g></l></v></tfr></token><token id="593777" text="что"><tfr rev_id="3196741" t="что"><v><l t="что" id="377004"><g v="CONJ"></g></l></v><v><l t="что" id="377005"><g v="NPRO"></g><g v="neut"></g><g v="sing"></g><g v="nomn"></g></l></v><v><l t="что" id="377005"><g v="NPRO"></g><g v="neut"></g><g v="sing"></g><g v="accs"></g></l></v><v><l t="что" id="377006"><g v="ADVB"></g><g v="Ques"></g></l></v><v><l t="что" id="388695"><g v="PRCL"></g></l></v></tfr></token><token id="593778" text="Англии"><tfr rev_id="3455016" t="Англии"><v><l t="англия" id="12747"><g v="NOUN"></g><g v="inan"></g><g v="femn"></g><g v="Sgtm"></g><g v="Geox"></g><g v="sing"></g><g v="datv"></g></l></v></tfr></token><token id="593779" text="не"><tfr rev_id="1426850" t="не"><v><l t="не" id="178876"><g v="PRCL"></g></l></v></tfr></token><token id="593780" text="нужно"><tfr rev_id="1426851" t="нужно"><v><l t="нужно" id="192579"><g v="PRED"></g><g v="pres"></g></l></v><v><l t="нужен" id="192584"><g v="ADJS"></g><g v="Qual"></g><g v="neut"></g><g v="sing"></g></l></v></tfr></token><token id="593781" text=","><tfr rev_id="1426852" t=","><v><l t="," id="0"><g v="PNCT"></g></l></v></tfr></token><token id="593782" text="как"><tfr rev_id="1426853" t="как"><v><l t="как" id="128190"><g v="CONJ"></g></l></v><v><l t="как" id="128191"><g v="PRCL"></g></l></v><v><l t="как" id="128192"><g v="ADVB"></g><g v="Ques"></g></l></v></tfr></token><token id="593783" text="России"><tfr rev_id="2922439" t="России"><v><l t="россия" id="309322"><g v="NOUN"></g><g v="inan"></g><g v="femn"></g><g v="Sgtm"></g><g v="Geox"></g><g v="sing"></g><g v="datv"></g></l></v></tfr></token><token id="593784" text=","><tfr rev_id="1426855" t=","><v><l t="," id="0"><g v="PNCT"></g></l></v></tfr></token><token id="593785" text="отстраивать"><tfr rev_id="1426856" t="отстраивать"><v><l t="отстраивать" id="218448"><g v="INFN"></g><g v="impf"></g><g v="tran"></g></l></v></tfr></token><token id="593786" text="14"><tfr rev_id="2461487" t="14"><v><l t="14" id="0"><g v="NUMB"></g></l></v></tfr></token><token id="593787" text="стадионов"><tfr rev_id="1426858" t="стадионов"><v><l t="стадион" id="334413"><g v="NOUN"></g><g v="inan"></g><g v="masc"></g><g v="plur"></g><g v="gent"></g></l></v></tfr></token><token id="593788" text=","><tfr rev_id="1426859" t=","><v><l t="," id="0"><g v="PNCT"></g></l></v></tfr></token><token id="593789" text="возводить"><tfr rev_id="1426860" t="возводить"><v><l t="возводить" id="48804"><g v="INFN"></g><g v="impf"></g><g v="tran"></g></l></v></tfr></token><token id="593790" text="отели"><tfr rev_id="3757732" t="отели"><v><l t="отель" id="213569"><g v="NOUN"></g><g v="inan"></g><g v="masc"></g><g v="plur"></g><g v="accs"></g></l></v></tfr></token><token id="593791" text="и"><tfr rev_id="1426862" t="и"><v><l t="и" id="116949"><g v="CONJ"></g></l></v><v><l t="и" id="116950"><g v="INTJ"></g></l></v></tfr></token><token id="593792" text="прокладывать"><tfr rev_id="1426863" t="прокладывать"><v><l t="прокладывать" id="280696"><g v="INFN"></g><g v="impf"></g><g v="tran"></g></l></v></tfr></token><token id="593793" text="автомобильные"><tfr rev_id="4074727" t="автомобильные"><v><l t="автомобильный" id="3267"><g v="ADJF"></g><g v="inan"></g><g v="plur"></g><g v="accs"></g></l></v></tfr></token><token id="593794" text="и"><tfr rev_id="1426865" t="и"><v><l t="и" id="116949"><g v="CONJ"></g></l></v><v><l t="и" id="116950"><g v="INTJ"></g></l></v></tfr></token><token id="593795" text="железные"><tfr rev_id="4076270" t="железные"><v><l t="железный" id="96343"><g v="ADJF"></g><g v="Qual"></g><g v="inan"></g><g v="plur"></g><g v="accs"></g></l></v></tfr></token><token id="593796" text="дороги"><tfr rev_id="3814902" t="дороги"><v><l t="дорога" id="89707"><g v="NOUN"></g><g v="inan"></g><g v="femn"></g><g v="plur"></g><g v="accs"></g></l></v></tfr></token><token id="593797" text=","><tfr rev_id="1426868" t=","><v><l t="," id="0"><g v="PNCT"></g></l></v></tfr></token><token id="593798" text="чтобы"><tfr rev_id="1426869" t="чтобы"><v><l t="чтобы" id="377013"><g v="CONJ"></g></l></v><v><l t="чтобы" id="377014"><g v="PRCL"></g></l></v></tfr></token><token id="593799" text="привести"><tfr rev_id="1426870" t="привести"><v><l t="привести" id="269206"><g v="INFN"></g><g v="perf"></g><g v="tran"></g></l></v></tfr></token><token id="593800" text="свою"><tfr rev_id="3632243" t="свою"><v><l t="свой" id="316379"><g v="ADJF"></g><g v="Apro"></g><g v="Anph"></g><g v="femn"></g><g v="sing"></g><g v="accs"></g></l></v></tfr></token><token id="593801" text="инфраструктуру"><tfr rev_id="1426872" t="инфраструктуру"><v><l t="инфраструктура" id="123617"><g v="NOUN"></g><g v="inan"></g><g v="femn"></g><g v="sing"></g><g v="accs"></g></l></v></tfr></token><token id="593802" text="в"><tfr rev_id="1426873" t="в"><v><l t="в" id="37409"><g v="PREP"></g></l></v></tfr></token><token id="593803" text="божеский"><tfr rev_id="1426874" t="божеский"><v><l t="божеский" id="31867"><g v="ADJF"></g><g v="masc"></g><g v="sing"></g><g v="nomn"></g></l></v><v><l t="божеский" id="31867"><g v="ADJF"></g><g v="inan"></g><g v="masc"></g><g v="sing"></g><g v="accs"></g></l></v></tfr></token><token id="593804" text="вид"><tfr rev_id="3467339" t="вид"><v><l t="вид" id="44437"><g v="NOUN"></g><g v="inan"></g><g v="masc"></g><g v="sing"></g><g v="accs"></g></l></v></tfr></token><token id="593805" text="."><tfr rev_id="1426876" t="."><v><l t="." id="0"><g v="PNCT"></g></l></v></tfr></token></tokens></sentence><sentence id="33135"><source>Кроме того, продолжают смишники, английские самолёты надёжнее российских, а Лондон не считается самой дорогой столицей Европы.</source><tokens><token id="593806" text="Кроме"><tfr rev_id="1426877" t="Кроме"><v><l t="кроме" id="143259"><g v="PREP"></g></l></v></tfr></token><token id="593807" text="того"><tfr rev_id="4102298" t="того"><v><l t="тот" id="348430"><g v="ADJF"></g><g v="Subx"></g><g v="Apro"></g><g v="Anph"></g><g v="neut"></g><g v="sing"></g><g v="gent"></g></l></v></tfr></token><token id="593808" text=","><tfr rev_id="1426879" t=","><v><l t="," id="0"><g v="PNCT"></g></l></v></tfr></token><token id="593809" text="продолжают"><tfr rev_id="1426880" t="продолжают"><v><l t="продолжаю" id="279215"><g v="VERB"></g><g v="impf"></g><g v="tran"></g><g v="plur"></g><g v="3per"></g><g v="pres"></g><g v="indc"></g></l></v></tfr></token><token id="593810" text="смишники"><tfr rev_id="1426881" t="смишники"><v><l t="смишники" id="0"><g v="UNKN"></g></l></v></tfr></token><token id="593811" text=","><tfr rev_id="1426882" t=","><v><l t="," id="0"><g v="PNCT"></g></l></v></tfr></token><token id="593812" text="английские"><tfr rev_id="3747758" t="английские"><v><l t="английский" id="12733"><g v="ADJF"></g><g v="plur"></g><g v="nomn"></g></l></v></tfr></token><token id="593813" text="самолёты"><tfr rev_id="3756606" t="самолёты"><v><l t="самолёт" id="312513"><g v="NOUN"></g><g v="inan"></g><g v="masc"></g><g v="plur"></g><g v="nomn"></g></l></v></tfr></token><token id="593814" text="надёжнее"><tfr rev_id="1426885" t="надёжнее"><v><l t="надёжнее" id="168367"><g v="COMP"></g><g v="Qual"></g></l></v></tfr></token><token id="593815" text="российских"><tfr rev_id="4198031" t="российских"><v><l t="российский" id="309319"><g v="ADJF"></g><g v="plur"></g><g v="gent"></g></l></v></tfr></token><token id="593816" text=","><tfr rev_id="1426887" t=","><v><l t="," id="0"><g v="PNCT"></g></l></v></tfr></token><token id="593817" text="а"><tfr rev_id="1426888" t="а"><v><l t="а" id="51"><g v="CONJ"></g></l></v><v><l t="а" id="52"><g v="INTJ"></g></l></v><v><l t="а" id="53"><g v="PRCL"></g></l></v></tfr></token><token id="593818" text="Лондон"><tfr rev_id="1426889" t="Лондон"><v><l t="лондон" id="150828"><g v="NOUN"></g><g v="inan"></g><g v="masc"></g><g v="Geox"></g><g v="sing"></g><g v="nomn"></g></l></v><v><l t="лондон" id="150828"><g v="NOUN"></g><g v="inan"></g><g v="masc"></g><g v="Geox"></g><g v="sing"></g><g v="accs"></g></l></v></tfr></token><token id="593819" text="не"><tfr rev_id="1426890" t="не"><v><l t="не" id="178876"><g v="PRCL"></g></l></v></tfr></token><token id="593820" text="считается"><tfr rev_id="1426891" t="считается"><v><l t="считаюсь" id="341335"><g v="VERB"></g><g v="impf"></g><g v="intr"></g><g v="sing"></g><g v="3per"></g><g v="pres"></g><g v="indc"></g></l></v></tfr></token><token id="593821" text="самой"><tfr rev_id="4296896" t="самой"><v><l t="сам" id="312034"><g v="ADJF"></g><g v="Apro"></g><g v="femn"></g><g v="sing"></g><g v="ablt"></g></l></v><v><l t="самый" id="313174"><g v="ADJF"></g><g v="Apro"></g><g v="femn"></g><g v="sing"></g><g v="ablt"></g></l></v></tfr></token><token id="593822" text="дорогой"><tfr rev_id="4348819" t="дорогой"><v><l t="дорогой" id="89724"><g v="ADJF"></g><g v="Qual"></g><g v="femn"></g><g v="sing"></g><g v="gent"></g></l></v><v><l t="дорогой" id="89724"><g v="ADJF"></g><g v="Qual"></g><g v="femn"></g><g v="sing"></g><g v="datv"></g></l></v><v><l t="дорогой" id="89724"><g v="ADJF"></g><g v="Qual"></g><g v="femn"></g><g v="sing"></g><g v="ablt"></g></l></v><v><l t="дорогой" id="89724"><g v="ADJF"></g><g v="Qual"></g><g v="femn"></g><g v="sing"></g><g v="loct"></g></l></v></tfr></token><token id="593823" text="столицей"><tfr rev_id="1426894" t="столицей"><v><l t="столица" id="336588"><g v="NOUN"></g><g v="inan"></g><g v="femn"></g><g v="sing"></g><g v="ablt"></g></l></v></tfr></token><token id="593824" text="Европы"><tfr rev_id="1426895" t="Европы"><v><l t="европа" id="94019"><g v="NOUN"></g><g v="inan"></g><g v="femn"></g><g v="Sgtm"></g><g v="Geox"></g><g v="sing"></g><g v="gent"></g></l></v></tfr></token><token id="593825" text="."><tfr rev_id="1426896" t="."><v><l t="." id="0"><g v="PNCT"></g></l></v></tfr></token></tokens></sentence><sentence id="33136"><source>К тому же темнокожим игрокам на берегах Туманного Альбиона будет играть намного безопаснее, чем в Москве, где нередки проявления расизма.</source><tokens><token id="593826" text="К"><tfr rev_id="1426897" t="К"><v><l t="к" id="127460"><g v="PREP"></g></l></v></tfr></token><token id="593827" text="тому"><tfr rev_id="4309897" t="тому"><v><l t="тот" id="348430"><g v="ADJF"></g><g v="Subx"></g><g v="Apro"></g><g v="Anph"></g><g v="neut"></g><g v="sing"></g><g v="datv"></g></l></v></tfr></token><token id="593828" text="же"><tfr rev_id="1426899" t="же"><v><l t="же" id="96208"><g v="CONJ"></g></l></v><v><l t="же" id="96209"><g v="PRCL"></g></l></v></tfr></token><token id="593829" text="темнокожим"><tfr rev_id="4229301" t="темнокожим"><v><l t="темнокожий" id="344574"><g v="ADJF"></g><g v="Qual"></g><g v="plur"></g><g v="datv"></g></l></v></tfr></token><token id="593830" text="игрокам"><tfr rev_id="1426901" t="игрокам"><v><l t="игрок" id="117351"><g v="NOUN"></g><g v="anim"></g><g v="masc"></g><g v="plur"></g><g v="datv"></g></l></v></tfr></token><token id="593831" text="на"><tfr rev_id="3342523" t="на"><v><l t="на" id="166264"><g v="PREP"></g></l></v></tfr></token><token id="593832" text="берегах"><tfr rev_id="1426903" t="берегах"><v><l t="берег" id="27758"><g v="NOUN"></g><g v="inan"></g><g v="masc"></g><g v="plur"></g><g v="loct"></g></l></v></tfr></token><token id="593833" text="Туманного"><tfr rev_id="3285200" t="Туманного"><v><l t="туманный" id="351494"><g v="ADJF"></g><g v="Qual"></g><g v="masc"></g><g v="sing"></g><g v="gent"></g></l></v><v><l t="туманный" id="351494"><g v="ADJF"></g><g v="Qual"></g><g v="anim"></g><g v="masc"></g><g v="sing"></g><g v="accs"></g></l></v></tfr></token><token id="593834" text="Альбиона"><tfr rev_id="1426905" t="Альбиона"><v><l t="альбион" id="10401"><g v="NOUN"></g><g v="inan"></g><g v="masc"></g><g v="sing"></g><g v="gent"></g></l></v></tfr></token><token id="593835" text="будет"><tfr rev_id="1426906" t="будет"><v><l t="есть" id="37265"><g v="VERB"></g><g v="impf"></g><g v="intr"></g><g v="sing"></g><g v="3per"></g><g v="futr"></g><g v="indc"></g></l></v></tfr></token><token id="593836" text="играть"><tfr rev_id="1426907" t="играть"><v><l t="играть" id="117312"><g v="INFN"></g><g v="impf"></g><g v="tran"></g></l></v></tfr></token><token id="593837" text="намного"><tfr rev_id="1426908" t="намного"><v><l t="намного" id="172603"><g v="ADVB"></g></l></v></tfr></token><token id="593838" text="безопаснее"><tfr rev_id="1426909" t="безопаснее"><v><l t="безопаснее" id="26219"><g v="COMP"></g><g v="Qual"></g></l></v></tfr></token><token id="593839" text=","><tfr rev_id="1426910" t=","><v><l t="," id="0"><g v="PNCT"></g></l></v></tfr></token><token id="593840" text="чем"><tfr rev_id="4320425" t="чем"><v><l t="чем" id="375161"><g v="CONJ"></g></l></v></tfr></token><token id="593841" text="в"><tfr rev_id="1426912" t="в"><v><l t="в" id="37409"><g v="PREP"></g></l></v></tfr></token><token id="593842" text="Москве"><tfr rev_id="3447088" t="Москве"><v><l t="москва" id="163901"><g v="NOUN"></g><g v="inan"></g><g v="femn"></g><g v="Sgtm"></g><g v="Geox"></g><g v="sing"></g><g v="loct"></g></l></v></tfr></token><token id="593843" text=","><tfr rev_id="1426914" t=","><v><l t="," id="0"><g v="PNCT"></g></l></v></tfr></token><token id="593844" text="где"><tfr rev_id="2636451" t="где"><v><l t="где" id="67984"><g v="ADVB"></g><g v="Ques"></g></l></v><v><l t="где" id="388669"><g v="CONJ"></g></l></v></tfr></token><token id="593845" text="нередки"><tfr rev_id="1426916" t="нередки"><v><l t="нередок" id="187560"><g v="ADJS"></g><g v="plur"></g></l></v></tfr></token><token id="593846" text="проявления"><tfr rev_id="3794192" t="проявления"><v><l t="проявление" id="287961"><g v="NOUN"></g><g v="inan"></g><g v="neut"></g><g v="plur"></g><g v="nomn"></g></l></v></tfr></token><token id="593847" text="расизма"><tfr rev_id="1426918" t="расизма"><v><l t="расизм" id="298052"><g v="NOUN"></g><g v="inan"></g><g v="masc"></g><g v="sing"></g><g v="gent"></g></l></v></tfr></token><token id="593848" text="."><tfr rev_id="1426919" t="."><v><l t="." id="0"><g v="PNCT"></g></l></v></tfr></token></tokens></sentence><sentence id="33137"><source>«Россия приглашает к себе весь мир?</source><tokens><token id="593849" text="«"><tfr rev_id="2443331" t="«"><v><l t="«" id="0"><g v="PNCT"></g></l></v></tfr></token><token id="593850" text="Россия"><tfr rev_id="1426921" t="Россия"><v><l t="россия" id="309322"><g v="NOUN"></g><g v="inan"></g><g v="femn"></g><g v="Sgtm"></g><g v="Geox"></g><g v="sing"></g><g v="nomn"></g></l></v></tfr></token><token id="593851" text="приглашает"><tfr rev_id="1426922" t="приглашает"><v><l t="приглашаю" id="269731"><g v="VERB"></g><g v="impf"></g><g v="tran"></g><g v="sing"></g><g v="3per"></g><g v="pres"></g><g v="indc"></g></l></v></tfr></token><token id="593852" text="к"><tfr rev_id="1426923" t="к"><v><l t="к" id="127460"><g v="PREP"></g></l></v></tfr></token><token id="593853" text="себе"><tfr rev_id="4399276" t="себе"><v><l t="себя" id="317456"><g v="NPRO"></g><g v="Anph"></g><g v="sing"></g><g v="datv"></g></l></v></tfr></token><token id="593854" text="весь"><tfr rev_id="4283711" t="весь"><v><l t="весь" id="42156"><g v="ADJF"></g><g v="Subx"></g><g v="Apro"></g><g v="masc"></g><g v="sing"></g><g v="nomn"></g></l></v><v><l t="весь" id="42156"><g v="ADJF"></g><g v="Subx"></g><g v="Apro"></g><g v="inan"></g><g v="masc"></g><g v="sing"></g><g v="accs"></g></l></v></tfr></token><token id="593855" text="мир"><tfr rev_id="3445186" t="мир"><v><l t="мир" id="160807"><g v="NOUN"></g><g v="inan"></g><g v="masc"></g><g v="sing"></g><g v="nomn"></g></l></v><v><l t="мир" id="160807"><g v="NOUN"></g><g v="inan"></g><g v="masc"></g><g v="sing"></g><g v="accs"></g></l></v></tfr></token><token id="593856" text="?"><tfr rev_id="1426927" t="?"><v><l t="?" id="0"><g v="PNCT"></g></l></v></tfr></token></tokens></sentence><sentence id="33138"><source>О да.</source><tokens><token id="593857" text="О"><tfr rev_id="3332286" t="О"><v><l t="о" id="192978"><g v="INTJ"></g></l></v></tfr></token><token id="593858" text="да"><tfr rev_id="1426929" t="да"><v><l t="да" id="77569"><g v="CONJ"></g></l></v><v><l t="да" id="77570"><g v="PRCL"></g></l></v><v><l t="да" id="77571"><g v="INTJ"></g></l></v></tfr></token><token id="593859" text="."><tfr rev_id="1426930" t="."><v><l t="." id="0"><g v="PNCT"></g></l></v></tfr></token></tokens></sentence><sentence id="33139"><source>А вы пытались когда-нибудь получить российскую визу?»</source><tokens><token id="593860" text="А"><tfr rev_id="1426931" t="А"><v><l t="а" id="51"><g v="CONJ"></g></l></v><v><l t="а" id="52"><g v="INTJ"></g></l></v><v><l t="а" id="53"><g v="PRCL"></g></l></v></tfr></token><token id="593861" text="вы"><tfr rev_id="1426932" t="вы"><v><l t="вы" id="55560"><g v="NPRO"></g><g v="2per"></g><g v="plur"></g><g v="nomn"></g></l></v></tfr></token><token id="593862" text="пытались"><tfr rev_id="1426933" t="пытались"><v><l t="пытаюсь" id="290086"><g v="VERB"></g><g v="impf"></g><g v="intr"></g><g v="plur"></g><g v="past"></g><g v="indc"></g></l></v></tfr></token><token id="593863" text="когда-нибудь"><tfr rev_id="1426934" t="когда-нибудь"><v><l t="когда-нибудь" id="135242"><g v="ADVB"></g></l></v></tfr></token><token id="593864" text="получить"><tfr rev_id="1426935" t="получить"><v><l t="получить" id="256960"><g v="INFN"></g><g v="perf"></g><g v="tran"></g></l></v></tfr></token><token id="593865" text="российскую"><tfr rev_id="1426936" t="российскую"><v><l t="российский" id="309319"><g v="ADJF"></g><g v="femn"></g><g v="sing"></g><g v="accs"></g></l></v></tfr></token><token id="593866" text="визу"><tfr rev_id="1426937" t="визу"><v><l t="виза" id="44665"><g v="NOUN"></g><g v="inan"></g><g v="femn"></g><g v="sing"></g><g v="accs"></g></l></v></tfr></token><token id="593867" text="?"><tfr rev_id="1426938" t="?"><v><l t="?" id="0"><g v="PNCT"></g></l></v></tfr></token><token id="593868" text="»"><tfr rev_id="2443332" t="»"><v><l t="»" id="0"><g v="PNCT"></g></l></v></tfr></token></tokens></sentence><sentence id="33140"><source>— приводит следующий аргумент газета, почему-то забывая, что на оформление визы в Великобританию уходит не меньше времени.</source><tokens><token id="593869" text="—"><tfr rev_id="2443333" t="—"><v><l t="—" id="0"><g v="PNCT"></g></l></v></tfr></token><token id="593870" text="приводит"><tfr rev_id="1426941" t="приводит"><v><l t="привожу" id="269406"><g v="VERB"></g><g v="impf"></g><g v="tran"></g><g v="sing"></g><g v="3per"></g><g v="pres"></g><g v="indc"></g></l></v></tfr></token><token id="593871" text="следующий"><tfr rev_id="1426942" t="следующий"><v><l t="следующий" id="324749"><g v="PRTF"></g><g v="impf"></g><g v="intr"></g><g v="pres"></g><g v="actv"></g><g v="masc"></g><g v="sing"></g><g v="nomn"></g></l></v><v><l t="следующий" id="324749"><g v="PRTF"></g><g v="impf"></g><g v="intr"></g><g v="pres"></g><g v="actv"></g><g v="inan"></g><g v="masc"></g><g v="sing"></g><g v="accs"></g></l></v><v><l t="следующий" id="324769"><g v="ADJF"></g><g v="masc"></g><g v="sing"></g><g v="nomn"></g></l></v><v><l t="следующий" id="324769"><g v="ADJF"></g><g v="inan"></g><g v="masc"></g><g v="sing"></g><g v="accs"></g></l></v></tfr></token><token id="593872" text="аргумент"><tfr rev_id="1426943" t="аргумент"><v><l t="аргумент" id="15995"><g v="NOUN"></g><g v="inan"></g><g v="masc"></g><g v="sing"></g><g v="nomn"></g></l></v><v><l t="аргумент" id="15995"><g v="NOUN"></g><g v="inan"></g><g v="masc"></g><g v="sing"></g><g v="accs"></g></l></v></tfr></token><token id="593873" text="газета"><tfr rev_id="1426944" t="газета"><v><l t="газета" id="65825"><g v="NOUN"></g><g v="inan"></g><g v="femn"></g><g v="sing"></g><g v="nomn"></g></l></v></tfr></token><token id="593874" text=","><tfr rev_id="1426945" t=","><v><l t="," id="0"><g v="PNCT"></g></l></v></tfr></token><token id="593875" text="почему-то"><tfr rev_id="1426946" t="почему-то"><v><l t="почему-то" id="264708"><g v="ADVB"></g></l></v></tfr></token><token id="593876" text="забывая"><tfr rev_id="1426947" t="забывая"><v><l t="забывая" id="99130"><g v="GRND"></g><g v="impf"></g><g v="tran"></g><g v="pres"></g></l></v></tfr></token><token id="593877" text=","><tfr rev_id="1426948" t=","><v><l t="," id="0"><g v="PNCT"></g></l></v></tfr></token><token id="593878" text="что"><tfr rev_id="3196742" t="что"><v><l t="что" id="377004"><g v="CONJ"></g></l></v><v><l t="что" id="377005"><g v="NPRO"></g><g v="neut"></g><g v="sing"></g><g v="nomn"></g></l></v><v><l t="что" id="377005"><g v="NPRO"></g><g v="neut"></g><g v="sing"></g><g v="accs"></g></l></v><v><l t="что" id="377006"><g v="ADVB"></g><g v="Ques"></g></l></v><v><l t="что" id="388695"><g v="PRCL"></g></l></v></tfr></token><token id="593879" text="на"><tfr rev_id="3395485" t="на"><v><l t="на" id="166264"><g v="PREP"></g></l></v></tfr></token><token id="593880" text="оформление"><tfr rev_id="1426951" t="оформление"><v><l t="оформление" id="220972"><g v="NOUN"></g><g v="inan"></g><g v="neut"></g><g v="sing"></g><g v="nomn"></g></l></v><v><l t="оформление" id="220972"><g v="NOUN"></g><g v="inan"></g><g v="neut"></g><g v="sing"></g><g v="accs"></g></l></v></tfr></token><token id="593881" text="визы"><tfr rev_id="3500759" t="визы"><v><l t="виза" id="44665"><g v="NOUN"></g><g v="inan"></g><g v="femn"></g><g v="sing"></g><g v="gent"></g></l></v></tfr></token><token id="593882" text="в"><tfr rev_id="1426953" t="в"><v><l t="в" id="37409"><g v="PREP"></g></l></v></tfr></token><token id="593883" text="Великобританию"><tfr rev_id="1426954" t="Великобританию"><v><l t="великобритания" id="40619"><g v="NOUN"></g><g v="inan"></g><g v="femn"></g><g v="Sgtm"></g><g v="Geox"></g><g v="sing"></g><g v="accs"></g></l></v></tfr></token><token id="593884" text="уходит"><tfr rev_id="1426955" t="уходит"><v><l t="ухожу" id="362937"><g v="VERB"></g><g v="impf"></g><g v="intr"></g><g v="sing"></g><g v="3per"></g><g v="pres"></g><g v="indc"></g></l></v><v><l t="уходил" id="362942"><g v="VERB"></g><g v="perf"></g><g v="tran"></g><g v="sing"></g><g v="3per"></g><g v="futr"></g><g v="indc"></g></l></v></tfr></token><token id="593885" text="не"><tfr rev_id="1426956" t="не"><v><l t="не" id="178876"><g v="PRCL"></g></l></v></tfr></token><token id="593886" text="меньше"><tfr rev_id="4266746" t="меньше"><v><l t="меньше" id="153697"><g v="COMP"></g><g v="Qual"></g></l></v></tfr></token><token id="593887" text="времени"><tfr rev_id="3546701" t="времени"><v><l t="время" id="53149"><g v="NOUN"></g><g v="inan"></g><g v="neut"></g><g v="sing"></g><g v="gent"></g></l></v></tfr></token><token id="593888" text="."><tfr rev_id="1426959" t="."><v><l t="." id="0"><g v="PNCT"></g></l></v></tfr></token></tokens></sentence></paragraph><paragraph id="10553"><sentence id="33141"><source>Напомним, за право организации ЧМ-2018 помимо России и Англии собираются бороться США, Австралия, Япония, Катар, Южная Корея, Испания — Португалия (совместно) и Бельгия — Нидерланды (совместно).</source><tokens><token id="593889" text="Напомним"><tfr rev_id="1426960" t="Напомним"><v><l t="напомнил" id="173892"><g v="VERB"></g><g v="perf"></g><g v="tran"></g><g v="plur"></g><g v="1per"></g><g v="futr"></g><g v="indc"></g></l></v><v><l t="напомнил" id="173892"><g v="VERB"></g><g v="perf"></g><g v="tran"></g><g v="sing"></g><g v="impr"></g><g v="incl"></g></l></v></tfr></token><token id="593890" text=","><tfr rev_id="1426961" t=","><v><l t="," id="0"><g v="PNCT"></g></l></v></tfr></token><token id="593891" text="за"><tfr rev_id="1426962" t="за"><v><l t="за" id="98043"><g v="PREP"></g></l></v></tfr></token><token id="593892" text="право"><tfr rev_id="4387946" t="право"><v><l t="право" id="265680"><g v="NOUN"></g><g v="inan"></g><g v="neut"></g><g v="sing"></g><g v="nomn"></g></l></v><v><l t="право" id="265680"><g v="NOUN"></g><g v="inan"></g><g v="neut"></g><g v="sing"></g><g v="accs"></g></l></v></tfr></token><token id="593893" text="организации"><tfr rev_id="4238726" t="организации"><v><l t="организация" id="208750"><g v="NOUN"></g><g v="inan"></g><g v="femn"></g><g v="sing"></g><g v="gent"></g></l></v></tfr></token><token id="593894" text="ЧМ-2018"><tfr rev_id="4539061" t="ЧМ-2018"><v><l t="ЧМ-2018" id="0"><g v="UNKN"></g></l></v></tfr></token><token id="593897" text="помимо"><tfr rev_id="1426968" t="помимо"><v><l t="помимо" id="257727"><g v="PREP"></g></l></v></tfr></token><token id="593898" text="России"><tfr rev_id="3325614" t="России"><v><l t="россия" id="309322"><g v="NOUN"></g><g v="inan"></g><g v="femn"></g><g v="Sgtm"></g><g v="Geox"></g><g v="sing"></g><g v="gent"></g></l></v></tfr></token><token id="593899" text="и"><tfr rev_id="3538823" t="и"><v><l t="и" id="116949"><g v="CONJ"></g></l></v></tfr></token><token id="593900" text="Англии"><tfr rev_id="2602274" t="Англии"><v><l t="англия" id="12747"><g v="NOUN"></g><g v="inan"></g><g v="femn"></g><g v="Sgtm"></g><g v="Geox"></g><g v="sing"></g><g v="gent"></g></l></v></tfr></token><token id="593901" text="собираются"><tfr rev_id="1426972" t="собираются"><v><l t="собираюсь" id="327680"><g v="VERB"></g><g v="impf"></g><g v="intr"></g><g v="plur"></g><g v="3per"></g><g v="pres"></g><g v="indc"></g></l></v></tfr></token><token id="593902" text="бороться"><tfr rev_id="1426973" t="бороться"><v><l t="бороться" id="33026"><g v="INFN"></g><g v="impf"></g><g v="intr"></g></l></v></tfr></token><token id="593903" text="США"><tfr rev_id="3811368" t="США"><v><l t="сша" id="341371"><g v="NOUN"></g><g v="inan"></g><g v="GNdr"></g><g v="Pltm"></g><g v="Fixd"></g><g v="Abbr"></g><g v="Geox"></g><g v="plur"></g><g v="nomn"></g></l></v></tfr></token><token id="593904" text=","><tfr rev_id="1426975" t=","><v><l t="," id="0"><g v="PNCT"></g></l></v></tfr></token><token id="593905" text="Австралия"><tfr rev_id="1426976" t="Австралия"><v><l t="австралия" id="2948"><g v="NOUN"></g><g v="inan"></g><g v="femn"></g><g v="Sgtm"></g><g v="Geox"></g><g v="sing"></g><g v="nomn"></g></l></v></tfr></token><token id="593906" text=","><tfr rev_id="1426977" t=","><v><l t="," id="0"><g v="PNCT"></g></l></v></tfr></token><token id="593907" text="Япония"><tfr rev_id="1426978" t="Япония"><v><l t="япония" id="387993"><g v="NOUN"></g><g v="inan"></g><g v="femn"></g><g v="Sgtm"></g><g v="Geox"></g><g v="sing"></g><g v="nomn"></g></l></v></tfr></token><token id="593908" text=","><tfr rev_id="1426979" t=","><v><l t="," id="0"><g v="PNCT"></g></l></v></tfr></token><token id="593909" text="Катар"><tfr rev_id="4505279" t="Катар"><v><l t="катар" id="131264"><g v="NOUN"></g><g v="inan"></g><g v="masc"></g><g v="Geox"></g><g v="sing"></g><g v="nomn"></g></l></v></tfr></token><token id="593910" text=","><tfr rev_id="1426981" t=","><v><l t="," id="0"><g v="PNCT"></g></l></v></tfr></token><token id="593911" text="Южная"><tfr rev_id="1426982" t="Южная"><v><l t="южный" id="386888"><g v="ADJF"></g><g v="Qual"></g><g v="femn"></g><g v="sing"></g><g v="nomn"></g></l></v></tfr></token><token id="593912" text="Корея"><tfr rev_id="4558123" t="Корея"><v><l t="корея" id="139593"><g v="NOUN"></g><g v="inan"></g><g v="femn"></g><g v="Geox"></g><g v="sing"></g><g v="nomn"></g></l></v></tfr></token><token id="593913" text=","><tfr rev_id="1426984" t=","><v><l t="," id="0"><g v="PNCT"></g></l></v></tfr></token><token id="593914" text="Испания"><tfr rev_id="1426985" t="Испания"><v><l t="испания" id="124999"><g v="NOUN"></g><g v="inan"></g><g v="femn"></g><g v="Sgtm"></g><g v="Geox"></g><g v="sing"></g><g v="nomn"></g></l></v></tfr></token><token id="593915" text="—"><tfr rev_id="2443334" t="—"><v><l t="—" id="0"><g v="PNCT"></g></l></v></tfr></token><token id="593916" text="Португалия"><tfr rev_id="1426987" t="Португалия"><v><l t="португалия" id="260659"><g v="NOUN"></g><g v="inan"></g><g v="femn"></g><g v="Sgtm"></g><g v="Geox"></g><g v="sing"></g><g v="nomn"></g></l></v></tfr></token><token id="593917" text="("><tfr rev_id="1426988" t="("><v><l t="(" id="0"><g v="PNCT"></g></l></v></tfr></token><token id="593918" text="совместно"><tfr rev_id="1426989" t="совместно"><v><l t="совместно" id="328111"><g v="ADVB"></g><g v="Prdx"></g></l></v><v><l t="совместен" id="328116"><g v="ADJS"></g><g v="Qual"></g><g v="neut"></g><g v="sing"></g></l></v></tfr></token><token id="593919" text=")"><tfr rev_id="1426990" t=")"><v><l t=")" id="0"><g v="PNCT"></g></l></v></tfr></token><token id="593920" text="и"><tfr rev_id="4238640" t="и"><v><l t="и" id="116949"><g v="CONJ"></g></l></v></tfr></token><token id="593921" text="Бельгия"><tfr rev_id="1426992" t="Бельгия"><v><l t="бельгия" id="27362"><g v="NOUN"></g><g v="inan"></g><g v="femn"></g><g v="Sgtm"></g><g v="Geox"></g><g v="sing"></g><g v="nomn"></g></l></v></tfr></token><token id="593922" text="—"><tfr rev_id="2443335" t="—"><v><l t="—" id="0"><g v="PNCT"></g></l></v></tfr></token><token id="593923" text="Нидерланды"><tfr rev_id="3757019" t="Нидерланды"><v><l t="нидерланды" id="190384"><g v="NOUN"></g><g v="inan"></g><g v="GNdr"></g><g v="Pltm"></g><g v="Geox"></g><g v="plur"></g><g v="nomn"></g></l></v></tfr></token><token id="593924" text="("><tfr rev_id="1426995" t="("><v><l t="(" id="0"><g v="PNCT"></g></l></v></tfr></token><token id="593925" text="совместно"><tfr rev_id="1426996" t="совместно"><v><l t="совместно" id="328111"><g v="ADVB"></g><g v="Prdx"></g></l></v><v><l t="совместен" id="328116"><g v="ADJS"></g><g v="Qual"></g><g v="neut"></g><g v="sing"></g></l></v></tfr></token><token id="593926" text=")"><tfr rev_id="1426997" t=")"><v><l t=")" id="0"><g v="PNCT"></g></l></v></tfr></token><token id="593927" text="."><tfr rev_id="1426998" t="."><v><l t="." id="0"><g v="PNCT"></g></l></v></tfr></token></tokens></sentence><sentence id="33142"><source>В российской заявке — 16 стадионов в 13 городах.</source><tokens><token id="593928" text="В"><tfr rev_id="1426999" t="В"><v><l t="в" id="37409"><g v="PREP"></g></l></v></tfr></token><token id="593929" text="российской"><tfr rev_id="3714105" t="российской"><v><l t="российский" id="309319"><g v="ADJF"></g><g v="femn"></g><g v="sing"></g><g v="loct"></g></l></v></tfr></token><token id="593930" text="заявке"><tfr rev_id="3447271" t="заявке"><v><l t="заявка" id="114310"><g v="NOUN"></g><g v="inan"></g><g v="femn"></g><g v="sing"></g><g v="loct"></g></l></v></tfr></token><token id="593931" text="—"><tfr rev_id="2443336" t="—"><v><l t="—" id="0"><g v="PNCT"></g></l></v></tfr></token><token id="593932" text="16"><tfr rev_id="2461489" t="16"><v><l t="16" id="0"><g v="NUMB"></g></l></v></tfr></token><token id="593933" text="стадионов"><tfr rev_id="1427004" t="стадионов"><v><l t="стадион" id="334413"><g v="NOUN"></g><g v="inan"></g><g v="masc"></g><g v="plur"></g><g v="gent"></g></l></v></tfr></token><token id="593934" text="в"><tfr rev_id="1427005" t="в"><v><l t="в" id="37409"><g v="PREP"></g></l></v></tfr></token><token id="593935" text="13"><tfr rev_id="2461490" t="13"><v><l t="13" id="0"><g v="NUMB"></g></l></v></tfr></token><token id="593936" text="городах"><tfr rev_id="1427007" t="городах"><v><l t="город" id="73547"><g v="NOUN"></g><g v="inan"></g><g v="masc"></g><g v="plur"></g><g v="loct"></g></l></v></tfr></token><token id="593937" text="."><tfr rev_id="1427008" t="."><v><l t="." id="0"><g v="PNCT"></g></l></v></tfr></token></tokens></sentence><sentence id="33143"><source>Государство, которое примет у себя мундиаль, будет объявлено 2 декабря 2010 года.</source><tokens><token id="593938" text="Государство"><tfr rev_id="4100318" t="Государство"><v><l t="государство" id="74164"><g v="NOUN"></g><g v="inan"></g><g v="neut"></g><g v="sing"></g><g v="nomn"></g></l></v></tfr></token><token id="593939" text=","><tfr rev_id="1427010" t=","><v><l t="," id="0"><g v="PNCT"></g></l></v></tfr></token><token id="593940" text="которое"><tfr rev_id="3641369" t="которое"><v><l t="который" id="141203"><g v="ADJF"></g><g v="Apro"></g><g v="Subx"></g><g v="Anph"></g><g v="neut"></g><g v="sing"></g><g v="nomn"></g></l></v></tfr></token><token id="593941" text="примет"><tfr rev_id="1715301" t="примет"><v><l t="принял" id="272700"><g v="VERB"></g><g v="perf"></g><g v="tran"></g><g v="sing"></g><g v="3per"></g><g v="futr"></g><g v="indc"></g></l></v></tfr></token><token id="593942" text="у"><tfr rev_id="3327928" t="у"><v><l t="у" id="352818"><g v="PREP"></g></l></v></tfr></token><token id="593943" text="себя"><tfr rev_id="3634936" t="себя"><v><l t="себя" id="317456"><g v="NPRO"></g><g v="Anph"></g><g v="sing"></g><g v="gent"></g></l></v></tfr></token><token id="593944" text="мундиаль"><tfr rev_id="4533840" t="мундиаль"><v><l t="мундиаль" id="392593"><g v="NOUN"></g><g v="inan"></g><g v="masc"></g><g v="sing"></g><g v="accs"></g></l></v><v><l t="мундиаль" id="392593"><g v="NOUN"></g><g v="inan"></g><g v="masc"></g><g v="sing"></g><g v="nomn"></g></l></v></tfr></token><token id="593945" text=","><tfr rev_id="1427016" t=","><v><l t="," id="0"><g v="PNCT"></g></l></v></tfr></token><token id="593946" text="будет"><tfr rev_id="1427017" t="будет"><v><l t="есть" id="37265"><g v="VERB"></g><g v="impf"></g><g v="intr"></g><g v="sing"></g><g v="3per"></g><g v="futr"></g><g v="indc"></g></l></v></tfr></token><token id="593947" text="объявлено"><tfr rev_id="1427018" t="объявлено"><v><l t="объявлен" id="201895"><g v="PRTS"></g><g v="perf"></g><g v="past"></g><g v="pssv"></g><g v="neut"></g><g v="sing"></g></l></v></tfr></token><token id="593948" text="2"><tfr rev_id="2461491" t="2"><v><l t="2" id="0"><g v="NUMB"></g></l></v></tfr></token><token id="593949" text="декабря"><tfr rev_id="1427020" t="декабря"><v><l t="декабрь" id="80133"><g v="NOUN"></g><g v="inan"></g><g v="masc"></g><g v="sing"></g><g v="gent"></g></l></v></tfr></token><token id="593950" text="2010"><tfr rev_id="2461492" t="2010"><v><l t="2010" id="0"><g v="NUMB"></g></l></v></tfr></token><token id="593951" text="года"><tfr rev_id="3489517" t="года"><v><l t="год" id="72149"><g v="NOUN"></g><g v="inan"></g><g v="masc"></g><g v="sing"></g><g v="gen1"></g></l></v></tfr></token><token id="593952" text="."><tfr rev_id="1427023" t="."><v><l t="." id="0"><g v="PNCT"></g></l></v></tfr></token></tokens></sentence></paragraph></paragraphs></text>