<?xml version="1.0" encoding="utf-8"?><text id="1095" parent="226" name="24005 В Facebook появились две новые функции"><tags><tag>url:http://www.chaskor.ru/news/v_facebook_poyavilis_dve_novye_funktsii__24005</tag><tag>Год:2011</tag><tag>Дата:07/07</tag><tag>Тема:ЧасКор:Медиа</tag><tag>Тема:ЧасКор:Медиа/Facebook</tag></tags><paragraphs><paragraph id="10565"><sentence id="33168"><source>В Facebook появились две новые функции</source><tokens><token id="594473" text="В"><tfr rev_id="1427544" t="В"><v><l t="в" id="37409"><g v="PREP"></g></l></v></tfr></token><token id="594474" text="Facebook"><tfr rev_id="2474568" t="Facebook"><v><l t="Facebook" id="0"><g v="LATN"></g></l></v></tfr></token><token id="594475" text="появились"><tfr rev_id="1427546" t="появились"><v><l t="появился" id="265507"><g v="VERB"></g><g v="perf"></g><g v="intr"></g><g v="plur"></g><g v="past"></g><g v="indc"></g></l></v></tfr></token><token id="594476" text="две"><tfr rev_id="1427547" t="две"><v><l t="два" id="78668"><g v="NUMR"></g><g v="femn"></g><g v="nomn"></g></l></v><v><l t="два" id="78668"><g v="NUMR"></g><g v="inan"></g><g v="femn"></g><g v="accs"></g></l></v></tfr></token><token id="594477" text="новые"><tfr rev_id="4160756" t="новые"><v><l t="новый" id="191918"><g v="ADJF"></g><g v="Qual"></g><g v="plur"></g><g v="nomn"></g></l></v><v><l t="новый" id="191918"><g v="ADJF"></g><g v="Qual"></g><g v="inan"></g><g v="plur"></g><g v="accs"></g></l></v></tfr></token><token id="594478" text="функции"><tfr rev_id="3493650" t="функции"><v><l t="функция" id="368676"><g v="NOUN"></g><g v="inan"></g><g v="femn"></g><g v="sing"></g><g v="gent"></g></l></v><v><l t="функция" id="368676"><g v="NOUN"></g><g v="inan"></g><g v="femn"></g><g v="sing"></g><g v="datv"></g></l></v><v><l t="функция" id="368676"><g v="NOUN"></g><g v="inan"></g><g v="femn"></g><g v="sing"></g><g v="loct"></g></l></v></tfr></token></tokens></sentence></paragraph><paragraph id="10566"><sentence id="33169"><source>Пользователям стало доступно видеообщение.</source><tokens><token id="594479" text="Пользователям"><tfr rev_id="1427550" t="Пользователям"><v><l t="пользователь" id="257079"><g v="NOUN"></g><g v="anim"></g><g v="masc"></g><g v="plur"></g><g v="datv"></g></l></v></tfr></token><token id="594480" text="стало"><tfr rev_id="1427551" t="стало"><v><l t="стал" id="335164"><g v="VERB"></g><g v="perf"></g><g v="intr"></g><g v="neut"></g><g v="sing"></g><g v="past"></g><g v="indc"></g></l></v></tfr></token><token id="594481" text="доступно"><tfr rev_id="4239253" t="доступно"><v><l t="доступен" id="90732"><g v="ADJS"></g><g v="Qual"></g><g v="neut"></g><g v="sing"></g></l></v></tfr></token><token id="594482" text="видеообщение"><tfr rev_id="1427553" t="видеообщение"><v><l t="видеообщение" id="0"><g v="UNKN"></g></l></v></tfr></token><token id="594483" text="."><tfr rev_id="1427554" t="."><v><l t="." id="0"><g v="PNCT"></g></l></v></tfr></token></tokens></sentence></paragraph><paragraph id="10567"><sentence id="33170"><source>Основатель Facebook Марк Цукерберг на пресс-конференции в среду в штаб-квартире компании рассказал о том, что в социальной сети появилась новая возможность общаться в режиме видеочата, сообщает РБК.</source><tokens><token id="594484" text="Основатель"><tfr rev_id="1427555" t="Основатель"><v><l t="основатель" id="210577"><g v="NOUN"></g><g v="anim"></g><g v="masc"></g><g v="sing"></g><g v="nomn"></g></l></v></tfr></token><token id="594485" text="Facebook"><tfr rev_id="2474569" t="Facebook"><v><l t="Facebook" id="0"><g v="LATN"></g></l></v></tfr></token><token id="594486" text="Марк"><tfr rev_id="1427557" t="Марк"><v><l t="марк" id="155266"><g v="NOUN"></g><g v="anim"></g><g v="masc"></g><g v="Name"></g><g v="sing"></g><g v="nomn"></g></l></v></tfr></token><token id="594487" text="Цукерберг"><tfr rev_id="3797301" t="Цукерберг"><v><l t="цукерберг" id="389975"><g v="NOUN"></g><g v="anim"></g><g v="masc"></g><g v="Sgtm"></g><g v="Surn"></g><g v="sing"></g><g v="nomn"></g></l></v></tfr></token><token id="594488" text="на"><tfr rev_id="3333593" t="на"><v><l t="на" id="166264"><g v="PREP"></g></l></v></tfr></token><token id="594489" text="пресс-конференции"><tfr rev_id="4174665" t="пресс-конференции"><v><l t="пресс-конференция" id="268243"><g v="NOUN"></g><g v="inan"></g><g v="femn"></g><g v="sing"></g><g v="loct"></g></l></v></tfr></token><token id="594490" text="в"><tfr rev_id="1427561" t="в"><v><l t="в" id="37409"><g v="PREP"></g></l></v></tfr></token><token id="594491" text="среду"><tfr rev_id="1427562" t="среду"><v><l t="среда" id="333471"><g v="NOUN"></g><g v="inan"></g><g v="femn"></g><g v="sing"></g><g v="accs"></g></l></v></tfr></token><token id="594492" text="в"><tfr rev_id="1427563" t="в"><v><l t="в" id="37409"><g v="PREP"></g></l></v></tfr></token><token id="594493" text="штаб-квартире"><tfr rev_id="2737753" t="штаб-квартире"><v><l t="штаб-квартира" id="381226"><g v="NOUN"></g><g v="inan"></g><g v="femn"></g><g v="sing"></g><g v="loct"></g></l></v></tfr></token><token id="594494" text="компании"><tfr rev_id="3523578" t="компании"><v><l t="компания" id="137146"><g v="NOUN"></g><g v="inan"></g><g v="femn"></g><g v="sing"></g><g v="gent"></g></l></v><v><l t="компания" id="137146"><g v="NOUN"></g><g v="inan"></g><g v="femn"></g><g v="sing"></g><g v="datv"></g></l></v><v><l t="компания" id="137146"><g v="NOUN"></g><g v="inan"></g><g v="femn"></g><g v="sing"></g><g v="loct"></g></l></v></tfr></token><token id="594495" text="рассказал"><tfr rev_id="1427566" t="рассказал"><v><l t="рассказал" id="300965"><g v="VERB"></g><g v="perf"></g><g v="tran"></g><g v="masc"></g><g v="sing"></g><g v="past"></g><g v="indc"></g></l></v></tfr></token><token id="594496" text="о"><tfr rev_id="3326371" t="о"><v><l t="о" id="192977"><g v="PREP"></g></l></v></tfr></token><token id="594497" text="том"><tfr rev_id="3774427" t="том"><v><l t="тот" id="348430"><g v="ADJF"></g><g v="Subx"></g><g v="Apro"></g><g v="Anph"></g><g v="masc"></g><g v="sing"></g><g v="loct"></g></l></v><v><l t="тот" id="348430"><g v="ADJF"></g><g v="Subx"></g><g v="Apro"></g><g v="Anph"></g><g v="neut"></g><g v="sing"></g><g v="loct"></g></l></v></tfr></token><token id="594498" text=","><tfr rev_id="1427569" t=","><v><l t="," id="0"><g v="PNCT"></g></l></v></tfr></token><token id="594499" text="что"><tfr rev_id="3196747" t="что"><v><l t="что" id="377004"><g v="CONJ"></g></l></v><v><l t="что" id="377005"><g v="NPRO"></g><g v="neut"></g><g v="sing"></g><g v="nomn"></g></l></v><v><l t="что" id="377005"><g v="NPRO"></g><g v="neut"></g><g v="sing"></g><g v="accs"></g></l></v><v><l t="что" id="377006"><g v="ADVB"></g><g v="Ques"></g></l></v><v><l t="что" id="388695"><g v="PRCL"></g></l></v></tfr></token><token id="594500" text="в"><tfr rev_id="1427571" t="в"><v><l t="в" id="37409"><g v="PREP"></g></l></v></tfr></token><token id="594501" text="социальной"><tfr rev_id="3558913" t="социальной"><v><l t="социальный" id="331060"><g v="ADJF"></g><g v="Qual"></g><g v="femn"></g><g v="sing"></g><g v="loct"></g></l></v></tfr></token><token id="594502" text="сети"><tfr rev_id="4458562" t="сети"><v><l t="сеть" id="319643"><g v="NOUN"></g><g v="inan"></g><g v="femn"></g><g v="sing"></g><g v="loc1"></g></l></v><v><l t="сеть" id="319643"><g v="NOUN"></g><g v="inan"></g><g v="femn"></g><g v="sing"></g><g v="loc2"></g></l></v></tfr></token><token id="594503" text="появилась"><tfr rev_id="1427574" t="появилась"><v><l t="появился" id="265507"><g v="VERB"></g><g v="perf"></g><g v="intr"></g><g v="femn"></g><g v="sing"></g><g v="past"></g><g v="indc"></g></l></v></tfr></token><token id="594504" text="новая"><tfr rev_id="1427575" t="новая"><v><l t="новый" id="191918"><g v="ADJF"></g><g v="Qual"></g><g v="femn"></g><g v="sing"></g><g v="nomn"></g></l></v></tfr></token><token id="594505" text="возможность"><tfr rev_id="4214185" t="возможность"><v><l t="возможность" id="49410"><g v="NOUN"></g><g v="inan"></g><g v="femn"></g><g v="sing"></g><g v="nomn"></g></l></v></tfr></token><token id="594506" text="общаться"><tfr rev_id="1427577" t="общаться"><v><l t="общаться" id="201404"><g v="INFN"></g><g v="impf"></g><g v="intr"></g></l></v></tfr></token><token id="594507" text="в"><tfr rev_id="1427578" t="в"><v><l t="в" id="37409"><g v="PREP"></g></l></v></tfr></token><token id="594508" text="режиме"><tfr rev_id="1427579" t="режиме"><v><l t="режим" id="305124"><g v="NOUN"></g><g v="inan"></g><g v="masc"></g><g v="sing"></g><g v="loct"></g></l></v></tfr></token><token id="594509" text="видеочата"><tfr rev_id="4566618" t="видеочата"><v><l t="видеочат" id="393867"><g v="NOUN"></g><g v="inan"></g><g v="masc"></g><g v="sing"></g><g v="gent"></g></l></v></tfr></token><token id="594510" text=","><tfr rev_id="1427581" t=","><v><l t="," id="0"><g v="PNCT"></g></l></v></tfr></token><token id="594511" text="сообщает"><tfr rev_id="1427582" t="сообщает"><v><l t="сообщаю" id="329538"><g v="VERB"></g><g v="impf"></g><g v="tran"></g><g v="sing"></g><g v="3per"></g><g v="pres"></g><g v="indc"></g></l></v></tfr></token><token id="594512" text="РБК"><tfr rev_id="4573847" t="РБК"><v><l t="рбк" id="389058"><g v="NOUN"></g><g v="inan"></g><g v="femn"></g><g v="Sgtm"></g><g v="Fixd"></g><g v="Abbr"></g><g v="Orgn"></g><g v="sing"></g><g v="nomn"></g></l></v></tfr></token><token id="594513" text="."><tfr rev_id="1427584" t="."><v><l t="." id="0"><g v="PNCT"></g></l></v></tfr></token></tokens></sentence></paragraph><paragraph id="10568"><sentence id="33171"><source>Появление новинки стало возможно благодаря сотрудничеству Facebook с популярным сервисом интернет-телефонии Skype.</source><tokens><token id="594514" text="Появление"><tfr rev_id="3430789" t="Появление"><v><l t="появление" id="265511"><g v="NOUN"></g><g v="inan"></g><g v="neut"></g><g v="sing"></g><g v="nomn"></g></l></v></tfr></token><token id="594515" text="новинки"><tfr rev_id="3327734" t="новинки"><v><l t="новинка" id="191513"><g v="NOUN"></g><g v="inan"></g><g v="femn"></g><g v="sing"></g><g v="gent"></g></l></v></tfr></token><token id="594516" text="стало"><tfr rev_id="1427587" t="стало"><v><l t="стал" id="335164"><g v="VERB"></g><g v="perf"></g><g v="intr"></g><g v="neut"></g><g v="sing"></g><g v="past"></g><g v="indc"></g></l></v></tfr></token><token id="594517" text="возможно"><tfr rev_id="1427588" t="возможно"><v><l t="возможно" id="49408"><g v="ADVB"></g><g v="Prdx"></g></l></v><v><l t="возможно" id="49409"><g v="CONJ"></g><g v="Prnt"></g></l></v><v><l t="возможен" id="49413"><g v="ADJS"></g><g v="Qual"></g><g v="neut"></g><g v="sing"></g></l></v></tfr></token><token id="594518" text="благодаря"><tfr rev_id="3452702" t="благодаря"><v><l t="благодаря" id="30404"><g v="PREP"></g></l></v></tfr></token><token id="594519" text="сотрудничеству"><tfr rev_id="1427590" t="сотрудничеству"><v><l t="сотрудничество" id="330875"><g v="NOUN"></g><g v="inan"></g><g v="neut"></g><g v="sing"></g><g v="datv"></g></l></v></tfr></token><token id="594520" text="Facebook"><tfr rev_id="2474570" t="Facebook"><v><l t="Facebook" id="0"><g v="LATN"></g></l></v></tfr></token><token id="594521" text="с"><tfr rev_id="1427592" t="с"><v><l t="с" id="311151"><g v="PREP"></g></l></v></tfr></token><token id="594522" text="популярным"><tfr rev_id="4400437" t="популярным"><v><l t="популярный" id="259762"><g v="ADJF"></g><g v="Qual"></g><g v="masc"></g><g v="sing"></g><g v="ablt"></g></l></v></tfr></token><token id="594523" text="сервисом"><tfr rev_id="1427594" t="сервисом"><v><l t="сервис" id="319025"><g v="NOUN"></g><g v="inan"></g><g v="masc"></g><g v="sing"></g><g v="ablt"></g></l></v></tfr></token><token id="594524" text="интернет-телефонии"><tfr rev_id="4532990" t="интернет-телефонии"><v><l t="интернет-телефония" id="392050"><g v="NOUN"></g><g v="inan"></g><g v="femn"></g><g v="plur"></g><g v="accs"></g></l></v><v><l t="интернет-телефония" id="392050"><g v="NOUN"></g><g v="inan"></g><g v="femn"></g><g v="plur"></g><g v="nomn"></g></l></v><v><l t="интернет-телефония" id="392050"><g v="NOUN"></g><g v="inan"></g><g v="femn"></g><g v="sing"></g><g v="datv"></g></l></v><v><l t="интернет-телефония" id="392050"><g v="NOUN"></g><g v="inan"></g><g v="femn"></g><g v="sing"></g><g v="gent"></g></l></v><v><l t="интернет-телефония" id="392050"><g v="NOUN"></g><g v="inan"></g><g v="femn"></g><g v="sing"></g><g v="loct"></g></l></v></tfr></token><token id="594525" text="Skype"><tfr rev_id="2474571" t="Skype"><v><l t="Skype" id="0"><g v="LATN"></g></l></v></tfr></token><token id="594526" text="."><tfr rev_id="1427597" t="."><v><l t="." id="0"><g v="PNCT"></g></l></v></tfr></token></tokens></sentence><sentence id="33172"><source>Видеообщение стало возможно непосредственно с личных страниц пользователей.</source><tokens><token id="594527" text="Видеообщение"><tfr rev_id="1427598" t="Видеообщение"><v><l t="видеообщение" id="0"><g v="UNKN"></g></l></v></tfr></token><token id="594528" text="стало"><tfr rev_id="1427599" t="стало"><v><l t="стал" id="335164"><g v="VERB"></g><g v="perf"></g><g v="intr"></g><g v="neut"></g><g v="sing"></g><g v="past"></g><g v="indc"></g></l></v></tfr></token><token id="594529" text="возможно"><tfr rev_id="1427600" t="возможно"><v><l t="возможно" id="49408"><g v="ADVB"></g><g v="Prdx"></g></l></v><v><l t="возможно" id="49409"><g v="CONJ"></g><g v="Prnt"></g></l></v><v><l t="возможен" id="49413"><g v="ADJS"></g><g v="Qual"></g><g v="neut"></g><g v="sing"></g></l></v></tfr></token><token id="594530" text="непосредственно"><tfr rev_id="1427601" t="непосредственно"><v><l t="непосредственно" id="186231"><g v="ADVB"></g></l></v><v><l t="непосредствен" id="186236"><g v="ADJS"></g><g v="Qual"></g><g v="neut"></g><g v="sing"></g></l></v></tfr></token><token id="594531" text="с"><tfr rev_id="1427602" t="с"><v><l t="с" id="311151"><g v="PREP"></g></l></v></tfr></token><token id="594532" text="личных"><tfr rev_id="3707476" t="личных"><v><l t="личной" id="150205"><g v="ADJF"></g><g v="plur"></g><g v="gent"></g></l></v><v><l t="личный" id="150211"><g v="ADJF"></g><g v="Qual"></g><g v="plur"></g><g v="gent"></g></l></v></tfr></token><token id="594533" text="страниц"><tfr rev_id="1427604" t="страниц"><v><l t="страница" id="337102"><g v="NOUN"></g><g v="inan"></g><g v="femn"></g><g v="plur"></g><g v="gent"></g></l></v></tfr></token><token id="594534" text="пользователей"><tfr rev_id="2866526" t="пользователей"><v><l t="пользователь" id="257079"><g v="NOUN"></g><g v="anim"></g><g v="masc"></g><g v="plur"></g><g v="gent"></g></l></v></tfr></token><token id="594535" text="."><tfr rev_id="1427606" t="."><v><l t="." id="0"><g v="PNCT"></g></l></v></tfr></token></tokens></sentence></paragraph><paragraph id="10569"><sentence id="33173"><source>Популярная соцсеть порадовала своих поклонников ещё одной новинкой.</source><tokens><token id="594536" text="Популярная"><tfr rev_id="1427607" t="Популярная"><v><l t="популярный" id="259762"><g v="ADJF"></g><g v="Qual"></g><g v="femn"></g><g v="sing"></g><g v="nomn"></g></l></v></tfr></token><token id="594537" text="соцсеть"><tfr rev_id="2559930" t="соцсеть"><v><l t="соцсеть" id="388636"><g v="NOUN"></g><g v="inan"></g><g v="femn"></g><g v="sing"></g><g v="nomn"></g></l></v><v><l t="соцсеть" id="388636"><g v="NOUN"></g><g v="inan"></g><g v="femn"></g><g v="sing"></g><g v="accs"></g></l></v></tfr></token><token id="594538" text="порадовала"><tfr rev_id="1427609" t="порадовала"><v><l t="порадовал" id="259917"><g v="VERB"></g><g v="perf"></g><g v="tran"></g><g v="femn"></g><g v="sing"></g><g v="past"></g><g v="indc"></g></l></v></tfr></token><token id="594539" text="своих"><tfr rev_id="4357499" t="своих"><v><l t="свой" id="316379"><g v="ADJF"></g><g v="Apro"></g><g v="Anph"></g><g v="anim"></g><g v="plur"></g><g v="accs"></g></l></v></tfr></token><token id="594540" text="поклонников"><tfr rev_id="4096599" t="поклонников"><v><l t="поклонник" id="254382"><g v="NOUN"></g><g v="anim"></g><g v="masc"></g><g v="plur"></g><g v="accs"></g></l></v></tfr></token><token id="594541" text="ещё"><tfr rev_id="1427612" t="ещё"><v><l t="ещё" id="95551"><g v="PRCL"></g></l></v><v><l t="ещё" id="95552"><g v="ADVB"></g></l></v></tfr></token><token id="594542" text="одной"><tfr rev_id="4302335" t="одной"><v><l t="один" id="203319"><g v="ADJF"></g><g v="Apro"></g><g v="Anum"></g><g v="femn"></g><g v="sing"></g><g v="ablt"></g></l></v></tfr></token><token id="594543" text="новинкой"><tfr rev_id="1427614" t="новинкой"><v><l t="новинка" id="191513"><g v="NOUN"></g><g v="inan"></g><g v="femn"></g><g v="sing"></g><g v="ablt"></g></l></v></tfr></token><token id="594544" text="."><tfr rev_id="1427615" t="."><v><l t="." id="0"><g v="PNCT"></g></l></v></tfr></token></tokens></sentence><sentence id="33174"><source>Теперь для них стал доступен групповой текстовый чат, который позволит пользователям сети общаться одновременно с несколькими друзьями.</source><tokens><token id="594545" text="Теперь"><tfr rev_id="1427616" t="Теперь"><v><l t="теперь" id="344864"><g v="ADVB"></g></l></v></tfr></token><token id="594546" text="для"><tfr rev_id="3458819" t="для"><v><l t="для" id="85032"><g v="PREP"></g></l></v></tfr></token><token id="594547" text="них"><tfr rev_id="3697681" t="них"><v><l t="они" id="206619"><g v="NPRO"></g><g v="3per"></g><g v="Anph"></g><g v="plur"></g><g v="gent"></g><g v="Af-p"></g></l></v></tfr></token><token id="594548" text="стал"><tfr rev_id="1427619" t="стал"><v><l t="стал" id="335164"><g v="VERB"></g><g v="perf"></g><g v="intr"></g><g v="masc"></g><g v="sing"></g><g v="past"></g><g v="indc"></g></l></v></tfr></token><token id="594549" text="доступен"><tfr rev_id="1427620" t="доступен"><v><l t="доступен" id="90732"><g v="ADJS"></g><g v="Qual"></g><g v="masc"></g><g v="sing"></g></l></v></tfr></token><token id="594550" text="групповой"><tfr rev_id="2370333" t="групповой"><v><l t="групповой" id="76113"><g v="ADJF"></g><g v="masc"></g><g v="sing"></g><g v="nomn"></g></l></v><v><l t="групповой" id="76113"><g v="ADJF"></g><g v="inan"></g><g v="masc"></g><g v="sing"></g><g v="accs"></g></l></v></tfr></token><token id="594551" text="текстовый"><tfr rev_id="1427622" t="текстовый"><v><l t="текстовый" id="344039"><g v="ADJF"></g><g v="masc"></g><g v="sing"></g><g v="nomn"></g></l></v><v><l t="текстовый" id="344039"><g v="ADJF"></g><g v="inan"></g><g v="masc"></g><g v="sing"></g><g v="accs"></g></l></v></tfr></token><token id="594552" text="чат"><tfr rev_id="3301078" t="чат"><v><l t="чат" id="374823"><g v="NOUN"></g><g v="inan"></g><g v="masc"></g><g v="Slng"></g><g v="sing"></g><g v="nomn"></g></l></v></tfr></token><token id="594553" text=","><tfr rev_id="1427624" t=","><v><l t="," id="0"><g v="PNCT"></g></l></v></tfr></token><token id="594554" text="который"><tfr rev_id="3637392" t="который"><v><l t="который" id="141203"><g v="ADJF"></g><g v="Apro"></g><g v="Subx"></g><g v="Anph"></g><g v="masc"></g><g v="sing"></g><g v="nomn"></g></l></v><v><l t="который" id="141203"><g v="ADJF"></g><g v="Apro"></g><g v="Subx"></g><g v="Anph"></g><g v="inan"></g><g v="masc"></g><g v="sing"></g><g v="accs"></g></l></v></tfr></token><token id="594555" text="позволит"><tfr rev_id="1427626" t="позволит"><v><l t="позволил" id="253425"><g v="VERB"></g><g v="perf"></g><g v="tran"></g><g v="sing"></g><g v="3per"></g><g v="futr"></g><g v="indc"></g></l></v></tfr></token><token id="594556" text="пользователям"><tfr rev_id="1427627" t="пользователям"><v><l t="пользователь" id="257079"><g v="NOUN"></g><g v="anim"></g><g v="masc"></g><g v="plur"></g><g v="datv"></g></l></v></tfr></token><token id="594557" text="сети"><tfr rev_id="4392814" t="сети"><v><l t="сеть" id="319643"><g v="NOUN"></g><g v="inan"></g><g v="femn"></g><g v="sing"></g><g v="gent"></g></l></v></tfr></token><token id="594558" text="общаться"><tfr rev_id="1427629" t="общаться"><v><l t="общаться" id="201404"><g v="INFN"></g><g v="impf"></g><g v="intr"></g></l></v></tfr></token><token id="594559" text="одновременно"><tfr rev_id="1427630" t="одновременно"><v><l t="одновременно" id="203393"><g v="ADVB"></g></l></v><v><l t="одновременен" id="203396"><g v="ADJS"></g><g v="Qual"></g><g v="neut"></g><g v="sing"></g></l></v></tfr></token><token id="594560" text="с"><tfr rev_id="1427631" t="с"><v><l t="с" id="311151"><g v="PREP"></g></l></v></tfr></token><token id="594561" text="несколькими"><tfr rev_id="1427632" t="несколькими"><v><l t="несколько" id="188126"><g v="NUMR"></g><g v="ablt"></g></l></v></tfr></token><token id="594562" text="друзьями"><tfr rev_id="1427633" t="друзьями"><v><l t="друг" id="92341"><g v="NOUN"></g><g v="anim"></g><g v="masc"></g><g v="plur"></g><g v="ablt"></g></l></v></tfr></token><token id="594563" text="."><tfr rev_id="1427634" t="."><v><l t="." id="0"><g v="PNCT"></g></l></v></tfr></token></tokens></sentence><sentence id="33175"><source>При этом если друг, приглашённый присоединиться к групповой беседе в Facebook, находится вдали от компьютера, позднее он сможет прочитать историю чата.</source><tokens><token id="594564" text="При"><tfr rev_id="2601249" t="При"><v><l t="при" id="268625"><g v="PREP"></g></l></v></tfr></token><token id="594565" text="этом"><tfr rev_id="3264908" t="этом"><v><l t="это" id="386575"><g v="NPRO"></g><g v="neut"></g><g v="sing"></g><g v="loct"></g></l></v></tfr></token><token id="594566" text="если"><tfr rev_id="1427637" t="если"><v><l t="если" id="95365"><g v="CONJ"></g></l></v></tfr></token><token id="594567" text="друг"><tfr rev_id="1427638" t="друг"><v><l t="друг" id="92341"><g v="NOUN"></g><g v="anim"></g><g v="masc"></g><g v="sing"></g><g v="nomn"></g></l></v></tfr></token><token id="594568" text=","><tfr rev_id="1427639" t=","><v><l t="," id="0"><g v="PNCT"></g></l></v></tfr></token><token id="594569" text="приглашённый"><tfr rev_id="1427640" t="приглашённый"><v><l t="приглашённый" id="269728"><g v="PRTF"></g><g v="perf"></g><g v="tran"></g><g v="past"></g><g v="pssv"></g><g v="masc"></g><g v="sing"></g><g v="nomn"></g></l></v><v><l t="приглашённый" id="269728"><g v="PRTF"></g><g v="perf"></g><g v="tran"></g><g v="past"></g><g v="pssv"></g><g v="inan"></g><g v="masc"></g><g v="sing"></g><g v="accs"></g></l></v></tfr></token><token id="594570" text="присоединиться"><tfr rev_id="1427641" t="присоединиться"><v><l t="присоединиться" id="274435"><g v="INFN"></g><g v="perf"></g><g v="intr"></g></l></v></tfr></token><token id="594571" text="к"><tfr rev_id="1427642" t="к"><v><l t="к" id="127460"><g v="PREP"></g></l></v></tfr></token><token id="594572" text="групповой"><tfr rev_id="3645689" t="групповой"><v><l t="групповой" id="76113"><g v="ADJF"></g><g v="femn"></g><g v="sing"></g><g v="datv"></g></l></v></tfr></token><token id="594573" text="беседе"><tfr rev_id="3537228" t="беседе"><v><l t="беседа" id="28136"><g v="NOUN"></g><g v="inan"></g><g v="femn"></g><g v="sing"></g><g v="datv"></g></l></v></tfr></token><token id="594574" text="в"><tfr rev_id="1427645" t="в"><v><l t="в" id="37409"><g v="PREP"></g></l></v></tfr></token><token id="594575" text="Facebook"><tfr rev_id="2474572" t="Facebook"><v><l t="Facebook" id="0"><g v="LATN"></g></l></v></tfr></token><token id="594576" text=","><tfr rev_id="1427647" t=","><v><l t="," id="0"><g v="PNCT"></g></l></v></tfr></token><token id="594577" text="находится"><tfr rev_id="1427648" t="находится"><v><l t="нахожусь" id="177898"><g v="VERB"></g><g v="impf"></g><g v="intr"></g><g v="sing"></g><g v="3per"></g><g v="pres"></g><g v="indc"></g></l></v><v><l t="находился" id="177903"><g v="VERB"></g><g v="perf"></g><g v="intr"></g><g v="sing"></g><g v="3per"></g><g v="futr"></g><g v="indc"></g></l></v></tfr></token><token id="594578" text="вдали"><tfr rev_id="1427649" t="вдали"><v><l t="вдали" id="40003"><g v="ADVB"></g></l></v></tfr></token><token id="594579" text="от"><tfr rev_id="1427650" t="от"><v><l t="от" id="211644"><g v="PREP"></g></l></v></tfr></token><token id="594580" text="компьютера"><tfr rev_id="1427651" t="компьютера"><v><l t="компьютер" id="137413"><g v="NOUN"></g><g v="inan"></g><g v="masc"></g><g v="sing"></g><g v="gent"></g></l></v></tfr></token><token id="594581" text=","><tfr rev_id="1427652" t=","><v><l t="," id="0"><g v="PNCT"></g></l></v></tfr></token><token id="594582" text="позднее"><tfr rev_id="1427653" t="позднее"><v><l t="поздний" id="253488"><g v="ADJF"></g><g v="Qual"></g><g v="neut"></g><g v="sing"></g><g v="nomn"></g></l></v><v><l t="поздний" id="253488"><g v="ADJF"></g><g v="Qual"></g><g v="neut"></g><g v="sing"></g><g v="accs"></g></l></v><v><l t="позднее" id="253491"><g v="COMP"></g><g v="Qual"></g><g v="Infr"></g></l></v></tfr></token><token id="594583" text="он"><tfr rev_id="3575550" t="он"><v><l t="он" id="206541"><g v="NPRO"></g><g v="masc"></g><g v="3per"></g><g v="Anph"></g><g v="sing"></g><g v="nomn"></g></l></v></tfr></token><token id="594584" text="сможет"><tfr rev_id="1427655" t="сможет"><v><l t="смог" id="326830"><g v="VERB"></g><g v="perf"></g><g v="intr"></g><g v="sing"></g><g v="3per"></g><g v="futr"></g><g v="indc"></g></l></v></tfr></token><token id="594585" text="прочитать"><tfr rev_id="1427656" t="прочитать"><v><l t="прочитать" id="287497"><g v="INFN"></g><g v="perf"></g><g v="tran"></g></l></v></tfr></token><token id="594586" text="историю"><tfr rev_id="1427657" t="историю"><v><l t="история" id="126437"><g v="NOUN"></g><g v="inan"></g><g v="femn"></g><g v="sing"></g><g v="accs"></g></l></v></tfr></token><token id="594587" text="чата"><tfr rev_id="1427658" t="чата"><v><l t="чат" id="374823"><g v="NOUN"></g><g v="inan"></g><g v="masc"></g><g v="Slng"></g><g v="sing"></g><g v="gent"></g></l></v></tfr></token><token id="594588" text="."><tfr rev_id="1427659" t="."><v><l t="." id="0"><g v="PNCT"></g></l></v></tfr></token></tokens></sentence></paragraph><paragraph id="10570"><sentence id="33176"><source>Создавая для своих пользователей всё новые и новые функции, Facebook старается удерживать высокие позиции по популярности, ведь недавно у неё появился новый серьёзный конкурент — социальная сеть Google+.</source><tokens><token id="594589" text="Создавая"><tfr rev_id="1427660" t="Создавая"><v><l t="создавая" id="328574"><g v="GRND"></g><g v="impf"></g><g v="tran"></g><g v="pres"></g></l></v></tfr></token><token id="594590" text="для"><tfr rev_id="3452703" t="для"><v><l t="для" id="85032"><g v="PREP"></g></l></v></tfr></token><token id="594591" text="своих"><tfr rev_id="4370734" t="своих"><v><l t="свой" id="316379"><g v="ADJF"></g><g v="Apro"></g><g v="Anph"></g><g v="plur"></g><g v="gent"></g></l></v></tfr></token><token id="594592" text="пользователей"><tfr rev_id="4382778" t="пользователей"><v><l t="пользователь" id="257079"><g v="NOUN"></g><g v="anim"></g><g v="masc"></g><g v="plur"></g><g v="gent"></g></l></v></tfr></token><token id="594593" text="всё"><tfr rev_id="4463810" t="всё"><v><l t="всё" id="390209"><g v="PRCL"></g></l></v></tfr></token><token id="594594" text="новые"><tfr rev_id="4160757" t="новые"><v><l t="новый" id="191918"><g v="ADJF"></g><g v="Qual"></g><g v="plur"></g><g v="nomn"></g></l></v><v><l t="новый" id="191918"><g v="ADJF"></g><g v="Qual"></g><g v="inan"></g><g v="plur"></g><g v="accs"></g></l></v></tfr></token><token id="594595" text="и"><tfr rev_id="1427666" t="и"><v><l t="и" id="116949"><g v="CONJ"></g></l></v><v><l t="и" id="116950"><g v="INTJ"></g></l></v></tfr></token><token id="594596" text="новые"><tfr rev_id="4160758" t="новые"><v><l t="новый" id="191918"><g v="ADJF"></g><g v="Qual"></g><g v="plur"></g><g v="nomn"></g></l></v><v><l t="новый" id="191918"><g v="ADJF"></g><g v="Qual"></g><g v="inan"></g><g v="plur"></g><g v="accs"></g></l></v></tfr></token><token id="594597" text="функции"><tfr rev_id="3796311" t="функции"><v><l t="функция" id="368676"><g v="NOUN"></g><g v="inan"></g><g v="femn"></g><g v="plur"></g><g v="accs"></g></l></v></tfr></token><token id="594598" text=","><tfr rev_id="1427669" t=","><v><l t="," id="0"><g v="PNCT"></g></l></v></tfr></token><token id="594599" text="Facebook"><tfr rev_id="2474573" t="Facebook"><v><l t="Facebook" id="0"><g v="LATN"></g></l></v></tfr></token><token id="594600" text="старается"><tfr rev_id="1427671" t="старается"><v><l t="стараюсь" id="334746"><g v="VERB"></g><g v="impf"></g><g v="intr"></g><g v="sing"></g><g v="3per"></g><g v="pres"></g><g v="indc"></g></l></v></tfr></token><token id="594601" text="удерживать"><tfr rev_id="1427672" t="удерживать"><v><l t="удерживать" id="354840"><g v="INFN"></g><g v="impf"></g><g v="tran"></g></l></v></tfr></token><token id="594602" text="высокие"><tfr rev_id="3818924" t="высокие"><v><l t="высокий" id="62135"><g v="ADJF"></g><g v="Qual"></g><g v="inan"></g><g v="plur"></g><g v="accs"></g></l></v></tfr></token><token id="594603" text="позиции"><tfr rev_id="3726676" t="позиции"><v><l t="позиция" id="253607"><g v="NOUN"></g><g v="inan"></g><g v="femn"></g><g v="plur"></g><g v="accs"></g></l></v></tfr></token><token id="594604" text="по"><tfr rev_id="1427675" t="по"><v><l t="по" id="241240"><g v="PREP"></g></l></v></tfr></token><token id="594605" text="популярности"><tfr rev_id="4181161" t="популярности"><v><l t="популярность" id="259761"><g v="NOUN"></g><g v="inan"></g><g v="femn"></g><g v="sing"></g><g v="datv"></g></l></v></tfr></token><token id="594606" text=","><tfr rev_id="1427677" t=","><v><l t="," id="0"><g v="PNCT"></g></l></v></tfr></token><token id="594607" text="ведь"><tfr rev_id="1427678" t="ведь"><v><l t="ведь" id="40374"><g v="PRCL"></g></l></v><v><l t="ведь" id="40375"><g v="CONJ"></g></l></v></tfr></token><token id="594608" text="недавно"><tfr rev_id="1427679" t="недавно"><v><l t="недавно" id="180623"><g v="ADVB"></g></l></v></tfr></token><token id="594609" text="у"><tfr rev_id="3417347" t="у"><v><l t="у" id="352818"><g v="PREP"></g></l></v></tfr></token><token id="594610" text="неё"><tfr rev_id="3726314" t="неё"><v><l t="она" id="206544"><g v="NPRO"></g><g v="femn"></g><g v="3per"></g><g v="Anph"></g><g v="sing"></g><g v="gent"></g><g v="Af-p"></g></l></v><v><l t="она" id="206544"><g v="NPRO"></g><g v="femn"></g><g v="3per"></g><g v="Anph"></g><g v="sing"></g><g v="accs"></g><g v="Af-p"></g></l></v></tfr></token><token id="594611" text="появился"><tfr rev_id="1427682" t="появился"><v><l t="появился" id="265507"><g v="VERB"></g><g v="perf"></g><g v="intr"></g><g v="masc"></g><g v="sing"></g><g v="past"></g><g v="indc"></g></l></v></tfr></token><token id="594612" text="новый"><tfr rev_id="1427683" t="новый"><v><l t="новый" id="191918"><g v="ADJF"></g><g v="Qual"></g><g v="masc"></g><g v="sing"></g><g v="nomn"></g></l></v><v><l t="новый" id="191918"><g v="ADJF"></g><g v="Qual"></g><g v="inan"></g><g v="masc"></g><g v="sing"></g><g v="accs"></g></l></v></tfr></token><token id="594613" text="серьёзный"><tfr rev_id="1427684" t="серьёзный"><v><l t="серьёзный" id="319559"><g v="ADJF"></g><g v="Qual"></g><g v="masc"></g><g v="sing"></g><g v="nomn"></g></l></v><v><l t="серьёзный" id="319559"><g v="ADJF"></g><g v="Qual"></g><g v="inan"></g><g v="masc"></g><g v="sing"></g><g v="accs"></g></l></v></tfr></token><token id="594614" text="конкурент"><tfr rev_id="1427685" t="конкурент"><v><l t="конкурент" id="137896"><g v="NOUN"></g><g v="anim"></g><g v="masc"></g><g v="sing"></g><g v="nomn"></g></l></v></tfr></token><token id="594615" text="—"><tfr rev_id="2443348" t="—"><v><l t="—" id="0"><g v="PNCT"></g></l></v></tfr></token><token id="594616" text="социальная"><tfr rev_id="1427687" t="социальная"><v><l t="социальный" id="331060"><g v="ADJF"></g><g v="Qual"></g><g v="femn"></g><g v="sing"></g><g v="nomn"></g></l></v></tfr></token><token id="594617" text="сеть"><tfr rev_id="4348460" t="сеть"><v><l t="сеть" id="319643"><g v="NOUN"></g><g v="inan"></g><g v="femn"></g><g v="sing"></g><g v="nomn"></g></l></v></tfr></token><token id="594618" text="Google+"><tfr rev_id="4140781" t="Google+"><v><l t="Google+" id="0"><g v="UNKN"></g></l></v></tfr></token><token id="1962901" text="."><tfr rev_id="4140780" t="."><v><l t="." id="0"><g v="PNCT"></g></l></v></tfr></token></tokens></sentence><sentence id="33177"><source>Новое детище компании Google, начавшее функционировать на прошлой неделе, сразу предоставило своим пользователям возможность видеочата.</source><tokens><token id="594619" text="Новое"><tfr rev_id="4160759" t="Новое"><v><l t="новый" id="191918"><g v="ADJF"></g><g v="Qual"></g><g v="neut"></g><g v="sing"></g><g v="nomn"></g></l></v><v><l t="новый" id="191918"><g v="ADJF"></g><g v="Qual"></g><g v="neut"></g><g v="sing"></g><g v="accs"></g></l></v></tfr></token><token id="594620" text="детище"><tfr rev_id="4470474" t="детище"><v><l t="детище" id="82213"><g v="NOUN"></g><g v="inan"></g><g v="neut"></g><g v="sing"></g><g v="nomn"></g></l></v></tfr></token><token id="594621" text="компании"><tfr rev_id="4280886" t="компании"><v><l t="компания" id="137146"><g v="NOUN"></g><g v="inan"></g><g v="femn"></g><g v="sing"></g><g v="gent"></g></l></v></tfr></token><token id="594622" text="Google"><tfr rev_id="2474574" t="Google"><v><l t="Google" id="0"><g v="LATN"></g></l></v></tfr></token><token id="594623" text=","><tfr rev_id="1427694" t=","><v><l t="," id="0"><g v="PNCT"></g></l></v></tfr></token><token id="594624" text="начавшее"><tfr rev_id="1427695" t="начавшее"><v><l t="начавший" id="178226"><g v="PRTF"></g><g v="perf"></g><g v="tran"></g><g v="past"></g><g v="actv"></g><g v="neut"></g><g v="sing"></g><g v="nomn"></g></l></v><v><l t="начавший" id="178226"><g v="PRTF"></g><g v="perf"></g><g v="tran"></g><g v="past"></g><g v="actv"></g><g v="neut"></g><g v="sing"></g><g v="accs"></g></l></v></tfr></token><token id="594625" text="функционировать"><tfr rev_id="1427696" t="функционировать"><v><l t="функционировать" id="368672"><g v="INFN"></g><g v="impf"></g><g v="intr"></g></l></v></tfr></token><token id="594626" text="на"><tfr rev_id="3345465" t="на"><v><l t="на" id="166264"><g v="PREP"></g></l></v></tfr></token><token id="594627" text="прошлой"><tfr rev_id="4315131" t="прошлой"><v><l t="прошлый" id="287715"><g v="ADJF"></g><g v="femn"></g><g v="sing"></g><g v="loct"></g></l></v></tfr></token><token id="594628" text="неделе"><tfr rev_id="3447679" t="неделе"><v><l t="неделя" id="180718"><g v="NOUN"></g><g v="inan"></g><g v="femn"></g><g v="sing"></g><g v="loct"></g></l></v></tfr></token><token id="594629" text=","><tfr rev_id="1427700" t=","><v><l t="," id="0"><g v="PNCT"></g></l></v></tfr></token><token id="594630" text="сразу"><tfr rev_id="1427701" t="сразу"><v><l t="сразу" id="333375"><g v="ADVB"></g></l></v></tfr></token><token id="594631" text="предоставило"><tfr rev_id="1427702" t="предоставило"><v><l t="предоставил" id="266664"><g v="VERB"></g><g v="perf"></g><g v="tran"></g><g v="neut"></g><g v="sing"></g><g v="past"></g><g v="indc"></g></l></v></tfr></token><token id="594632" text="своим"><tfr rev_id="3630810" t="своим"><v><l t="свой" id="316379"><g v="ADJF"></g><g v="Apro"></g><g v="Anph"></g><g v="plur"></g><g v="datv"></g></l></v></tfr></token><token id="594633" text="пользователям"><tfr rev_id="1427704" t="пользователям"><v><l t="пользователь" id="257079"><g v="NOUN"></g><g v="anim"></g><g v="masc"></g><g v="plur"></g><g v="datv"></g></l></v></tfr></token><token id="594634" text="возможность"><tfr rev_id="1427705" t="возможность"><v><l t="возможность" id="49410"><g v="NOUN"></g><g v="inan"></g><g v="femn"></g><g v="sing"></g><g v="nomn"></g></l></v><v><l t="возможность" id="49410"><g v="NOUN"></g><g v="inan"></g><g v="femn"></g><g v="sing"></g><g v="accs"></g></l></v></tfr></token><token id="594635" text="видеочата"><tfr rev_id="4566619" t="видеочата"><v><l t="видеочат" id="393867"><g v="NOUN"></g><g v="inan"></g><g v="masc"></g><g v="sing"></g><g v="gent"></g></l></v></tfr></token><token id="594636" text="."><tfr rev_id="1427707" t="."><v><l t="." id="0"><g v="PNCT"></g></l></v></tfr></token></tokens></sentence></paragraph></paragraphs></text>