<?xml version="1.0" encoding="utf-8"?><text id="1097" parent="56" name="Буинский государственный театр сатиры в Чебоксарах представляет новую постановку"><tags><tag>url:http://ru.wikinews.org/w/index.php?title=Буинский_государственный_театр_сатиры_в_Чебоксарах_представляет_новую_постановку&amp;oldid=49132</tag><tag>Автор:http://ru.wikinews.org/wiki/Участник:Tanyasem6</tag><tag>Дата:22/10</tag><tag>Год:2009</tag><tag>Тема:ВикиКатегория:Культура</tag><tag>Гео:ВикиКатегория:Республика Чувашия</tag><tag>Тема:ВикиКатегория:Театр</tag><tag>Гео:ВикиКатегория:Чебоксары</tag><tag>Гео:ВикиКатегория:Россия</tag></tags><paragraphs><paragraph id="10580"><sentence id="33197"><source>25 ноября 2009 года на сцене ДК тракторостроителей состоится премьера новой постановки Буинского государственного театра сатиры под названием «666 номер» по пьесе национального автора Хабира Ибрагимова.</source><tokens><token id="594917" text="25"><tfr rev_id="2461506" t="25"><v><l t="25" id="0"><g v="NUMB"></g></l></v></tfr></token><token id="594918" text="ноября"><tfr rev_id="1427989" t="ноября"><v><l t="ноябрь" id="192482"><g v="NOUN"></g><g v="inan"></g><g v="masc"></g><g v="sing"></g><g v="gent"></g></l></v></tfr></token><token id="594919" text="2009"><tfr rev_id="2461507" t="2009"><v><l t="2009" id="0"><g v="NUMB"></g></l></v></tfr></token><token id="594920" text="года"><tfr rev_id="3485213" t="года"><v><l t="год" id="72149"><g v="NOUN"></g><g v="inan"></g><g v="masc"></g><g v="sing"></g><g v="gen1"></g></l></v></tfr></token><token id="594921" text="на"><tfr rev_id="3335246" t="на"><v><l t="на" id="166264"><g v="PREP"></g></l></v></tfr></token><token id="594922" text="сцене"><tfr rev_id="3551719" t="сцене"><v><l t="сцена" id="341041"><g v="NOUN"></g><g v="inan"></g><g v="femn"></g><g v="sing"></g><g v="loct"></g></l></v></tfr></token><token id="594923" text="ДК"><tfr rev_id="4203953" t="ДК"><v><l t="дк" id="389550"><g v="NOUN"></g><g v="inan"></g><g v="masc"></g><g v="Fixd"></g><g v="Abbr"></g><g v="sing"></g><g v="nomn"></g></l></v><v><l t="дк" id="389550"><g v="NOUN"></g><g v="inan"></g><g v="masc"></g><g v="Fixd"></g><g v="Abbr"></g><g v="sing"></g><g v="gent"></g></l></v><v><l t="дк" id="389550"><g v="NOUN"></g><g v="inan"></g><g v="masc"></g><g v="Fixd"></g><g v="Abbr"></g><g v="sing"></g><g v="datv"></g></l></v><v><l t="дк" id="389550"><g v="NOUN"></g><g v="inan"></g><g v="masc"></g><g v="Fixd"></g><g v="Abbr"></g><g v="sing"></g><g v="accs"></g></l></v><v><l t="дк" id="389550"><g v="NOUN"></g><g v="inan"></g><g v="masc"></g><g v="Fixd"></g><g v="Abbr"></g><g v="sing"></g><g v="ablt"></g></l></v><v><l t="дк" id="389550"><g v="NOUN"></g><g v="inan"></g><g v="masc"></g><g v="Fixd"></g><g v="Abbr"></g><g v="sing"></g><g v="loct"></g></l></v></tfr></token><token id="594924" text="тракторостроителей"><tfr rev_id="4355620" t="тракторостроителей"><v><l t="тракторостроитель" id="348847"><g v="NOUN"></g><g v="anim"></g><g v="masc"></g><g v="plur"></g><g v="gent"></g></l></v></tfr></token><token id="594925" text="состоится"><tfr rev_id="1427996" t="состоится"><v><l t="состоялся" id="330568"><g v="VERB"></g><g v="perf"></g><g v="intr"></g><g v="sing"></g><g v="3per"></g><g v="futr"></g><g v="indc"></g></l></v></tfr></token><token id="594926" text="премьера"><tfr rev_id="4337417" t="премьера"><v><l t="премьера" id="267777"><g v="NOUN"></g><g v="inan"></g><g v="femn"></g><g v="sing"></g><g v="nomn"></g></l></v></tfr></token><token id="594927" text="новой"><tfr rev_id="4161680" t="новой"><v><l t="новый" id="191918"><g v="ADJF"></g><g v="Qual"></g><g v="femn"></g><g v="sing"></g><g v="gent"></g></l></v></tfr></token><token id="594928" text="постановки"><tfr rev_id="3440324" t="постановки"><v><l t="постановка" id="262153"><g v="NOUN"></g><g v="inan"></g><g v="femn"></g><g v="sing"></g><g v="gent"></g></l></v></tfr></token><token id="594929" text="Буинского"><tfr rev_id="4378341" t="Буинского"><v><l t="буинский" id="35299"><g v="ADJF"></g><g v="masc"></g><g v="sing"></g><g v="gent"></g></l></v><v><l t="буинский" id="35299"><g v="ADJF"></g><g v="anim"></g><g v="masc"></g><g v="sing"></g><g v="accs"></g></l></v></tfr></token><token id="594930" text="государственного"><tfr rev_id="3342756" t="государственного"><v><l t="государственный" id="74161"><g v="ADJF"></g><g v="masc"></g><g v="sing"></g><g v="gent"></g></l></v><v><l t="государственный" id="74161"><g v="ADJF"></g><g v="anim"></g><g v="masc"></g><g v="sing"></g><g v="accs"></g></l></v></tfr></token><token id="594931" text="театра"><tfr rev_id="1428002" t="театра"><v><l t="театр" id="343862"><g v="NOUN"></g><g v="inan"></g><g v="masc"></g><g v="sing"></g><g v="gent"></g></l></v></tfr></token><token id="594932" text="сатиры"><tfr rev_id="3468925" t="сатиры"><v><l t="сатира" id="313838"><g v="NOUN"></g><g v="inan"></g><g v="femn"></g><g v="sing"></g><g v="gent"></g></l></v></tfr></token><token id="594933" text="под"><tfr rev_id="1717932" t="под"><v><l t="под" id="243755"><g v="PREP"></g></l></v></tfr></token><token id="594934" text="названием"><tfr rev_id="1428005" t="названием"><v><l t="название" id="170336"><g v="NOUN"></g><g v="inan"></g><g v="neut"></g><g v="sing"></g><g v="ablt"></g></l></v></tfr></token><token id="594935" text="«"><tfr rev_id="2443371" t="«"><v><l t="«" id="0"><g v="PNCT"></g></l></v></tfr></token><token id="594936" text="666"><tfr rev_id="2461508" t="666"><v><l t="666" id="0"><g v="NUMB"></g></l></v></tfr></token><token id="594937" text="номер"><tfr rev_id="1428008" t="номер"><v><l t="номер" id="192067"><g v="NOUN"></g><g v="inan"></g><g v="masc"></g><g v="sing"></g><g v="nomn"></g></l></v><v><l t="номер" id="192067"><g v="NOUN"></g><g v="inan"></g><g v="masc"></g><g v="sing"></g><g v="accs"></g></l></v></tfr></token><token id="594938" text="»"><tfr rev_id="2443372" t="»"><v><l t="»" id="0"><g v="PNCT"></g></l></v></tfr></token><token id="594939" text="по"><tfr rev_id="1428010" t="по"><v><l t="по" id="241240"><g v="PREP"></g></l></v></tfr></token><token id="594940" text="пьесе"><tfr rev_id="3556211" t="пьесе"><v><l t="пьеса" id="290173"><g v="NOUN"></g><g v="inan"></g><g v="femn"></g><g v="sing"></g><g v="datv"></g></l></v></tfr></token><token id="594941" text="национального"><tfr rev_id="3881414" t="национального"><v><l t="национальный" id="178150"><g v="ADJF"></g><g v="masc"></g><g v="sing"></g><g v="gent"></g></l></v><v><l t="национальный" id="178150"><g v="ADJF"></g><g v="anim"></g><g v="masc"></g><g v="sing"></g><g v="accs"></g></l></v></tfr></token><token id="594942" text="автора"><tfr rev_id="3542842" t="автора"><v><l t="автор" id="3371"><g v="NOUN"></g><g v="anim"></g><g v="masc"></g><g v="sing"></g><g v="gent"></g></l></v></tfr></token><token id="594943" text="Хабира"><tfr rev_id="1428014" t="Хабира"><v><l t="хабира" id="0"><g v="UNKN"></g></l></v></tfr></token><token id="594944" text="Ибрагимова"><tfr rev_id="4181750" t="Ибрагимова"><v><l t="ибрагимов" id="116987"><g v="NOUN"></g><g v="anim"></g><g v="masc"></g><g v="Sgtm"></g><g v="Surn"></g><g v="sing"></g><g v="gent"></g></l></v><v><l t="ибрагимов" id="116987"><g v="NOUN"></g><g v="anim"></g><g v="masc"></g><g v="Sgtm"></g><g v="Surn"></g><g v="sing"></g><g v="accs"></g></l></v></tfr></token><token id="594945" text="."><tfr rev_id="1428016" t="."><v><l t="." id="0"><g v="PNCT"></g></l></v></tfr></token></tokens></sentence></paragraph><paragraph id="10581"><sentence id="33198"><source>Это комедия в двух действиях.</source><tokens><token id="594946" text="Это"><tfr rev_id="4441521" t="Это"><v><l t="это" id="386574"><g v="PRCL"></g></l></v><v><l t="это" id="386575"><g v="NPRO"></g><g v="neut"></g><g v="sing"></g><g v="nomn"></g></l></v><v><l t="это" id="386575"><g v="NPRO"></g><g v="neut"></g><g v="sing"></g><g v="accs"></g></l></v><v><l t="этот" id="386581"><g v="ADJF"></g><g v="Subx"></g><g v="Apro"></g><g v="Anph"></g><g v="neut"></g><g v="sing"></g><g v="nomn"></g></l></v><v><l t="этот" id="386581"><g v="ADJF"></g><g v="Subx"></g><g v="Apro"></g><g v="Anph"></g><g v="neut"></g><g v="sing"></g><g v="accs"></g></l></v></tfr></token><token id="594947" text="комедия"><tfr rev_id="1428018" t="комедия"><v><l t="комедия" id="136835"><g v="NOUN"></g><g v="inan"></g><g v="femn"></g><g v="sing"></g><g v="nomn"></g></l></v></tfr></token><token id="594948" text="в"><tfr rev_id="1428019" t="в"><v><l t="в" id="37409"><g v="PREP"></g></l></v></tfr></token><token id="594949" text="двух"><tfr rev_id="4449678" t="двух"><v><l t="два" id="78668"><g v="NUMR"></g><g v="anim"></g><g v="accs"></g></l></v><v><l t="два" id="78668"><g v="NUMR"></g><g v="gent"></g></l></v><v><l t="два" id="78668"><g v="NUMR"></g><g v="loct"></g></l></v></tfr></token><token id="594950" text="действиях"><tfr rev_id="1428021" t="действиях"><v><l t="действие" id="80091"><g v="NOUN"></g><g v="inan"></g><g v="neut"></g><g v="plur"></g><g v="loct"></g></l></v></tfr></token><token id="594951" text="."><tfr rev_id="1428022" t="."><v><l t="." id="0"><g v="PNCT"></g></l></v></tfr></token></tokens></sentence><sentence id="33199"><source>События происходят в 666 номере «люкс» пятизвездочного отеля, где устраиваются депутат Фарук Давлетович со своей секретаршей Эльвирой.</source><tokens><token id="594952" text="События"><tfr rev_id="3726967" t="События"><v><l t="событие" id="327850"><g v="NOUN"></g><g v="inan"></g><g v="neut"></g><g v="plur"></g><g v="nomn"></g></l></v></tfr></token><token id="594953" text="происходят"><tfr rev_id="1428024" t="происходят"><v><l t="происхожу" id="280286"><g v="VERB"></g><g v="impf"></g><g v="intr"></g><g v="plur"></g><g v="3per"></g><g v="pres"></g><g v="indc"></g></l></v></tfr></token><token id="594954" text="в"><tfr rev_id="1428025" t="в"><v><l t="в" id="37409"><g v="PREP"></g></l></v></tfr></token><token id="594955" text="666"><tfr rev_id="2461509" t="666"><v><l t="666" id="0"><g v="NUMB"></g></l></v></tfr></token><token id="594956" text="номере"><tfr rev_id="1428027" t="номере"><v><l t="номер" id="192067"><g v="NOUN"></g><g v="inan"></g><g v="masc"></g><g v="sing"></g><g v="loct"></g></l></v></tfr></token><token id="594957" text="«"><tfr rev_id="2443373" t="«"><v><l t="«" id="0"><g v="PNCT"></g></l></v></tfr></token><token id="594958" text="люкс"><tfr rev_id="1428029" t="люкс"><v><l t="люкс" id="152129"><g v="NOUN"></g><g v="inan"></g><g v="masc"></g><g v="sing"></g><g v="nomn"></g></l></v><v><l t="люкс" id="152129"><g v="NOUN"></g><g v="inan"></g><g v="masc"></g><g v="sing"></g><g v="accs"></g></l></v></tfr></token><token id="594959" text="»"><tfr rev_id="2443374" t="»"><v><l t="»" id="0"><g v="PNCT"></g></l></v></tfr></token><token id="594960" text="пятизвездочного"><tfr rev_id="4464338" t="пятизвездочного"><v><l t="пятизвёздочный" id="390645"><g v="ADJF"></g><g v="anim"></g><g v="masc"></g><g v="sing"></g><g v="accs"></g></l></v><v><l t="пятизвёздочный" id="390645"><g v="ADJF"></g><g v="masc"></g><g v="sing"></g><g v="gent"></g></l></v></tfr></token><token id="594961" text="отеля"><tfr rev_id="1428032" t="отеля"><v><l t="отель" id="213569"><g v="NOUN"></g><g v="inan"></g><g v="masc"></g><g v="sing"></g><g v="gent"></g></l></v></tfr></token><token id="594962" text=","><tfr rev_id="1428033" t=","><v><l t="," id="0"><g v="PNCT"></g></l></v></tfr></token><token id="594963" text="где"><tfr rev_id="2636454" t="где"><v><l t="где" id="67984"><g v="ADVB"></g><g v="Ques"></g></l></v><v><l t="где" id="388669"><g v="CONJ"></g></l></v></tfr></token><token id="594964" text="устраиваются"><tfr rev_id="1428035" t="устраиваются"><v><l t="устраиваюсь" id="361135"><g v="VERB"></g><g v="impf"></g><g v="intr"></g><g v="plur"></g><g v="3per"></g><g v="pres"></g><g v="indc"></g></l></v></tfr></token><token id="594965" text="депутат"><tfr rev_id="1428036" t="депутат"><v><l t="депутат" id="81561"><g v="NOUN"></g><g v="anim"></g><g v="masc"></g><g v="sing"></g><g v="nomn"></g></l></v></tfr></token><token id="594966" text="Фарук"><tfr rev_id="1428037" t="Фарук"><v><l t="фарук" id="0"><g v="UNKN"></g></l></v></tfr></token><token id="594967" text="Давлетович"><tfr rev_id="1428038" t="Давлетович"><v><l t="давлетович" id="77673"><g v="NOUN"></g><g v="anim"></g><g v="masc"></g><g v="Patr"></g><g v="sing"></g><g v="nomn"></g></l></v></tfr></token><token id="594968" text="со"><tfr rev_id="2919184" t="со"><v><l t="с" id="311151"><g v="PREP"></g><g v="Vpre"></g></l></v></tfr></token><token id="594969" text="своей"><tfr rev_id="4076528" t="своей"><v><l t="свой" id="316379"><g v="ADJF"></g><g v="Apro"></g><g v="Anph"></g><g v="femn"></g><g v="sing"></g><g v="ablt"></g></l></v></tfr></token><token id="594970" text="секретаршей"><tfr rev_id="1428041" t="секретаршей"><v><l t="секретарша" id="318045"><g v="NOUN"></g><g v="anim"></g><g v="femn"></g><g v="sing"></g><g v="ablt"></g></l></v></tfr></token><token id="594971" text="Эльвирой"><tfr rev_id="1428042" t="Эльвирой"><v><l t="эльвира" id="384932"><g v="NOUN"></g><g v="anim"></g><g v="femn"></g><g v="Name"></g><g v="sing"></g><g v="ablt"></g></l></v></tfr></token><token id="594972" text="."><tfr rev_id="1428043" t="."><v><l t="." id="0"><g v="PNCT"></g></l></v></tfr></token></tokens></sentence><sentence id="33200"><source>Спектакль построен на интригах, стремительный, одновременно сложный и очень увлекательный.</source><tokens><token id="594973" text="Спектакль"><tfr rev_id="1428044" t="Спектакль"><v><l t="спектакль" id="331679"><g v="NOUN"></g><g v="inan"></g><g v="masc"></g><g v="sing"></g><g v="nomn"></g></l></v><v><l t="спектакль" id="331679"><g v="NOUN"></g><g v="inan"></g><g v="masc"></g><g v="sing"></g><g v="accs"></g></l></v></tfr></token><token id="594974" text="построен"><tfr rev_id="1428045" t="построен"><v><l t="построен" id="262525"><g v="PRTS"></g><g v="perf"></g><g v="past"></g><g v="pssv"></g><g v="masc"></g><g v="sing"></g></l></v></tfr></token><token id="594975" text="на"><tfr rev_id="2911756" t="на"><v><l t="на" id="166264"><g v="PREP"></g></l></v><v><l t="на" id="388676"><g v="INTJ"></g></l></v></tfr></token><token id="594976" text="интригах"><tfr rev_id="1428047" t="интригах"><v><l t="интрига" id="123407"><g v="NOUN"></g><g v="inan"></g><g v="femn"></g><g v="plur"></g><g v="loct"></g></l></v></tfr></token><token id="594977" text=","><tfr rev_id="1428048" t=","><v><l t="," id="0"><g v="PNCT"></g></l></v></tfr></token><token id="594978" text="стремительный"><tfr rev_id="1428049" t="стремительный"><v><l t="стремительный" id="337447"><g v="ADJF"></g><g v="Qual"></g><g v="masc"></g><g v="sing"></g><g v="nomn"></g></l></v><v><l t="стремительный" id="337447"><g v="ADJF"></g><g v="Qual"></g><g v="inan"></g><g v="masc"></g><g v="sing"></g><g v="accs"></g></l></v></tfr></token><token id="594979" text=","><tfr rev_id="1428050" t=","><v><l t="," id="0"><g v="PNCT"></g></l></v></tfr></token><token id="594980" text="одновременно"><tfr rev_id="4093550" t="одновременно"><v><l t="одновременно" id="203393"><g v="ADVB"></g></l></v></tfr></token><token id="594981" text="сложный"><tfr rev_id="1428052" t="сложный"><v><l t="сложный" id="325278"><g v="ADJF"></g><g v="Qual"></g><g v="masc"></g><g v="sing"></g><g v="nomn"></g></l></v><v><l t="сложный" id="325278"><g v="ADJF"></g><g v="Qual"></g><g v="inan"></g><g v="masc"></g><g v="sing"></g><g v="accs"></g></l></v></tfr></token><token id="594982" text="и"><tfr rev_id="1428053" t="и"><v><l t="и" id="116949"><g v="CONJ"></g></l></v><v><l t="и" id="116950"><g v="INTJ"></g></l></v></tfr></token><token id="594983" text="очень"><tfr rev_id="1428054" t="очень"><v><l t="очень" id="221681"><g v="ADVB"></g></l></v></tfr></token><token id="594984" text="увлекательный"><tfr rev_id="1428055" t="увлекательный"><v><l t="увлекательный" id="353734"><g v="ADJF"></g><g v="Qual"></g><g v="masc"></g><g v="sing"></g><g v="nomn"></g></l></v><v><l t="увлекательный" id="353734"><g v="ADJF"></g><g v="Qual"></g><g v="inan"></g><g v="masc"></g><g v="sing"></g><g v="accs"></g></l></v></tfr></token><token id="594985" text="."><tfr rev_id="1428056" t="."><v><l t="." id="0"><g v="PNCT"></g></l></v></tfr></token></tokens></sentence></paragraph><paragraph id="10582"><sentence id="33201"><source>Буинцы приезжают в Чебоксары не впервые.</source><tokens><token id="594986" text="Буинцы"><tfr rev_id="3418902" t="Буинцы"><v><l t="буинец" id="388823"><g v="NOUN"></g><g v="anim"></g><g v="masc"></g><g v="plur"></g><g v="nomn"></g></l></v></tfr></token><token id="594987" text="приезжают"><tfr rev_id="1428058" t="приезжают"><v><l t="приезжаю" id="270333"><g v="VERB"></g><g v="impf"></g><g v="intr"></g><g v="plur"></g><g v="3per"></g><g v="pres"></g><g v="indc"></g></l></v></tfr></token><token id="594988" text="в"><tfr rev_id="1428059" t="в"><v><l t="в" id="37409"><g v="PREP"></g></l></v></tfr></token><token id="594989" text="Чебоксары"><tfr rev_id="3727426" t="Чебоксары"><v><l t="чебоксары" id="374918"><g v="NOUN"></g><g v="inan"></g><g v="GNdr"></g><g v="Pltm"></g><g v="Geox"></g><g v="plur"></g><g v="accs"></g></l></v></tfr></token><token id="594990" text="не"><tfr rev_id="1428061" t="не"><v><l t="не" id="178876"><g v="PRCL"></g></l></v></tfr></token><token id="594991" text="впервые"><tfr rev_id="1428062" t="впервые"><v><l t="впервые" id="52345"><g v="ADVB"></g></l></v></tfr></token><token id="594992" text="."><tfr rev_id="1428063" t="."><v><l t="." id="0"><g v="PNCT"></g></l></v></tfr></token></tokens></sentence><sentence id="33202"><source>В прошлый раз чебоксарцам была представлена комедия известного татарского драматурга Т. Миннуллина «Женихи».</source><tokens><token id="594993" text="В"><tfr rev_id="1428064" t="В"><v><l t="в" id="37409"><g v="PREP"></g></l></v></tfr></token><token id="594994" text="прошлый"><tfr rev_id="1428065" t="прошлый"><v><l t="прошлый" id="287715"><g v="ADJF"></g><g v="masc"></g><g v="sing"></g><g v="nomn"></g></l></v><v><l t="прошлый" id="287715"><g v="ADJF"></g><g v="inan"></g><g v="masc"></g><g v="sing"></g><g v="accs"></g></l></v></tfr></token><token id="594995" text="раз"><tfr rev_id="4510671" t="раз"><v><l t="раз" id="291500"><g v="NOUN"></g><g v="inan"></g><g v="masc"></g><g v="sing"></g><g v="nomn"></g></l></v><v><l t="раз" id="291500"><g v="NOUN"></g><g v="inan"></g><g v="masc"></g><g v="sing"></g><g v="accs"></g></l></v></tfr></token><token id="594996" text="чебоксарцам"><tfr rev_id="1428067" t="чебоксарцам"><v><l t="чебоксарец" id="374915"><g v="NOUN"></g><g v="anim"></g><g v="masc"></g><g v="plur"></g><g v="datv"></g></l></v></tfr></token><token id="594997" text="была"><tfr rev_id="1428068" t="была"><v><l t="есть" id="37265"><g v="VERB"></g><g v="impf"></g><g v="intr"></g><g v="femn"></g><g v="sing"></g><g v="past"></g><g v="indc"></g></l></v></tfr></token><token id="594998" text="представлена"><tfr rev_id="1428069" t="представлена"><v><l t="представлен" id="267103"><g v="PRTS"></g><g v="perf"></g><g v="past"></g><g v="pssv"></g><g v="femn"></g><g v="sing"></g></l></v></tfr></token><token id="594999" text="комедия"><tfr rev_id="1428070" t="комедия"><v><l t="комедия" id="136835"><g v="NOUN"></g><g v="inan"></g><g v="femn"></g><g v="sing"></g><g v="nomn"></g></l></v></tfr></token><token id="595000" text="известного"><tfr rev_id="3454374" t="известного"><v><l t="известный" id="118144"><g v="ADJF"></g><g v="Qual"></g><g v="masc"></g><g v="sing"></g><g v="gent"></g></l></v><v><l t="известный" id="118144"><g v="ADJF"></g><g v="Qual"></g><g v="anim"></g><g v="masc"></g><g v="sing"></g><g v="accs"></g></l></v></tfr></token><token id="595001" text="татарского"><tfr rev_id="3946464" t="татарского"><v><l t="татарский" id="343446"><g v="ADJF"></g><g v="masc"></g><g v="sing"></g><g v="gent"></g></l></v><v><l t="татарский" id="343446"><g v="ADJF"></g><g v="anim"></g><g v="masc"></g><g v="sing"></g><g v="accs"></g></l></v></tfr></token><token id="595002" text="драматурга"><tfr rev_id="4461562" t="драматурга"><v><l t="драматург" id="91728"><g v="NOUN"></g><g v="anim"></g><g v="masc"></g><g v="sing"></g><g v="gent"></g></l></v></tfr></token><token id="595003" text="Т"><tfr rev_id="4524531" t="Т"><v><l t="т" id="389599"><g v="NOUN"></g><g v="inan"></g><g v="femn"></g><g v="Fixd"></g><g v="Abbr"></g><g v="plur"></g><g v="ablt"></g></l></v><v><l t="т" id="389599"><g v="NOUN"></g><g v="inan"></g><g v="femn"></g><g v="Fixd"></g><g v="Abbr"></g><g v="plur"></g><g v="accs"></g></l></v><v><l t="т" id="389599"><g v="NOUN"></g><g v="inan"></g><g v="femn"></g><g v="Fixd"></g><g v="Abbr"></g><g v="plur"></g><g v="datv"></g></l></v><v><l t="т" id="389599"><g v="NOUN"></g><g v="inan"></g><g v="femn"></g><g v="Fixd"></g><g v="Abbr"></g><g v="plur"></g><g v="gent"></g></l></v><v><l t="т" id="389599"><g v="NOUN"></g><g v="inan"></g><g v="femn"></g><g v="Fixd"></g><g v="Abbr"></g><g v="plur"></g><g v="loct"></g></l></v><v><l t="т" id="389599"><g v="NOUN"></g><g v="inan"></g><g v="femn"></g><g v="Fixd"></g><g v="Abbr"></g><g v="plur"></g><g v="nomn"></g></l></v><v><l t="т" id="389599"><g v="NOUN"></g><g v="inan"></g><g v="femn"></g><g v="Fixd"></g><g v="Abbr"></g><g v="sing"></g><g v="ablt"></g></l></v><v><l t="т" id="389599"><g v="NOUN"></g><g v="inan"></g><g v="femn"></g><g v="Fixd"></g><g v="Abbr"></g><g v="sing"></g><g v="accs"></g></l></v><v><l t="т" id="389599"><g v="NOUN"></g><g v="inan"></g><g v="femn"></g><g v="Fixd"></g><g v="Abbr"></g><g v="sing"></g><g v="datv"></g></l></v><v><l t="т" id="389599"><g v="NOUN"></g><g v="inan"></g><g v="femn"></g><g v="Fixd"></g><g v="Abbr"></g><g v="sing"></g><g v="gent"></g></l></v><v><l t="т" id="389599"><g v="NOUN"></g><g v="inan"></g><g v="femn"></g><g v="Fixd"></g><g v="Abbr"></g><g v="sing"></g><g v="loct"></g></l></v><v><l t="т" id="389599"><g v="NOUN"></g><g v="inan"></g><g v="femn"></g><g v="Fixd"></g><g v="Abbr"></g><g v="sing"></g><g v="nomn"></g></l></v><v><l t="т" id="389600"><g v="NOUN"></g><g v="inan"></g><g v="masc"></g><g v="Fixd"></g><g v="Abbr"></g><g v="plur"></g><g v="ablt"></g></l></v><v><l t="т" id="389600"><g v="NOUN"></g><g v="inan"></g><g v="masc"></g><g v="Fixd"></g><g v="Abbr"></g><g v="plur"></g><g v="accs"></g></l></v><v><l t="т" id="389600"><g v="NOUN"></g><g v="inan"></g><g v="masc"></g><g v="Fixd"></g><g v="Abbr"></g><g v="plur"></g><g v="datv"></g></l></v><v><l t="т" id="389600"><g v="NOUN"></g><g v="inan"></g><g v="masc"></g><g v="Fixd"></g><g v="Abbr"></g><g v="plur"></g><g v="gent"></g></l></v><v><l t="т" id="389600"><g v="NOUN"></g><g v="inan"></g><g v="masc"></g><g v="Fixd"></g><g v="Abbr"></g><g v="plur"></g><g v="loct"></g></l></v><v><l t="т" id="389600"><g v="NOUN"></g><g v="inan"></g><g v="masc"></g><g v="Fixd"></g><g v="Abbr"></g><g v="plur"></g><g v="nomn"></g></l></v><v><l t="т" id="389600"><g v="NOUN"></g><g v="inan"></g><g v="masc"></g><g v="Fixd"></g><g v="Abbr"></g><g v="sing"></g><g v="ablt"></g></l></v><v><l t="т" id="389600"><g v="NOUN"></g><g v="inan"></g><g v="masc"></g><g v="Fixd"></g><g v="Abbr"></g><g v="sing"></g><g v="accs"></g></l></v><v><l t="т" id="389600"><g v="NOUN"></g><g v="inan"></g><g v="masc"></g><g v="Fixd"></g><g v="Abbr"></g><g v="sing"></g><g v="datv"></g></l></v><v><l t="т" id="389600"><g v="NOUN"></g><g v="inan"></g><g v="masc"></g><g v="Fixd"></g><g v="Abbr"></g><g v="sing"></g><g v="gent"></g></l></v><v><l t="т" id="389600"><g v="NOUN"></g><g v="inan"></g><g v="masc"></g><g v="Fixd"></g><g v="Abbr"></g><g v="sing"></g><g v="loct"></g></l></v><v><l t="т" id="389600"><g v="NOUN"></g><g v="inan"></g><g v="masc"></g><g v="Fixd"></g><g v="Abbr"></g><g v="sing"></g><g v="nomn"></g></l></v><v><l t="т" id="390172"><g v="NOUN"></g><g v="anim"></g><g v="ms-f"></g><g v="Sgtm"></g><g v="Fixd"></g><g v="Abbr"></g><g v="Name"></g><g v="Init"></g><g v="sing"></g><g v="ablt"></g></l></v><v><l t="т" id="390172"><g v="NOUN"></g><g v="anim"></g><g v="ms-f"></g><g v="Sgtm"></g><g v="Fixd"></g><g v="Abbr"></g><g v="Name"></g><g v="Init"></g><g v="sing"></g><g v="accs"></g></l></v><v><l t="т" id="390172"><g v="NOUN"></g><g v="anim"></g><g v="ms-f"></g><g v="Sgtm"></g><g v="Fixd"></g><g v="Abbr"></g><g v="Name"></g><g v="Init"></g><g v="sing"></g><g v="datv"></g></l></v><v><l t="т" id="390172"><g v="NOUN"></g><g v="anim"></g><g v="ms-f"></g><g v="Sgtm"></g><g v="Fixd"></g><g v="Abbr"></g><g v="Name"></g><g v="Init"></g><g v="sing"></g><g v="gent"></g></l></v><v><l t="т" id="390172"><g v="NOUN"></g><g v="anim"></g><g v="ms-f"></g><g v="Sgtm"></g><g v="Fixd"></g><g v="Abbr"></g><g v="Name"></g><g v="Init"></g><g v="sing"></g><g v="loct"></g></l></v><v><l t="т" id="390172"><g v="NOUN"></g><g v="anim"></g><g v="ms-f"></g><g v="Sgtm"></g><g v="Fixd"></g><g v="Abbr"></g><g v="Name"></g><g v="Init"></g><g v="sing"></g><g v="nomn"></g></l></v><v><l t="т" id="390173"><g v="NOUN"></g><g v="anim"></g><g v="ms-f"></g><g v="Sgtm"></g><g v="Fixd"></g><g v="Abbr"></g><g v="Patr"></g><g v="Init"></g><g v="sing"></g><g v="ablt"></g></l></v><v><l t="т" id="390173"><g v="NOUN"></g><g v="anim"></g><g v="ms-f"></g><g v="Sgtm"></g><g v="Fixd"></g><g v="Abbr"></g><g v="Patr"></g><g v="Init"></g><g v="sing"></g><g v="accs"></g></l></v><v><l t="т" id="390173"><g v="NOUN"></g><g v="anim"></g><g v="ms-f"></g><g v="Sgtm"></g><g v="Fixd"></g><g v="Abbr"></g><g v="Patr"></g><g v="Init"></g><g v="sing"></g><g v="datv"></g></l></v><v><l t="т" id="390173"><g v="NOUN"></g><g v="anim"></g><g v="ms-f"></g><g v="Sgtm"></g><g v="Fixd"></g><g v="Abbr"></g><g v="Patr"></g><g v="Init"></g><g v="sing"></g><g v="gent"></g></l></v><v><l t="т" id="390173"><g v="NOUN"></g><g v="anim"></g><g v="ms-f"></g><g v="Sgtm"></g><g v="Fixd"></g><g v="Abbr"></g><g v="Patr"></g><g v="Init"></g><g v="sing"></g><g v="loct"></g></l></v><v><l t="т" id="390173"><g v="NOUN"></g><g v="anim"></g><g v="ms-f"></g><g v="Sgtm"></g><g v="Fixd"></g><g v="Abbr"></g><g v="Patr"></g><g v="Init"></g><g v="sing"></g><g v="nomn"></g></l></v></tfr></token><token id="595004" text="."><tfr rev_id="1428075" t="."><v><l t="." id="0"><g v="PNCT"></g></l></v></tfr></token><token id="595005" text="Миннуллина"><tfr rev_id="1428076" t="Миннуллина"><v><l t="миннуллина" id="0"><g v="UNKN"></g></l></v></tfr></token><token id="595006" text="«"><tfr rev_id="2443375" t="«"><v><l t="«" id="0"><g v="PNCT"></g></l></v></tfr></token><token id="595007" text="Женихи"><tfr rev_id="1428078" t="Женихи"><v><l t="жених" id="96705"><g v="NOUN"></g><g v="anim"></g><g v="masc"></g><g v="plur"></g><g v="nomn"></g></l></v></tfr></token><token id="595008" text="»"><tfr rev_id="2443376" t="»"><v><l t="»" id="0"><g v="PNCT"></g></l></v></tfr></token><token id="595009" text="."><tfr rev_id="1428080" t="."><v><l t="." id="0"><g v="PNCT"></g></l></v></tfr></token></tokens></sentence></paragraph></paragraphs></text>