<?xml version="1.0" encoding="utf-8"?><text id="1106" parent="56" name="Лагерь в Гуантанамо должен быть закрыт"><tags><tag>url:http://ru.wikinews.org/w/index.php?title=Лагерь_в_Гуантанамо_должен_быть_закрыт&amp;oldid=43541</tag><tag>Автор:http://ru.wikinews.org/wiki/Участник:Ygrek</tag><tag>Дата:19/05</tag><tag>Год:2006</tag><tag>Тема:ВикиКатегория:Переведённые новости</tag><tag>Тема:ВикиКатегория:Политика США</tag><tag>Перевод:url:http://en.wikinews.org/wiki/Guantanamo_Bay_should_be_closed:_UN</tag><tag>Перевод:ЯзыкОригинала:Английский</tag></tags><paragraphs><paragraph id="10638"><sentence id="33337"><source>Комитет против пыток Организации Объединенных Наций предлагает Соединённым Штатам закрыть американскую военно-морскую базу Гуантанамо на Кубе, а также и секретные тюрьмы, которые, как полагают, находятся в Египте, Иордании и Восточной Европе.</source><tokens><token id="597053" text="Комитет"><tfr rev_id="4104861" t="Комитет"><v><l t="комитет" id="136923"><g v="NOUN"></g><g v="inan"></g><g v="masc"></g><g v="sing"></g><g v="nomn"></g></l></v></tfr></token><token id="597054" text="против"><tfr rev_id="4485204" t="против"><v><l t="против" id="285790"><g v="PREP"></g></l></v></tfr></token><token id="597055" text="пыток"><tfr rev_id="1430125" t="пыток"><v><l t="пытка" id="290094"><g v="NOUN"></g><g v="inan"></g><g v="femn"></g><g v="plur"></g><g v="gent"></g></l></v></tfr></token><token id="597056" text="Организации"><tfr rev_id="3487795" t="Организации"><v><l t="организация" id="208750"><g v="NOUN"></g><g v="inan"></g><g v="femn"></g><g v="sing"></g><g v="gent"></g></l></v><v><l t="организация" id="208750"><g v="NOUN"></g><g v="inan"></g><g v="femn"></g><g v="sing"></g><g v="datv"></g></l></v><v><l t="организация" id="208750"><g v="NOUN"></g><g v="inan"></g><g v="femn"></g><g v="sing"></g><g v="loct"></g></l></v></tfr></token><token id="597057" text="Объединенных"><tfr rev_id="3417918" t="Объединенных"><v><l t="объединённый" id="201759"><g v="PRTF"></g><g v="perf"></g><g v="tran"></g><g v="past"></g><g v="pssv"></g><g v="plur"></g><g v="gent"></g></l></v></tfr></token><token id="597058" text="Наций"><tfr rev_id="1430128" t="Наций"><v><l t="нация" id="178157"><g v="NOUN"></g><g v="inan"></g><g v="femn"></g><g v="plur"></g><g v="gent"></g></l></v></tfr></token><token id="597059" text="предлагает"><tfr rev_id="1430129" t="предлагает"><v><l t="предлагаю" id="266518"><g v="VERB"></g><g v="impf"></g><g v="tran"></g><g v="sing"></g><g v="3per"></g><g v="pres"></g><g v="indc"></g></l></v></tfr></token><token id="597060" text="Соединённым"><tfr rev_id="3685282" t="Соединённым"><v><l t="соединённый" id="328493"><g v="PRTF"></g><g v="perf"></g><g v="tran"></g><g v="past"></g><g v="pssv"></g><g v="Adjx"></g><g v="plur"></g><g v="datv"></g></l></v></tfr></token><token id="597061" text="Штатам"><tfr rev_id="1430131" t="Штатам"><v><l t="штат" id="381334"><g v="NOUN"></g><g v="inan"></g><g v="masc"></g><g v="plur"></g><g v="datv"></g></l></v></tfr></token><token id="597062" text="закрыть"><tfr rev_id="1430132" t="закрыть"><v><l t="закрыть" id="104249"><g v="INFN"></g><g v="perf"></g><g v="tran"></g></l></v></tfr></token><token id="597063" text="американскую"><tfr rev_id="1430133" t="американскую"><v><l t="американский" id="11429"><g v="ADJF"></g><g v="femn"></g><g v="sing"></g><g v="accs"></g></l></v></tfr></token><token id="597064" text="военно-морскую"><tfr rev_id="1430134" t="военно-морскую"><v><l t="военно-морской" id="48588"><g v="ADJF"></g><g v="femn"></g><g v="sing"></g><g v="accs"></g></l></v></tfr></token><token id="597065" text="базу"><tfr rev_id="3782979" t="базу"><v><l t="база" id="22146"><g v="NOUN"></g><g v="inan"></g><g v="femn"></g><g v="sing"></g><g v="accs"></g></l></v></tfr></token><token id="597066" text="Гуантанамо"><tfr rev_id="4153711" t="Гуантанамо"><v><l t="гуантанамо" id="76353"><g v="NOUN"></g><g v="inan"></g><g v="masc"></g><g v="Sgtm"></g><g v="Fixd"></g><g v="Geox"></g><g v="sing"></g><g v="nomn"></g></l></v></tfr></token><token id="597067" text="на"><tfr rev_id="3336579" t="на"><v><l t="на" id="166264"><g v="PREP"></g></l></v></tfr></token><token id="597068" text="Кубе"><tfr rev_id="3948422" t="Кубе"><v><l t="куба" id="144227"><g v="NOUN"></g><g v="inan"></g><g v="femn"></g><g v="Sgtm"></g><g v="Geox"></g><g v="sing"></g><g v="loct"></g></l></v></tfr></token><token id="597069" text=","><tfr rev_id="1430139" t=","><v><l t="," id="0"><g v="PNCT"></g></l></v></tfr></token><token id="597070" text="а"><tfr rev_id="3487584" t="а"><v><l t="а" id="51"><g v="CONJ"></g></l></v></tfr></token><token id="597071" text="также"><tfr rev_id="4267699" t="также"><v><l t="также" id="342482"><g v="PRCL"></g></l></v></tfr></token><token id="597072" text="и"><tfr rev_id="1430142" t="и"><v><l t="и" id="116949"><g v="CONJ"></g></l></v><v><l t="и" id="116950"><g v="INTJ"></g></l></v></tfr></token><token id="597073" text="секретные"><tfr rev_id="3860171" t="секретные"><v><l t="секретный" id="318063"><g v="ADJF"></g><g v="Qual"></g><g v="inan"></g><g v="plur"></g><g v="accs"></g></l></v></tfr></token><token id="597074" text="тюрьмы"><tfr rev_id="3801928" t="тюрьмы"><v><l t="тюрьма" id="352528"><g v="NOUN"></g><g v="inan"></g><g v="femn"></g><g v="plur"></g><g v="accs"></g></l></v></tfr></token><token id="597075" text=","><tfr rev_id="1430145" t=","><v><l t="," id="0"><g v="PNCT"></g></l></v></tfr></token><token id="597076" text="которые"><tfr rev_id="3795184" t="которые"><v><l t="который" id="141203"><g v="ADJF"></g><g v="Apro"></g><g v="Subx"></g><g v="Anph"></g><g v="plur"></g><g v="nomn"></g></l></v></tfr></token><token id="597077" text=","><tfr rev_id="1430147" t=","><v><l t="," id="0"><g v="PNCT"></g></l></v></tfr></token><token id="597078" text="как"><tfr rev_id="1430148" t="как"><v><l t="как" id="128190"><g v="CONJ"></g></l></v><v><l t="как" id="128191"><g v="PRCL"></g></l></v><v><l t="как" id="128192"><g v="ADVB"></g><g v="Ques"></g></l></v></tfr></token><token id="597079" text="полагают"><tfr rev_id="1430149" t="полагают"><v><l t="полагаю" id="255118"><g v="VERB"></g><g v="impf"></g><g v="tran"></g><g v="plur"></g><g v="3per"></g><g v="pres"></g><g v="indc"></g></l></v></tfr></token><token id="597080" text=","><tfr rev_id="1430150" t=","><v><l t="," id="0"><g v="PNCT"></g></l></v></tfr></token><token id="597081" text="находятся"><tfr rev_id="1430151" t="находятся"><v><l t="нахожусь" id="177898"><g v="VERB"></g><g v="impf"></g><g v="intr"></g><g v="plur"></g><g v="3per"></g><g v="pres"></g><g v="indc"></g></l></v><v><l t="находился" id="177903"><g v="VERB"></g><g v="perf"></g><g v="intr"></g><g v="plur"></g><g v="3per"></g><g v="futr"></g><g v="indc"></g></l></v></tfr></token><token id="597082" text="в"><tfr rev_id="1430152" t="в"><v><l t="в" id="37409"><g v="PREP"></g></l></v></tfr></token><token id="597083" text="Египте"><tfr rev_id="1430153" t="Египте"><v><l t="египет" id="94194"><g v="NOUN"></g><g v="inan"></g><g v="masc"></g><g v="Sgtm"></g><g v="Geox"></g><g v="sing"></g><g v="loct"></g></l></v></tfr></token><token id="597084" text=","><tfr rev_id="1430154" t=","><v><l t="," id="0"><g v="PNCT"></g></l></v></tfr></token><token id="597085" text="Иордании"><tfr rev_id="3455014" t="Иордании"><v><l t="иордания" id="123810"><g v="NOUN"></g><g v="inan"></g><g v="femn"></g><g v="Sgtm"></g><g v="Geox"></g><g v="sing"></g><g v="loct"></g></l></v></tfr></token><token id="597086" text="и"><tfr rev_id="3557703" t="и"><v><l t="и" id="116949"><g v="CONJ"></g></l></v></tfr></token><token id="597087" text="Восточной"><tfr rev_id="4166163" t="Восточной"><v><l t="восточный" id="51983"><g v="ADJF"></g><g v="Qual"></g><g v="femn"></g><g v="sing"></g><g v="loct"></g></l></v></tfr></token><token id="597088" text="Европе"><tfr rev_id="3540007" t="Европе"><v><l t="европа" id="94019"><g v="NOUN"></g><g v="inan"></g><g v="femn"></g><g v="Sgtm"></g><g v="Geox"></g><g v="sing"></g><g v="loct"></g></l></v></tfr></token><token id="597089" text="."><tfr rev_id="1430159" t="."><v><l t="." id="0"><g v="PNCT"></g></l></v></tfr></token></tokens></sentence></paragraph><paragraph id="10639"><sentence id="33338"><source>Комитет, состоящий из 10 независимых экспертов, призывает администрацию Буша положить конец использованию пыток и жёстокое обращение с подозреваемыми в терроризме.</source><tokens><token id="597090" text="Комитет"><tfr rev_id="3478095" t="Комитет"><v><l t="комитет" id="136923"><g v="NOUN"></g><g v="inan"></g><g v="masc"></g><g v="sing"></g><g v="nomn"></g></l></v></tfr></token><token id="597091" text=","><tfr rev_id="1430161" t=","><v><l t="," id="0"><g v="PNCT"></g></l></v></tfr></token><token id="597092" text="состоящий"><tfr rev_id="1430162" t="состоящий"><v><l t="состоящий" id="330565"><g v="PRTF"></g><g v="impf"></g><g v="intr"></g><g v="pres"></g><g v="actv"></g><g v="masc"></g><g v="sing"></g><g v="nomn"></g></l></v><v><l t="состоящий" id="330565"><g v="PRTF"></g><g v="impf"></g><g v="intr"></g><g v="pres"></g><g v="actv"></g><g v="inan"></g><g v="masc"></g><g v="sing"></g><g v="accs"></g></l></v></tfr></token><token id="597093" text="из"><tfr rev_id="2560390" t="из"><v><l t="из" id="117677"><g v="PREP"></g></l></v></tfr></token><token id="597094" text="10"><tfr rev_id="2461552" t="10"><v><l t="10" id="0"><g v="NUMB"></g></l></v></tfr></token><token id="597095" text="независимых"><tfr rev_id="4409118" t="независимых"><v><l t="независимый" id="182131"><g v="ADJF"></g><g v="Qual"></g><g v="plur"></g><g v="gent"></g></l></v></tfr></token><token id="597096" text="экспертов"><tfr rev_id="3540973" t="экспертов"><v><l t="эксперт" id="383582"><g v="NOUN"></g><g v="anim"></g><g v="masc"></g><g v="plur"></g><g v="gent"></g></l></v></tfr></token><token id="597097" text=","><tfr rev_id="1430167" t=","><v><l t="," id="0"><g v="PNCT"></g></l></v></tfr></token><token id="597098" text="призывает"><tfr rev_id="1430168" t="призывает"><v><l t="призываю" id="270689"><g v="VERB"></g><g v="impf"></g><g v="tran"></g><g v="sing"></g><g v="3per"></g><g v="pres"></g><g v="indc"></g></l></v></tfr></token><token id="597099" text="администрацию"><tfr rev_id="1430169" t="администрацию"><v><l t="администрация" id="5057"><g v="NOUN"></g><g v="inan"></g><g v="femn"></g><g v="sing"></g><g v="accs"></g></l></v></tfr></token><token id="597100" text="Буша"><tfr rev_id="3886631" t="Буша"><v><l t="буш" id="36908"><g v="NOUN"></g><g v="anim"></g><g v="masc"></g><g v="Sgtm"></g><g v="Surn"></g><g v="sing"></g><g v="gent"></g></l></v></tfr></token><token id="597101" text="положить"><tfr rev_id="1430171" t="положить"><v><l t="положить" id="256271"><g v="INFN"></g><g v="perf"></g><g v="tran"></g></l></v></tfr></token><token id="597102" text="конец"><tfr rev_id="4105641" t="конец"><v><l t="конец" id="137815"><g v="NOUN"></g><g v="inan"></g><g v="masc"></g><g v="sing"></g><g v="accs"></g></l></v></tfr></token><token id="597103" text="использованию"><tfr rev_id="1430173" t="использованию"><v><l t="использование" id="125417"><g v="NOUN"></g><g v="inan"></g><g v="neut"></g><g v="sing"></g><g v="datv"></g></l></v></tfr></token><token id="597104" text="пыток"><tfr rev_id="1430174" t="пыток"><v><l t="пытка" id="290094"><g v="NOUN"></g><g v="inan"></g><g v="femn"></g><g v="plur"></g><g v="gent"></g></l></v></tfr></token><token id="597105" text="и"><tfr rev_id="1430175" t="и"><v><l t="и" id="116949"><g v="CONJ"></g></l></v><v><l t="и" id="116950"><g v="INTJ"></g></l></v></tfr></token><token id="597106" text="жёстокое"><tfr rev_id="1430176" t="жёстокое"><v><l t="жестокий" id="96919"><g v="ADJF"></g><g v="Qual"></g><g v="neut"></g><g v="sing"></g><g v="nomn"></g></l></v><v><l t="жестокий" id="96919"><g v="ADJF"></g><g v="Qual"></g><g v="neut"></g><g v="sing"></g><g v="accs"></g></l></v></tfr></token><token id="597107" text="обращение"><tfr rev_id="1430177" t="обращение"><v><l t="обращение" id="198955"><g v="NOUN"></g><g v="inan"></g><g v="neut"></g><g v="sing"></g><g v="nomn"></g></l></v><v><l t="обращение" id="198955"><g v="NOUN"></g><g v="inan"></g><g v="neut"></g><g v="sing"></g><g v="accs"></g></l></v></tfr></token><token id="597108" text="с"><tfr rev_id="1430178" t="с"><v><l t="с" id="311151"><g v="PREP"></g></l></v></tfr></token><token id="597109" text="подозреваемыми"><tfr rev_id="4319603" t="подозреваемыми"><v><l t="подозреваемый" id="248457"><g v="PRTF"></g><g v="Subx"></g><g v="impf"></g><g v="tran"></g><g v="pres"></g><g v="pssv"></g><g v="plur"></g><g v="ablt"></g></l></v></tfr></token><token id="597110" text="в"><tfr rev_id="1430180" t="в"><v><l t="в" id="37409"><g v="PREP"></g></l></v></tfr></token><token id="597111" text="терроризме"><tfr rev_id="1430181" t="терроризме"><v><l t="терроризм" id="345638"><g v="NOUN"></g><g v="inan"></g><g v="masc"></g><g v="sing"></g><g v="loct"></g></l></v></tfr></token><token id="597112" text="."><tfr rev_id="1430182" t="."><v><l t="." id="0"><g v="PNCT"></g></l></v></tfr></token></tokens></sentence></paragraph><paragraph id="10640"><sentence id="33339"><source>В одиннадцатистраничном докладе, комитет отмечает, что США никого не должны содержать в секрете под контролем.</source><tokens><token id="597113" text="В"><tfr rev_id="1430183" t="В"><v><l t="в" id="37409"><g v="PREP"></g></l></v></tfr></token><token id="597114" text="одиннадцатистраничном"><tfr rev_id="1430184" t="одиннадцатистраничном"><v><l t="одиннадцатистраничном" id="0"><g v="UNKN"></g></l></v></tfr></token><token id="597115" text="докладе"><tfr rev_id="1430185" t="докладе"><v><l t="доклад" id="87236"><g v="NOUN"></g><g v="inan"></g><g v="masc"></g><g v="sing"></g><g v="loct"></g></l></v></tfr></token><token id="597116" text=","><tfr rev_id="1430186" t=","><v><l t="," id="0"><g v="PNCT"></g></l></v></tfr></token><token id="597117" text="комитет"><tfr rev_id="4233514" t="комитет"><v><l t="комитет" id="136923"><g v="NOUN"></g><g v="inan"></g><g v="masc"></g><g v="sing"></g><g v="nomn"></g></l></v></tfr></token><token id="597118" text="отмечает"><tfr rev_id="1430188" t="отмечает"><v><l t="отмечаю" id="215600"><g v="VERB"></g><g v="impf"></g><g v="tran"></g><g v="sing"></g><g v="3per"></g><g v="pres"></g><g v="indc"></g></l></v></tfr></token><token id="597119" text=","><tfr rev_id="1430189" t=","><v><l t="," id="0"><g v="PNCT"></g></l></v></tfr></token><token id="597120" text="что"><tfr rev_id="3196768" t="что"><v><l t="что" id="377004"><g v="CONJ"></g></l></v><v><l t="что" id="377005"><g v="NPRO"></g><g v="neut"></g><g v="sing"></g><g v="nomn"></g></l></v><v><l t="что" id="377005"><g v="NPRO"></g><g v="neut"></g><g v="sing"></g><g v="accs"></g></l></v><v><l t="что" id="377006"><g v="ADVB"></g><g v="Ques"></g></l></v><v><l t="что" id="388695"><g v="PRCL"></g></l></v></tfr></token><token id="597121" text="США"><tfr rev_id="3811369" t="США"><v><l t="сша" id="341371"><g v="NOUN"></g><g v="inan"></g><g v="GNdr"></g><g v="Pltm"></g><g v="Fixd"></g><g v="Abbr"></g><g v="Geox"></g><g v="plur"></g><g v="nomn"></g></l></v><v><l t="сша" id="341371"><g v="NOUN"></g><g v="inan"></g><g v="GNdr"></g><g v="Pltm"></g><g v="Fixd"></g><g v="Abbr"></g><g v="Geox"></g><g v="plur"></g><g v="gent"></g></l></v><v><l t="сша" id="341371"><g v="NOUN"></g><g v="inan"></g><g v="GNdr"></g><g v="Pltm"></g><g v="Fixd"></g><g v="Abbr"></g><g v="Geox"></g><g v="plur"></g><g v="datv"></g></l></v><v><l t="сша" id="341371"><g v="NOUN"></g><g v="inan"></g><g v="GNdr"></g><g v="Pltm"></g><g v="Fixd"></g><g v="Abbr"></g><g v="Geox"></g><g v="plur"></g><g v="accs"></g></l></v><v><l t="сша" id="341371"><g v="NOUN"></g><g v="inan"></g><g v="GNdr"></g><g v="Pltm"></g><g v="Fixd"></g><g v="Abbr"></g><g v="Geox"></g><g v="plur"></g><g v="ablt"></g></l></v><v><l t="сша" id="341371"><g v="NOUN"></g><g v="inan"></g><g v="GNdr"></g><g v="Pltm"></g><g v="Fixd"></g><g v="Abbr"></g><g v="Geox"></g><g v="plur"></g><g v="loct"></g></l></v></tfr></token><token id="597122" text="никого"><tfr rev_id="3541559" t="никого"><v><l t="никто" id="191016"><g v="NPRO"></g><g v="sing"></g><g v="accs"></g></l></v></tfr></token><token id="597123" text="не"><tfr rev_id="1430193" t="не"><v><l t="не" id="178876"><g v="PRCL"></g></l></v></tfr></token><token id="597124" text="должны"><tfr rev_id="2559307" t="должны"><v><l t="должен" id="87975"><g v="ADJS"></g><g v="plur"></g></l></v></tfr></token><token id="597125" text="содержать"><tfr rev_id="1430195" t="содержать"><v><l t="содержать" id="328413"><g v="INFN"></g><g v="impf"></g><g v="tran"></g></l></v></tfr></token><token id="597126" text="в"><tfr rev_id="1430196" t="в"><v><l t="в" id="37409"><g v="PREP"></g></l></v></tfr></token><token id="597127" text="секрете"><tfr rev_id="1430197" t="секрете"><v><l t="секрет" id="318031"><g v="NOUN"></g><g v="inan"></g><g v="masc"></g><g v="sing"></g><g v="loct"></g></l></v></tfr></token><token id="597128" text="под"><tfr rev_id="2603741" t="под"><v><l t="под" id="243755"><g v="PREP"></g></l></v></tfr></token><token id="597129" text="контролем"><tfr rev_id="1430199" t="контролем"><v><l t="контроль" id="138615"><g v="NOUN"></g><g v="inan"></g><g v="masc"></g><g v="sing"></g><g v="ablt"></g></l></v></tfr></token><token id="597130" text="."><tfr rev_id="1430200" t="."><v><l t="." id="0"><g v="PNCT"></g></l></v></tfr></token></tokens></sentence><sentence id="33340"><source>Комитет также сказал, что США должны обнародовать и расследовать любые такие случаи.</source><tokens><token id="597131" text="Комитет"><tfr rev_id="1430201" t="Комитет"><v><l t="комитет" id="136923"><g v="NOUN"></g><g v="inan"></g><g v="masc"></g><g v="sing"></g><g v="nomn"></g></l></v><v><l t="комитет" id="136923"><g v="NOUN"></g><g v="inan"></g><g v="masc"></g><g v="sing"></g><g v="accs"></g></l></v></tfr></token><token id="597132" text="также"><tfr rev_id="4267700" t="также"><v><l t="также" id="342482"><g v="PRCL"></g></l></v></tfr></token><token id="597133" text="сказал"><tfr rev_id="1430203" t="сказал"><v><l t="сказал" id="321532"><g v="VERB"></g><g v="perf"></g><g v="tran"></g><g v="masc"></g><g v="sing"></g><g v="past"></g><g v="indc"></g></l></v></tfr></token><token id="597134" text=","><tfr rev_id="1430204" t=","><v><l t="," id="0"><g v="PNCT"></g></l></v></tfr></token><token id="597135" text="что"><tfr rev_id="3196769" t="что"><v><l t="что" id="377004"><g v="CONJ"></g></l></v><v><l t="что" id="377005"><g v="NPRO"></g><g v="neut"></g><g v="sing"></g><g v="nomn"></g></l></v><v><l t="что" id="377005"><g v="NPRO"></g><g v="neut"></g><g v="sing"></g><g v="accs"></g></l></v><v><l t="что" id="377006"><g v="ADVB"></g><g v="Ques"></g></l></v><v><l t="что" id="388695"><g v="PRCL"></g></l></v></tfr></token><token id="597136" text="США"><tfr rev_id="3811370" t="США"><v><l t="сша" id="341371"><g v="NOUN"></g><g v="inan"></g><g v="GNdr"></g><g v="Pltm"></g><g v="Fixd"></g><g v="Abbr"></g><g v="Geox"></g><g v="plur"></g><g v="nomn"></g></l></v></tfr></token><token id="597137" text="должны"><tfr rev_id="2559308" t="должны"><v><l t="должен" id="87975"><g v="ADJS"></g><g v="plur"></g></l></v></tfr></token><token id="597138" text="обнародовать"><tfr rev_id="1430208" t="обнародовать"><v><l t="обнародовать" id="197754"><g v="INFN"></g><g v="perf"></g><g v="tran"></g></l></v></tfr></token><token id="597139" text="и"><tfr rev_id="1430209" t="и"><v><l t="и" id="116949"><g v="CONJ"></g></l></v><v><l t="и" id="116950"><g v="INTJ"></g></l></v></tfr></token><token id="597140" text="расследовать"><tfr rev_id="1430210" t="расследовать"><v><l t="расследовать" id="301079"><g v="INFN"></g><g v="perf"></g><g v="tran"></g></l></v><v><l t="расследовать" id="301080"><g v="INFN"></g><g v="impf"></g><g v="tran"></g></l></v></tfr></token><token id="597141" text="любые"><tfr rev_id="3808737" t="любые"><v><l t="любой" id="152026"><g v="ADJF"></g><g v="Apro"></g><g v="inan"></g><g v="plur"></g><g v="accs"></g></l></v></tfr></token><token id="597142" text="такие"><tfr rev_id="3750214" t="такие"><v><l t="такой" id="342491"><g v="ADJF"></g><g v="Apro"></g><g v="inan"></g><g v="plur"></g><g v="accs"></g></l></v></tfr></token><token id="597143" text="случаи"><tfr rev_id="3727393" t="случаи"><v><l t="случай" id="325472"><g v="NOUN"></g><g v="inan"></g><g v="masc"></g><g v="plur"></g><g v="accs"></g></l></v></tfr></token><token id="597144" text="."><tfr rev_id="1430214" t="."><v><l t="." id="0"><g v="PNCT"></g></l></v></tfr></token></tokens></sentence><sentence id="33341"><source>Предполагается, что США имеют множество секретных тюрем, куда подозреваемые транспортируются, и где они подвергаются допросам с использованием сомнительных методов, которые нарушают международные соглашения по правам человека.</source><tokens><token id="597145" text="Предполагается"><tfr rev_id="1430215" t="Предполагается"><v><l t="предполагаюсь" id="266820"><g v="VERB"></g><g v="impf"></g><g v="intr"></g><g v="sing"></g><g v="3per"></g><g v="pres"></g><g v="indc"></g></l></v></tfr></token><token id="597146" text=","><tfr rev_id="1430216" t=","><v><l t="," id="0"><g v="PNCT"></g></l></v></tfr></token><token id="597147" text="что"><tfr rev_id="3196770" t="что"><v><l t="что" id="377004"><g v="CONJ"></g></l></v><v><l t="что" id="377005"><g v="NPRO"></g><g v="neut"></g><g v="sing"></g><g v="nomn"></g></l></v><v><l t="что" id="377005"><g v="NPRO"></g><g v="neut"></g><g v="sing"></g><g v="accs"></g></l></v><v><l t="что" id="377006"><g v="ADVB"></g><g v="Ques"></g></l></v><v><l t="что" id="388695"><g v="PRCL"></g></l></v></tfr></token><token id="597148" text="США"><tfr rev_id="3811371" t="США"><v><l t="сша" id="341371"><g v="NOUN"></g><g v="inan"></g><g v="GNdr"></g><g v="Pltm"></g><g v="Fixd"></g><g v="Abbr"></g><g v="Geox"></g><g v="plur"></g><g v="nomn"></g></l></v></tfr></token><token id="597149" text="имеют"><tfr rev_id="1430219" t="имеют"><v><l t="имею" id="121610"><g v="VERB"></g><g v="impf"></g><g v="tran"></g><g v="plur"></g><g v="3per"></g><g v="pres"></g><g v="indc"></g></l></v></tfr></token><token id="597150" text="множество"><tfr rev_id="1430220" t="множество"><v><l t="множество" id="162121"><g v="NOUN"></g><g v="inan"></g><g v="neut"></g><g v="sing"></g><g v="nomn"></g></l></v><v><l t="множество" id="162121"><g v="NOUN"></g><g v="inan"></g><g v="neut"></g><g v="sing"></g><g v="accs"></g></l></v></tfr></token><token id="597151" text="секретных"><tfr rev_id="4197536" t="секретных"><v><l t="секретный" id="318063"><g v="ADJF"></g><g v="Qual"></g><g v="plur"></g><g v="gent"></g></l></v></tfr></token><token id="597152" text="тюрем"><tfr rev_id="1430222" t="тюрем"><v><l t="тюрьма" id="352528"><g v="NOUN"></g><g v="inan"></g><g v="femn"></g><g v="plur"></g><g v="gent"></g></l></v></tfr></token><token id="597153" text=","><tfr rev_id="1430223" t=","><v><l t="," id="0"><g v="PNCT"></g></l></v></tfr></token><token id="597154" text="куда"><tfr rev_id="4508652" t="куда"><v><l t="куда" id="144374"><g v="ADVB"></g><g v="Ques"></g></l></v><v><l t="куда" id="144375"><g v="NOUN"></g><g v="inan"></g><g v="femn"></g><g v="Sgtm"></g><g v="Geox"></g><g v="sing"></g><g v="nomn"></g></l></v><v><l t="куда" id="390062"><g v="PRCL"></g></l></v><v><l t="куда" id="390962"><g v="CONJ"></g></l></v></tfr></token><token id="597155" text="подозреваемые"><tfr rev_id="4319586" t="подозреваемые"><v><l t="подозреваемый" id="248457"><g v="PRTF"></g><g v="Subx"></g><g v="impf"></g><g v="tran"></g><g v="pres"></g><g v="pssv"></g><g v="plur"></g><g v="nomn"></g></l></v><v><l t="подозреваемый" id="248457"><g v="PRTF"></g><g v="Subx"></g><g v="impf"></g><g v="tran"></g><g v="pres"></g><g v="pssv"></g><g v="inan"></g><g v="plur"></g><g v="accs"></g></l></v></tfr></token><token id="597156" text="транспортируются"><tfr rev_id="1430226" t="транспортируются"><v><l t="транспортируюсь" id="349167"><g v="VERB"></g><g v="impf"></g><g v="intr"></g><g v="plur"></g><g v="3per"></g><g v="pres"></g><g v="indc"></g></l></v></tfr></token><token id="597157" text=","><tfr rev_id="1430227" t=","><v><l t="," id="0"><g v="PNCT"></g></l></v></tfr></token><token id="597158" text="и"><tfr rev_id="1430228" t="и"><v><l t="и" id="116949"><g v="CONJ"></g></l></v><v><l t="и" id="116950"><g v="INTJ"></g></l></v></tfr></token><token id="597159" text="где"><tfr rev_id="2636455" t="где"><v><l t="где" id="67984"><g v="ADVB"></g><g v="Ques"></g></l></v><v><l t="где" id="388669"><g v="CONJ"></g></l></v></tfr></token><token id="597160" text="они"><tfr rev_id="3599364" t="они"><v><l t="они" id="206619"><g v="NPRO"></g><g v="3per"></g><g v="Anph"></g><g v="plur"></g><g v="nomn"></g></l></v></tfr></token><token id="597161" text="подвергаются"><tfr rev_id="1430231" t="подвергаются"><v><l t="подвергаюсь" id="244348"><g v="VERB"></g><g v="impf"></g><g v="intr"></g><g v="plur"></g><g v="3per"></g><g v="pres"></g><g v="indc"></g></l></v></tfr></token><token id="597162" text="допросам"><tfr rev_id="1430232" t="допросам"><v><l t="допрос" id="89425"><g v="NOUN"></g><g v="inan"></g><g v="masc"></g><g v="plur"></g><g v="datv"></g></l></v></tfr></token><token id="597163" text="с"><tfr rev_id="1430233" t="с"><v><l t="с" id="311151"><g v="PREP"></g></l></v></tfr></token><token id="597164" text="использованием"><tfr rev_id="1430234" t="использованием"><v><l t="использование" id="125417"><g v="NOUN"></g><g v="inan"></g><g v="neut"></g><g v="sing"></g><g v="ablt"></g></l></v></tfr></token><token id="597165" text="сомнительных"><tfr rev_id="4360640" t="сомнительных"><v><l t="сомнительный" id="329387"><g v="ADJF"></g><g v="Qual"></g><g v="plur"></g><g v="gent"></g></l></v></tfr></token><token id="597166" text="методов"><tfr rev_id="1430236" t="методов"><v><l t="метод" id="159259"><g v="NOUN"></g><g v="inan"></g><g v="masc"></g><g v="plur"></g><g v="gent"></g></l></v></tfr></token><token id="597167" text=","><tfr rev_id="1430237" t=","><v><l t="," id="0"><g v="PNCT"></g></l></v></tfr></token><token id="597168" text="которые"><tfr rev_id="4074781" t="которые"><v><l t="который" id="141203"><g v="ADJF"></g><g v="Apro"></g><g v="Subx"></g><g v="Anph"></g><g v="plur"></g><g v="nomn"></g></l></v></tfr></token><token id="597169" text="нарушают"><tfr rev_id="1430239" t="нарушают"><v><l t="нарушаю" id="174871"><g v="VERB"></g><g v="impf"></g><g v="tran"></g><g v="plur"></g><g v="3per"></g><g v="pres"></g><g v="indc"></g></l></v></tfr></token><token id="597170" text="международные"><tfr rev_id="3767491" t="международные"><v><l t="международный" id="157346"><g v="ADJF"></g><g v="inan"></g><g v="plur"></g><g v="accs"></g></l></v></tfr></token><token id="597171" text="соглашения"><tfr rev_id="3801854" t="соглашения"><v><l t="соглашение" id="328305"><g v="NOUN"></g><g v="inan"></g><g v="neut"></g><g v="plur"></g><g v="accs"></g></l></v></tfr></token><token id="597172" text="по"><tfr rev_id="1430242" t="по"><v><l t="по" id="241240"><g v="PREP"></g></l></v></tfr></token><token id="597173" text="правам"><tfr rev_id="1430243" t="правам"><v><l t="право" id="265680"><g v="NOUN"></g><g v="inan"></g><g v="neut"></g><g v="plur"></g><g v="datv"></g></l></v></tfr></token><token id="597174" text="человека"><tfr rev_id="3702007" t="человека"><v><l t="человек" id="375073"><g v="NOUN"></g><g v="anim"></g><g v="masc"></g><g v="sing"></g><g v="gent"></g></l></v></tfr></token><token id="597175" text="."><tfr rev_id="1430245" t="."><v><l t="." id="0"><g v="PNCT"></g></l></v></tfr></token></tokens></sentence></paragraph><paragraph id="10641"><sentence id="33342"><source>В начале месяца США послали 30 чиновникам, которые участвовали в слушаниях комитета по пытками, заседающему в Женеве.</source><tokens><token id="597176" text="В"><tfr rev_id="1430246" t="В"><v><l t="в" id="37409"><g v="PREP"></g></l></v></tfr></token><token id="597177" text="начале"><tfr rev_id="1430247" t="начале"><v><l t="начало" id="178196"><g v="NOUN"></g><g v="inan"></g><g v="neut"></g><g v="sing"></g><g v="loct"></g></l></v></tfr></token><token id="597178" text="месяца"><tfr rev_id="1430248" t="месяца"><v><l t="месяц" id="158841"><g v="NOUN"></g><g v="inan"></g><g v="masc"></g><g v="sing"></g><g v="gent"></g></l></v></tfr></token><token id="597179" text="США"><tfr rev_id="3811372" t="США"><v><l t="сша" id="341371"><g v="NOUN"></g><g v="inan"></g><g v="GNdr"></g><g v="Pltm"></g><g v="Fixd"></g><g v="Abbr"></g><g v="Geox"></g><g v="plur"></g><g v="nomn"></g></l></v></tfr></token><token id="597180" text="послали"><tfr rev_id="1430250" t="послали"><v><l t="послал" id="261532"><g v="VERB"></g><g v="perf"></g><g v="tran"></g><g v="plur"></g><g v="past"></g><g v="indc"></g></l></v></tfr></token><token id="597181" text="30"><tfr rev_id="2461553" t="30"><v><l t="30" id="0"><g v="NUMB"></g></l></v></tfr></token><token id="597182" text="чиновникам"><tfr rev_id="1430252" t="чиновникам"><v><l t="чиновник" id="376482"><g v="NOUN"></g><g v="anim"></g><g v="masc"></g><g v="plur"></g><g v="datv"></g></l></v></tfr></token><token id="597183" text=","><tfr rev_id="1430253" t=","><v><l t="," id="0"><g v="PNCT"></g></l></v></tfr></token><token id="597184" text="которые"><tfr rev_id="4074891" t="которые"><v><l t="который" id="141203"><g v="ADJF"></g><g v="Apro"></g><g v="Subx"></g><g v="Anph"></g><g v="plur"></g><g v="nomn"></g></l></v></tfr></token><token id="597185" text="участвовали"><tfr rev_id="1430255" t="участвовали"><v><l t="участвую" id="363127"><g v="VERB"></g><g v="impf"></g><g v="intr"></g><g v="plur"></g><g v="past"></g><g v="indc"></g></l></v></tfr></token><token id="597186" text="в"><tfr rev_id="1430256" t="в"><v><l t="в" id="37409"><g v="PREP"></g></l></v></tfr></token><token id="597187" text="слушаниях"><tfr rev_id="1430257" t="слушаниях"><v><l t="слушание" id="325508"><g v="NOUN"></g><g v="inan"></g><g v="neut"></g><g v="plur"></g><g v="loct"></g></l></v></tfr></token><token id="597188" text="комитета"><tfr rev_id="1430258" t="комитета"><v><l t="комитет" id="136923"><g v="NOUN"></g><g v="inan"></g><g v="masc"></g><g v="sing"></g><g v="gent"></g></l></v></tfr></token><token id="597189" text="по"><tfr rev_id="1430259" t="по"><v><l t="по" id="241240"><g v="PREP"></g></l></v></tfr></token><token id="597190" text="пытками"><tfr rev_id="1430260" t="пытками"><v><l t="пытка" id="290094"><g v="NOUN"></g><g v="inan"></g><g v="femn"></g><g v="plur"></g><g v="ablt"></g></l></v></tfr></token><token id="597191" text=","><tfr rev_id="1430261" t=","><v><l t="," id="0"><g v="PNCT"></g></l></v></tfr></token><token id="597192" text="заседающему"><tfr rev_id="3443153" t="заседающему"><v><l t="заседающий" id="109410"><g v="PRTF"></g><g v="impf"></g><g v="intr"></g><g v="pres"></g><g v="actv"></g><g v="masc"></g><g v="sing"></g><g v="datv"></g></l></v></tfr></token><token id="597193" text="в"><tfr rev_id="1430263" t="в"><v><l t="в" id="37409"><g v="PREP"></g></l></v></tfr></token><token id="597194" text="Женеве"><tfr rev_id="3447502" t="Женеве"><v><l t="женева" id="96668"><g v="NOUN"></g><g v="inan"></g><g v="femn"></g><g v="Sgtm"></g><g v="Geox"></g><g v="sing"></g><g v="loct"></g></l></v></tfr></token><token id="597195" text="."><tfr rev_id="1430265" t="."><v><l t="." id="0"><g v="PNCT"></g></l></v></tfr></token></tokens></sentence><sentence id="33343"><source>Делегация США была подвергнута критике, так как она была не в состоянии прокомментировать вопросы, касающиеся предполагаемых секретных тюрем.</source><tokens><token id="597196" text="Делегация"><tfr rev_id="1430266" t="Делегация"><v><l t="делегация" id="80544"><g v="NOUN"></g><g v="inan"></g><g v="femn"></g><g v="sing"></g><g v="nomn"></g></l></v></tfr></token><token id="597197" text="США"><tfr rev_id="4457181" t="США"><v><l t="сша" id="341371"><g v="NOUN"></g><g v="inan"></g><g v="GNdr"></g><g v="Pltm"></g><g v="Fixd"></g><g v="Abbr"></g><g v="Geox"></g><g v="plur"></g><g v="gent"></g></l></v></tfr></token><token id="597198" text="была"><tfr rev_id="1430268" t="была"><v><l t="есть" id="37265"><g v="VERB"></g><g v="impf"></g><g v="intr"></g><g v="femn"></g><g v="sing"></g><g v="past"></g><g v="indc"></g></l></v></tfr></token><token id="597199" text="подвергнута"><tfr rev_id="1430269" t="подвергнута"><v><l t="подвергнут" id="244357"><g v="PRTS"></g><g v="perf"></g><g v="past"></g><g v="pssv"></g><g v="femn"></g><g v="sing"></g></l></v></tfr></token><token id="597200" text="критике"><tfr rev_id="3309767" t="критике"><v><l t="критика" id="142954"><g v="NOUN"></g><g v="inan"></g><g v="femn"></g><g v="sing"></g><g v="datv"></g></l></v></tfr></token><token id="597201" text=","><tfr rev_id="1430271" t=","><v><l t="," id="0"><g v="PNCT"></g></l></v></tfr></token><token id="597202" text="так"><tfr rev_id="1430272" t="так"><v><l t="так" id="342451"><g v="CONJ"></g></l></v><v><l t="так" id="342452"><g v="PRCL"></g></l></v><v><l t="так" id="342453"><g v="ADVB"></g><g v="Dmns"></g></l></v></tfr></token><token id="597203" text="как"><tfr rev_id="1430273" t="как"><v><l t="как" id="128190"><g v="CONJ"></g></l></v><v><l t="как" id="128191"><g v="PRCL"></g></l></v><v><l t="как" id="128192"><g v="ADVB"></g><g v="Ques"></g></l></v></tfr></token><token id="597204" text="она"><tfr rev_id="3586450" t="она"><v><l t="она" id="206544"><g v="NPRO"></g><g v="femn"></g><g v="3per"></g><g v="Anph"></g><g v="sing"></g><g v="nomn"></g></l></v></tfr></token><token id="597205" text="была"><tfr rev_id="1430275" t="была"><v><l t="есть" id="37265"><g v="VERB"></g><g v="impf"></g><g v="intr"></g><g v="femn"></g><g v="sing"></g><g v="past"></g><g v="indc"></g></l></v></tfr></token><token id="597206" text="не"><tfr rev_id="1430276" t="не"><v><l t="не" id="178876"><g v="PRCL"></g></l></v></tfr></token><token id="597207" text="в"><tfr rev_id="1430277" t="в"><v><l t="в" id="37409"><g v="PREP"></g></l></v></tfr></token><token id="597208" text="состоянии"><tfr rev_id="1430278" t="состоянии"><v><l t="состояние" id="330557"><g v="NOUN"></g><g v="inan"></g><g v="neut"></g><g v="sing"></g><g v="loct"></g></l></v></tfr></token><token id="597209" text="прокомментировать"><tfr rev_id="1430279" t="прокомментировать"><v><l t="прокомментировать" id="280913"><g v="INFN"></g><g v="perf"></g><g v="tran"></g></l></v></tfr></token><token id="597210" text="вопросы"><tfr rev_id="3757467" t="вопросы"><v><l t="вопрос" id="50830"><g v="NOUN"></g><g v="inan"></g><g v="masc"></g><g v="plur"></g><g v="accs"></g></l></v></tfr></token><token id="597211" text=","><tfr rev_id="1430281" t=","><v><l t="," id="0"><g v="PNCT"></g></l></v></tfr></token><token id="597212" text="касающиеся"><tfr rev_id="4337820" t="касающиеся"><v><l t="касающийся" id="130963"><g v="PRTF"></g><g v="impf"></g><g v="intr"></g><g v="pres"></g><g v="actv"></g><g v="inan"></g><g v="plur"></g><g v="accs"></g></l></v></tfr></token><token id="597213" text="предполагаемых"><tfr rev_id="3684931" t="предполагаемых"><v><l t="предполагаемый" id="266817"><g v="PRTF"></g><g v="impf"></g><g v="tran"></g><g v="pres"></g><g v="pssv"></g><g v="Adjx"></g><g v="plur"></g><g v="gent"></g></l></v></tfr></token><token id="597214" text="секретных"><tfr rev_id="3824219" t="секретных"><v><l t="секретный" id="318063"><g v="ADJF"></g><g v="Qual"></g><g v="plur"></g><g v="gent"></g></l></v></tfr></token><token id="597215" text="тюрем"><tfr rev_id="1430285" t="тюрем"><v><l t="тюрьма" id="352528"><g v="NOUN"></g><g v="inan"></g><g v="femn"></g><g v="plur"></g><g v="gent"></g></l></v></tfr></token><token id="597216" text="."><tfr rev_id="1430286" t="."><v><l t="." id="0"><g v="PNCT"></g></l></v></tfr></token></tokens></sentence></paragraph><paragraph id="10642"><sentence id="33344"><source>Комитет установил, что было свидетельство, что американский военный персонал в Ираке и в Авганистане нарушал права некоторых задержанных.</source><tokens><token id="597217" text="Комитет"><tfr rev_id="4100729" t="Комитет"><v><l t="комитет" id="136923"><g v="NOUN"></g><g v="inan"></g><g v="masc"></g><g v="sing"></g><g v="nomn"></g></l></v></tfr></token><token id="597218" text="установил"><tfr rev_id="1430288" t="установил"><v><l t="установил" id="360981"><g v="VERB"></g><g v="perf"></g><g v="tran"></g><g v="masc"></g><g v="sing"></g><g v="past"></g><g v="indc"></g></l></v></tfr></token><token id="597219" text=","><tfr rev_id="1430289" t=","><v><l t="," id="0"><g v="PNCT"></g></l></v></tfr></token><token id="597220" text="что"><tfr rev_id="3196771" t="что"><v><l t="что" id="377004"><g v="CONJ"></g></l></v><v><l t="что" id="377005"><g v="NPRO"></g><g v="neut"></g><g v="sing"></g><g v="nomn"></g></l></v><v><l t="что" id="377005"><g v="NPRO"></g><g v="neut"></g><g v="sing"></g><g v="accs"></g></l></v><v><l t="что" id="377006"><g v="ADVB"></g><g v="Ques"></g></l></v><v><l t="что" id="388695"><g v="PRCL"></g></l></v></tfr></token><token id="597221" text="было"><tfr rev_id="4256816" t="было"><v><l t="есть" id="37265"><g v="VERB"></g><g v="impf"></g><g v="intr"></g><g v="neut"></g><g v="sing"></g><g v="past"></g><g v="indc"></g></l></v></tfr></token><token id="597222" text="свидетельство"><tfr rev_id="1430292" t="свидетельство"><v><l t="свидетельство" id="315885"><g v="NOUN"></g><g v="inan"></g><g v="neut"></g><g v="sing"></g><g v="nomn"></g></l></v><v><l t="свидетельство" id="315885"><g v="NOUN"></g><g v="inan"></g><g v="neut"></g><g v="sing"></g><g v="accs"></g></l></v></tfr></token><token id="597223" text=","><tfr rev_id="1430293" t=","><v><l t="," id="0"><g v="PNCT"></g></l></v></tfr></token><token id="597224" text="что"><tfr rev_id="3196772" t="что"><v><l t="что" id="377004"><g v="CONJ"></g></l></v><v><l t="что" id="377005"><g v="NPRO"></g><g v="neut"></g><g v="sing"></g><g v="nomn"></g></l></v><v><l t="что" id="377005"><g v="NPRO"></g><g v="neut"></g><g v="sing"></g><g v="accs"></g></l></v><v><l t="что" id="377006"><g v="ADVB"></g><g v="Ques"></g></l></v><v><l t="что" id="388695"><g v="PRCL"></g></l></v></tfr></token><token id="597225" text="американский"><tfr rev_id="3667680" t="американский"><v><l t="американский" id="11429"><g v="ADJF"></g><g v="masc"></g><g v="sing"></g><g v="nomn"></g></l></v></tfr></token><token id="597226" text="военный"><tfr rev_id="4493854" t="военный"><v><l t="военный" id="48619"><g v="ADJF"></g><g v="masc"></g><g v="sing"></g><g v="nomn"></g></l></v><v><l t="военный" id="48619"><g v="ADJF"></g><g v="inan"></g><g v="masc"></g><g v="sing"></g><g v="accs"></g></l></v></tfr></token><token id="597227" text="персонал"><tfr rev_id="3503339" t="персонал"><v><l t="персонал" id="237447"><g v="NOUN"></g><g v="inan"></g><g v="masc"></g><g v="sing"></g><g v="nomn"></g></l></v></tfr></token><token id="597228" text="в"><tfr rev_id="1430298" t="в"><v><l t="в" id="37409"><g v="PREP"></g></l></v></tfr></token><token id="597229" text="Ираке"><tfr rev_id="1430299" t="Ираке"><v><l t="ирак" id="123896"><g v="NOUN"></g><g v="inan"></g><g v="masc"></g><g v="Geox"></g><g v="sing"></g><g v="loct"></g></l></v></tfr></token><token id="597230" text="и"><tfr rev_id="1430300" t="и"><v><l t="и" id="116949"><g v="CONJ"></g></l></v><v><l t="и" id="116950"><g v="INTJ"></g></l></v></tfr></token><token id="597231" text="в"><tfr rev_id="1430301" t="в"><v><l t="в" id="37409"><g v="PREP"></g></l></v></tfr></token><token id="597232" text="Авганистане"><tfr rev_id="1430302" t="Авганистане"><v><l t="авганистане" id="0"><g v="UNKN"></g></l></v></tfr></token><token id="597233" text="нарушал"><tfr rev_id="1430303" t="нарушал"><v><l t="нарушаю" id="174871"><g v="VERB"></g><g v="impf"></g><g v="tran"></g><g v="masc"></g><g v="sing"></g><g v="past"></g><g v="indc"></g></l></v></tfr></token><token id="597234" text="права"><tfr rev_id="3802354" t="права"><v><l t="право" id="265680"><g v="NOUN"></g><g v="inan"></g><g v="neut"></g><g v="plur"></g><g v="accs"></g></l></v></tfr></token><token id="597235" text="некоторых"><tfr rev_id="4473834" t="некоторых"><v><l t="некоторый" id="183542"><g v="ADJF"></g><g v="Apro"></g><g v="plur"></g><g v="gent"></g></l></v><v><l t="некоторый" id="183542"><g v="ADJF"></g><g v="Apro"></g><g v="anim"></g><g v="plur"></g><g v="accs"></g></l></v><v><l t="некоторый" id="183542"><g v="ADJF"></g><g v="Apro"></g><g v="plur"></g><g v="loct"></g></l></v></tfr></token><token id="597236" text="задержанных"><tfr rev_id="4137577" t="задержанных"><v><l t="задержанный" id="101572"><g v="PRTF"></g><g v="Subx"></g><g v="perf"></g><g v="tran"></g><g v="past"></g><g v="pssv"></g><g v="plur"></g><g v="gent"></g></l></v></tfr></token><token id="597237" text="."><tfr rev_id="1430307" t="."><v><l t="." id="0"><g v="PNCT"></g></l></v></tfr></token></tokens></sentence><sentence id="33345"><source>Комитет сказал, что некоторые из методов США привели к смертельным случаям заключенных во время допросов.</source><tokens><token id="597238" text="Комитет"><tfr rev_id="1430308" t="Комитет"><v><l t="комитет" id="136923"><g v="NOUN"></g><g v="inan"></g><g v="masc"></g><g v="sing"></g><g v="nomn"></g></l></v><v><l t="комитет" id="136923"><g v="NOUN"></g><g v="inan"></g><g v="masc"></g><g v="sing"></g><g v="accs"></g></l></v></tfr></token><token id="597239" text="сказал"><tfr rev_id="1430309" t="сказал"><v><l t="сказал" id="321532"><g v="VERB"></g><g v="perf"></g><g v="tran"></g><g v="masc"></g><g v="sing"></g><g v="past"></g><g v="indc"></g></l></v></tfr></token><token id="597240" text=","><tfr rev_id="1430310" t=","><v><l t="," id="0"><g v="PNCT"></g></l></v></tfr></token><token id="597241" text="что"><tfr rev_id="3196773" t="что"><v><l t="что" id="377004"><g v="CONJ"></g></l></v><v><l t="что" id="377005"><g v="NPRO"></g><g v="neut"></g><g v="sing"></g><g v="nomn"></g></l></v><v><l t="что" id="377005"><g v="NPRO"></g><g v="neut"></g><g v="sing"></g><g v="accs"></g></l></v><v><l t="что" id="377006"><g v="ADVB"></g><g v="Ques"></g></l></v><v><l t="что" id="388695"><g v="PRCL"></g></l></v></tfr></token><token id="597242" text="некоторые"><tfr rev_id="4472440" t="некоторые"><v><l t="некоторые" id="183541"><g v="NPRO"></g><g v="plur"></g><g v="nomn"></g></l></v><v><l t="некоторые" id="183541"><g v="NPRO"></g><g v="inan"></g><g v="plur"></g><g v="accs"></g></l></v></tfr></token><token id="597243" text="из"><tfr rev_id="2602982" t="из"><v><l t="из" id="117677"><g v="PREP"></g></l></v></tfr></token><token id="597244" text="методов"><tfr rev_id="1430314" t="методов"><v><l t="метод" id="159259"><g v="NOUN"></g><g v="inan"></g><g v="masc"></g><g v="plur"></g><g v="gent"></g></l></v></tfr></token><token id="597245" text="США"><tfr rev_id="3811374" t="США"><v><l t="сша" id="341371"><g v="NOUN"></g><g v="inan"></g><g v="GNdr"></g><g v="Pltm"></g><g v="Fixd"></g><g v="Abbr"></g><g v="Geox"></g><g v="plur"></g><g v="gent"></g></l></v></tfr></token><token id="597246" text="привели"><tfr rev_id="1430316" t="привели"><v><l t="привёл" id="269205"><g v="VERB"></g><g v="perf"></g><g v="tran"></g><g v="plur"></g><g v="past"></g><g v="indc"></g></l></v></tfr></token><token id="597247" text="к"><tfr rev_id="1430317" t="к"><v><l t="к" id="127460"><g v="PREP"></g></l></v></tfr></token><token id="597248" text="смертельным"><tfr rev_id="3668467" t="смертельным"><v><l t="смертельный" id="326136"><g v="ADJF"></g><g v="plur"></g><g v="datv"></g></l></v></tfr></token><token id="597249" text="случаям"><tfr rev_id="1430319" t="случаям"><v><l t="случай" id="325472"><g v="NOUN"></g><g v="inan"></g><g v="masc"></g><g v="plur"></g><g v="datv"></g></l></v></tfr></token><token id="597250" text="заключенных"><tfr rev_id="4455597" t="заключенных"><v><l t="заключённый" id="103488"><g v="PRTF"></g><g v="Subx"></g><g v="perf"></g><g v="tran"></g><g v="past"></g><g v="pssv"></g><g v="Adjx"></g><g v="plur"></g><g v="gent"></g></l></v></tfr></token><token id="597251" text="во"><tfr rev_id="2920230" t="во"><v><l t="в" id="37409"><g v="PREP"></g><g v="Vpre"></g></l></v></tfr></token><token id="597252" text="время"><tfr rev_id="3531481" t="время"><v><l t="время" id="53149"><g v="NOUN"></g><g v="inan"></g><g v="neut"></g><g v="sing"></g><g v="accs"></g></l></v></tfr></token><token id="597253" text="допросов"><tfr rev_id="1430323" t="допросов"><v><l t="допрос" id="89425"><g v="NOUN"></g><g v="inan"></g><g v="masc"></g><g v="plur"></g><g v="gent"></g></l></v></tfr></token><token id="597254" text="."><tfr rev_id="1430324" t="."><v><l t="." id="0"><g v="PNCT"></g></l></v></tfr></token></tokens></sentence><sentence id="33346"><source>Комитет далее утверждал, что «неопределенные» руководящие принципы вели к злоупотреблению в отношении задержанных.</source><tokens><token id="597255" text="Комитет"><tfr rev_id="3477967" t="Комитет"><v><l t="комитет" id="136923"><g v="NOUN"></g><g v="inan"></g><g v="masc"></g><g v="sing"></g><g v="nomn"></g></l></v></tfr></token><token id="597256" text="далее"><tfr rev_id="1430326" t="далее"><v><l t="далее" id="77935"><g v="ADVB"></g></l></v></tfr></token><token id="597257" text="утверждал"><tfr rev_id="1430327" t="утверждал"><v><l t="утверждаю" id="361706"><g v="VERB"></g><g v="impf"></g><g v="tran"></g><g v="masc"></g><g v="sing"></g><g v="past"></g><g v="indc"></g></l></v><v><l t="утверждаю" id="361713"><g v="VERB"></g><g v="impf"></g><g v="intr"></g><g v="masc"></g><g v="sing"></g><g v="past"></g><g v="indc"></g></l></v></tfr></token><token id="597258" text=","><tfr rev_id="1430328" t=","><v><l t="," id="0"><g v="PNCT"></g></l></v></tfr></token><token id="597259" text="что"><tfr rev_id="3196774" t="что"><v><l t="что" id="377004"><g v="CONJ"></g></l></v><v><l t="что" id="377005"><g v="NPRO"></g><g v="neut"></g><g v="sing"></g><g v="nomn"></g></l></v><v><l t="что" id="377005"><g v="NPRO"></g><g v="neut"></g><g v="sing"></g><g v="accs"></g></l></v><v><l t="что" id="377006"><g v="ADVB"></g><g v="Ques"></g></l></v><v><l t="что" id="388695"><g v="PRCL"></g></l></v></tfr></token><token id="597260" text="«"><tfr rev_id="2443448" t="«"><v><l t="«" id="0"><g v="PNCT"></g></l></v></tfr></token><token id="597261" text="неопределенные"><tfr rev_id="3767488" t="неопределенные"><v><l t="неопределённый" id="185116"><g v="ADJF"></g><g v="Qual"></g><g v="plur"></g><g v="nomn"></g></l></v></tfr></token><token id="597262" text="»"><tfr rev_id="2443449" t="»"><v><l t="»" id="0"><g v="PNCT"></g></l></v></tfr></token><token id="597263" text="руководящие"><tfr rev_id="1430333" t="руководящие"><v><l t="руководящий" id="309991"><g v="PRTF"></g><g v="impf"></g><g v="intr"></g><g v="pres"></g><g v="actv"></g><g v="plur"></g><g v="nomn"></g></l></v><v><l t="руководящий" id="309991"><g v="PRTF"></g><g v="impf"></g><g v="intr"></g><g v="pres"></g><g v="actv"></g><g v="inan"></g><g v="plur"></g><g v="accs"></g></l></v><v><l t="руководящий" id="309996"><g v="PRTF"></g><g v="impf"></g><g v="tran"></g><g v="pres"></g><g v="actv"></g><g v="plur"></g><g v="nomn"></g></l></v><v><l t="руководящий" id="309996"><g v="PRTF"></g><g v="impf"></g><g v="tran"></g><g v="pres"></g><g v="actv"></g><g v="inan"></g><g v="plur"></g><g v="accs"></g></l></v><v><l t="руководящий" id="310019"><g v="ADJF"></g><g v="plur"></g><g v="nomn"></g></l></v><v><l t="руководящий" id="310019"><g v="ADJF"></g><g v="inan"></g><g v="plur"></g><g v="accs"></g></l></v></tfr></token><token id="597264" text="принципы"><tfr rev_id="3751380" t="принципы"><v><l t="принцип" id="272678"><g v="NOUN"></g><g v="inan"></g><g v="masc"></g><g v="plur"></g><g v="nomn"></g></l></v></tfr></token><token id="597265" text="вели"><tfr rev_id="1715879" t="вели"><v><l t="велел" id="40584"><g v="VERB"></g><g v="perf"></g><g v="intr"></g><g v="sing"></g><g v="impr"></g><g v="excl"></g></l></v><v><l t="велю" id="40585"><g v="VERB"></g><g v="impf"></g><g v="intr"></g><g v="sing"></g><g v="impr"></g><g v="excl"></g></l></v><v><l t="веду" id="42110"><g v="VERB"></g><g v="impf"></g><g v="tran"></g><g v="plur"></g><g v="past"></g><g v="indc"></g></l></v></tfr></token><token id="597266" text="к"><tfr rev_id="1430336" t="к"><v><l t="к" id="127460"><g v="PREP"></g></l></v></tfr></token><token id="597267" text="злоупотреблению"><tfr rev_id="1430337" t="злоупотреблению"><v><l t="злоупотребление" id="115809"><g v="NOUN"></g><g v="inan"></g><g v="neut"></g><g v="sing"></g><g v="datv"></g></l></v></tfr></token><token id="597268" text="в"><tfr rev_id="1430338" t="в"><v><l t="в" id="37409"><g v="PREP"></g></l></v></tfr></token><token id="597269" text="отношении"><tfr rev_id="1430339" t="отношении"><v><l t="отношение" id="215944"><g v="NOUN"></g><g v="inan"></g><g v="neut"></g><g v="sing"></g><g v="loct"></g></l></v></tfr></token><token id="597270" text="задержанных"><tfr rev_id="4137578" t="задержанных"><v><l t="задержанный" id="101572"><g v="PRTF"></g><g v="Subx"></g><g v="perf"></g><g v="tran"></g><g v="past"></g><g v="pssv"></g><g v="plur"></g><g v="gent"></g></l></v><v><l t="задержанный" id="101572"><g v="PRTF"></g><g v="Subx"></g><g v="perf"></g><g v="tran"></g><g v="past"></g><g v="pssv"></g><g v="anim"></g><g v="plur"></g><g v="accs"></g></l></v><v><l t="задержанный" id="101572"><g v="PRTF"></g><g v="Subx"></g><g v="perf"></g><g v="tran"></g><g v="past"></g><g v="pssv"></g><g v="plur"></g><g v="loct"></g></l></v></tfr></token><token id="597271" text="."><tfr rev_id="1430341" t="."><v><l t="." id="0"><g v="PNCT"></g></l></v></tfr></token></tokens></sentence></paragraph><paragraph id="10643"><sentence id="33347"><source>Согласно Ассошиэйтед Пресс, американские чиновники в Женеве отказались прокомментировать этот доклад.</source><tokens><token id="597272" text="Согласно"><tfr rev_id="4490470" t="Согласно"><v><l t="согласно" id="328255"><g v="PREP"></g></l></v></tfr></token><token id="597273" text="Ассошиэйтед"><tfr rev_id="1430343" t="Ассошиэйтед"><v><l t="ассошиэйтед" id="0"><g v="UNKN"></g></l></v></tfr></token><token id="597274" text="Пресс"><tfr rev_id="3506846" t="Пресс"><v><l t="пресс" id="268236"><g v="NOUN"></g><g v="inan"></g><g v="masc"></g><g v="sing"></g><g v="nomn"></g></l></v><v><l t="пресс" id="268236"><g v="NOUN"></g><g v="inan"></g><g v="masc"></g><g v="sing"></g><g v="accs"></g></l></v></tfr></token><token id="597275" text=","><tfr rev_id="1430345" t=","><v><l t="," id="0"><g v="PNCT"></g></l></v></tfr></token><token id="597276" text="американские"><tfr rev_id="3793127" t="американские"><v><l t="американский" id="11429"><g v="ADJF"></g><g v="plur"></g><g v="nomn"></g></l></v></tfr></token><token id="597277" text="чиновники"><tfr rev_id="1430347" t="чиновники"><v><l t="чиновник" id="376482"><g v="NOUN"></g><g v="anim"></g><g v="masc"></g><g v="plur"></g><g v="nomn"></g></l></v></tfr></token><token id="597278" text="в"><tfr rev_id="1430348" t="в"><v><l t="в" id="37409"><g v="PREP"></g></l></v></tfr></token><token id="597279" text="Женеве"><tfr rev_id="3551699" t="Женеве"><v><l t="женева" id="96668"><g v="NOUN"></g><g v="inan"></g><g v="femn"></g><g v="Sgtm"></g><g v="Geox"></g><g v="sing"></g><g v="loct"></g></l></v></tfr></token><token id="597280" text="отказались"><tfr rev_id="1430350" t="отказались"><v><l t="отказался" id="213938"><g v="VERB"></g><g v="perf"></g><g v="intr"></g><g v="plur"></g><g v="past"></g><g v="indc"></g></l></v></tfr></token><token id="597281" text="прокомментировать"><tfr rev_id="1430351" t="прокомментировать"><v><l t="прокомментировать" id="280913"><g v="INFN"></g><g v="perf"></g><g v="tran"></g></l></v></tfr></token><token id="597282" text="этот"><tfr rev_id="4432078" t="этот"><v><l t="этот" id="386581"><g v="ADJF"></g><g v="Subx"></g><g v="Apro"></g><g v="Anph"></g><g v="masc"></g><g v="sing"></g><g v="nomn"></g></l></v><v><l t="этот" id="386581"><g v="ADJF"></g><g v="Subx"></g><g v="Apro"></g><g v="Anph"></g><g v="inan"></g><g v="masc"></g><g v="sing"></g><g v="accs"></g></l></v></tfr></token><token id="597283" text="доклад"><tfr rev_id="3537984" t="доклад"><v><l t="доклад" id="87236"><g v="NOUN"></g><g v="inan"></g><g v="masc"></g><g v="sing"></g><g v="accs"></g></l></v></tfr></token><token id="597284" text="."><tfr rev_id="1430354" t="."><v><l t="." id="0"><g v="PNCT"></g></l></v></tfr></token></tokens></sentence></paragraph></paragraphs></text>