<?xml version="1.0" encoding="utf-8"?><text id="1111" parent="56" name="Рейтинг-лист ФИДЕ от 1 октября 2006"><tags><tag>Автор:http://ru.wikinews.org/wiki/Участник:Ygrek</tag><tag>url:http://ru.wikinews.org/w/index.php?title=Рейтинг-лист_ФИДЕ_от_1_октября_2006&amp;oldid=9055</tag><tag>Дата:01/10</tag><tag>Год:2006</tag><tag>Тема:ВикиКатегория:Материалы ФИДЕ</tag><tag>Тема:ВикиКатегория:Шахматы</tag></tags><paragraphs><paragraph id="10666"><sentence id="33407"><source>1 октября Международная федерация шахмат ( ФИДЕ) опубликовала новый рейтинг спиcок лучших шахматистов.</source><tokens><token id="598362" text="1"><tfr rev_id="2461565" t="1"><v><l t="1" id="0"><g v="NUMB"></g></l></v></tfr></token><token id="598363" text="октября"><tfr rev_id="1431433" t="октября"><v><l t="октябрь" id="205725"><g v="NOUN"></g><g v="inan"></g><g v="masc"></g><g v="sing"></g><g v="gent"></g></l></v></tfr></token><token id="598364" text="Международная"><tfr rev_id="1431434" t="Международная"><v><l t="международный" id="157346"><g v="ADJF"></g><g v="femn"></g><g v="sing"></g><g v="nomn"></g></l></v></tfr></token><token id="598365" text="федерация"><tfr rev_id="1431435" t="федерация"><v><l t="федерация" id="364940"><g v="NOUN"></g><g v="inan"></g><g v="femn"></g><g v="sing"></g><g v="nomn"></g></l></v></tfr></token><token id="598366" text="шахмат"><tfr rev_id="1431436" t="шахмат"><v><l t="шахматы" id="378578"><g v="NOUN"></g><g v="inan"></g><g v="GNdr"></g><g v="Pltm"></g><g v="plur"></g><g v="gent"></g></l></v></tfr></token><token id="598367" text="("><tfr rev_id="1431437" t="("><v><l t="(" id="0"><g v="PNCT"></g></l></v></tfr></token><token id="598368" text="ФИДЕ"><tfr rev_id="4151736" t="ФИДЕ"><v><l t="фиде" id="388633"><g v="NOUN"></g><g v="inan"></g><g v="femn"></g><g v="Sgtm"></g><g v="Fixd"></g><g v="Abbr"></g><g v="Orgn"></g><g v="sing"></g><g v="nomn"></g></l></v></tfr></token><token id="598369" text=")"><tfr rev_id="1431439" t=")"><v><l t=")" id="0"><g v="PNCT"></g></l></v></tfr></token><token id="598370" text="опубликовала"><tfr rev_id="1431440" t="опубликовала"><v><l t="опубликовал" id="208369"><g v="VERB"></g><g v="perf"></g><g v="tran"></g><g v="femn"></g><g v="sing"></g><g v="past"></g><g v="indc"></g></l></v></tfr></token><token id="598371" text="новый"><tfr rev_id="1431441" t="новый"><v><l t="новый" id="191918"><g v="ADJF"></g><g v="Qual"></g><g v="masc"></g><g v="sing"></g><g v="nomn"></g></l></v><v><l t="новый" id="191918"><g v="ADJF"></g><g v="Qual"></g><g v="inan"></g><g v="masc"></g><g v="sing"></g><g v="accs"></g></l></v></tfr></token><token id="598372" text="рейтинг"><tfr rev_id="4212257" t="рейтинг"><v><l t="рейтинг" id="305607"><g v="NOUN"></g><g v="inan"></g><g v="masc"></g><g v="sing"></g><g v="accs"></g></l></v></tfr></token><token id="598373" text="спиcок"><tfr rev_id="1431443" t="спиcок"><v><l t="спиcок" id="0"><g v="UNKN"></g></l></v></tfr></token><token id="598374" text="лучших"><tfr rev_id="4402451" t="лучших"><v><l t="лучший" id="371672"><g v="ADJF"></g><g v="Supr"></g><g v="Qual"></g><g v="plur"></g><g v="gent"></g></l></v></tfr></token><token id="598375" text="шахматистов"><tfr rev_id="2367282" t="шахматистов"><v><l t="шахматист" id="378571"><g v="NOUN"></g><g v="anim"></g><g v="masc"></g><g v="plur"></g><g v="gent"></g></l></v></tfr></token><token id="598376" text="."><tfr rev_id="1431446" t="."><v><l t="." id="0"><g v="PNCT"></g></l></v></tfr></token></tokens></sentence></paragraph><paragraph id="10667"><sentence id="33408"><source>Первые две строчки рейтинга остались неизменными.</source><tokens><token id="598377" text="Первые"><tfr rev_id="4176066" t="Первые"><v><l t="первый" id="226359"><g v="ADJF"></g><g v="Anum"></g><g v="plur"></g><g v="nomn"></g></l></v><v><l t="первый" id="226359"><g v="ADJF"></g><g v="Anum"></g><g v="inan"></g><g v="plur"></g><g v="accs"></g></l></v></tfr></token><token id="598378" text="две"><tfr rev_id="1431448" t="две"><v><l t="два" id="78668"><g v="NUMR"></g><g v="femn"></g><g v="nomn"></g></l></v><v><l t="два" id="78668"><g v="NUMR"></g><g v="inan"></g><g v="femn"></g><g v="accs"></g></l></v></tfr></token><token id="598379" text="строчки"><tfr rev_id="3492131" t="строчки"><v><l t="строчка" id="337884"><g v="NOUN"></g><g v="inan"></g><g v="femn"></g><g v="sing"></g><g v="gent"></g></l></v></tfr></token><token id="598380" text="рейтинга"><tfr rev_id="1431450" t="рейтинга"><v><l t="рейтинг" id="305607"><g v="NOUN"></g><g v="inan"></g><g v="masc"></g><g v="sing"></g><g v="gent"></g></l></v></tfr></token><token id="598381" text="остались"><tfr rev_id="1431451" t="остались"><v><l t="остался" id="210896"><g v="VERB"></g><g v="perf"></g><g v="intr"></g><g v="plur"></g><g v="past"></g><g v="indc"></g></l></v></tfr></token><token id="598382" text="неизменными"><tfr rev_id="1431452" t="неизменными"><v><l t="неизменный" id="182700"><g v="ADJF"></g><g v="Qual"></g><g v="plur"></g><g v="ablt"></g></l></v></tfr></token><token id="598383" text="."><tfr rev_id="1431453" t="."><v><l t="." id="0"><g v="PNCT"></g></l></v></tfr></token></tokens></sentence><sentence id="33409"><source>Впереди по прежнему чемпион мира ФИДЕ Топалов, Веселин Топалов (Болгария), рейтинг которого остался неизменным (2813), а на втором месте Вишванатан Ананд.</source><tokens><token id="598384" text="Впереди"><tfr rev_id="4231567" t="Впереди"><v><l t="впереди" id="52356"><g v="ADVB"></g></l></v></tfr></token><token id="598385" text="по"><tfr rev_id="1431455" t="по"><v><l t="по" id="241240"><g v="PREP"></g></l></v></tfr></token><token id="598386" text="прежнему"><tfr rev_id="1431456" t="прежнему"><v><l t="прежний" id="267416"><g v="ADJF"></g><g v="masc"></g><g v="sing"></g><g v="datv"></g></l></v><v><l t="прежний" id="267416"><g v="ADJF"></g><g v="neut"></g><g v="sing"></g><g v="datv"></g></l></v></tfr></token><token id="598387" text="чемпион"><tfr rev_id="1431457" t="чемпион"><v><l t="чемпион" id="375185"><g v="NOUN"></g><g v="anim"></g><g v="masc"></g><g v="sing"></g><g v="nomn"></g></l></v></tfr></token><token id="598388" text="мира"><tfr rev_id="3717741" t="мира"><v><l t="мир" id="160807"><g v="NOUN"></g><g v="inan"></g><g v="masc"></g><g v="sing"></g><g v="gen1"></g></l></v></tfr></token><token id="598389" text="ФИДЕ"><tfr rev_id="3652898" t="ФИДЕ"><v><l t="фиде" id="388633"><g v="NOUN"></g><g v="inan"></g><g v="femn"></g><g v="Sgtm"></g><g v="Fixd"></g><g v="Abbr"></g><g v="Orgn"></g><g v="sing"></g><g v="gent"></g></l></v></tfr></token><token id="598390" text="Топалов"><tfr rev_id="3420074" t="Топалов"><v><l t="топалов" id="388904"><g v="NOUN"></g><g v="anim"></g><g v="masc"></g><g v="Sgtm"></g><g v="Surn"></g><g v="sing"></g><g v="nomn"></g></l></v></tfr></token><token id="598391" text=","><tfr rev_id="1431461" t=","><v><l t="," id="0"><g v="PNCT"></g></l></v></tfr></token><token id="598392" text="Веселин"><tfr rev_id="4139333" t="Веселин"><v><l t="веселин" id="390136"><g v="NOUN"></g><g v="anim"></g><g v="masc"></g><g v="Name"></g><g v="sing"></g><g v="nomn"></g></l></v></tfr></token><token id="598393" text="Топалов"><tfr rev_id="3420075" t="Топалов"><v><l t="топалов" id="388904"><g v="NOUN"></g><g v="anim"></g><g v="masc"></g><g v="Sgtm"></g><g v="Surn"></g><g v="sing"></g><g v="nomn"></g></l></v></tfr></token><token id="598394" text="("><tfr rev_id="1431464" t="("><v><l t="(" id="0"><g v="PNCT"></g></l></v></tfr></token><token id="598395" text="Болгария"><tfr rev_id="1431465" t="Болгария"><v><l t="болгария" id="32035"><g v="NOUN"></g><g v="inan"></g><g v="femn"></g><g v="Sgtm"></g><g v="Geox"></g><g v="sing"></g><g v="nomn"></g></l></v></tfr></token><token id="598396" text=")"><tfr rev_id="1431466" t=")"><v><l t=")" id="0"><g v="PNCT"></g></l></v></tfr></token><token id="598397" text=","><tfr rev_id="1431467" t=","><v><l t="," id="0"><g v="PNCT"></g></l></v></tfr></token><token id="598398" text="рейтинг"><tfr rev_id="4102912" t="рейтинг"><v><l t="рейтинг" id="305607"><g v="NOUN"></g><g v="inan"></g><g v="masc"></g><g v="sing"></g><g v="nomn"></g></l></v></tfr></token><token id="598399" text="которого"><tfr rev_id="3638348" t="которого"><v><l t="который" id="141203"><g v="ADJF"></g><g v="Apro"></g><g v="Subx"></g><g v="Anph"></g><g v="masc"></g><g v="sing"></g><g v="gent"></g></l></v><v><l t="который" id="141203"><g v="ADJF"></g><g v="Apro"></g><g v="Subx"></g><g v="Anph"></g><g v="anim"></g><g v="masc"></g><g v="sing"></g><g v="accs"></g></l></v></tfr></token><token id="598400" text="остался"><tfr rev_id="1431470" t="остался"><v><l t="остался" id="210896"><g v="VERB"></g><g v="perf"></g><g v="intr"></g><g v="masc"></g><g v="sing"></g><g v="past"></g><g v="indc"></g></l></v></tfr></token><token id="598401" text="неизменным"><tfr rev_id="4381567" t="неизменным"><v><l t="неизменный" id="182700"><g v="ADJF"></g><g v="Qual"></g><g v="masc"></g><g v="sing"></g><g v="ablt"></g></l></v></tfr></token><token id="598402" text="("><tfr rev_id="1431472" t="("><v><l t="(" id="0"><g v="PNCT"></g></l></v></tfr></token><token id="598403" text="2813"><tfr rev_id="2461566" t="2813"><v><l t="2813" id="0"><g v="NUMB"></g></l></v></tfr></token><token id="598404" text=")"><tfr rev_id="1431474" t=")"><v><l t=")" id="0"><g v="PNCT"></g></l></v></tfr></token><token id="598405" text=","><tfr rev_id="1431475" t=","><v><l t="," id="0"><g v="PNCT"></g></l></v></tfr></token><token id="598406" text="а"><tfr rev_id="3962369" t="а"><v><l t="а" id="51"><g v="CONJ"></g></l></v></tfr></token><token id="598407" text="на"><tfr rev_id="3334554" t="на"><v><l t="на" id="166264"><g v="PREP"></g></l></v></tfr></token><token id="598408" text="втором"><tfr rev_id="4349307" t="втором"><v><l t="второй" id="55043"><g v="ADJF"></g><g v="Anum"></g><g v="neut"></g><g v="sing"></g><g v="loct"></g></l></v></tfr></token><token id="598409" text="месте"><tfr rev_id="1431479" t="месте"><v><l t="место" id="158822"><g v="NOUN"></g><g v="inan"></g><g v="neut"></g><g v="sing"></g><g v="loct"></g></l></v></tfr></token><token id="598410" text="Вишванатан"><tfr rev_id="1431480" t="Вишванатан"><v><l t="вишванатан" id="45930"><g v="NOUN"></g><g v="anim"></g><g v="masc"></g><g v="Name"></g><g v="sing"></g><g v="nomn"></g></l></v></tfr></token><token id="598411" text="Ананд"><tfr rev_id="1431481" t="Ананд"><v><l t="ананд" id="12291"><g v="NOUN"></g><g v="anim"></g><g v="masc"></g><g v="Name"></g><g v="sing"></g><g v="nomn"></g></l></v></tfr></token><token id="598412" text="."><tfr rev_id="1431482" t="."><v><l t="." id="0"><g v="PNCT"></g></l></v></tfr></token></tokens></sentence><sentence id="33410"><source>На третье место переместился Владимир Крамник.</source><tokens><token id="598413" text="На"><tfr rev_id="3341495" t="На"><v><l t="на" id="166264"><g v="PREP"></g></l></v></tfr></token><token id="598414" text="третье"><tfr rev_id="4176068" t="третье"><v><l t="третий" id="349855"><g v="ADJF"></g><g v="Anum"></g><g v="neut"></g><g v="sing"></g><g v="nomn"></g></l></v><v><l t="третий" id="349855"><g v="ADJF"></g><g v="Anum"></g><g v="neut"></g><g v="sing"></g><g v="accs"></g></l></v></tfr></token><token id="598415" text="место"><tfr rev_id="3282380" t="место"><v><l t="место" id="158822"><g v="NOUN"></g><g v="inan"></g><g v="neut"></g><g v="sing"></g><g v="accs"></g></l></v></tfr></token><token id="598416" text="переместился"><tfr rev_id="1431486" t="переместился"><v><l t="переместился" id="231193"><g v="VERB"></g><g v="perf"></g><g v="intr"></g><g v="masc"></g><g v="sing"></g><g v="past"></g><g v="indc"></g></l></v></tfr></token><token id="598417" text="Владимир"><tfr rev_id="4322438" t="Владимир"><v><l t="владимир" id="46610"><g v="NOUN"></g><g v="anim"></g><g v="masc"></g><g v="Name"></g><g v="sing"></g><g v="nomn"></g></l></v></tfr></token><token id="598418" text="Крамник"><tfr rev_id="4181607" t="Крамник"><v><l t="крамник" id="141551"><g v="NOUN"></g><g v="anim"></g><g v="masc"></g><g v="Sgtm"></g><g v="Surn"></g><g v="sing"></g><g v="nomn"></g></l></v></tfr></token><token id="598419" text="."><tfr rev_id="1431489" t="."><v><l t="." id="0"><g v="PNCT"></g></l></v></tfr></token></tokens></sentence><sentence id="33411"><source>Четвёртое и пятое места в рейтинге занимают также российские шахматисты — Пётр Свидлер и Александр Морозевич.</source><tokens><token id="598420" text="Четвёртое"><tfr rev_id="1431490" t="Четвёртое"><v><l t="четвёртый" id="376074"><g v="ADJF"></g><g v="Anum"></g><g v="neut"></g><g v="sing"></g><g v="nomn"></g></l></v><v><l t="четвёртый" id="376074"><g v="ADJF"></g><g v="Anum"></g><g v="neut"></g><g v="sing"></g><g v="accs"></g></l></v></tfr></token><token id="598421" text="и"><tfr rev_id="4208402" t="и"><v><l t="и" id="116949"><g v="CONJ"></g></l></v></tfr></token><token id="598422" text="пятое"><tfr rev_id="1431492" t="пятое"><v><l t="пятый" id="290439"><g v="ADJF"></g><g v="Anum"></g><g v="neut"></g><g v="sing"></g><g v="nomn"></g></l></v><v><l t="пятый" id="290439"><g v="ADJF"></g><g v="Anum"></g><g v="neut"></g><g v="sing"></g><g v="accs"></g></l></v></tfr></token><token id="598423" text="места"><tfr rev_id="3768709" t="места"><v><l t="место" id="158822"><g v="NOUN"></g><g v="inan"></g><g v="neut"></g><g v="plur"></g><g v="accs"></g></l></v></tfr></token><token id="598424" text="в"><tfr rev_id="1431494" t="в"><v><l t="в" id="37409"><g v="PREP"></g></l></v></tfr></token><token id="598425" text="рейтинге"><tfr rev_id="1431495" t="рейтинге"><v><l t="рейтинг" id="305607"><g v="NOUN"></g><g v="inan"></g><g v="masc"></g><g v="sing"></g><g v="loct"></g></l></v></tfr></token><token id="598426" text="занимают"><tfr rev_id="1431496" t="занимают"><v><l t="занимаю" id="106412"><g v="VERB"></g><g v="impf"></g><g v="tran"></g><g v="plur"></g><g v="3per"></g><g v="pres"></g><g v="indc"></g></l></v></tfr></token><token id="598427" text="также"><tfr rev_id="4267706" t="также"><v><l t="также" id="342482"><g v="PRCL"></g></l></v></tfr></token><token id="598428" text="российские"><tfr rev_id="3746711" t="российские"><v><l t="российский" id="309319"><g v="ADJF"></g><g v="plur"></g><g v="nomn"></g></l></v></tfr></token><token id="598429" text="шахматисты"><tfr rev_id="1431499" t="шахматисты"><v><l t="шахматист" id="378571"><g v="NOUN"></g><g v="anim"></g><g v="masc"></g><g v="plur"></g><g v="nomn"></g></l></v></tfr></token><token id="598430" text="—"><tfr rev_id="2443483" t="—"><v><l t="—" id="0"><g v="PNCT"></g></l></v></tfr></token><token id="598431" text="Пётр"><tfr rev_id="3504743" t="Пётр"><v><l t="пётр" id="237954"><g v="NOUN"></g><g v="anim"></g><g v="masc"></g><g v="Name"></g><g v="sing"></g><g v="nomn"></g></l></v></tfr></token><token id="598432" text="Свидлер"><tfr rev_id="1431502" t="Свидлер"><v><l t="свидлер" id="0"><g v="UNKN"></g></l></v></tfr></token><token id="598433" text="и"><tfr rev_id="1431503" t="и"><v><l t="и" id="116949"><g v="CONJ"></g></l></v><v><l t="и" id="116950"><g v="INTJ"></g></l></v></tfr></token><token id="598434" text="Александр"><tfr rev_id="3436242" t="Александр"><v><l t="александр" id="8527"><g v="NOUN"></g><g v="anim"></g><g v="masc"></g><g v="Name"></g><g v="sing"></g><g v="nomn"></g></l></v></tfr></token><token id="598435" text="Морозевич"><tfr rev_id="1431505" t="Морозевич"><v><l t="морозевич" id="0"><g v="UNKN"></g></l></v></tfr></token><token id="598436" text="."><tfr rev_id="1431506" t="."><v><l t="." id="0"><g v="PNCT"></g></l></v></tfr></token></tokens></sentence></paragraph><paragraph id="10668"><sentence id="33412"><source>В первой двадцатке — четыре шахматиста из России.</source><tokens><token id="598437" text="В"><tfr rev_id="1431507" t="В"><v><l t="в" id="37409"><g v="PREP"></g></l></v></tfr></token><token id="598438" text="первой"><tfr rev_id="4343260" t="первой"><v><l t="первый" id="226359"><g v="ADJF"></g><g v="Anum"></g><g v="femn"></g><g v="sing"></g><g v="loct"></g></l></v></tfr></token><token id="598439" text="двадцатке"><tfr rev_id="3551307" t="двадцатке"><v><l t="двадцатка" id="78789"><g v="NOUN"></g><g v="inan"></g><g v="femn"></g><g v="sing"></g><g v="loct"></g></l></v></tfr></token><token id="598440" text="—"><tfr rev_id="2443484" t="—"><v><l t="—" id="0"><g v="PNCT"></g></l></v></tfr></token><token id="598441" text="четыре"><tfr rev_id="1431511" t="четыре"><v><l t="четыре" id="376181"><g v="NUMR"></g><g v="nomn"></g></l></v><v><l t="четыре" id="376181"><g v="NUMR"></g><g v="inan"></g><g v="accs"></g></l></v></tfr></token><token id="598442" text="шахматиста"><tfr rev_id="4390099" t="шахматиста"><v><l t="шахматист" id="378571"><g v="NOUN"></g><g v="anim"></g><g v="masc"></g><g v="sing"></g><g v="gent"></g></l></v></tfr></token><token id="598443" text="из"><tfr rev_id="2503495" t="из"><v><l t="из" id="117677"><g v="PREP"></g></l></v></tfr></token><token id="598444" text="России"><tfr rev_id="3455632" t="России"><v><l t="россия" id="309322"><g v="NOUN"></g><g v="inan"></g><g v="femn"></g><g v="Sgtm"></g><g v="Geox"></g><g v="sing"></g><g v="gent"></g></l></v></tfr></token><token id="598445" text="."><tfr rev_id="1431515" t="."><v><l t="." id="0"><g v="PNCT"></g></l></v></tfr></token></tokens></sentence></paragraph><paragraph id="10669"><sentence id="33413"><source>Рейтинг список ФИДЕ первых 20 шахматистов на 1 октября 2006 года</source><tokens><token id="598446" text="Рейтинг"><tfr rev_id="4095970" t="Рейтинг"><v><l t="рейтинг" id="305607"><g v="NOUN"></g><g v="inan"></g><g v="masc"></g><g v="sing"></g><g v="nomn"></g></l></v></tfr></token><token id="598447" text="список"><tfr rev_id="1431517" t="список"><v><l t="список" id="332279"><g v="NOUN"></g><g v="inan"></g><g v="masc"></g><g v="sing"></g><g v="nomn"></g></l></v><v><l t="список" id="332279"><g v="NOUN"></g><g v="inan"></g><g v="masc"></g><g v="sing"></g><g v="accs"></g></l></v></tfr></token><token id="598448" text="ФИДЕ"><tfr rev_id="3657449" t="ФИДЕ"><v><l t="фиде" id="388633"><g v="NOUN"></g><g v="inan"></g><g v="femn"></g><g v="Sgtm"></g><g v="Fixd"></g><g v="Abbr"></g><g v="Orgn"></g><g v="sing"></g><g v="gent"></g></l></v></tfr></token><token id="598449" text="первых"><tfr rev_id="4427426" t="первых"><v><l t="первый" id="226359"><g v="ADJF"></g><g v="Anum"></g><g v="plur"></g><g v="gent"></g></l></v></tfr></token><token id="598450" text="20"><tfr rev_id="2461567" t="20"><v><l t="20" id="0"><g v="NUMB"></g></l></v></tfr></token><token id="598451" text="шахматистов"><tfr rev_id="3945006" t="шахматистов"><v><l t="шахматист" id="378571"><g v="NOUN"></g><g v="anim"></g><g v="masc"></g><g v="plur"></g><g v="gent"></g></l></v></tfr></token><token id="598452" text="на"><tfr rev_id="3342185" t="на"><v><l t="на" id="166264"><g v="PREP"></g></l></v></tfr></token><token id="598453" text="1"><tfr rev_id="2461568" t="1"><v><l t="1" id="0"><g v="NUMB"></g></l></v></tfr></token><token id="598454" text="октября"><tfr rev_id="1431524" t="октября"><v><l t="октябрь" id="205725"><g v="NOUN"></g><g v="inan"></g><g v="masc"></g><g v="sing"></g><g v="gent"></g></l></v></tfr></token><token id="598455" text="2006"><tfr rev_id="2461569" t="2006"><v><l t="2006" id="0"><g v="NUMB"></g></l></v></tfr></token><token id="598456" text="года"><tfr rev_id="3447851" t="года"><v><l t="год" id="72149"><g v="NOUN"></g><g v="inan"></g><g v="masc"></g><g v="sing"></g><g v="gen1"></g></l></v></tfr></token></tokens></sentence></paragraph><paragraph id="10670"><sentence id="33414"><source>Рейтинг список ФИДЕ первых 20 шахматистов России на 1 октября 2006 года</source><tokens><token id="598457" text="Рейтинг"><tfr rev_id="1431527" t="Рейтинг"><v><l t="рейтинг" id="305607"><g v="NOUN"></g><g v="inan"></g><g v="masc"></g><g v="sing"></g><g v="nomn"></g></l></v><v><l t="рейтинг" id="305607"><g v="NOUN"></g><g v="inan"></g><g v="masc"></g><g v="sing"></g><g v="accs"></g></l></v></tfr></token><token id="598458" text="список"><tfr rev_id="4099981" t="список"><v><l t="список" id="332279"><g v="NOUN"></g><g v="inan"></g><g v="masc"></g><g v="sing"></g><g v="nomn"></g></l></v></tfr></token><token id="598459" text="ФИДЕ"><tfr rev_id="3652900" t="ФИДЕ"><v><l t="фиде" id="388633"><g v="NOUN"></g><g v="inan"></g><g v="femn"></g><g v="Sgtm"></g><g v="Fixd"></g><g v="Abbr"></g><g v="Orgn"></g><g v="sing"></g><g v="gent"></g></l></v></tfr></token><token id="598460" text="первых"><tfr rev_id="4427451" t="первых"><v><l t="первый" id="226359"><g v="ADJF"></g><g v="Anum"></g><g v="plur"></g><g v="gent"></g></l></v></tfr></token><token id="598461" text="20"><tfr rev_id="2461570" t="20"><v><l t="20" id="0"><g v="NUMB"></g></l></v></tfr></token><token id="598462" text="шахматистов"><tfr rev_id="3309937" t="шахматистов"><v><l t="шахматист" id="378571"><g v="NOUN"></g><g v="anim"></g><g v="masc"></g><g v="plur"></g><g v="gent"></g></l></v></tfr></token><token id="598463" text="России"><tfr rev_id="3456974" t="России"><v><l t="россия" id="309322"><g v="NOUN"></g><g v="inan"></g><g v="femn"></g><g v="Sgtm"></g><g v="Geox"></g><g v="sing"></g><g v="gent"></g></l></v></tfr></token><token id="598464" text="на"><tfr rev_id="3344604" t="на"><v><l t="на" id="166264"><g v="PREP"></g></l></v></tfr></token><token id="598465" text="1"><tfr rev_id="2461571" t="1"><v><l t="1" id="0"><g v="NUMB"></g></l></v></tfr></token><token id="598466" text="октября"><tfr rev_id="1431536" t="октября"><v><l t="октябрь" id="205725"><g v="NOUN"></g><g v="inan"></g><g v="masc"></g><g v="sing"></g><g v="gent"></g></l></v></tfr></token><token id="598467" text="2006"><tfr rev_id="2461572" t="2006"><v><l t="2006" id="0"><g v="NUMB"></g></l></v></tfr></token><token id="598468" text="года"><tfr rev_id="3456509" t="года"><v><l t="год" id="72149"><g v="NOUN"></g><g v="inan"></g><g v="masc"></g><g v="sing"></g><g v="gen1"></g></l></v></tfr></token></tokens></sentence></paragraph></paragraphs></text>