<?xml version="1.0" encoding="utf-8"?><text id="1143" parent="226" name="23201 Правительство Москвы создаст медиахолдинг"><tags><tag>url:http://www.chaskor.ru/news/pravitelstvo_moskvy_sozdast_mediaholding_23201</tag><tag>Год:2011</tag><tag>Дата:26/04</tag><tag>Тема:ЧасКор:Медиа</tag><tag>Тема:ЧасКор:Медиа/Медиа</tag></tags><paragraphs><paragraph id="10863"><sentence id="33994"><source>Правительство Москвы создаст медиахолдинг</source><tokens><token id="608492" text="Правительство"><tfr rev_id="1440913" t="Правительство"><v><l t="правительство" id="265638"><g v="NOUN"></g><g v="inan"></g><g v="neut"></g><g v="sing"></g><g v="nomn"></g></l></v><v><l t="правительство" id="265638"><g v="NOUN"></g><g v="inan"></g><g v="neut"></g><g v="sing"></g><g v="accs"></g></l></v></tfr></token><token id="608493" text="Москвы"><tfr rev_id="1440914" t="Москвы"><v><l t="москва" id="163901"><g v="NOUN"></g><g v="inan"></g><g v="femn"></g><g v="Sgtm"></g><g v="Geox"></g><g v="sing"></g><g v="gent"></g></l></v></tfr></token><token id="608494" text="создаст"><tfr rev_id="1440915" t="создаст"><v><l t="создал" id="328585"><g v="VERB"></g><g v="perf"></g><g v="tran"></g><g v="sing"></g><g v="3per"></g><g v="futr"></g><g v="indc"></g></l></v></tfr></token><token id="608495" text="медиахолдинг"><tfr rev_id="4566749" t="медиахолдинг"><v><l t="медиахолдинг" id="393857"><g v="NOUN"></g><g v="inan"></g><g v="masc"></g><g v="sing"></g><g v="accs"></g></l></v><v><l t="медиахолдинг" id="393857"><g v="NOUN"></g><g v="inan"></g><g v="masc"></g><g v="sing"></g><g v="nomn"></g></l></v></tfr></token></tokens></sentence><sentence id="33995"><source>Столичные власти планируют объединить близкие к правительству издания.</source><tokens><token id="608496" text="Столичные"><tfr rev_id="3808773" t="Столичные"><v><l t="столичный" id="336589"><g v="ADJF"></g><g v="Qual"></g><g v="plur"></g><g v="nomn"></g></l></v></tfr></token><token id="608497" text="власти"><tfr rev_id="3768632" t="власти"><v><l t="власть" id="46816"><g v="NOUN"></g><g v="inan"></g><g v="femn"></g><g v="plur"></g><g v="nomn"></g></l></v></tfr></token><token id="608498" text="планируют"><tfr rev_id="1440919" t="планируют"><v><l t="планирую" id="239713"><g v="VERB"></g><g v="impf"></g><g v="tran"></g><g v="plur"></g><g v="3per"></g><g v="pres"></g><g v="indc"></g></l></v></tfr></token><token id="608499" text="объединить"><tfr rev_id="1440920" t="объединить"><v><l t="объединить" id="201757"><g v="INFN"></g><g v="perf"></g><g v="tran"></g></l></v></tfr></token><token id="608500" text="близкие"><tfr rev_id="4160921" t="близкие"><v><l t="близкий" id="30856"><g v="ADJF"></g><g v="Qual"></g><g v="plur"></g><g v="nomn"></g></l></v><v><l t="близкий" id="30856"><g v="ADJF"></g><g v="Qual"></g><g v="inan"></g><g v="plur"></g><g v="accs"></g></l></v></tfr></token><token id="608501" text="к"><tfr rev_id="1440922" t="к"><v><l t="к" id="127460"><g v="PREP"></g></l></v></tfr></token><token id="608502" text="правительству"><tfr rev_id="1440923" t="правительству"><v><l t="правительство" id="265638"><g v="NOUN"></g><g v="inan"></g><g v="neut"></g><g v="sing"></g><g v="datv"></g></l></v></tfr></token><token id="608503" text="издания"><tfr rev_id="3793837" t="издания"><v><l t="издание" id="118742"><g v="NOUN"></g><g v="inan"></g><g v="neut"></g><g v="plur"></g><g v="accs"></g></l></v></tfr></token><token id="608504" text="."><tfr rev_id="1440925" t="."><v><l t="." id="0"><g v="PNCT"></g></l></v></tfr></token></tokens></sentence></paragraph><paragraph id="10864"><sentence id="33996"><source>Основой холдинга станут ОАО «Объединённая редакция изданий мэра и правительства Москвы», ОАО «Концерн «Вечерняя Москва» и газета правительства Москвы «Тверская, 13».</source><tokens><token id="608505" text="Основой"><tfr rev_id="1440926" t="Основой"><v><l t="основа" id="210574"><g v="NOUN"></g><g v="inan"></g><g v="femn"></g><g v="sing"></g><g v="ablt"></g></l></v></tfr></token><token id="608506" text="холдинга"><tfr rev_id="1440927" t="холдинга"><v><l t="холдинг" id="371226"><g v="NOUN"></g><g v="inan"></g><g v="masc"></g><g v="sing"></g><g v="gent"></g></l></v></tfr></token><token id="608507" text="станут"><tfr rev_id="1440928" t="станут"><v><l t="стал" id="335164"><g v="VERB"></g><g v="perf"></g><g v="intr"></g><g v="plur"></g><g v="3per"></g><g v="futr"></g><g v="indc"></g></l></v></tfr></token><token id="608508" text="ОАО"><tfr rev_id="4178783" t="ОАО"><v><l t="оао" id="192983"><g v="NOUN"></g><g v="inan"></g><g v="neut"></g><g v="Fixd"></g><g v="Abbr"></g><g v="sing"></g><g v="nomn"></g></l></v></tfr></token><token id="608509" text="«"><tfr rev_id="2443766" t="«"><v><l t="«" id="0"><g v="PNCT"></g></l></v></tfr></token><token id="608510" text="Объединённая"><tfr rev_id="1440931" t="Объединённая"><v><l t="объединённый" id="201759"><g v="PRTF"></g><g v="perf"></g><g v="tran"></g><g v="past"></g><g v="pssv"></g><g v="femn"></g><g v="sing"></g><g v="nomn"></g></l></v></tfr></token><token id="608511" text="редакция"><tfr rev_id="1440932" t="редакция"><v><l t="редакция" id="304989"><g v="NOUN"></g><g v="inan"></g><g v="femn"></g><g v="sing"></g><g v="nomn"></g></l></v></tfr></token><token id="608512" text="изданий"><tfr rev_id="1440933" t="изданий"><v><l t="издание" id="118742"><g v="NOUN"></g><g v="inan"></g><g v="neut"></g><g v="plur"></g><g v="gent"></g></l></v></tfr></token><token id="608513" text="мэра"><tfr rev_id="2827033" t="мэра"><v><l t="мэр" id="165997"><g v="NOUN"></g><g v="anim"></g><g v="masc"></g><g v="sing"></g><g v="gent"></g></l></v></tfr></token><token id="608514" text="и"><tfr rev_id="3462696" t="и"><v><l t="и" id="116949"><g v="CONJ"></g></l></v></tfr></token><token id="608515" text="правительства"><tfr rev_id="3501252" t="правительства"><v><l t="правительство" id="265638"><g v="NOUN"></g><g v="inan"></g><g v="neut"></g><g v="sing"></g><g v="gent"></g></l></v></tfr></token><token id="608516" text="Москвы"><tfr rev_id="1440937" t="Москвы"><v><l t="москва" id="163901"><g v="NOUN"></g><g v="inan"></g><g v="femn"></g><g v="Sgtm"></g><g v="Geox"></g><g v="sing"></g><g v="gent"></g></l></v></tfr></token><token id="608517" text="»"><tfr rev_id="2443767" t="»"><v><l t="»" id="0"><g v="PNCT"></g></l></v></tfr></token><token id="608518" text=","><tfr rev_id="1440939" t=","><v><l t="," id="0"><g v="PNCT"></g></l></v></tfr></token><token id="608519" text="ОАО"><tfr rev_id="4154806" t="ОАО"><v><l t="оао" id="192983"><g v="NOUN"></g><g v="inan"></g><g v="neut"></g><g v="Fixd"></g><g v="Abbr"></g><g v="sing"></g><g v="nomn"></g></l></v></tfr></token><token id="608520" text="«"><tfr rev_id="2443768" t="«"><v><l t="«" id="0"><g v="PNCT"></g></l></v></tfr></token><token id="608521" text="Концерн"><tfr rev_id="4101607" t="Концерн"><v><l t="концерн" id="138953"><g v="NOUN"></g><g v="inan"></g><g v="masc"></g><g v="sing"></g><g v="nomn"></g></l></v></tfr></token><token id="608522" text="«"><tfr rev_id="2443769" t="«"><v><l t="«" id="0"><g v="PNCT"></g></l></v></tfr></token><token id="608523" text="Вечерняя"><tfr rev_id="1440944" t="Вечерняя"><v><l t="вечерний" id="42384"><g v="ADJF"></g><g v="femn"></g><g v="sing"></g><g v="nomn"></g></l></v></tfr></token><token id="608524" text="Москва"><tfr rev_id="1440945" t="Москва"><v><l t="москва" id="163901"><g v="NOUN"></g><g v="inan"></g><g v="femn"></g><g v="Sgtm"></g><g v="Geox"></g><g v="sing"></g><g v="nomn"></g></l></v></tfr></token><token id="608525" text="»"><tfr rev_id="2443770" t="»"><v><l t="»" id="0"><g v="PNCT"></g></l></v></tfr></token><token id="608526" text="и"><tfr rev_id="1440947" t="и"><v><l t="и" id="116949"><g v="CONJ"></g></l></v><v><l t="и" id="116950"><g v="INTJ"></g></l></v></tfr></token><token id="608527" text="газета"><tfr rev_id="1440948" t="газета"><v><l t="газета" id="65825"><g v="NOUN"></g><g v="inan"></g><g v="femn"></g><g v="sing"></g><g v="nomn"></g></l></v></tfr></token><token id="608528" text="правительства"><tfr rev_id="3448089" t="правительства"><v><l t="правительство" id="265638"><g v="NOUN"></g><g v="inan"></g><g v="neut"></g><g v="sing"></g><g v="gent"></g></l></v></tfr></token><token id="608529" text="Москвы"><tfr rev_id="1440950" t="Москвы"><v><l t="москва" id="163901"><g v="NOUN"></g><g v="inan"></g><g v="femn"></g><g v="Sgtm"></g><g v="Geox"></g><g v="sing"></g><g v="gent"></g></l></v></tfr></token><token id="608530" text="«"><tfr rev_id="2443771" t="«"><v><l t="«" id="0"><g v="PNCT"></g></l></v></tfr></token><token id="608531" text="Тверская"><tfr rev_id="3947643" t="Тверская"><v><l t="тверская" id="343767"><g v="NOUN"></g><g v="inan"></g><g v="femn"></g><g v="Sgtm"></g><g v="Geox"></g><g v="sing"></g><g v="nomn"></g></l></v></tfr></token><token id="608532" text=","><tfr rev_id="1440953" t=","><v><l t="," id="0"><g v="PNCT"></g></l></v></tfr></token><token id="608533" text="13"><tfr rev_id="2461747" t="13"><v><l t="13" id="0"><g v="NUMB"></g></l></v></tfr></token><token id="608534" text="»"><tfr rev_id="2443772" t="»"><v><l t="»" id="0"><g v="PNCT"></g></l></v></tfr></token><token id="608535" text="."><tfr rev_id="1440956" t="."><v><l t="." id="0"><g v="PNCT"></g></l></v></tfr></token></tokens></sentence><sentence id="33997"><source>Как сообщает «Газета.Ru», в изданиях будущего холдинга планируются кадровые перестановки.</source><tokens><token id="608536" text="Как"><tfr rev_id="1440957" t="Как"><v><l t="как" id="128190"><g v="CONJ"></g></l></v><v><l t="как" id="128191"><g v="PRCL"></g></l></v><v><l t="как" id="128192"><g v="ADVB"></g><g v="Ques"></g></l></v></tfr></token><token id="608537" text="сообщает"><tfr rev_id="1440958" t="сообщает"><v><l t="сообщаю" id="329538"><g v="VERB"></g><g v="impf"></g><g v="tran"></g><g v="sing"></g><g v="3per"></g><g v="pres"></g><g v="indc"></g></l></v></tfr></token><token id="608538" text="«"><tfr rev_id="2443773" t="«"><v><l t="«" id="0"><g v="PNCT"></g></l></v></tfr></token><token id="608539" text="Газета.Ru"><tfr rev_id="1440960" t="Газета.Ru"><v><l t="Газета.Ru" id="0"><g v="UNKN"></g></l></v></tfr></token><token id="608540" text="»"><tfr rev_id="2443774" t="»"><v><l t="»" id="0"><g v="PNCT"></g></l></v></tfr></token><token id="608541" text=","><tfr rev_id="1440962" t=","><v><l t="," id="0"><g v="PNCT"></g></l></v></tfr></token><token id="608542" text="в"><tfr rev_id="1440963" t="в"><v><l t="в" id="37409"><g v="PREP"></g></l></v></tfr></token><token id="608543" text="изданиях"><tfr rev_id="1440964" t="изданиях"><v><l t="издание" id="118742"><g v="NOUN"></g><g v="inan"></g><g v="neut"></g><g v="plur"></g><g v="loct"></g></l></v></tfr></token><token id="608544" text="будущего"><tfr rev_id="4349818" t="будущего"><v><l t="будущий" id="35164"><g v="ADJF"></g><g v="masc"></g><g v="sing"></g><g v="gent"></g></l></v><v><l t="будущий" id="35164"><g v="ADJF"></g><g v="anim"></g><g v="masc"></g><g v="sing"></g><g v="accs"></g></l></v></tfr></token><token id="608545" text="холдинга"><tfr rev_id="1440966" t="холдинга"><v><l t="холдинг" id="371226"><g v="NOUN"></g><g v="inan"></g><g v="masc"></g><g v="sing"></g><g v="gent"></g></l></v></tfr></token><token id="608546" text="планируются"><tfr rev_id="1440967" t="планируются"><v><l t="планируюсь" id="239722"><g v="VERB"></g><g v="impf"></g><g v="intr"></g><g v="plur"></g><g v="3per"></g><g v="pres"></g><g v="indc"></g></l></v></tfr></token><token id="608547" text="кадровые"><tfr rev_id="3860126" t="кадровые"><v><l t="кадровый" id="127837"><g v="ADJF"></g><g v="plur"></g><g v="nomn"></g></l></v></tfr></token><token id="608548" text="перестановки"><tfr rev_id="3805762" t="перестановки"><v><l t="перестановка" id="234662"><g v="NOUN"></g><g v="inan"></g><g v="femn"></g><g v="plur"></g><g v="nomn"></g></l></v></tfr></token><token id="608549" text="."><tfr rev_id="1440970" t="."><v><l t="." id="0"><g v="PNCT"></g></l></v></tfr></token></tokens></sentence><sentence id="33998"><source>На пост главного редактора «Тверской, 13» приглашают Виталия Абрамова, который 21 апреля покинул место главреда «Известий».</source><tokens><token id="608550" text="На"><tfr rev_id="3395639" t="На"><v><l t="на" id="166264"><g v="PREP"></g></l></v></tfr></token><token id="608551" text="пост"><tfr rev_id="1440972" t="пост"><v><l t="пост" id="262073"><g v="NOUN"></g><g v="inan"></g><g v="masc"></g><g v="sing"></g><g v="nomn"></g></l></v><v><l t="пост" id="262073"><g v="NOUN"></g><g v="inan"></g><g v="masc"></g><g v="sing"></g><g v="accs"></g></l></v></tfr></token><token id="608552" text="главного"><tfr rev_id="4349727" t="главного"><v><l t="главный" id="70842"><g v="ADJF"></g><g v="Qual"></g><g v="masc"></g><g v="sing"></g><g v="gent"></g></l></v><v><l t="главный" id="70842"><g v="ADJF"></g><g v="Qual"></g><g v="anim"></g><g v="masc"></g><g v="sing"></g><g v="accs"></g></l></v></tfr></token><token id="608553" text="редактора"><tfr rev_id="4389547" t="редактора"><v><l t="редактор" id="304972"><g v="NOUN"></g><g v="anim"></g><g v="masc"></g><g v="sing"></g><g v="gent"></g></l></v></tfr></token><token id="608554" text="«"><tfr rev_id="2443775" t="«"><v><l t="«" id="0"><g v="PNCT"></g></l></v></tfr></token><token id="608555" text="Тверской"><tfr rev_id="4354239" t="Тверской"><v><l t="тверская" id="343767"><g v="NOUN"></g><g v="inan"></g><g v="femn"></g><g v="Sgtm"></g><g v="Geox"></g><g v="sing"></g><g v="gent"></g></l></v></tfr></token><token id="608556" text=","><tfr rev_id="1440977" t=","><v><l t="," id="0"><g v="PNCT"></g></l></v></tfr></token><token id="608557" text="13"><tfr rev_id="2461748" t="13"><v><l t="13" id="0"><g v="NUMB"></g></l></v></tfr></token><token id="608558" text="»"><tfr rev_id="2443776" t="»"><v><l t="»" id="0"><g v="PNCT"></g></l></v></tfr></token><token id="608559" text="приглашают"><tfr rev_id="1440980" t="приглашают"><v><l t="приглашаю" id="269731"><g v="VERB"></g><g v="impf"></g><g v="tran"></g><g v="plur"></g><g v="3per"></g><g v="pres"></g><g v="indc"></g></l></v></tfr></token><token id="608560" text="Виталия"><tfr rev_id="4175977" t="Виталия"><v><l t="виталий" id="45637"><g v="NOUN"></g><g v="anim"></g><g v="masc"></g><g v="Name"></g><g v="sing"></g><g v="gent"></g></l></v><v><l t="виталий" id="45637"><g v="NOUN"></g><g v="anim"></g><g v="masc"></g><g v="Name"></g><g v="sing"></g><g v="accs"></g></l></v></tfr></token><token id="608561" text="Абрамова"><tfr rev_id="4356508" t="Абрамова"><v><l t="абрамов" id="1686"><g v="NOUN"></g><g v="anim"></g><g v="masc"></g><g v="Sgtm"></g><g v="Surn"></g><g v="sing"></g><g v="accs"></g></l></v></tfr></token><token id="608562" text=","><tfr rev_id="1440983" t=","><v><l t="," id="0"><g v="PNCT"></g></l></v></tfr></token><token id="608563" text="который"><tfr rev_id="3637405" t="который"><v><l t="который" id="141203"><g v="ADJF"></g><g v="Apro"></g><g v="Subx"></g><g v="Anph"></g><g v="masc"></g><g v="sing"></g><g v="nomn"></g></l></v><v><l t="который" id="141203"><g v="ADJF"></g><g v="Apro"></g><g v="Subx"></g><g v="Anph"></g><g v="inan"></g><g v="masc"></g><g v="sing"></g><g v="accs"></g></l></v></tfr></token><token id="608564" text="21"><tfr rev_id="2461749" t="21"><v><l t="21" id="0"><g v="NUMB"></g></l></v></tfr></token><token id="608565" text="апреля"><tfr rev_id="1440986" t="апреля"><v><l t="апрель" id="15509"><g v="NOUN"></g><g v="inan"></g><g v="masc"></g><g v="sing"></g><g v="gent"></g></l></v></tfr></token><token id="608566" text="покинул"><tfr rev_id="1440987" t="покинул"><v><l t="покинул" id="254301"><g v="VERB"></g><g v="perf"></g><g v="tran"></g><g v="masc"></g><g v="sing"></g><g v="past"></g><g v="indc"></g></l></v></tfr></token><token id="608567" text="место"><tfr rev_id="3708112" t="место"><v><l t="место" id="158822"><g v="NOUN"></g><g v="inan"></g><g v="neut"></g><g v="sing"></g><g v="accs"></g></l></v></tfr></token><token id="608568" text="главреда"><tfr rev_id="4389430" t="главреда"><v><l t="главред" id="388947"><g v="NOUN"></g><g v="anim"></g><g v="masc"></g><g v="sing"></g><g v="gent"></g></l></v></tfr></token><token id="608569" text="«"><tfr rev_id="2443777" t="«"><v><l t="«" id="0"><g v="PNCT"></g></l></v></tfr></token><token id="608570" text="Известий"><tfr rev_id="1440991" t="Известий"><v><l t="известие" id="118103"><g v="NOUN"></g><g v="inan"></g><g v="neut"></g><g v="plur"></g><g v="gent"></g></l></v></tfr></token><token id="608571" text="»"><tfr rev_id="2443778" t="»"><v><l t="»" id="0"><g v="PNCT"></g></l></v></tfr></token><token id="608572" text="."><tfr rev_id="1440993" t="."><v><l t="." id="0"><g v="PNCT"></g></l></v></tfr></token></tokens></sentence><sentence id="33999"><source>«Вечернюю Москву» вместо нынешнего руководителя Юрия Ряжского должен возглавить главред радио «Комсомольская правда» и создатель «Экспресс-газеты» Александр Куприянов.</source><tokens><token id="608573" text="«"><tfr rev_id="2443779" t="«"><v><l t="«" id="0"><g v="PNCT"></g></l></v></tfr></token><token id="608574" text="Вечернюю"><tfr rev_id="1440995" t="Вечернюю"><v><l t="вечерний" id="42384"><g v="ADJF"></g><g v="femn"></g><g v="sing"></g><g v="accs"></g></l></v></tfr></token><token id="608575" text="Москву"><tfr rev_id="1440996" t="Москву"><v><l t="москва" id="163901"><g v="NOUN"></g><g v="inan"></g><g v="femn"></g><g v="Sgtm"></g><g v="Geox"></g><g v="sing"></g><g v="accs"></g></l></v></tfr></token><token id="608576" text="»"><tfr rev_id="2443780" t="»"><v><l t="»" id="0"><g v="PNCT"></g></l></v></tfr></token><token id="608577" text="вместо"><tfr rev_id="1440998" t="вместо"><v><l t="вместо" id="47145"><g v="PREP"></g></l></v></tfr></token><token id="608578" text="нынешнего"><tfr rev_id="3408173" t="нынешнего"><v><l t="нынешний" id="192793"><g v="ADJF"></g><g v="masc"></g><g v="sing"></g><g v="gent"></g></l></v><v><l t="нынешний" id="192793"><g v="ADJF"></g><g v="anim"></g><g v="masc"></g><g v="sing"></g><g v="accs"></g></l></v></tfr></token><token id="608579" text="руководителя"><tfr rev_id="4461086" t="руководителя"><v><l t="руководитель" id="309980"><g v="NOUN"></g><g v="anim"></g><g v="masc"></g><g v="sing"></g><g v="gent"></g></l></v></tfr></token><token id="608580" text="Юрия"><tfr rev_id="3676094" t="Юрия"><v><l t="юрий" id="387110"><g v="NOUN"></g><g v="anim"></g><g v="masc"></g><g v="Name"></g><g v="sing"></g><g v="gent"></g></l></v></tfr></token><token id="608581" text="Ряжского"><tfr rev_id="4306125" t="Ряжского"><v><l t="ряжский" id="390248"><g v="NOUN"></g><g v="anim"></g><g v="masc"></g><g v="Sgtm"></g><g v="Surn"></g><g v="sing"></g><g v="accs"></g></l></v><v><l t="ряжский" id="390248"><g v="NOUN"></g><g v="anim"></g><g v="masc"></g><g v="Sgtm"></g><g v="Surn"></g><g v="sing"></g><g v="gent"></g></l></v></tfr></token><token id="608582" text="должен"><tfr rev_id="2558772" t="должен"><v><l t="должен" id="87975"><g v="ADJS"></g><g v="masc"></g><g v="sing"></g></l></v></tfr></token><token id="608583" text="возглавить"><tfr rev_id="1441004" t="возглавить"><v><l t="возглавить" id="48878"><g v="INFN"></g><g v="perf"></g><g v="tran"></g></l></v></tfr></token><token id="608584" text="главред"><tfr rev_id="3420510" t="главред"><v><l t="главред" id="388947"><g v="NOUN"></g><g v="anim"></g><g v="masc"></g><g v="sing"></g><g v="nomn"></g></l></v></tfr></token><token id="608585" text="радио"><tfr rev_id="4173481" t="радио"><v><l t="радио" id="290919"><g v="NOUN"></g><g v="inan"></g><g v="neut"></g><g v="Fixd"></g><g v="sing"></g><g v="gent"></g></l></v></tfr></token><token id="608586" text="«"><tfr rev_id="2443781" t="«"><v><l t="«" id="0"><g v="PNCT"></g></l></v></tfr></token><token id="608587" text="Комсомольская"><tfr rev_id="1441008" t="Комсомольская"><v><l t="комсомольский" id="137462"><g v="ADJF"></g><g v="femn"></g><g v="sing"></g><g v="nomn"></g></l></v></tfr></token><token id="608588" text="правда"><tfr rev_id="2625133" t="правда"><v><l t="правда" id="265572"><g v="NOUN"></g><g v="inan"></g><g v="femn"></g><g v="sing"></g><g v="nomn"></g></l></v><v><l t="правда" id="265574"><g v="PRCL"></g></l></v><v><l t="правда" id="265575"><g v="CONJ"></g><g v="Prnt"></g></l></v></tfr></token><token id="608589" text="»"><tfr rev_id="2443782" t="»"><v><l t="»" id="0"><g v="PNCT"></g></l></v></tfr></token><token id="608590" text="и"><tfr rev_id="1441011" t="и"><v><l t="и" id="116949"><g v="CONJ"></g></l></v><v><l t="и" id="116950"><g v="INTJ"></g></l></v></tfr></token><token id="608591" text="создатель"><tfr rev_id="1441012" t="создатель"><v><l t="создатель" id="328583"><g v="NOUN"></g><g v="anim"></g><g v="masc"></g><g v="sing"></g><g v="nomn"></g></l></v></tfr></token><token id="608592" text="«"><tfr rev_id="2443783" t="«"><v><l t="«" id="0"><g v="PNCT"></g></l></v></tfr></token><token id="608593" text="Экспресс-газеты"><tfr rev_id="4541557" t="Экспресс-газеты"><v><l t="экспресс-газета" id="393115"><g v="NOUN"></g><g v="inan"></g><g v="femn"></g><g v="Orgn"></g><g v="plur"></g><g v="accs"></g></l></v><v><l t="экспресс-газета" id="393115"><g v="NOUN"></g><g v="inan"></g><g v="femn"></g><g v="Orgn"></g><g v="plur"></g><g v="nomn"></g></l></v><v><l t="экспресс-газета" id="393115"><g v="NOUN"></g><g v="inan"></g><g v="femn"></g><g v="Orgn"></g><g v="sing"></g><g v="gent"></g></l></v></tfr></token><token id="608594" text="»"><tfr rev_id="2443784" t="»"><v><l t="»" id="0"><g v="PNCT"></g></l></v></tfr></token><token id="608595" text="Александр"><tfr rev_id="3497824" t="Александр"><v><l t="александр" id="8527"><g v="NOUN"></g><g v="anim"></g><g v="masc"></g><g v="Name"></g><g v="sing"></g><g v="nomn"></g></l></v></tfr></token><token id="608596" text="Куприянов"><tfr rev_id="3433609" t="Куприянов"><v><l t="куприянов" id="145141"><g v="NOUN"></g><g v="anim"></g><g v="masc"></g><g v="Sgtm"></g><g v="Surn"></g><g v="sing"></g><g v="nomn"></g></l></v></tfr></token><token id="608597" text="."><tfr rev_id="1441018" t="."><v><l t="." id="0"><g v="PNCT"></g></l></v></tfr></token></tokens></sentence><sentence id="34000"><source>Кандидаты в главные редакторы и сами издания пока отказываются от комментариев.</source><tokens><token id="608598" text="Кандидаты"><tfr rev_id="1441019" t="Кандидаты"><v><l t="кандидат" id="129326"><g v="NOUN"></g><g v="anim"></g><g v="masc"></g><g v="plur"></g><g v="nomn"></g></l></v></tfr></token><token id="608599" text="в"><tfr rev_id="1441020" t="в"><v><l t="в" id="37409"><g v="PREP"></g></l></v></tfr></token><token id="608600" text="главные"><tfr rev_id="4374616" t="главные"><v><l t="главный" id="70842"><g v="ADJF"></g><g v="Qual"></g><g v="inan"></g><g v="plur"></g><g v="accs"></g></l></v></tfr></token><token id="608601" text="редакторы"><tfr rev_id="1441022" t="редакторы"><v><l t="редактор" id="304972"><g v="NOUN"></g><g v="anim"></g><g v="masc"></g><g v="plur"></g><g v="nomn"></g></l></v></tfr></token><token id="608602" text="и"><tfr rev_id="1441023" t="и"><v><l t="и" id="116949"><g v="CONJ"></g></l></v><v><l t="и" id="116950"><g v="INTJ"></g></l></v></tfr></token><token id="608603" text="сами"><tfr rev_id="3820547" t="сами"><v><l t="сам" id="312034"><g v="ADJF"></g><g v="Apro"></g><g v="plur"></g><g v="nomn"></g></l></v></tfr></token><token id="608604" text="издания"><tfr rev_id="3793695" t="издания"><v><l t="издание" id="118742"><g v="NOUN"></g><g v="inan"></g><g v="neut"></g><g v="plur"></g><g v="nomn"></g></l></v></tfr></token><token id="608605" text="пока"><tfr rev_id="4210891" t="пока"><v><l t="пока" id="253968"><g v="ADVB"></g></l></v></tfr></token><token id="608606" text="отказываются"><tfr rev_id="1441027" t="отказываются"><v><l t="отказываюсь" id="213964"><g v="VERB"></g><g v="impf"></g><g v="intr"></g><g v="plur"></g><g v="3per"></g><g v="pres"></g><g v="indc"></g></l></v></tfr></token><token id="608607" text="от"><tfr rev_id="1441028" t="от"><v><l t="от" id="211644"><g v="PREP"></g></l></v></tfr></token><token id="608608" text="комментариев"><tfr rev_id="1441029" t="комментариев"><v><l t="комментарий" id="136972"><g v="NOUN"></g><g v="inan"></g><g v="masc"></g><g v="plur"></g><g v="gent"></g></l></v></tfr></token><token id="608609" text="."><tfr rev_id="1441030" t="."><v><l t="." id="0"><g v="PNCT"></g></l></v></tfr></token></tokens></sentence></paragraph><paragraph id="10865"><sentence id="34001"><source>Вопрос о новом руководстве газет, связанных с правительством Москвы, возник в октябре 2010 года.</source><tokens><token id="608610" text="Вопрос"><tfr rev_id="4106276" t="Вопрос"><v><l t="вопрос" id="50830"><g v="NOUN"></g><g v="inan"></g><g v="masc"></g><g v="sing"></g><g v="nomn"></g></l></v></tfr></token><token id="608611" text="о"><tfr rev_id="3332403" t="о"><v><l t="о" id="192977"><g v="PREP"></g></l></v></tfr></token><token id="608612" text="новом"><tfr rev_id="4298357" t="новом"><v><l t="новый" id="191918"><g v="ADJF"></g><g v="Qual"></g><g v="neut"></g><g v="sing"></g><g v="loct"></g></l></v></tfr></token><token id="608613" text="руководстве"><tfr rev_id="1441034" t="руководстве"><v><l t="руководство" id="310004"><g v="NOUN"></g><g v="inan"></g><g v="neut"></g><g v="sing"></g><g v="loct"></g></l></v></tfr></token><token id="608614" text="газет"><tfr rev_id="1441035" t="газет"><v><l t="газета" id="65825"><g v="NOUN"></g><g v="inan"></g><g v="femn"></g><g v="plur"></g><g v="gent"></g></l></v></tfr></token><token id="608615" text=","><tfr rev_id="1441036" t=","><v><l t="," id="0"><g v="PNCT"></g></l></v></tfr></token><token id="608616" text="связанных"><tfr rev_id="1441037" t="связанных"><v><l t="связанный" id="316527"><g v="ADJF"></g><g v="Qual"></g><g v="plur"></g><g v="gent"></g></l></v><v><l t="связанный" id="316527"><g v="ADJF"></g><g v="Qual"></g><g v="anim"></g><g v="plur"></g><g v="accs"></g></l></v><v><l t="связанный" id="316527"><g v="ADJF"></g><g v="Qual"></g><g v="plur"></g><g v="loct"></g></l></v><v><l t="связанный" id="316533"><g v="PRTF"></g><g v="perf"></g><g v="tran"></g><g v="past"></g><g v="pssv"></g><g v="plur"></g><g v="gent"></g></l></v><v><l t="связанный" id="316533"><g v="PRTF"></g><g v="perf"></g><g v="tran"></g><g v="past"></g><g v="pssv"></g><g v="anim"></g><g v="plur"></g><g v="accs"></g></l></v><v><l t="связанный" id="316533"><g v="PRTF"></g><g v="perf"></g><g v="tran"></g><g v="past"></g><g v="pssv"></g><g v="plur"></g><g v="loct"></g></l></v></tfr></token><token id="608617" text="с"><tfr rev_id="1441038" t="с"><v><l t="с" id="311151"><g v="PREP"></g></l></v></tfr></token><token id="608618" text="правительством"><tfr rev_id="1441039" t="правительством"><v><l t="правительство" id="265638"><g v="NOUN"></g><g v="inan"></g><g v="neut"></g><g v="sing"></g><g v="ablt"></g></l></v></tfr></token><token id="608619" text="Москвы"><tfr rev_id="1441040" t="Москвы"><v><l t="москва" id="163901"><g v="NOUN"></g><g v="inan"></g><g v="femn"></g><g v="Sgtm"></g><g v="Geox"></g><g v="sing"></g><g v="gent"></g></l></v></tfr></token><token id="608620" text=","><tfr rev_id="1441041" t=","><v><l t="," id="0"><g v="PNCT"></g></l></v></tfr></token><token id="608621" text="возник"><tfr rev_id="1441042" t="возник"><v><l t="возник" id="49521"><g v="VERB"></g><g v="perf"></g><g v="intr"></g><g v="masc"></g><g v="sing"></g><g v="past"></g><g v="indc"></g></l></v></tfr></token><token id="608622" text="в"><tfr rev_id="1441043" t="в"><v><l t="в" id="37409"><g v="PREP"></g></l></v></tfr></token><token id="608623" text="октябре"><tfr rev_id="1441044" t="октябре"><v><l t="октябрь" id="205725"><g v="NOUN"></g><g v="inan"></g><g v="masc"></g><g v="sing"></g><g v="loct"></g></l></v></tfr></token><token id="608624" text="2010"><tfr rev_id="2461750" t="2010"><v><l t="2010" id="0"><g v="NUMB"></g></l></v></tfr></token><token id="608625" text="года"><tfr rev_id="3482518" t="года"><v><l t="год" id="72149"><g v="NOUN"></g><g v="inan"></g><g v="masc"></g><g v="sing"></g><g v="gen1"></g></l></v></tfr></token><token id="608626" text="."><tfr rev_id="1441047" t="."><v><l t="." id="0"><g v="PNCT"></g></l></v></tfr></token></tokens></sentence><sentence id="34002"><source>Это произошло сразу после вступления в должность заместителя мэра по СМИ, спорту и туризму Александра Горбенко, бывшего генерального директора ИД «Российская газета».</source><tokens><token id="608627" text="Это"><tfr rev_id="4441559" t="Это"><v><l t="это" id="386574"><g v="PRCL"></g></l></v><v><l t="это" id="386575"><g v="NPRO"></g><g v="neut"></g><g v="sing"></g><g v="nomn"></g></l></v><v><l t="это" id="386575"><g v="NPRO"></g><g v="neut"></g><g v="sing"></g><g v="accs"></g></l></v><v><l t="этот" id="386581"><g v="ADJF"></g><g v="Subx"></g><g v="Apro"></g><g v="Anph"></g><g v="neut"></g><g v="sing"></g><g v="nomn"></g></l></v><v><l t="этот" id="386581"><g v="ADJF"></g><g v="Subx"></g><g v="Apro"></g><g v="Anph"></g><g v="neut"></g><g v="sing"></g><g v="accs"></g></l></v></tfr></token><token id="608628" text="произошло"><tfr rev_id="1441049" t="произошло"><v><l t="произошёл" id="280162"><g v="VERB"></g><g v="perf"></g><g v="intr"></g><g v="neut"></g><g v="sing"></g><g v="past"></g><g v="indc"></g></l></v></tfr></token><token id="608629" text="сразу"><tfr rev_id="1441050" t="сразу"><v><l t="сразу" id="333375"><g v="ADVB"></g></l></v></tfr></token><token id="608630" text="после"><tfr rev_id="4405883" t="после"><v><l t="после" id="261542"><g v="PREP"></g></l></v></tfr></token><token id="608631" text="вступления"><tfr rev_id="3501006" t="вступления"><v><l t="вступление" id="54607"><g v="NOUN"></g><g v="inan"></g><g v="neut"></g><g v="sing"></g><g v="gent"></g></l></v></tfr></token><token id="608632" text="в"><tfr rev_id="1441053" t="в"><v><l t="в" id="37409"><g v="PREP"></g></l></v></tfr></token><token id="608633" text="должность"><tfr rev_id="1441054" t="должность"><v><l t="должность" id="87973"><g v="NOUN"></g><g v="inan"></g><g v="femn"></g><g v="sing"></g><g v="nomn"></g></l></v><v><l t="должность" id="87973"><g v="NOUN"></g><g v="inan"></g><g v="femn"></g><g v="sing"></g><g v="accs"></g></l></v></tfr></token><token id="608634" text="заместителя"><tfr rev_id="4389669" t="заместителя"><v><l t="заместитель" id="105492"><g v="NOUN"></g><g v="anim"></g><g v="masc"></g><g v="sing"></g><g v="gent"></g></l></v></tfr></token><token id="608635" text="мэра"><tfr rev_id="3542925" t="мэра"><v><l t="мэр" id="165997"><g v="NOUN"></g><g v="anim"></g><g v="masc"></g><g v="sing"></g><g v="gent"></g></l></v></tfr></token><token id="608636" text="по"><tfr rev_id="1441057" t="по"><v><l t="по" id="241240"><g v="PREP"></g></l></v></tfr></token><token id="608637" text="СМИ"><tfr rev_id="4489528" t="СМИ"><v><l t="сми" id="326341"><g v="NOUN"></g><g v="inan"></g><g v="GNdr"></g><g v="Pltm"></g><g v="Fixd"></g><g v="Abbr"></g><g v="plur"></g><g v="datv"></g></l></v></tfr></token><token id="608638" text=","><tfr rev_id="1441059" t=","><v><l t="," id="0"><g v="PNCT"></g></l></v></tfr></token><token id="608639" text="спорту"><tfr rev_id="1441060" t="спорту"><v><l t="спорт" id="332791"><g v="NOUN"></g><g v="inan"></g><g v="masc"></g><g v="sing"></g><g v="datv"></g></l></v></tfr></token><token id="608640" text="и"><tfr rev_id="1441061" t="и"><v><l t="и" id="116949"><g v="CONJ"></g></l></v><v><l t="и" id="116950"><g v="INTJ"></g></l></v></tfr></token><token id="608641" text="туризму"><tfr rev_id="1441062" t="туризму"><v><l t="туризм" id="351765"><g v="NOUN"></g><g v="inan"></g><g v="masc"></g><g v="sing"></g><g v="datv"></g></l></v></tfr></token><token id="608642" text="Александра"><tfr rev_id="4398321" t="Александра"><v><l t="александр" id="8527"><g v="NOUN"></g><g v="anim"></g><g v="masc"></g><g v="Name"></g><g v="sing"></g><g v="gent"></g></l></v></tfr></token><token id="608643" text="Горбенко"><tfr rev_id="4326926" t="Горбенко"><v><l t="горбенко" id="73111"><g v="NOUN"></g><g v="anim"></g><g v="ms-f"></g><g v="Fixd"></g><g v="Surn"></g><g v="sing"></g><g v="gent"></g></l></v></tfr></token><token id="608644" text=","><tfr rev_id="1441065" t=","><v><l t="," id="0"><g v="PNCT"></g></l></v></tfr></token><token id="608645" text="бывшего"><tfr rev_id="1441066" t="бывшего"><v><l t="бывший" id="37002"><g v="ADJF"></g><g v="masc"></g><g v="sing"></g><g v="gent"></g></l></v><v><l t="бывший" id="37002"><g v="ADJF"></g><g v="anim"></g><g v="masc"></g><g v="sing"></g><g v="accs"></g></l></v><v><l t="бывший" id="37002"><g v="ADJF"></g><g v="neut"></g><g v="sing"></g><g v="gent"></g></l></v><v><l t="бывший" id="37267"><g v="PRTF"></g><g v="impf"></g><g v="intr"></g><g v="past"></g><g v="actv"></g><g v="masc"></g><g v="sing"></g><g v="gent"></g></l></v><v><l t="бывший" id="37267"><g v="PRTF"></g><g v="impf"></g><g v="intr"></g><g v="past"></g><g v="actv"></g><g v="anim"></g><g v="masc"></g><g v="sing"></g><g v="accs"></g></l></v><v><l t="бывший" id="37267"><g v="PRTF"></g><g v="impf"></g><g v="intr"></g><g v="past"></g><g v="actv"></g><g v="neut"></g><g v="sing"></g><g v="gent"></g></l></v></tfr></token><token id="608646" text="генерального"><tfr rev_id="4414794" t="генерального"><v><l t="генеральный" id="68532"><g v="ADJF"></g><g v="masc"></g><g v="sing"></g><g v="gent"></g></l></v></tfr></token><token id="608647" text="директора"><tfr rev_id="4389980" t="директора"><v><l t="директор" id="84214"><g v="NOUN"></g><g v="anim"></g><g v="masc"></g><g v="sing"></g><g v="gent"></g></l></v></tfr></token><token id="608648" text="ИД"><tfr rev_id="2866495" t="ИД"><v><l t="ИД" id="0"><g v="UNKN"></g></l></v></tfr></token><token id="608649" text="«"><tfr rev_id="2443785" t="«"><v><l t="«" id="0"><g v="PNCT"></g></l></v></tfr></token><token id="608650" text="Российская"><tfr rev_id="1441071" t="Российская"><v><l t="российский" id="309319"><g v="ADJF"></g><g v="femn"></g><g v="sing"></g><g v="nomn"></g></l></v></tfr></token><token id="608651" text="газета"><tfr rev_id="1441072" t="газета"><v><l t="газета" id="65825"><g v="NOUN"></g><g v="inan"></g><g v="femn"></g><g v="sing"></g><g v="nomn"></g></l></v></tfr></token><token id="608652" text="»"><tfr rev_id="2443786" t="»"><v><l t="»" id="0"><g v="PNCT"></g></l></v></tfr></token><token id="608653" text="."><tfr rev_id="1441074" t="."><v><l t="." id="0"><g v="PNCT"></g></l></v></tfr></token></tokens></sentence><sentence id="34003"><source>В «Объединённую редакцию изданий мэра и правительства Москвы» входят такие журналы, как «Вестник мэра и правительства Москвы», «Московские торги», «Бюллетень оперативной информации», «Счастливая свадьба» и «Первоклассные родители».</source><tokens><token id="608654" text="В"><tfr rev_id="1441075" t="В"><v><l t="в" id="37409"><g v="PREP"></g></l></v></tfr></token><token id="608655" text="«"><tfr rev_id="2443787" t="«"><v><l t="«" id="0"><g v="PNCT"></g></l></v></tfr></token><token id="608656" text="Объединённую"><tfr rev_id="1441077" t="Объединённую"><v><l t="объединённый" id="201759"><g v="PRTF"></g><g v="perf"></g><g v="tran"></g><g v="past"></g><g v="pssv"></g><g v="femn"></g><g v="sing"></g><g v="accs"></g></l></v></tfr></token><token id="608657" text="редакцию"><tfr rev_id="1441078" t="редакцию"><v><l t="редакция" id="304989"><g v="NOUN"></g><g v="inan"></g><g v="femn"></g><g v="sing"></g><g v="accs"></g></l></v></tfr></token><token id="608658" text="изданий"><tfr rev_id="1441079" t="изданий"><v><l t="издание" id="118742"><g v="NOUN"></g><g v="inan"></g><g v="neut"></g><g v="plur"></g><g v="gent"></g></l></v></tfr></token><token id="608659" text="мэра"><tfr rev_id="4390084" t="мэра"><v><l t="мэр" id="165997"><g v="NOUN"></g><g v="anim"></g><g v="masc"></g><g v="sing"></g><g v="gent"></g></l></v></tfr></token><token id="608660" text="и"><tfr rev_id="1441081" t="и"><v><l t="и" id="116949"><g v="CONJ"></g></l></v><v><l t="и" id="116950"><g v="INTJ"></g></l></v></tfr></token><token id="608661" text="правительства"><tfr rev_id="3456653" t="правительства"><v><l t="правительство" id="265638"><g v="NOUN"></g><g v="inan"></g><g v="neut"></g><g v="sing"></g><g v="gent"></g></l></v></tfr></token><token id="608662" text="Москвы"><tfr rev_id="1441083" t="Москвы"><v><l t="москва" id="163901"><g v="NOUN"></g><g v="inan"></g><g v="femn"></g><g v="Sgtm"></g><g v="Geox"></g><g v="sing"></g><g v="gent"></g></l></v></tfr></token><token id="608663" text="»"><tfr rev_id="2443788" t="»"><v><l t="»" id="0"><g v="PNCT"></g></l></v></tfr></token><token id="608664" text="входят"><tfr rev_id="1441085" t="входят"><v><l t="вхожу" id="55354"><g v="VERB"></g><g v="impf"></g><g v="intr"></g><g v="plur"></g><g v="3per"></g><g v="pres"></g><g v="indc"></g></l></v></tfr></token><token id="608665" text="такие"><tfr rev_id="3764041" t="такие"><v><l t="такой" id="342491"><g v="ADJF"></g><g v="Apro"></g><g v="plur"></g><g v="nomn"></g></l></v></tfr></token><token id="608666" text="журналы"><tfr rev_id="3727806" t="журналы"><v><l t="журнал" id="97972"><g v="NOUN"></g><g v="inan"></g><g v="masc"></g><g v="plur"></g><g v="nomn"></g></l></v></tfr></token><token id="608667" text=","><tfr rev_id="1441088" t=","><v><l t="," id="0"><g v="PNCT"></g></l></v></tfr></token><token id="608668" text="как"><tfr rev_id="1441089" t="как"><v><l t="как" id="128190"><g v="CONJ"></g></l></v><v><l t="как" id="128191"><g v="PRCL"></g></l></v><v><l t="как" id="128192"><g v="ADVB"></g><g v="Ques"></g></l></v></tfr></token><token id="608669" text="«"><tfr rev_id="2443789" t="«"><v><l t="«" id="0"><g v="PNCT"></g></l></v></tfr></token><token id="608670" text="Вестник"><tfr rev_id="4404049" t="Вестник"><v><l t="вестник" id="42140"><g v="NOUN"></g><g v="inan"></g><g v="masc"></g><g v="sing"></g><g v="nomn"></g></l></v></tfr></token><token id="608671" text="мэра"><tfr rev_id="3689676" t="мэра"><v><l t="мэр" id="165997"><g v="NOUN"></g><g v="anim"></g><g v="masc"></g><g v="sing"></g><g v="gent"></g></l></v></tfr></token><token id="608672" text="и"><tfr rev_id="1441093" t="и"><v><l t="и" id="116949"><g v="CONJ"></g></l></v><v><l t="и" id="116950"><g v="INTJ"></g></l></v></tfr></token><token id="608673" text="правительства"><tfr rev_id="3439117" t="правительства"><v><l t="правительство" id="265638"><g v="NOUN"></g><g v="inan"></g><g v="neut"></g><g v="sing"></g><g v="gent"></g></l></v></tfr></token><token id="608674" text="Москвы"><tfr rev_id="1441095" t="Москвы"><v><l t="москва" id="163901"><g v="NOUN"></g><g v="inan"></g><g v="femn"></g><g v="Sgtm"></g><g v="Geox"></g><g v="sing"></g><g v="gent"></g></l></v></tfr></token><token id="608675" text="»"><tfr rev_id="2443790" t="»"><v><l t="»" id="0"><g v="PNCT"></g></l></v></tfr></token><token id="608676" text=","><tfr rev_id="1441097" t=","><v><l t="," id="0"><g v="PNCT"></g></l></v></tfr></token><token id="608677" text="«"><tfr rev_id="2443791" t="«"><v><l t="«" id="0"><g v="PNCT"></g></l></v></tfr></token><token id="608678" text="Московские"><tfr rev_id="4174993" t="Московские"><v><l t="московский" id="163933"><g v="ADJF"></g><g v="plur"></g><g v="nomn"></g></l></v><v><l t="московский" id="163933"><g v="ADJF"></g><g v="inan"></g><g v="plur"></g><g v="accs"></g></l></v></tfr></token><token id="608679" text="торги"><tfr rev_id="3727664" t="торги"><v><l t="торг" id="348008"><g v="NOUN"></g><g v="inan"></g><g v="masc"></g><g v="plur"></g><g v="nomn"></g></l></v></tfr></token><token id="608680" text="»"><tfr rev_id="2443792" t="»"><v><l t="»" id="0"><g v="PNCT"></g></l></v></tfr></token><token id="608681" text=","><tfr rev_id="1441102" t=","><v><l t="," id="0"><g v="PNCT"></g></l></v></tfr></token><token id="608682" text="«"><tfr rev_id="2443793" t="«"><v><l t="«" id="0"><g v="PNCT"></g></l></v></tfr></token><token id="608683" text="Бюллетень"><tfr rev_id="1716013" t="Бюллетень"><v><l t="бюллетень" id="37338"><g v="NOUN"></g><g v="inan"></g><g v="masc"></g><g v="sing"></g><g v="nomn"></g></l></v><v><l t="бюллетень" id="37338"><g v="NOUN"></g><g v="inan"></g><g v="masc"></g><g v="sing"></g><g v="accs"></g></l></v></tfr></token><token id="608684" text="оперативной"><tfr rev_id="4378596" t="оперативной"><v><l t="оперативный" id="206941"><g v="ADJF"></g><g v="Qual"></g><g v="femn"></g><g v="sing"></g><g v="gent"></g></l></v></tfr></token><token id="608685" text="информации"><tfr rev_id="4288182" t="информации"><v><l t="информация" id="123576"><g v="NOUN"></g><g v="inan"></g><g v="femn"></g><g v="sing"></g><g v="gent"></g></l></v></tfr></token><token id="608686" text="»"><tfr rev_id="2443794" t="»"><v><l t="»" id="0"><g v="PNCT"></g></l></v></tfr></token><token id="608687" text=","><tfr rev_id="1441108" t=","><v><l t="," id="0"><g v="PNCT"></g></l></v></tfr></token><token id="608688" text="«"><tfr rev_id="2443795" t="«"><v><l t="«" id="0"><g v="PNCT"></g></l></v></tfr></token><token id="608689" text="Счастливая"><tfr rev_id="1441110" t="Счастливая"><v><l t="счастливый" id="341182"><g v="ADJF"></g><g v="Qual"></g><g v="femn"></g><g v="sing"></g><g v="nomn"></g></l></v></tfr></token><token id="608690" text="свадьба"><tfr rev_id="1441111" t="свадьба"><v><l t="свадьба" id="314610"><g v="NOUN"></g><g v="inan"></g><g v="femn"></g><g v="sing"></g><g v="nomn"></g></l></v></tfr></token><token id="608691" text="»"><tfr rev_id="2443796" t="»"><v><l t="»" id="0"><g v="PNCT"></g></l></v></tfr></token><token id="608692" text="и"><tfr rev_id="1441113" t="и"><v><l t="и" id="116949"><g v="CONJ"></g></l></v><v><l t="и" id="116950"><g v="INTJ"></g></l></v></tfr></token><token id="608693" text="«"><tfr rev_id="2443797" t="«"><v><l t="«" id="0"><g v="PNCT"></g></l></v></tfr></token><token id="608694" text="Первоклассные"><tfr rev_id="3817220" t="Первоклассные"><v><l t="первоклассный" id="226241"><g v="ADJF"></g><g v="Qual"></g><g v="plur"></g><g v="nomn"></g></l></v></tfr></token><token id="608695" text="родители"><tfr rev_id="1441116" t="родители"><v><l t="родитель" id="308303"><g v="NOUN"></g><g v="anim"></g><g v="masc"></g><g v="plur"></g><g v="nomn"></g></l></v></tfr></token><token id="608696" text="»"><tfr rev_id="2443798" t="»"><v><l t="»" id="0"><g v="PNCT"></g></l></v></tfr></token><token id="608697" text="."><tfr rev_id="1441118" t="."><v><l t="." id="0"><g v="PNCT"></g></l></v></tfr></token></tokens></sentence><sentence id="34004"><source>Совладельцами и основными акционерами концерна «Вечерняя Москва» являются Банк Москвы и столичное правительство.</source><tokens><token id="608698" text="Совладельцами"><tfr rev_id="1441119" t="Совладельцами"><v><l t="совладелец" id="328055"><g v="NOUN"></g><g v="anim"></g><g v="masc"></g><g v="plur"></g><g v="ablt"></g></l></v></tfr></token><token id="608699" text="и"><tfr rev_id="1441120" t="и"><v><l t="и" id="116949"><g v="CONJ"></g></l></v><v><l t="и" id="116950"><g v="INTJ"></g></l></v></tfr></token><token id="608700" text="основными"><tfr rev_id="1441121" t="основными"><v><l t="основной" id="210595"><g v="ADJF"></g><g v="plur"></g><g v="ablt"></g></l></v><v><l t="основный" id="210598"><g v="ADJF"></g><g v="Qual"></g><g v="plur"></g><g v="ablt"></g></l></v></tfr></token><token id="608701" text="акционерами"><tfr rev_id="1441122" t="акционерами"><v><l t="акционер" id="7940"><g v="NOUN"></g><g v="anim"></g><g v="masc"></g><g v="plur"></g><g v="ablt"></g></l></v></tfr></token><token id="608702" text="концерна"><tfr rev_id="1441123" t="концерна"><v><l t="концерн" id="138953"><g v="NOUN"></g><g v="inan"></g><g v="masc"></g><g v="sing"></g><g v="gent"></g></l></v></tfr></token><token id="608703" text="«"><tfr rev_id="2443799" t="«"><v><l t="«" id="0"><g v="PNCT"></g></l></v></tfr></token><token id="608704" text="Вечерняя"><tfr rev_id="1441125" t="Вечерняя"><v><l t="вечерний" id="42384"><g v="ADJF"></g><g v="femn"></g><g v="sing"></g><g v="nomn"></g></l></v></tfr></token><token id="608705" text="Москва"><tfr rev_id="1441126" t="Москва"><v><l t="москва" id="163901"><g v="NOUN"></g><g v="inan"></g><g v="femn"></g><g v="Sgtm"></g><g v="Geox"></g><g v="sing"></g><g v="nomn"></g></l></v></tfr></token><token id="608706" text="»"><tfr rev_id="2443800" t="»"><v><l t="»" id="0"><g v="PNCT"></g></l></v></tfr></token><token id="608707" text="являются"><tfr rev_id="1441128" t="являются"><v><l t="являюсь" id="387385"><g v="VERB"></g><g v="impf"></g><g v="intr"></g><g v="plur"></g><g v="3per"></g><g v="pres"></g><g v="indc"></g></l></v></tfr></token><token id="608708" text="Банк"><tfr rev_id="1441129" t="Банк"><v><l t="банк" id="23569"><g v="NOUN"></g><g v="inan"></g><g v="masc"></g><g v="sing"></g><g v="nomn"></g></l></v><v><l t="банк" id="23569"><g v="NOUN"></g><g v="inan"></g><g v="masc"></g><g v="sing"></g><g v="accs"></g></l></v></tfr></token><token id="608709" text="Москвы"><tfr rev_id="1441130" t="Москвы"><v><l t="москва" id="163901"><g v="NOUN"></g><g v="inan"></g><g v="femn"></g><g v="Sgtm"></g><g v="Geox"></g><g v="sing"></g><g v="gent"></g></l></v></tfr></token><token id="608710" text="и"><tfr rev_id="4164455" t="и"><v><l t="и" id="116949"><g v="CONJ"></g></l></v></tfr></token><token id="608711" text="столичное"><tfr rev_id="1441132" t="столичное"><v><l t="столичный" id="336589"><g v="ADJF"></g><g v="Qual"></g><g v="neut"></g><g v="sing"></g><g v="nomn"></g></l></v><v><l t="столичный" id="336589"><g v="ADJF"></g><g v="Qual"></g><g v="neut"></g><g v="sing"></g><g v="accs"></g></l></v></tfr></token><token id="608712" text="правительство"><tfr rev_id="1441133" t="правительство"><v><l t="правительство" id="265638"><g v="NOUN"></g><g v="inan"></g><g v="neut"></g><g v="sing"></g><g v="nomn"></g></l></v><v><l t="правительство" id="265638"><g v="NOUN"></g><g v="inan"></g><g v="neut"></g><g v="sing"></g><g v="accs"></g></l></v></tfr></token><token id="608713" text="."><tfr rev_id="1441134" t="."><v><l t="." id="0"><g v="PNCT"></g></l></v></tfr></token></tokens></sentence><sentence id="34005"><source>В концерн входит одноимённая газета с аудиторией одного выпуска 140 тыс. человек.</source><tokens><token id="608714" text="В"><tfr rev_id="1441135" t="В"><v><l t="в" id="37409"><g v="PREP"></g></l></v></tfr></token><token id="608715" text="концерн"><tfr rev_id="1441136" t="концерн"><v><l t="концерн" id="138953"><g v="NOUN"></g><g v="inan"></g><g v="masc"></g><g v="sing"></g><g v="nomn"></g></l></v><v><l t="концерн" id="138953"><g v="NOUN"></g><g v="inan"></g><g v="masc"></g><g v="sing"></g><g v="accs"></g></l></v></tfr></token><token id="608716" text="входит"><tfr rev_id="1441137" t="входит"><v><l t="вхожу" id="55354"><g v="VERB"></g><g v="impf"></g><g v="intr"></g><g v="sing"></g><g v="3per"></g><g v="pres"></g><g v="indc"></g></l></v></tfr></token><token id="608717" text="одноимённая"><tfr rev_id="1441138" t="одноимённая"><v><l t="одноимённый" id="203423"><g v="ADJF"></g><g v="femn"></g><g v="sing"></g><g v="nomn"></g></l></v></tfr></token><token id="608718" text="газета"><tfr rev_id="1441139" t="газета"><v><l t="газета" id="65825"><g v="NOUN"></g><g v="inan"></g><g v="femn"></g><g v="sing"></g><g v="nomn"></g></l></v></tfr></token><token id="608719" text="с"><tfr rev_id="1441140" t="с"><v><l t="с" id="311151"><g v="PREP"></g></l></v></tfr></token><token id="608720" text="аудиторией"><tfr rev_id="1441141" t="аудиторией"><v><l t="аудитория" id="19864"><g v="NOUN"></g><g v="inan"></g><g v="femn"></g><g v="sing"></g><g v="ablt"></g></l></v></tfr></token><token id="608721" text="одного"><tfr rev_id="4300605" t="одного"><v><l t="один" id="203319"><g v="ADJF"></g><g v="Apro"></g><g v="Anum"></g><g v="masc"></g><g v="sing"></g><g v="gent"></g></l></v><v><l t="один" id="203319"><g v="ADJF"></g><g v="Apro"></g><g v="Anum"></g><g v="anim"></g><g v="masc"></g><g v="sing"></g><g v="accs"></g></l></v></tfr></token><token id="608722" text="выпуска"><tfr rev_id="1441143" t="выпуска"><v><l t="выпуск" id="60996"><g v="NOUN"></g><g v="inan"></g><g v="masc"></g><g v="sing"></g><g v="gent"></g></l></v></tfr></token><token id="608723" text="140"><tfr rev_id="2461751" t="140"><v><l t="140" id="0"><g v="NUMB"></g></l></v></tfr></token><token id="608724" text="тыс"><tfr rev_id="4165463" t="тыс"><v><l t="тыс" id="389041"><g v="NOUN"></g><g v="inan"></g><g v="femn"></g><g v="Fixd"></g><g v="Abbr"></g><g v="plur"></g><g v="nomn"></g></l></v><v><l t="тыс" id="389041"><g v="NOUN"></g><g v="inan"></g><g v="femn"></g><g v="Fixd"></g><g v="Abbr"></g><g v="plur"></g><g v="gent"></g></l></v><v><l t="тыс" id="389041"><g v="NOUN"></g><g v="inan"></g><g v="femn"></g><g v="Fixd"></g><g v="Abbr"></g><g v="plur"></g><g v="datv"></g></l></v><v><l t="тыс" id="389041"><g v="NOUN"></g><g v="inan"></g><g v="femn"></g><g v="Fixd"></g><g v="Abbr"></g><g v="plur"></g><g v="accs"></g></l></v><v><l t="тыс" id="389041"><g v="NOUN"></g><g v="inan"></g><g v="femn"></g><g v="Fixd"></g><g v="Abbr"></g><g v="plur"></g><g v="ablt"></g></l></v><v><l t="тыс" id="389041"><g v="NOUN"></g><g v="inan"></g><g v="femn"></g><g v="Fixd"></g><g v="Abbr"></g><g v="plur"></g><g v="loct"></g></l></v></tfr></token><token id="608725" text="."><tfr rev_id="1441146" t="."><v><l t="." id="0"><g v="PNCT"></g></l></v></tfr></token><token id="608726" text="человек"><tfr rev_id="3471676" t="человек"><v><l t="человек" id="375073"><g v="NOUN"></g><g v="anim"></g><g v="masc"></g><g v="plur"></g><g v="gent"></g></l></v></tfr></token><token id="608727" text="."><tfr rev_id="1441148" t="."><v><l t="." id="0"><g v="PNCT"></g></l></v></tfr></token></tokens></sentence><sentence id="34006"><source>Кроме газеты, концерн выпускает журналы «Наташа», «Семейная медицина», «Самая разная еда» и другие.</source><tokens><token id="608728" text="Кроме"><tfr rev_id="1441149" t="Кроме"><v><l t="кроме" id="143259"><g v="PREP"></g></l></v></tfr></token><token id="608729" text="газеты"><tfr rev_id="3487870" t="газеты"><v><l t="газета" id="65825"><g v="NOUN"></g><g v="inan"></g><g v="femn"></g><g v="sing"></g><g v="gent"></g></l></v></tfr></token><token id="608730" text=","><tfr rev_id="1441151" t=","><v><l t="," id="0"><g v="PNCT"></g></l></v></tfr></token><token id="608731" text="концерн"><tfr rev_id="4101197" t="концерн"><v><l t="концерн" id="138953"><g v="NOUN"></g><g v="inan"></g><g v="masc"></g><g v="sing"></g><g v="nomn"></g></l></v></tfr></token><token id="608732" text="выпускает"><tfr rev_id="1441153" t="выпускает"><v><l t="выпускаю" id="60998"><g v="VERB"></g><g v="impf"></g><g v="tran"></g><g v="sing"></g><g v="3per"></g><g v="pres"></g><g v="indc"></g></l></v></tfr></token><token id="608733" text="журналы"><tfr rev_id="3756524" t="журналы"><v><l t="журнал" id="97972"><g v="NOUN"></g><g v="inan"></g><g v="masc"></g><g v="plur"></g><g v="accs"></g></l></v></tfr></token><token id="608734" text="«"><tfr rev_id="2443801" t="«"><v><l t="«" id="0"><g v="PNCT"></g></l></v></tfr></token><token id="608735" text="Наташа"><tfr rev_id="1441156" t="Наташа"><v><l t="наташа" id="176829"><g v="NOUN"></g><g v="anim"></g><g v="femn"></g><g v="Name"></g><g v="sing"></g><g v="nomn"></g></l></v></tfr></token><token id="608736" text="»"><tfr rev_id="2443802" t="»"><v><l t="»" id="0"><g v="PNCT"></g></l></v></tfr></token><token id="608737" text=","><tfr rev_id="1441158" t=","><v><l t="," id="0"><g v="PNCT"></g></l></v></tfr></token><token id="608738" text="«"><tfr rev_id="2443803" t="«"><v><l t="«" id="0"><g v="PNCT"></g></l></v></tfr></token><token id="608739" text="Семейная"><tfr rev_id="1441160" t="Семейная"><v><l t="семейный" id="318495"><g v="ADJF"></g><g v="Qual"></g><g v="femn"></g><g v="sing"></g><g v="nomn"></g></l></v></tfr></token><token id="608740" text="медицина"><tfr rev_id="1441161" t="медицина"><v><l t="медицина" id="157066"><g v="NOUN"></g><g v="inan"></g><g v="femn"></g><g v="sing"></g><g v="nomn"></g></l></v></tfr></token><token id="608741" text="»"><tfr rev_id="2443804" t="»"><v><l t="»" id="0"><g v="PNCT"></g></l></v></tfr></token><token id="608742" text=","><tfr rev_id="1441163" t=","><v><l t="," id="0"><g v="PNCT"></g></l></v></tfr></token><token id="608743" text="«"><tfr rev_id="2443805" t="«"><v><l t="«" id="0"><g v="PNCT"></g></l></v></tfr></token><token id="608744" text="Самая"><tfr rev_id="1441165" t="Самая"><v><l t="самый" id="313174"><g v="ADJF"></g><g v="Apro"></g><g v="femn"></g><g v="sing"></g><g v="nomn"></g></l></v></tfr></token><token id="608745" text="разная"><tfr rev_id="1441166" t="разная"><v><l t="разный" id="296007"><g v="ADJF"></g><g v="Qual"></g><g v="femn"></g><g v="sing"></g><g v="nomn"></g></l></v></tfr></token><token id="608746" text="еда"><tfr rev_id="1441167" t="еда"><v><l t="еда" id="94259"><g v="NOUN"></g><g v="inan"></g><g v="femn"></g><g v="Sgtm"></g><g v="sing"></g><g v="nomn"></g></l></v></tfr></token><token id="608747" text="»"><tfr rev_id="2443806" t="»"><v><l t="»" id="0"><g v="PNCT"></g></l></v></tfr></token><token id="608748" text="и"><tfr rev_id="1441169" t="и"><v><l t="и" id="116949"><g v="CONJ"></g></l></v><v><l t="и" id="116950"><g v="INTJ"></g></l></v></tfr></token><token id="608749" text="другие"><tfr rev_id="3746835" t="другие"><v><l t="другой" id="92342"><g v="ADJF"></g><g v="Apro"></g><g v="Subx"></g><g v="inan"></g><g v="plur"></g><g v="accs"></g></l></v></tfr></token><token id="608750" text="."><tfr rev_id="1441171" t="."><v><l t="." id="0"><g v="PNCT"></g></l></v></tfr></token></tokens></sentence><sentence id="34007"><source>Официальная газета правительства Москвы «Тверская, 13» выходит три раза в неделю тиражом 100 тыс. экземпляров в Москве, Подмосковье и ещё 27 регионах России.</source><tokens><token id="608751" text="Официальная"><tfr rev_id="1441172" t="Официальная"><v><l t="официальный" id="220939"><g v="ADJF"></g><g v="femn"></g><g v="sing"></g><g v="nomn"></g></l></v></tfr></token><token id="608752" text="газета"><tfr rev_id="1441173" t="газета"><v><l t="газета" id="65825"><g v="NOUN"></g><g v="inan"></g><g v="femn"></g><g v="sing"></g><g v="nomn"></g></l></v></tfr></token><token id="608753" text="правительства"><tfr rev_id="3492555" t="правительства"><v><l t="правительство" id="265638"><g v="NOUN"></g><g v="inan"></g><g v="neut"></g><g v="sing"></g><g v="gent"></g></l></v></tfr></token><token id="608754" text="Москвы"><tfr rev_id="1441175" t="Москвы"><v><l t="москва" id="163901"><g v="NOUN"></g><g v="inan"></g><g v="femn"></g><g v="Sgtm"></g><g v="Geox"></g><g v="sing"></g><g v="gent"></g></l></v></tfr></token><token id="608755" text="«"><tfr rev_id="2443807" t="«"><v><l t="«" id="0"><g v="PNCT"></g></l></v></tfr></token><token id="608756" text="Тверская"><tfr rev_id="3416873" t="Тверская"><v><l t="тверская" id="343767"><g v="NOUN"></g><g v="inan"></g><g v="femn"></g><g v="Sgtm"></g><g v="Geox"></g><g v="sing"></g><g v="nomn"></g></l></v></tfr></token><token id="608757" text=","><tfr rev_id="1441178" t=","><v><l t="," id="0"><g v="PNCT"></g></l></v></tfr></token><token id="608758" text="13"><tfr rev_id="2461752" t="13"><v><l t="13" id="0"><g v="NUMB"></g></l></v></tfr></token><token id="608759" text="»"><tfr rev_id="2443808" t="»"><v><l t="»" id="0"><g v="PNCT"></g></l></v></tfr></token><token id="608760" text="выходит"><tfr rev_id="1441181" t="выходит"><v><l t="выхожу" id="63962"><g v="VERB"></g><g v="impf"></g><g v="intr"></g><g v="sing"></g><g v="3per"></g><g v="pres"></g><g v="indc"></g></l></v><v><l t="выходил" id="63967"><g v="VERB"></g><g v="perf"></g><g v="tran"></g><g v="sing"></g><g v="3per"></g><g v="futr"></g><g v="indc"></g></l></v></tfr></token><token id="608761" text="три"><tfr rev_id="2635523" t="три"><v><l t="три" id="349973"><g v="NUMR"></g><g v="nomn"></g></l></v><v><l t="три" id="349973"><g v="NUMR"></g><g v="inan"></g><g v="accs"></g></l></v></tfr></token><token id="608762" text="раза"><tfr rev_id="3421615" t="раза"><v><l t="раз" id="291500"><g v="NOUN"></g><g v="inan"></g><g v="masc"></g><g v="sing"></g><g v="gen1"></g></l></v></tfr></token><token id="608763" text="в"><tfr rev_id="1441184" t="в"><v><l t="в" id="37409"><g v="PREP"></g></l></v></tfr></token><token id="608764" text="неделю"><tfr rev_id="1441185" t="неделю"><v><l t="неделя" id="180718"><g v="NOUN"></g><g v="inan"></g><g v="femn"></g><g v="sing"></g><g v="accs"></g></l></v></tfr></token><token id="608765" text="тиражом"><tfr rev_id="1441186" t="тиражом"><v><l t="тираж" id="346359"><g v="NOUN"></g><g v="inan"></g><g v="masc"></g><g v="sing"></g><g v="ablt"></g></l></v></tfr></token><token id="608766" text="100"><tfr rev_id="2461753" t="100"><v><l t="100" id="0"><g v="NUMB"></g></l></v></tfr></token><token id="608767" text="тыс"><tfr rev_id="4154891" t="тыс"><v><l t="тыс" id="389041"><g v="NOUN"></g><g v="inan"></g><g v="femn"></g><g v="Fixd"></g><g v="Abbr"></g><g v="plur"></g><g v="gent"></g></l></v></tfr></token><token id="608768" text="."><tfr rev_id="1441189" t="."><v><l t="." id="0"><g v="PNCT"></g></l></v></tfr></token><token id="608769" text="экземпляров"><tfr rev_id="1441190" t="экземпляров"><v><l t="экземпляр" id="383192"><g v="NOUN"></g><g v="inan"></g><g v="masc"></g><g v="plur"></g><g v="gent"></g></l></v></tfr></token><token id="608770" text="в"><tfr rev_id="1441191" t="в"><v><l t="в" id="37409"><g v="PREP"></g></l></v></tfr></token><token id="608771" text="Москве"><tfr rev_id="3500284" t="Москве"><v><l t="москва" id="163901"><g v="NOUN"></g><g v="inan"></g><g v="femn"></g><g v="Sgtm"></g><g v="Geox"></g><g v="sing"></g><g v="loct"></g></l></v></tfr></token><token id="608772" text=","><tfr rev_id="1441193" t=","><v><l t="," id="0"><g v="PNCT"></g></l></v></tfr></token><token id="608773" text="Подмосковье"><tfr rev_id="4485980" t="Подмосковье"><v><l t="подмосковье" id="247776"><g v="NOUN"></g><g v="inan"></g><g v="neut"></g><g v="Sgtm"></g><g v="Geox"></g><g v="sing"></g><g v="loct"></g></l></v></tfr></token><token id="608774" text="и"><tfr rev_id="3557684" t="и"><v><l t="и" id="116949"><g v="CONJ"></g></l></v></tfr></token><token id="608775" text="ещё"><tfr rev_id="1441196" t="ещё"><v><l t="ещё" id="95551"><g v="PRCL"></g></l></v><v><l t="ещё" id="95552"><g v="ADVB"></g></l></v></tfr></token><token id="608776" text="27"><tfr rev_id="2461754" t="27"><v><l t="27" id="0"><g v="NUMB"></g></l></v></tfr></token><token id="608777" text="регионах"><tfr rev_id="1441198" t="регионах"><v><l t="регион" id="304808"><g v="NOUN"></g><g v="inan"></g><g v="masc"></g><g v="plur"></g><g v="loct"></g></l></v></tfr></token><token id="608778" text="России"><tfr rev_id="3325552" t="России"><v><l t="россия" id="309322"><g v="NOUN"></g><g v="inan"></g><g v="femn"></g><g v="Sgtm"></g><g v="Geox"></g><g v="sing"></g><g v="gent"></g></l></v></tfr></token><token id="608779" text="."><tfr rev_id="1441200" t="."><v><l t="." id="0"><g v="PNCT"></g></l></v></tfr></token></tokens></sentence></paragraph><paragraph id="10866"><sentence id="34008"><source>О сделках на российском медиарынке читайте в статье Частного корреспондента «Кто – кого»</source><tokens><token id="608780" text="О"><tfr rev_id="3230706" t="О"><v><l t="о" id="192977"><g v="PREP"></g></l></v></tfr></token><token id="608781" text="сделках"><tfr rev_id="1441202" t="сделках"><v><l t="сделка" id="317256"><g v="NOUN"></g><g v="inan"></g><g v="femn"></g><g v="plur"></g><g v="loct"></g></l></v></tfr></token><token id="608782" text="на"><tfr rev_id="3394072" t="на"><v><l t="на" id="166264"><g v="PREP"></g></l></v></tfr></token><token id="608783" text="российском"><tfr rev_id="4162113" t="российском"><v><l t="российский" id="309319"><g v="ADJF"></g><g v="masc"></g><g v="sing"></g><g v="loct"></g></l></v></tfr></token><token id="608784" text="медиарынке"><tfr rev_id="1441205" t="медиарынке"><v><l t="медиарынке" id="0"><g v="UNKN"></g></l></v></tfr></token><token id="608785" text="читайте"><tfr rev_id="1441206" t="читайте"><v><l t="читаю" id="376719"><g v="VERB"></g><g v="impf"></g><g v="tran"></g><g v="plur"></g><g v="impr"></g><g v="excl"></g></l></v></tfr></token><token id="608786" text="в"><tfr rev_id="1441207" t="в"><v><l t="в" id="37409"><g v="PREP"></g></l></v></tfr></token><token id="608787" text="статье"><tfr rev_id="3557145" t="статье"><v><l t="статья" id="335173"><g v="NOUN"></g><g v="inan"></g><g v="femn"></g><g v="sing"></g><g v="loct"></g></l></v></tfr></token><token id="608788" text="Частного"><tfr rev_id="4306721" t="Частного"><v><l t="частный" id="374795"><g v="ADJF"></g><g v="Qual"></g><g v="masc"></g><g v="sing"></g><g v="gent"></g></l></v><v><l t="частный" id="374795"><g v="ADJF"></g><g v="Qual"></g><g v="anim"></g><g v="masc"></g><g v="sing"></g><g v="accs"></g></l></v></tfr></token><token id="608789" text="корреспондента"><tfr rev_id="3886758" t="корреспондента"><v><l t="корреспондент" id="140239"><g v="NOUN"></g><g v="anim"></g><g v="masc"></g><g v="sing"></g><g v="gent"></g></l></v></tfr></token><token id="608790" text="«"><tfr rev_id="2443809" t="«"><v><l t="«" id="0"><g v="PNCT"></g></l></v></tfr></token><token id="608791" text="Кто"><tfr rev_id="1441212" t="Кто"><v><l t="кто" id="144216"><g v="NPRO"></g><g v="masc"></g><g v="sing"></g><g v="nomn"></g></l></v></tfr></token><token id="608792" text="–"><tfr rev_id="2443810" t="–"><v><l t="–" id="0"><g v="PNCT"></g></l></v></tfr></token><token id="608793" text="кого"><tfr rev_id="2928240" t="кого"><v><l t="кто" id="144216"><g v="NPRO"></g><g v="masc"></g><g v="sing"></g><g v="accs"></g></l></v></tfr></token><token id="608794" text="»"><tfr rev_id="2443811" t="»"><v><l t="»" id="0"><g v="PNCT"></g></l></v></tfr></token></tokens></sentence></paragraph></paragraphs></text>