<?xml version="1.0" encoding="utf-8"?><text id="1155" parent="226" name="23307 Крийя-йога на «Красном Октябре»"><tags><tag>url:http://www.chaskor.ru/news/otkrytaya_lektsiya_indijskogo_mastera_svami_shankarananda_giri_23307</tag><tag>Год:2011</tag><tag>Дата:07/05</tag><tag>Тема:ЧасКор:Здоровье</tag><tag>Тема:ЧасКор:Здоровье/Здоровье</tag></tags><paragraphs><paragraph id="10908"><sentence id="34131"><source>Крийя-йога на «Красном Октябре»</source><tokens><token id="611030" text="Крийя-йога"><tfr rev_id="4566879" t="Крийя-йога"><v><l t="крийя-йога" id="393794"><g v="NOUN"></g><g v="inan"></g><g v="femn"></g><g v="sing"></g><g v="nomn"></g></l></v></tfr></token><token id="611031" text="на"><tfr rev_id="3330314" t="на"><v><l t="на" id="166264"><g v="PREP"></g></l></v></tfr></token><token id="611032" text="«"><tfr rev_id="2443919" t="«"><v><l t="«" id="0"><g v="PNCT"></g></l></v></tfr></token><token id="611033" text="Красном"><tfr rev_id="4412890" t="Красном"><v><l t="красный" id="142014"><g v="ADJF"></g><g v="Qual"></g><g v="masc"></g><g v="sing"></g><g v="loct"></g></l></v></tfr></token><token id="611034" text="Октябре"><tfr rev_id="1443455" t="Октябре"><v><l t="октябрь" id="205725"><g v="NOUN"></g><g v="inan"></g><g v="masc"></g><g v="sing"></g><g v="loct"></g></l></v></tfr></token><token id="611035" text="»"><tfr rev_id="2443920" t="»"><v><l t="»" id="0"><g v="PNCT"></g></l></v></tfr></token></tokens></sentence><sentence id="34132"><source>Открытая лекция индийского мастера Свами Шанкарананды Гири.</source><tokens><token id="611036" text="Открытая"><tfr rev_id="1443457" t="Открытая"><v><l t="открытый" id="214751"><g v="ADJF"></g><g v="Qual"></g><g v="femn"></g><g v="sing"></g><g v="nomn"></g></l></v><v><l t="открытый" id="214757"><g v="PRTF"></g><g v="perf"></g><g v="tran"></g><g v="past"></g><g v="pssv"></g><g v="femn"></g><g v="sing"></g><g v="nomn"></g></l></v></tfr></token><token id="611037" text="лекция"><tfr rev_id="1443458" t="лекция"><v><l t="лекция" id="147944"><g v="NOUN"></g><g v="inan"></g><g v="femn"></g><g v="sing"></g><g v="nomn"></g></l></v></tfr></token><token id="611038" text="индийского"><tfr rev_id="4420426" t="индийского"><v><l t="индийский" id="122234"><g v="ADJF"></g><g v="masc"></g><g v="sing"></g><g v="gent"></g></l></v></tfr></token><token id="611039" text="мастера"><tfr rev_id="4359622" t="мастера"><v><l t="мастер" id="156069"><g v="NOUN"></g><g v="anim"></g><g v="masc"></g><g v="sing"></g><g v="gent"></g></l></v></tfr></token><token id="611040" text="Свами"><tfr rev_id="3490496" t="Свами"><v><l t="свами" id="314688"><g v="NOUN"></g><g v="anim"></g><g v="masc"></g><g v="Sgtm"></g><g v="Fixd"></g><g v="sing"></g><g v="gent"></g></l></v></tfr></token><token id="611041" text="Шанкарананды"><tfr rev_id="1443462" t="Шанкарананды"><v><l t="шанкарананды" id="0"><g v="UNKN"></g></l></v></tfr></token><token id="611042" text="Гири"><tfr rev_id="3490978" t="Гири"><v><l t="Гири" id="0"><g v="UNKN"></g></l></v></tfr></token><token id="611043" text="."><tfr rev_id="1443464" t="."><v><l t="." id="0"><g v="PNCT"></g></l></v></tfr></token></tokens></sentence></paragraph><paragraph id="10909"><sentence id="34133"><source>В Москву приезжает монах, астролог и провидец, учитель крийя-йоги Свами Шанкарананда Гири.</source><tokens><token id="611044" text="В"><tfr rev_id="1443465" t="В"><v><l t="в" id="37409"><g v="PREP"></g></l></v></tfr></token><token id="611045" text="Москву"><tfr rev_id="1443466" t="Москву"><v><l t="москва" id="163901"><g v="NOUN"></g><g v="inan"></g><g v="femn"></g><g v="Sgtm"></g><g v="Geox"></g><g v="sing"></g><g v="accs"></g></l></v></tfr></token><token id="611046" text="приезжает"><tfr rev_id="1443467" t="приезжает"><v><l t="приезжаю" id="270333"><g v="VERB"></g><g v="impf"></g><g v="intr"></g><g v="sing"></g><g v="3per"></g><g v="pres"></g><g v="indc"></g></l></v></tfr></token><token id="611047" text="монах"><tfr rev_id="3471231" t="монах"><v><l t="монах" id="163087"><g v="NOUN"></g><g v="anim"></g><g v="masc"></g><g v="sing"></g><g v="nomn"></g></l></v></tfr></token><token id="611048" text=","><tfr rev_id="1443469" t=","><v><l t="," id="0"><g v="PNCT"></g></l></v></tfr></token><token id="611049" text="астролог"><tfr rev_id="1443470" t="астролог"><v><l t="астролог" id="19076"><g v="NOUN"></g><g v="anim"></g><g v="masc"></g><g v="sing"></g><g v="nomn"></g></l></v></tfr></token><token id="611050" text="и"><tfr rev_id="1443471" t="и"><v><l t="и" id="116949"><g v="CONJ"></g></l></v><v><l t="и" id="116950"><g v="INTJ"></g></l></v></tfr></token><token id="611051" text="провидец"><tfr rev_id="1443472" t="провидец"><v><l t="провидец" id="277916"><g v="NOUN"></g><g v="anim"></g><g v="masc"></g><g v="sing"></g><g v="nomn"></g></l></v></tfr></token><token id="611052" text=","><tfr rev_id="1443473" t=","><v><l t="," id="0"><g v="PNCT"></g></l></v></tfr></token><token id="611053" text="учитель"><tfr rev_id="1443474" t="учитель"><v><l t="учитель" id="363287"><g v="NOUN"></g><g v="anim"></g><g v="masc"></g><g v="sing"></g><g v="nomn"></g></l></v></tfr></token><token id="611054" text="крийя-йоги"><tfr rev_id="4566880" t="крийя-йоги"><v><l t="крийя-йога" id="393794"><g v="NOUN"></g><g v="inan"></g><g v="femn"></g><g v="plur"></g><g v="accs"></g></l></v><v><l t="крийя-йога" id="393794"><g v="NOUN"></g><g v="inan"></g><g v="femn"></g><g v="plur"></g><g v="nomn"></g></l></v><v><l t="крийя-йога" id="393794"><g v="NOUN"></g><g v="inan"></g><g v="femn"></g><g v="sing"></g><g v="gent"></g></l></v></tfr></token><token id="611055" text="Свами"><tfr rev_id="4138260" t="Свами"><v><l t="свами" id="314688"><g v="NOUN"></g><g v="anim"></g><g v="masc"></g><g v="Sgtm"></g><g v="Fixd"></g><g v="sing"></g><g v="nomn"></g></l></v></tfr></token><token id="611056" text="Шанкарананда"><tfr rev_id="1443477" t="Шанкарананда"><v><l t="шанкарананда" id="0"><g v="UNKN"></g></l></v></tfr></token><token id="611057" text="Гири"><tfr rev_id="3434353" t="Гири"><v><l t="Гири" id="0"><g v="UNKN"></g></l></v></tfr></token><token id="611058" text="."><tfr rev_id="1443479" t="."><v><l t="." id="0"><g v="PNCT"></g></l></v></tfr></token></tokens></sentence><sentence id="34134"><source>Он продолжает линию передачи, восходящую к великому гималайскому йогу Бабаджи и его преемникам Лахири Махасаю, Шри Юктешвару и Парамахансе Йогананде, автору известной книги «Автобиография йога».</source><tokens><token id="611059" text="Он"><tfr rev_id="3575578" t="Он"><v><l t="он" id="206541"><g v="NPRO"></g><g v="masc"></g><g v="3per"></g><g v="Anph"></g><g v="sing"></g><g v="nomn"></g></l></v></tfr></token><token id="611060" text="продолжает"><tfr rev_id="1443481" t="продолжает"><v><l t="продолжаю" id="279215"><g v="VERB"></g><g v="impf"></g><g v="tran"></g><g v="sing"></g><g v="3per"></g><g v="pres"></g><g v="indc"></g></l></v></tfr></token><token id="611061" text="линию"><tfr rev_id="1443482" t="линию"><v><l t="линия" id="149420"><g v="NOUN"></g><g v="inan"></g><g v="femn"></g><g v="sing"></g><g v="accs"></g></l></v></tfr></token><token id="611062" text="передачи"><tfr rev_id="3473492" t="передачи"><v><l t="передача" id="228169"><g v="NOUN"></g><g v="inan"></g><g v="femn"></g><g v="sing"></g><g v="gent"></g></l></v></tfr></token><token id="611063" text=","><tfr rev_id="1443484" t=","><v><l t="," id="0"><g v="PNCT"></g></l></v></tfr></token><token id="611064" text="восходящую"><tfr rev_id="1443485" t="восходящую"><v><l t="восходящий" id="52106"><g v="PRTF"></g><g v="impf"></g><g v="intr"></g><g v="pres"></g><g v="actv"></g><g v="femn"></g><g v="sing"></g><g v="accs"></g></l></v><v><l t="восходящий" id="52109"><g v="ADJF"></g><g v="femn"></g><g v="sing"></g><g v="accs"></g></l></v></tfr></token><token id="611065" text="к"><tfr rev_id="1443486" t="к"><v><l t="к" id="127460"><g v="PREP"></g></l></v></tfr></token><token id="611066" text="великому"><tfr rev_id="1443487" t="великому"><v><l t="великий" id="40614"><g v="ADJF"></g><g v="masc"></g><g v="sing"></g><g v="datv"></g></l></v><v><l t="великий" id="40614"><g v="ADJF"></g><g v="neut"></g><g v="sing"></g><g v="datv"></g></l></v><v><l t="великое" id="40647"><g v="NOUN"></g><g v="inan"></g><g v="neut"></g><g v="Geox"></g><g v="sing"></g><g v="datv"></g></l></v></tfr></token><token id="611067" text="гималайскому"><tfr rev_id="3448953" t="гималайскому"><v><l t="гималайский" id="70168"><g v="ADJF"></g><g v="masc"></g><g v="sing"></g><g v="datv"></g></l></v></tfr></token><token id="611068" text="йогу"><tfr rev_id="4215740" t="йогу"><v><l t="йог" id="127339"><g v="NOUN"></g><g v="anim"></g><g v="masc"></g><g v="sing"></g><g v="datv"></g></l></v></tfr></token><token id="611069" text="Бабаджи"><tfr rev_id="1443490" t="Бабаджи"><v><l t="бабаджи" id="0"><g v="UNKN"></g></l></v></tfr></token><token id="611070" text="и"><tfr rev_id="1443491" t="и"><v><l t="и" id="116949"><g v="CONJ"></g></l></v><v><l t="и" id="116950"><g v="INTJ"></g></l></v></tfr></token><token id="611071" text="его"><tfr rev_id="4086327" t="его"><v><l t="его" id="94208"><g v="ADJF"></g><g v="Fixd"></g><g v="Apro"></g><g v="Anph"></g><g v="plur"></g><g v="nomn"></g></l></v><v><l t="его" id="94208"><g v="ADJF"></g><g v="Fixd"></g><g v="Apro"></g><g v="Anph"></g><g v="plur"></g><g v="gent"></g></l></v><v><l t="его" id="94208"><g v="ADJF"></g><g v="Fixd"></g><g v="Apro"></g><g v="Anph"></g><g v="plur"></g><g v="datv"></g></l></v><v><l t="его" id="94208"><g v="ADJF"></g><g v="Fixd"></g><g v="Apro"></g><g v="Anph"></g><g v="plur"></g><g v="accs"></g></l></v><v><l t="его" id="94208"><g v="ADJF"></g><g v="Fixd"></g><g v="Apro"></g><g v="Anph"></g><g v="plur"></g><g v="ablt"></g></l></v><v><l t="его" id="94208"><g v="ADJF"></g><g v="Fixd"></g><g v="Apro"></g><g v="Anph"></g><g v="plur"></g><g v="loct"></g></l></v></tfr></token><token id="611072" text="преемникам"><tfr rev_id="1443493" t="преемникам"><v><l t="преемник" id="267392"><g v="NOUN"></g><g v="anim"></g><g v="masc"></g><g v="plur"></g><g v="datv"></g></l></v></tfr></token><token id="611073" text="Лахири"><tfr rev_id="1443494" t="Лахири"><v><l t="лахири" id="0"><g v="UNKN"></g></l></v></tfr></token><token id="611074" text="Махасаю"><tfr rev_id="1443495" t="Махасаю"><v><l t="махасаю" id="0"><g v="UNKN"></g></l></v></tfr></token><token id="611075" text=","><tfr rev_id="1443496" t=","><v><l t="," id="0"><g v="PNCT"></g></l></v></tfr></token><token id="611076" text="Шри"><tfr rev_id="4285633" t="Шри"><v><l t="шри" id="381201"><g v="NOUN"></g><g v="anim"></g><g v="masc"></g><g v="Sgtm"></g><g v="Fixd"></g><g v="sing"></g><g v="datv"></g></l></v></tfr></token><token id="611077" text="Юктешвару"><tfr rev_id="1443498" t="Юктешвару"><v><l t="юктешвару" id="0"><g v="UNKN"></g></l></v></tfr></token><token id="611078" text="и"><tfr rev_id="1443499" t="и"><v><l t="и" id="116949"><g v="CONJ"></g></l></v><v><l t="и" id="116950"><g v="INTJ"></g></l></v></tfr></token><token id="611079" text="Парамахансе"><tfr rev_id="1443500" t="Парамахансе"><v><l t="парамахансе" id="0"><g v="UNKN"></g></l></v></tfr></token><token id="611080" text="Йогананде"><tfr rev_id="1443501" t="Йогананде"><v><l t="йогананде" id="0"><g v="UNKN"></g></l></v></tfr></token><token id="611081" text=","><tfr rev_id="1443502" t=","><v><l t="," id="0"><g v="PNCT"></g></l></v></tfr></token><token id="611082" text="автору"><tfr rev_id="1443503" t="автору"><v><l t="автор" id="3371"><g v="NOUN"></g><g v="anim"></g><g v="masc"></g><g v="sing"></g><g v="datv"></g></l></v></tfr></token><token id="611083" text="известной"><tfr rev_id="3946529" t="известной"><v><l t="известный" id="118144"><g v="ADJF"></g><g v="Qual"></g><g v="femn"></g><g v="sing"></g><g v="gent"></g></l></v></tfr></token><token id="611084" text="книги"><tfr rev_id="3434482" t="книги"><v><l t="книга" id="134823"><g v="NOUN"></g><g v="inan"></g><g v="femn"></g><g v="sing"></g><g v="gent"></g></l></v></tfr></token><token id="611085" text="«"><tfr rev_id="2443921" t="«"><v><l t="«" id="0"><g v="PNCT"></g></l></v></tfr></token><token id="611086" text="Автобиография"><tfr rev_id="1443507" t="Автобиография"><v><l t="автобиография" id="3015"><g v="NOUN"></g><g v="inan"></g><g v="femn"></g><g v="sing"></g><g v="nomn"></g></l></v></tfr></token><token id="611087" text="йога"><tfr rev_id="4426181" t="йога"><v><l t="йог" id="127339"><g v="NOUN"></g><g v="anim"></g><g v="masc"></g><g v="sing"></g><g v="gent"></g></l></v></tfr></token><token id="611088" text="»"><tfr rev_id="2443922" t="»"><v><l t="»" id="0"><g v="PNCT"></g></l></v></tfr></token><token id="611089" text="."><tfr rev_id="1443510" t="."><v><l t="." id="0"><g v="PNCT"></g></l></v></tfr></token></tokens></sentence><sentence id="34135"><source>В ходе публичной лекции, которая пройдет в центре йоги «Нараяна» на «Красном Октябре», Свами расскажет о своём видении духовного поиска и роли йоги в современном мире.</source><tokens><token id="611090" text="В"><tfr rev_id="1443511" t="В"><v><l t="в" id="37409"><g v="PREP"></g></l></v></tfr></token><token id="611091" text="ходе"><tfr rev_id="1443512" t="ходе"><v><l t="ход" id="371078"><g v="NOUN"></g><g v="inan"></g><g v="masc"></g><g v="sing"></g><g v="loc1"></g></l></v></tfr></token><token id="611092" text="публичной"><tfr rev_id="4173804" t="публичной"><v><l t="публичный" id="288858"><g v="ADJF"></g><g v="Qual"></g><g v="femn"></g><g v="sing"></g><g v="gent"></g></l></v></tfr></token><token id="611093" text="лекции"><tfr rev_id="4240188" t="лекции"><v><l t="лекция" id="147944"><g v="NOUN"></g><g v="inan"></g><g v="femn"></g><g v="sing"></g><g v="gent"></g></l></v></tfr></token><token id="611094" text=","><tfr rev_id="1443515" t=","><v><l t="," id="0"><g v="PNCT"></g></l></v></tfr></token><token id="611095" text="которая"><tfr rev_id="3639812" t="которая"><v><l t="который" id="141203"><g v="ADJF"></g><g v="Apro"></g><g v="Subx"></g><g v="Anph"></g><g v="femn"></g><g v="sing"></g><g v="nomn"></g></l></v></tfr></token><token id="611096" text="пройдет"><tfr rev_id="1443517" t="пройдет"><v><l t="прошёл" id="280310"><g v="VERB"></g><g v="perf"></g><g v="tran"></g><g v="sing"></g><g v="3per"></g><g v="futr"></g><g v="indc"></g></l></v></tfr></token><token id="611097" text="в"><tfr rev_id="1443518" t="в"><v><l t="в" id="37409"><g v="PREP"></g></l></v></tfr></token><token id="611098" text="центре"><tfr rev_id="1443519" t="центре"><v><l t="центр" id="373369"><g v="NOUN"></g><g v="inan"></g><g v="masc"></g><g v="sing"></g><g v="loct"></g></l></v></tfr></token><token id="611099" text="йоги"><tfr rev_id="3433802" t="йоги"><v><l t="йога" id="127340"><g v="NOUN"></g><g v="inan"></g><g v="femn"></g><g v="sing"></g><g v="gent"></g></l></v></tfr></token><token id="611100" text="«"><tfr rev_id="2443923" t="«"><v><l t="«" id="0"><g v="PNCT"></g></l></v></tfr></token><token id="611101" text="Нараяна"><tfr rev_id="1443522" t="Нараяна"><v><l t="нараяна" id="0"><g v="UNKN"></g></l></v></tfr></token><token id="611102" text="»"><tfr rev_id="2443924" t="»"><v><l t="»" id="0"><g v="PNCT"></g></l></v></tfr></token><token id="611103" text="на"><tfr rev_id="3338772" t="на"><v><l t="на" id="166264"><g v="PREP"></g></l></v></tfr></token><token id="611104" text="«"><tfr rev_id="2443925" t="«"><v><l t="«" id="0"><g v="PNCT"></g></l></v></tfr></token><token id="611105" text="Красном"><tfr rev_id="4371522" t="Красном"><v><l t="красный" id="142014"><g v="ADJF"></g><g v="Qual"></g><g v="masc"></g><g v="sing"></g><g v="loct"></g></l></v></tfr></token><token id="611106" text="Октябре"><tfr rev_id="1443527" t="Октябре"><v><l t="октябрь" id="205725"><g v="NOUN"></g><g v="inan"></g><g v="masc"></g><g v="sing"></g><g v="loct"></g></l></v></tfr></token><token id="611107" text="»"><tfr rev_id="2443926" t="»"><v><l t="»" id="0"><g v="PNCT"></g></l></v></tfr></token><token id="611108" text=","><tfr rev_id="1443529" t=","><v><l t="," id="0"><g v="PNCT"></g></l></v></tfr></token><token id="611109" text="Свами"><tfr rev_id="4171302" t="Свами"><v><l t="свами" id="314688"><g v="NOUN"></g><g v="anim"></g><g v="masc"></g><g v="Sgtm"></g><g v="Fixd"></g><g v="sing"></g><g v="nomn"></g></l></v></tfr></token><token id="611110" text="расскажет"><tfr rev_id="1443531" t="расскажет"><v><l t="рассказал" id="300965"><g v="VERB"></g><g v="perf"></g><g v="tran"></g><g v="sing"></g><g v="3per"></g><g v="futr"></g><g v="indc"></g></l></v></tfr></token><token id="611111" text="о"><tfr rev_id="3327653" t="о"><v><l t="о" id="192977"><g v="PREP"></g></l></v></tfr></token><token id="611112" text="своём"><tfr rev_id="3631135" t="своём"><v><l t="свой" id="316379"><g v="ADJF"></g><g v="Apro"></g><g v="Anph"></g><g v="neut"></g><g v="sing"></g><g v="loct"></g></l></v></tfr></token><token id="611113" text="видении"><tfr rev_id="1443534" t="видении"><v><l t="видение" id="44464"><g v="NOUN"></g><g v="inan"></g><g v="neut"></g><g v="sing"></g><g v="loct"></g></l></v></tfr></token><token id="611114" text="духовного"><tfr rev_id="4205152" t="духовного"><v><l t="духовный" id="93335"><g v="ADJF"></g><g v="Qual"></g><g v="masc"></g><g v="sing"></g><g v="gent"></g></l></v><v><l t="духовный" id="93335"><g v="ADJF"></g><g v="Qual"></g><g v="anim"></g><g v="masc"></g><g v="sing"></g><g v="accs"></g></l></v></tfr></token><token id="611115" text="поиска"><tfr rev_id="1443536" t="поиска"><v><l t="поиск" id="253880"><g v="NOUN"></g><g v="inan"></g><g v="masc"></g><g v="sing"></g><g v="gent"></g></l></v></tfr></token><token id="611116" text="и"><tfr rev_id="1443537" t="и"><v><l t="и" id="116949"><g v="CONJ"></g></l></v><v><l t="и" id="116950"><g v="INTJ"></g></l></v></tfr></token><token id="611117" text="роли"><tfr rev_id="3500844" t="роли"><v><l t="роль" id="308800"><g v="NOUN"></g><g v="inan"></g><g v="femn"></g><g v="sing"></g><g v="gent"></g></l></v><v><l t="роль" id="308800"><g v="NOUN"></g><g v="inan"></g><g v="femn"></g><g v="sing"></g><g v="datv"></g></l></v><v><l t="роль" id="308800"><g v="NOUN"></g><g v="inan"></g><g v="femn"></g><g v="sing"></g><g v="loct"></g></l></v><v><l t="роля" id="308813"><g v="NOUN"></g><g v="inan"></g><g v="femn"></g><g v="sing"></g><g v="gent"></g></l></v></tfr></token><token id="611118" text="йоги"><tfr rev_id="3456688" t="йоги"><v><l t="йога" id="127340"><g v="NOUN"></g><g v="inan"></g><g v="femn"></g><g v="sing"></g><g v="gent"></g></l></v></tfr></token><token id="611119" text="в"><tfr rev_id="1443540" t="в"><v><l t="в" id="37409"><g v="PREP"></g></l></v></tfr></token><token id="611120" text="современном"><tfr rev_id="3342855" t="современном"><v><l t="современный" id="328217"><g v="ADJF"></g><g v="Qual"></g><g v="masc"></g><g v="sing"></g><g v="loct"></g></l></v></tfr></token><token id="611121" text="мире"><tfr rev_id="3718620" t="мире"><v><l t="мир" id="160807"><g v="NOUN"></g><g v="inan"></g><g v="masc"></g><g v="sing"></g><g v="loc1"></g></l></v></tfr></token><token id="611122" text="."><tfr rev_id="1443543" t="."><v><l t="." id="0"><g v="PNCT"></g></l></v></tfr></token></tokens></sentence><sentence id="34136"><source>Затем последует семинар, на котором желающие смогут получить посвящение в крийя-йогу и узнать об этой практике, которая включает работу с дыханием и энергией.</source><tokens><token id="611123" text="Затем"><tfr rev_id="1443544" t="Затем"><v><l t="затем" id="111250"><g v="ADVB"></g><g v="Dmns"></g></l></v></tfr></token><token id="611124" text="последует"><tfr rev_id="1443545" t="последует"><v><l t="последовал" id="261579"><g v="VERB"></g><g v="perf"></g><g v="intr"></g><g v="sing"></g><g v="3per"></g><g v="futr"></g><g v="indc"></g></l></v></tfr></token><token id="611125" text="семинар"><tfr rev_id="4211161" t="семинар"><v><l t="семинар" id="318611"><g v="NOUN"></g><g v="inan"></g><g v="masc"></g><g v="sing"></g><g v="nomn"></g></l></v></tfr></token><token id="611126" text=","><tfr rev_id="1443547" t=","><v><l t="," id="0"><g v="PNCT"></g></l></v></tfr></token><token id="611127" text="на"><tfr rev_id="3396330" t="на"><v><l t="на" id="166264"><g v="PREP"></g></l></v></tfr></token><token id="611128" text="котором"><tfr rev_id="4373908" t="котором"><v><l t="который" id="141203"><g v="ADJF"></g><g v="Apro"></g><g v="Subx"></g><g v="Anph"></g><g v="masc"></g><g v="sing"></g><g v="loct"></g></l></v></tfr></token><token id="611129" text="желающие"><tfr rev_id="4319107" t="желающие"><v><l t="желающий" id="96292"><g v="PRTF"></g><g v="Subx"></g><g v="impf"></g><g v="tran"></g><g v="pres"></g><g v="actv"></g><g v="plur"></g><g v="nomn"></g></l></v><v><l t="желающий" id="96292"><g v="PRTF"></g><g v="Subx"></g><g v="impf"></g><g v="tran"></g><g v="pres"></g><g v="actv"></g><g v="inan"></g><g v="plur"></g><g v="accs"></g></l></v></tfr></token><token id="611130" text="смогут"><tfr rev_id="1443551" t="смогут"><v><l t="смог" id="326830"><g v="VERB"></g><g v="perf"></g><g v="intr"></g><g v="plur"></g><g v="3per"></g><g v="futr"></g><g v="indc"></g></l></v></tfr></token><token id="611131" text="получить"><tfr rev_id="1443552" t="получить"><v><l t="получить" id="256960"><g v="INFN"></g><g v="perf"></g><g v="tran"></g></l></v></tfr></token><token id="611132" text="посвящение"><tfr rev_id="1443553" t="посвящение"><v><l t="посвящение" id="261171"><g v="NOUN"></g><g v="inan"></g><g v="neut"></g><g v="sing"></g><g v="nomn"></g></l></v><v><l t="посвящение" id="261171"><g v="NOUN"></g><g v="inan"></g><g v="neut"></g><g v="sing"></g><g v="accs"></g></l></v></tfr></token><token id="611133" text="в"><tfr rev_id="1443554" t="в"><v><l t="в" id="37409"><g v="PREP"></g></l></v></tfr></token><token id="611134" text="крийя-йогу"><tfr rev_id="4566881" t="крийя-йогу"><v><l t="крийя-йога" id="393794"><g v="NOUN"></g><g v="inan"></g><g v="femn"></g><g v="sing"></g><g v="accs"></g></l></v></tfr></token><token id="611135" text="и"><tfr rev_id="1443556" t="и"><v><l t="и" id="116949"><g v="CONJ"></g></l></v><v><l t="и" id="116950"><g v="INTJ"></g></l></v></tfr></token><token id="611136" text="узнать"><tfr rev_id="1443557" t="узнать"><v><l t="узнать" id="355807"><g v="INFN"></g><g v="perf"></g><g v="tran"></g></l></v></tfr></token><token id="611137" text="об"><tfr rev_id="2921230" t="об"><v><l t="о" id="192977"><g v="PREP"></g><g v="Vpre"></g></l></v></tfr></token><token id="611138" text="этой"><tfr rev_id="4495172" t="этой"><v><l t="этот" id="386581"><g v="ADJF"></g><g v="Subx"></g><g v="Apro"></g><g v="Anph"></g><g v="femn"></g><g v="sing"></g><g v="loct"></g></l></v></tfr></token><token id="611139" text="практике"><tfr rev_id="4333181" t="практике"><v><l t="практика" id="265884"><g v="NOUN"></g><g v="inan"></g><g v="femn"></g><g v="sing"></g><g v="loct"></g></l></v></tfr></token><token id="611140" text=","><tfr rev_id="1443561" t=","><v><l t="," id="0"><g v="PNCT"></g></l></v></tfr></token><token id="611141" text="которая"><tfr rev_id="3639813" t="которая"><v><l t="который" id="141203"><g v="ADJF"></g><g v="Apro"></g><g v="Subx"></g><g v="Anph"></g><g v="femn"></g><g v="sing"></g><g v="nomn"></g></l></v></tfr></token><token id="611142" text="включает"><tfr rev_id="1443563" t="включает"><v><l t="включаю" id="46194"><g v="VERB"></g><g v="impf"></g><g v="tran"></g><g v="sing"></g><g v="3per"></g><g v="pres"></g><g v="indc"></g></l></v></tfr></token><token id="611143" text="работу"><tfr rev_id="1443564" t="работу"><v><l t="работа" id="290501"><g v="NOUN"></g><g v="inan"></g><g v="femn"></g><g v="sing"></g><g v="accs"></g></l></v></tfr></token><token id="611144" text="с"><tfr rev_id="1443565" t="с"><v><l t="с" id="311151"><g v="PREP"></g></l></v></tfr></token><token id="611145" text="дыханием"><tfr rev_id="1443566" t="дыханием"><v><l t="дыхание" id="93575"><g v="NOUN"></g><g v="inan"></g><g v="neut"></g><g v="sing"></g><g v="ablt"></g></l></v></tfr></token><token id="611146" text="и"><tfr rev_id="3542242" t="и"><v><l t="и" id="116949"><g v="CONJ"></g></l></v></tfr></token><token id="611147" text="энергией"><tfr rev_id="1443568" t="энергией"><v><l t="энергия" id="385504"><g v="NOUN"></g><g v="inan"></g><g v="femn"></g><g v="sing"></g><g v="ablt"></g></l></v></tfr></token><token id="611148" text="."><tfr rev_id="1443569" t="."><v><l t="." id="0"><g v="PNCT"></g></l></v></tfr></token></tokens></sentence><sentence id="34137"><source>Подробности здесь.</source><tokens><token id="611149" text="Подробности"><tfr rev_id="3802363" t="Подробности"><v><l t="подробность" id="249801"><g v="NOUN"></g><g v="inan"></g><g v="femn"></g><g v="plur"></g><g v="nomn"></g></l></v></tfr></token><token id="611150" text="здесь"><tfr rev_id="1443571" t="здесь"><v><l t="здесь" id="114703"><g v="ADVB"></g><g v="Prdx"></g></l></v></tfr></token><token id="611151" text="."><tfr rev_id="1443572" t="."><v><l t="." id="0"><g v="PNCT"></g></l></v></tfr></token></tokens></sentence></paragraph><paragraph id="10910"><sentence id="34138"><source>В «Частном корреспонденте» было опубликовано интервью со Свами Шанкаранандой Гири, которое можно прочитать здесь.</source><tokens><token id="611152" text="В"><tfr rev_id="1443573" t="В"><v><l t="в" id="37409"><g v="PREP"></g></l></v></tfr></token><token id="611153" text="«"><tfr rev_id="2443927" t="«"><v><l t="«" id="0"><g v="PNCT"></g></l></v></tfr></token><token id="611154" text="Частном"><tfr rev_id="4375874" t="Частном"><v><l t="частный" id="374795"><g v="ADJF"></g><g v="Qual"></g><g v="masc"></g><g v="sing"></g><g v="loct"></g></l></v></tfr></token><token id="611155" text="корреспонденте"><tfr rev_id="1443576" t="корреспонденте"><v><l t="корреспондент" id="140239"><g v="NOUN"></g><g v="anim"></g><g v="masc"></g><g v="sing"></g><g v="loct"></g></l></v></tfr></token><token id="611156" text="»"><tfr rev_id="2443928" t="»"><v><l t="»" id="0"><g v="PNCT"></g></l></v></tfr></token><token id="611157" text="было"><tfr rev_id="3094352" t="было"><v><l t="есть" id="37265"><g v="VERB"></g><g v="impf"></g><g v="intr"></g><g v="neut"></g><g v="sing"></g><g v="past"></g><g v="indc"></g></l></v></tfr></token><token id="611158" text="опубликовано"><tfr rev_id="1443579" t="опубликовано"><v><l t="опубликован" id="208373"><g v="PRTS"></g><g v="perf"></g><g v="past"></g><g v="pssv"></g><g v="neut"></g><g v="sing"></g></l></v></tfr></token><token id="611159" text="интервью"><tfr rev_id="4166199" t="интервью"><v><l t="интервью" id="123140"><g v="NOUN"></g><g v="inan"></g><g v="neut"></g><g v="Fixd"></g><g v="sing"></g><g v="nomn"></g></l></v></tfr></token><token id="611160" text="со"><tfr rev_id="2919205" t="со"><v><l t="с" id="311151"><g v="PREP"></g><g v="Vpre"></g></l></v></tfr></token><token id="611161" text="Свами"><tfr rev_id="4396339" t="Свами"><v><l t="свами" id="314688"><g v="NOUN"></g><g v="anim"></g><g v="masc"></g><g v="Sgtm"></g><g v="Fixd"></g><g v="sing"></g><g v="ablt"></g></l></v></tfr></token><token id="611162" text="Шанкаранандой"><tfr rev_id="1443583" t="Шанкаранандой"><v><l t="шанкаранандой" id="0"><g v="UNKN"></g></l></v></tfr></token><token id="611163" text="Гири"><tfr rev_id="4504326" t="Гири"><v><l t="Гири" id="0"><g v="UNKN"></g></l></v></tfr></token><token id="611164" text=","><tfr rev_id="1443585" t=","><v><l t="," id="0"><g v="PNCT"></g></l></v></tfr></token><token id="611165" text="которое"><tfr rev_id="3641372" t="которое"><v><l t="который" id="141203"><g v="ADJF"></g><g v="Apro"></g><g v="Subx"></g><g v="Anph"></g><g v="neut"></g><g v="sing"></g><g v="nomn"></g></l></v><v><l t="который" id="141203"><g v="ADJF"></g><g v="Apro"></g><g v="Subx"></g><g v="Anph"></g><g v="neut"></g><g v="sing"></g><g v="accs"></g></l></v></tfr></token><token id="611166" text="можно"><tfr rev_id="1443587" t="можно"><v><l t="можно" id="162467"><g v="PRED"></g><g v="pres"></g></l></v></tfr></token><token id="611167" text="прочитать"><tfr rev_id="1443588" t="прочитать"><v><l t="прочитать" id="287497"><g v="INFN"></g><g v="perf"></g><g v="tran"></g></l></v></tfr></token><token id="611168" text="здесь"><tfr rev_id="1443589" t="здесь"><v><l t="здесь" id="114703"><g v="ADVB"></g><g v="Prdx"></g></l></v></tfr></token><token id="611169" text="."><tfr rev_id="1443590" t="."><v><l t="." id="0"><g v="PNCT"></g></l></v></tfr></token></tokens></sentence></paragraph><paragraph id="10911"><sentence id="34139"><source>Об ашраме крийя-йоги в Ришикеше читайте в статье Частного корреспондента «Ашрам»</source><tokens><token id="611170" text="Об"><tfr rev_id="2921231" t="Об"><v><l t="о" id="192977"><g v="PREP"></g><g v="Vpre"></g></l></v></tfr></token><token id="611171" text="ашраме"><tfr rev_id="1443592" t="ашраме"><v><l t="ашрам" id="21160"><g v="NOUN"></g><g v="inan"></g><g v="masc"></g><g v="sing"></g><g v="loct"></g></l></v></tfr></token><token id="611172" text="крийя-йоги"><tfr rev_id="4566882" t="крийя-йоги"><v><l t="крийя-йога" id="393794"><g v="NOUN"></g><g v="inan"></g><g v="femn"></g><g v="plur"></g><g v="accs"></g></l></v><v><l t="крийя-йога" id="393794"><g v="NOUN"></g><g v="inan"></g><g v="femn"></g><g v="plur"></g><g v="nomn"></g></l></v><v><l t="крийя-йога" id="393794"><g v="NOUN"></g><g v="inan"></g><g v="femn"></g><g v="sing"></g><g v="gent"></g></l></v></tfr></token><token id="611173" text="в"><tfr rev_id="1443594" t="в"><v><l t="в" id="37409"><g v="PREP"></g></l></v></tfr></token><token id="611174" text="Ришикеше"><tfr rev_id="1443595" t="Ришикеше"><v><l t="ришикеше" id="0"><g v="UNKN"></g></l></v></tfr></token><token id="611175" text="читайте"><tfr rev_id="1443596" t="читайте"><v><l t="читаю" id="376719"><g v="VERB"></g><g v="impf"></g><g v="tran"></g><g v="plur"></g><g v="impr"></g><g v="excl"></g></l></v></tfr></token><token id="611176" text="в"><tfr rev_id="1443597" t="в"><v><l t="в" id="37409"><g v="PREP"></g></l></v></tfr></token><token id="611177" text="статье"><tfr rev_id="3551351" t="статье"><v><l t="статья" id="335173"><g v="NOUN"></g><g v="inan"></g><g v="femn"></g><g v="sing"></g><g v="loct"></g></l></v></tfr></token><token id="611178" text="Частного"><tfr rev_id="4371548" t="Частного"><v><l t="частный" id="374795"><g v="ADJF"></g><g v="Qual"></g><g v="masc"></g><g v="sing"></g><g v="gent"></g></l></v><v><l t="частный" id="374795"><g v="ADJF"></g><g v="Qual"></g><g v="anim"></g><g v="masc"></g><g v="sing"></g><g v="accs"></g></l></v></tfr></token><token id="611179" text="корреспондента"><tfr rev_id="4461974" t="корреспондента"><v><l t="корреспондент" id="140239"><g v="NOUN"></g><g v="anim"></g><g v="masc"></g><g v="sing"></g><g v="gent"></g></l></v></tfr></token><token id="611180" text="«"><tfr rev_id="2443929" t="«"><v><l t="«" id="0"><g v="PNCT"></g></l></v></tfr></token><token id="611181" text="Ашрам"><tfr rev_id="4380006" t="Ашрам"><v><l t="ашрам" id="21160"><g v="NOUN"></g><g v="inan"></g><g v="masc"></g><g v="sing"></g><g v="nomn"></g></l></v></tfr></token><token id="611182" text="»"><tfr rev_id="2443930" t="»"><v><l t="»" id="0"><g v="PNCT"></g></l></v></tfr></token></tokens></sentence></paragraph></paragraphs></text>