<?xml version="1.0" encoding="utf-8"?><text id="1163" parent="226" name="20307: Тест на наркотики в России может стать обязательным"><tags><tag>url:http://www.chaskor.ru/news/test_na_narkotiki_v_rossii_mozhet_stat_obyazatelnym_20307</tag></tags><paragraphs><paragraph id="10994"><sentence id="34491"><source>Тест на наркотики в России может стать обязательным</source><tokens><token id="616154" text="Тест"><tfr rev_id="3460943" t="Тест"><v><l t="тест" id="345755"><g v="NOUN"></g><g v="inan"></g><g v="masc"></g><g v="sing"></g><g v="nomn"></g></l></v><v><l t="тест" id="345755"><g v="NOUN"></g><g v="inan"></g><g v="masc"></g><g v="sing"></g><g v="accs"></g></l></v></tfr></token><token id="616155" text="на"><tfr rev_id="3341527" t="на"><v><l t="на" id="166264"><g v="PREP"></g></l></v></tfr></token><token id="616156" text="наркотики"><tfr rev_id="4280806" t="наркотики"><v><l t="наркотик" id="174689"><g v="NOUN"></g><g v="inan"></g><g v="masc"></g><g v="plur"></g><g v="accs"></g></l></v></tfr></token><token id="616157" text="в"><tfr rev_id="1448404" t="в"><v><l t="в" id="37409"><g v="PREP"></g></l></v></tfr></token><token id="616158" text="России"><tfr rev_id="2934795" t="России"><v><l t="россия" id="309322"><g v="NOUN"></g><g v="inan"></g><g v="femn"></g><g v="Sgtm"></g><g v="Geox"></g><g v="sing"></g><g v="loct"></g></l></v></tfr></token><token id="616159" text="может"><tfr rev_id="4212432" t="может"><v><l t="могу" id="164485"><g v="VERB"></g><g v="impf"></g><g v="intr"></g><g v="sing"></g><g v="3per"></g><g v="pres"></g><g v="indc"></g></l></v></tfr></token><token id="616160" text="стать"><tfr rev_id="1712949" t="стать"><v><l t="стать" id="335165"><g v="INFN"></g><g v="perf"></g><g v="intr"></g></l></v></tfr></token><token id="616161" text="обязательным"><tfr rev_id="4462329" t="обязательным"><v><l t="обязательный" id="202087"><g v="ADJF"></g><g v="masc"></g><g v="sing"></g><g v="ablt"></g></l></v></tfr></token></tokens></sentence><sentence id="34492"><source>Эксперты считают, что проблема настолько серьёзна, что ориентироваться на согласие или несогласие человека уже нельзя.</source><tokens><token id="616162" text="Эксперты"><tfr rev_id="1448409" t="Эксперты"><v><l t="эксперт" id="383582"><g v="NOUN"></g><g v="anim"></g><g v="masc"></g><g v="plur"></g><g v="nomn"></g></l></v></tfr></token><token id="616163" text="считают"><tfr rev_id="1448410" t="считают"><v><l t="считаю" id="341320"><g v="VERB"></g><g v="impf"></g><g v="tran"></g><g v="plur"></g><g v="3per"></g><g v="pres"></g><g v="indc"></g></l></v><v><l t="считал" id="341329"><g v="VERB"></g><g v="perf"></g><g v="tran"></g><g v="plur"></g><g v="3per"></g><g v="futr"></g><g v="indc"></g></l></v></tfr></token><token id="616164" text=","><tfr rev_id="1448411" t=","><v><l t="," id="0"><g v="PNCT"></g></l></v></tfr></token><token id="616165" text="что"><tfr rev_id="3196939" t="что"><v><l t="что" id="377004"><g v="CONJ"></g></l></v><v><l t="что" id="377005"><g v="NPRO"></g><g v="neut"></g><g v="sing"></g><g v="nomn"></g></l></v><v><l t="что" id="377005"><g v="NPRO"></g><g v="neut"></g><g v="sing"></g><g v="accs"></g></l></v><v><l t="что" id="377006"><g v="ADVB"></g><g v="Ques"></g></l></v><v><l t="что" id="388695"><g v="PRCL"></g></l></v></tfr></token><token id="616166" text="проблема"><tfr rev_id="1448413" t="проблема"><v><l t="проблема" id="277255"><g v="NOUN"></g><g v="inan"></g><g v="femn"></g><g v="sing"></g><g v="nomn"></g></l></v></tfr></token><token id="616167" text="настолько"><tfr rev_id="1448414" t="настолько"><v><l t="настолько" id="176093"><g v="ADVB"></g><g v="Dmns"></g></l></v></tfr></token><token id="616168" text="серьёзна"><tfr rev_id="1448415" t="серьёзна"><v><l t="серьёзен" id="319560"><g v="ADJS"></g><g v="Qual"></g><g v="femn"></g><g v="sing"></g></l></v></tfr></token><token id="616169" text=","><tfr rev_id="1448416" t=","><v><l t="," id="0"><g v="PNCT"></g></l></v></tfr></token><token id="616170" text="что"><tfr rev_id="3196940" t="что"><v><l t="что" id="377004"><g v="CONJ"></g></l></v><v><l t="что" id="377005"><g v="NPRO"></g><g v="neut"></g><g v="sing"></g><g v="nomn"></g></l></v><v><l t="что" id="377005"><g v="NPRO"></g><g v="neut"></g><g v="sing"></g><g v="accs"></g></l></v><v><l t="что" id="377006"><g v="ADVB"></g><g v="Ques"></g></l></v><v><l t="что" id="388695"><g v="PRCL"></g></l></v></tfr></token><token id="616171" text="ориентироваться"><tfr rev_id="1448418" t="ориентироваться"><v><l t="ориентироваться" id="209065"><g v="INFN"></g><g v="impf"></g><g v="intr"></g></l></v></tfr></token><token id="616172" text="на"><tfr rev_id="3339357" t="на"><v><l t="на" id="166264"><g v="PREP"></g></l></v></tfr></token><token id="616173" text="согласие"><tfr rev_id="3430864" t="согласие"><v><l t="согласие" id="328240"><g v="NOUN"></g><g v="inan"></g><g v="neut"></g><g v="sing"></g><g v="accs"></g></l></v></tfr></token><token id="616174" text="или"><tfr rev_id="3787213" t="или"><v><l t="или" id="121146"><g v="CONJ"></g></l></v></tfr></token><token id="616175" text="несогласие"><tfr rev_id="1448422" t="несогласие"><v><l t="несогласие" id="188362"><g v="NOUN"></g><g v="inan"></g><g v="neut"></g><g v="sing"></g><g v="nomn"></g></l></v><v><l t="несогласие" id="188362"><g v="NOUN"></g><g v="inan"></g><g v="neut"></g><g v="sing"></g><g v="accs"></g></l></v></tfr></token><token id="616176" text="человека"><tfr rev_id="4397556" t="человека"><v><l t="человек" id="375073"><g v="NOUN"></g><g v="anim"></g><g v="masc"></g><g v="sing"></g><g v="gent"></g></l></v></tfr></token><token id="616177" text="уже"><tfr rev_id="2692740" t="уже"><v><l t="уж" id="355422"><g v="NOUN"></g><g v="anim"></g><g v="masc"></g><g v="sing"></g><g v="loct"></g></l></v><v><l t="уже" id="355498"><g v="ADVB"></g></l></v><v><l t="уже" id="355674"><g v="COMP"></g><g v="Qual"></g></l></v><v><l t="уже" id="388673"><g v="PRCL"></g></l></v></tfr></token><token id="616178" text="нельзя"><tfr rev_id="1448425" t="нельзя"><v><l t="нельзя" id="183884"><g v="PRED"></g><g v="pres"></g></l></v></tfr></token><token id="616179" text="."><tfr rev_id="1448426" t="."><v><l t="." id="0"><g v="PNCT"></g></l></v></tfr></token></tokens></sentence></paragraph><paragraph id="10995"><sentence id="34493"><source>Тестирование на употребление наркотиков должно стать обязательным в образовательных учреждениях, а также на предприятиях и в организациях.</source><tokens><token id="616180" text="Тестирование"><tfr rev_id="1448427" t="Тестирование"><v><l t="тестирование" id="345762"><g v="NOUN"></g><g v="inan"></g><g v="neut"></g><g v="Sgtm"></g><g v="sing"></g><g v="nomn"></g></l></v><v><l t="тестирование" id="345762"><g v="NOUN"></g><g v="inan"></g><g v="neut"></g><g v="Sgtm"></g><g v="sing"></g><g v="accs"></g></l></v></tfr></token><token id="616181" text="на"><tfr rev_id="3330661" t="на"><v><l t="на" id="166264"><g v="PREP"></g></l></v></tfr></token><token id="616182" text="употребление"><tfr rev_id="3523783" t="употребление"><v><l t="употребление" id="359178"><g v="NOUN"></g><g v="inan"></g><g v="neut"></g><g v="sing"></g><g v="accs"></g></l></v></tfr></token><token id="616183" text="наркотиков"><tfr rev_id="1448430" t="наркотиков"><v><l t="наркотик" id="174689"><g v="NOUN"></g><g v="inan"></g><g v="masc"></g><g v="plur"></g><g v="gent"></g></l></v></tfr></token><token id="616184" text="должно"><tfr rev_id="2559056" t="должно"><v><l t="должно" id="87969"><g v="PRED"></g><g v="pres"></g></l></v><v><l t="должен" id="87975"><g v="ADJS"></g><g v="neut"></g><g v="sing"></g></l></v></tfr></token><token id="616185" text="стать"><tfr rev_id="1712950" t="стать"><v><l t="стать" id="335165"><g v="INFN"></g><g v="perf"></g><g v="intr"></g></l></v></tfr></token><token id="616186" text="обязательным"><tfr rev_id="4381532" t="обязательным"><v><l t="обязательный" id="202087"><g v="ADJF"></g><g v="neut"></g><g v="sing"></g><g v="ablt"></g></l></v></tfr></token><token id="616187" text="в"><tfr rev_id="1448434" t="в"><v><l t="в" id="37409"><g v="PREP"></g></l></v></tfr></token><token id="616188" text="образовательных"><tfr rev_id="4359355" t="образовательных"><v><l t="образовательный" id="198807"><g v="ADJF"></g><g v="plur"></g><g v="loct"></g></l></v></tfr></token><token id="616189" text="учреждениях"><tfr rev_id="1448436" t="учреждениях"><v><l t="учреждение" id="363361"><g v="NOUN"></g><g v="inan"></g><g v="neut"></g><g v="plur"></g><g v="loct"></g></l></v></tfr></token><token id="616190" text=","><tfr rev_id="1448437" t=","><v><l t="," id="0"><g v="PNCT"></g></l></v></tfr></token><token id="616191" text="а"><tfr rev_id="3539806" t="а"><v><l t="а" id="51"><g v="CONJ"></g></l></v></tfr></token><token id="616192" text="также"><tfr rev_id="4267740" t="также"><v><l t="также" id="342482"><g v="PRCL"></g></l></v></tfr></token><token id="616193" text="на"><tfr rev_id="3334727" t="на"><v><l t="на" id="166264"><g v="PREP"></g></l></v></tfr></token><token id="616194" text="предприятиях"><tfr rev_id="1448441" t="предприятиях"><v><l t="предприятие" id="266920"><g v="NOUN"></g><g v="inan"></g><g v="neut"></g><g v="plur"></g><g v="loct"></g></l></v></tfr></token><token id="616195" text="и"><tfr rev_id="1448442" t="и"><v><l t="и" id="116949"><g v="CONJ"></g></l></v><v><l t="и" id="116950"><g v="INTJ"></g></l></v></tfr></token><token id="616196" text="в"><tfr rev_id="1448443" t="в"><v><l t="в" id="37409"><g v="PREP"></g></l></v></tfr></token><token id="616197" text="организациях"><tfr rev_id="1448444" t="организациях"><v><l t="организация" id="208750"><g v="NOUN"></g><g v="inan"></g><g v="femn"></g><g v="plur"></g><g v="loct"></g></l></v></tfr></token><token id="616198" text="."><tfr rev_id="1448445" t="."><v><l t="." id="0"><g v="PNCT"></g></l></v></tfr></token></tokens></sentence><sentence id="34494"><source>Такое заявление сделал президент Клуба военачальников РФ Анатолий Куликов.</source><tokens><token id="616199" text="Такое"><tfr rev_id="1448446" t="Такое"><v><l t="такой" id="342491"><g v="ADJF"></g><g v="Apro"></g><g v="neut"></g><g v="sing"></g><g v="nomn"></g></l></v><v><l t="такой" id="342491"><g v="ADJF"></g><g v="Apro"></g><g v="neut"></g><g v="sing"></g><g v="accs"></g></l></v></tfr></token><token id="616200" text="заявление"><tfr rev_id="3272760" t="заявление"><v><l t="заявление" id="114311"><g v="NOUN"></g><g v="inan"></g><g v="neut"></g><g v="sing"></g><g v="accs"></g></l></v></tfr></token><token id="616201" text="сделал"><tfr rev_id="1448448" t="сделал"><v><l t="сделал" id="317246"><g v="VERB"></g><g v="perf"></g><g v="tran"></g><g v="masc"></g><g v="sing"></g><g v="past"></g><g v="indc"></g></l></v></tfr></token><token id="616202" text="президент"><tfr rev_id="1448449" t="президент"><v><l t="президент" id="267449"><g v="NOUN"></g><g v="anim"></g><g v="masc"></g><g v="sing"></g><g v="nomn"></g></l></v></tfr></token><token id="616203" text="Клуба"><tfr rev_id="1448450" t="Клуба"><v><l t="клуб" id="134630"><g v="NOUN"></g><g v="inan"></g><g v="masc"></g><g v="sing"></g><g v="gent"></g></l></v></tfr></token><token id="616204" text="военачальников"><tfr rev_id="3704476" t="военачальников"><v><l t="военачальник" id="48557"><g v="NOUN"></g><g v="anim"></g><g v="masc"></g><g v="plur"></g><g v="gent"></g></l></v></tfr></token><token id="616205" text="РФ"><tfr rev_id="3466527" t="РФ"><v><l t="рф" id="310486"><g v="NOUN"></g><g v="inan"></g><g v="femn"></g><g v="Sgtm"></g><g v="Fixd"></g><g v="Abbr"></g><g v="Geox"></g><g v="sing"></g><g v="gent"></g></l></v></tfr></token><token id="616206" text="Анатолий"><tfr rev_id="3469241" t="Анатолий"><v><l t="анатолий" id="12451"><g v="NOUN"></g><g v="anim"></g><g v="masc"></g><g v="Name"></g><g v="sing"></g><g v="nomn"></g></l></v></tfr></token><token id="616207" text="Куликов"><tfr rev_id="3462488" t="Куликов"><v><l t="куликов" id="144725"><g v="NOUN"></g><g v="anim"></g><g v="masc"></g><g v="Sgtm"></g><g v="Surn"></g><g v="sing"></g><g v="nomn"></g></l></v></tfr></token><token id="616208" text="."><tfr rev_id="1448455" t="."><v><l t="." id="0"><g v="PNCT"></g></l></v></tfr></token></tokens></sentence><sentence id="34495"><source>«Необходимо ввести обязательное тестирование на наркотики среди школьников, студентов, преподавателей, представителей других профессий, а также получателей различных статусов.</source><tokens><token id="616209" text="«"><tfr rev_id="2444113" t="«"><v><l t="«" id="0"><g v="PNCT"></g></l></v></tfr></token><token id="616210" text="Необходимо"><tfr rev_id="1448457" t="Необходимо"><v><l t="необходимо" id="184806"><g v="PRED"></g><g v="pres"></g></l></v><v><l t="необходим" id="184810"><g v="ADJS"></g><g v="Qual"></g><g v="neut"></g><g v="sing"></g></l></v></tfr></token><token id="616211" text="ввести"><tfr rev_id="1448458" t="ввести"><v><l t="ввести" id="39716"><g v="INFN"></g><g v="perf"></g><g v="tran"></g></l></v></tfr></token><token id="616212" text="обязательное"><tfr rev_id="1448459" t="обязательное"><v><l t="обязательный" id="202087"><g v="ADJF"></g><g v="neut"></g><g v="sing"></g><g v="nomn"></g></l></v><v><l t="обязательный" id="202087"><g v="ADJF"></g><g v="neut"></g><g v="sing"></g><g v="accs"></g></l></v></tfr></token><token id="616213" text="тестирование"><tfr rev_id="1448460" t="тестирование"><v><l t="тестирование" id="345762"><g v="NOUN"></g><g v="inan"></g><g v="neut"></g><g v="Sgtm"></g><g v="sing"></g><g v="nomn"></g></l></v><v><l t="тестирование" id="345762"><g v="NOUN"></g><g v="inan"></g><g v="neut"></g><g v="Sgtm"></g><g v="sing"></g><g v="accs"></g></l></v></tfr></token><token id="616214" text="на"><tfr rev_id="3330697" t="на"><v><l t="на" id="166264"><g v="PREP"></g></l></v></tfr></token><token id="616215" text="наркотики"><tfr rev_id="4280807" t="наркотики"><v><l t="наркотик" id="174689"><g v="NOUN"></g><g v="inan"></g><g v="masc"></g><g v="plur"></g><g v="accs"></g></l></v></tfr></token><token id="616216" text="среди"><tfr rev_id="1448463" t="среди"><v><l t="среди" id="333473"><g v="PREP"></g></l></v></tfr></token><token id="616217" text="школьников"><tfr rev_id="4384704" t="школьников"><v><l t="школьник" id="380237"><g v="NOUN"></g><g v="anim"></g><g v="masc"></g><g v="plur"></g><g v="gent"></g></l></v></tfr></token><token id="616218" text=","><tfr rev_id="1448465" t=","><v><l t="," id="0"><g v="PNCT"></g></l></v></tfr></token><token id="616219" text="студентов"><tfr rev_id="2367263" t="студентов"><v><l t="студент" id="338210"><g v="NOUN"></g><g v="anim"></g><g v="masc"></g><g v="plur"></g><g v="gent"></g></l></v></tfr></token><token id="616220" text=","><tfr rev_id="1448467" t=","><v><l t="," id="0"><g v="PNCT"></g></l></v></tfr></token><token id="616221" text="преподавателей"><tfr rev_id="2866533" t="преподавателей"><v><l t="преподаватель" id="267948"><g v="NOUN"></g><g v="anim"></g><g v="masc"></g><g v="plur"></g><g v="gent"></g></l></v></tfr></token><token id="616222" text=","><tfr rev_id="1448469" t=","><v><l t="," id="0"><g v="PNCT"></g></l></v></tfr></token><token id="616223" text="представителей"><tfr rev_id="4459029" t="представителей"><v><l t="представитель" id="267083"><g v="NOUN"></g><g v="anim"></g><g v="masc"></g><g v="plur"></g><g v="gent"></g></l></v></tfr></token><token id="616224" text="других"><tfr rev_id="4349579" t="других"><v><l t="другой" id="92342"><g v="ADJF"></g><g v="Apro"></g><g v="Subx"></g><g v="plur"></g><g v="gent"></g></l></v></tfr></token><token id="616225" text="профессий"><tfr rev_id="1448472" t="профессий"><v><l t="профессия" id="286925"><g v="NOUN"></g><g v="inan"></g><g v="femn"></g><g v="plur"></g><g v="gent"></g></l></v></tfr></token><token id="616226" text=","><tfr rev_id="1448473" t=","><v><l t="," id="0"><g v="PNCT"></g></l></v></tfr></token><token id="616227" text="а"><tfr rev_id="1448474" t="а"><v><l t="а" id="51"><g v="CONJ"></g></l></v><v><l t="а" id="52"><g v="INTJ"></g></l></v><v><l t="а" id="53"><g v="PRCL"></g></l></v></tfr></token><token id="616228" text="также"><tfr rev_id="4267741" t="также"><v><l t="также" id="342482"><g v="PRCL"></g></l></v></tfr></token><token id="616229" text="получателей"><tfr rev_id="2367361" t="получателей"><v><l t="получатель" id="256940"><g v="NOUN"></g><g v="anim"></g><g v="masc"></g><g v="plur"></g><g v="gent"></g></l></v></tfr></token><token id="616230" text="различных"><tfr rev_id="3556477" t="различных"><v><l t="различный" id="294553"><g v="ADJF"></g><g v="Qual"></g><g v="plur"></g><g v="gent"></g></l></v></tfr></token><token id="616231" text="статусов"><tfr rev_id="1448478" t="статусов"><v><l t="статус" id="335151"><g v="NOUN"></g><g v="inan"></g><g v="masc"></g><g v="plur"></g><g v="gent"></g></l></v></tfr></token><token id="616232" text="."><tfr rev_id="1448479" t="."><v><l t="." id="0"><g v="PNCT"></g></l></v></tfr></token></tokens></sentence><sentence id="34496"><source>Мы уже находимся на той стадии, когда невыявленный наркоман опасен для окружающих»,</source><tokens><token id="616233" text="Мы"><tfr rev_id="1448480" t="Мы"><v><l t="мы" id="165750"><g v="NPRO"></g><g v="1per"></g><g v="plur"></g><g v="nomn"></g></l></v></tfr></token><token id="616234" text="уже"><tfr rev_id="2692741" t="уже"><v><l t="уж" id="355422"><g v="NOUN"></g><g v="anim"></g><g v="masc"></g><g v="sing"></g><g v="loct"></g></l></v><v><l t="уже" id="355498"><g v="ADVB"></g></l></v><v><l t="уже" id="355674"><g v="COMP"></g><g v="Qual"></g></l></v><v><l t="уже" id="388673"><g v="PRCL"></g></l></v></tfr></token><token id="616235" text="находимся"><tfr rev_id="1448482" t="находимся"><v><l t="нахожусь" id="177898"><g v="VERB"></g><g v="impf"></g><g v="intr"></g><g v="plur"></g><g v="1per"></g><g v="pres"></g><g v="indc"></g></l></v><v><l t="находился" id="177903"><g v="VERB"></g><g v="perf"></g><g v="intr"></g><g v="plur"></g><g v="1per"></g><g v="futr"></g><g v="indc"></g></l></v><v><l t="находился" id="177903"><g v="VERB"></g><g v="perf"></g><g v="intr"></g><g v="sing"></g><g v="impr"></g><g v="incl"></g></l></v></tfr></token><token id="616236" text="на"><tfr rev_id="3339227" t="на"><v><l t="на" id="166264"><g v="PREP"></g></l></v></tfr></token><token id="616237" text="той"><tfr rev_id="4405645" t="той"><v><l t="тот" id="348430"><g v="ADJF"></g><g v="Subx"></g><g v="Apro"></g><g v="Anph"></g><g v="femn"></g><g v="sing"></g><g v="loct"></g></l></v></tfr></token><token id="616238" text="стадии"><tfr rev_id="4329241" t="стадии"><v><l t="стадия" id="334417"><g v="NOUN"></g><g v="inan"></g><g v="femn"></g><g v="sing"></g><g v="loct"></g></l></v></tfr></token><token id="616239" text=","><tfr rev_id="1448486" t=","><v><l t="," id="0"><g v="PNCT"></g></l></v></tfr></token><token id="616240" text="когда"><tfr rev_id="1448487" t="когда"><v><l t="когда" id="135239"><g v="CONJ"></g></l></v><v><l t="когда" id="135240"><g v="ADVB"></g><g v="Ques"></g></l></v></tfr></token><token id="616241" text="невыявленный"><tfr rev_id="1448488" t="невыявленный"><v><l t="невыявленный" id="180296"><g v="ADJF"></g><g v="masc"></g><g v="sing"></g><g v="nomn"></g></l></v><v><l t="невыявленный" id="180296"><g v="ADJF"></g><g v="inan"></g><g v="masc"></g><g v="sing"></g><g v="accs"></g></l></v></tfr></token><token id="616242" text="наркоман"><tfr rev_id="1448489" t="наркоман"><v><l t="наркоман" id="174656"><g v="NOUN"></g><g v="anim"></g><g v="masc"></g><g v="sing"></g><g v="nomn"></g></l></v></tfr></token><token id="616243" text="опасен"><tfr rev_id="1448490" t="опасен"><v><l t="опасен" id="206864"><g v="ADJS"></g><g v="Qual"></g><g v="masc"></g><g v="sing"></g></l></v></tfr></token><token id="616244" text="для"><tfr rev_id="3391655" t="для"><v><l t="для" id="85032"><g v="PREP"></g></l></v></tfr></token><token id="616245" text="окружающих"><tfr rev_id="4535582" t="окружающих"><v><l t="окружающее" id="205531"><g v="NOUN"></g><g v="inan"></g><g v="neut"></g><g v="plur"></g><g v="gent"></g></l></v><v><l t="окружающее" id="205531"><g v="NOUN"></g><g v="inan"></g><g v="neut"></g><g v="plur"></g><g v="loct"></g></l></v><v><l t="окружающие" id="205532"><g v="NOUN"></g><g v="anim"></g><g v="GNdr"></g><g v="Pltm"></g><g v="plur"></g><g v="gent"></g></l></v><v><l t="окружающие" id="205532"><g v="NOUN"></g><g v="anim"></g><g v="GNdr"></g><g v="Pltm"></g><g v="plur"></g><g v="accs"></g></l></v><v><l t="окружающие" id="205532"><g v="NOUN"></g><g v="anim"></g><g v="GNdr"></g><g v="Pltm"></g><g v="plur"></g><g v="loct"></g></l></v></tfr></token><token id="616246" text="»"><tfr rev_id="2444114" t="»"><v><l t="»" id="0"><g v="PNCT"></g></l></v></tfr></token><token id="616247" text=","><tfr rev_id="1448494" t=","><v><l t="," id="0"><g v="PNCT"></g></l></v></tfr></token></tokens></sentence><sentence id="34497"><source>— цитируют «Медновости» Куликова.</source><tokens><token id="616248" text="—"><tfr rev_id="2444115" t="—"><v><l t="—" id="0"><g v="PNCT"></g></l></v></tfr></token><token id="616249" text="цитируют"><tfr rev_id="1448496" t="цитируют"><v><l t="цитирую" id="374102"><g v="VERB"></g><g v="impf"></g><g v="tran"></g><g v="plur"></g><g v="3per"></g><g v="pres"></g><g v="indc"></g></l></v></tfr></token><token id="616250" text="«"><tfr rev_id="2444116" t="«"><v><l t="«" id="0"><g v="PNCT"></g></l></v></tfr></token><token id="616251" text="Медновости"><tfr rev_id="3767022" t="Медновости"><v><l t="медновость" id="157131"><g v="NOUN"></g><g v="inan"></g><g v="femn"></g><g v="plur"></g><g v="nomn"></g></l></v></tfr></token><token id="616252" text="»"><tfr rev_id="2444117" t="»"><v><l t="»" id="0"><g v="PNCT"></g></l></v></tfr></token><token id="616253" text="Куликова"><tfr rev_id="4396798" t="Куликова"><v><l t="куликов" id="144725"><g v="NOUN"></g><g v="anim"></g><g v="masc"></g><g v="Sgtm"></g><g v="Surn"></g><g v="sing"></g><g v="accs"></g></l></v></tfr></token><token id="616254" text="."><tfr rev_id="1448501" t="."><v><l t="." id="0"><g v="PNCT"></g></l></v></tfr></token></tokens></sentence></paragraph><paragraph id="10996"><sentence id="34498"><source>Согласно статистике, сегодня каждый двадцатый школьник употребляет наркотики, а 70% подростков, согласно результатам соцопросов, впервые попробовали наркотики в школах и местах развлечения.</source><tokens><token id="616255" text="Согласно"><tfr rev_id="4490545" t="Согласно"><v><l t="согласно" id="328255"><g v="PREP"></g></l></v></tfr></token><token id="616256" text="статистике"><tfr rev_id="2623305" t="статистике"><v><l t="статистика" id="335112"><g v="NOUN"></g><g v="inan"></g><g v="femn"></g><g v="sing"></g><g v="datv"></g></l></v></tfr></token><token id="616257" text=","><tfr rev_id="1448504" t=","><v><l t="," id="0"><g v="PNCT"></g></l></v></tfr></token><token id="616258" text="сегодня"><tfr rev_id="1448505" t="сегодня"><v><l t="сегодня" id="317730"><g v="ADVB"></g></l></v></tfr></token><token id="616259" text="каждый"><tfr rev_id="4429578" t="каждый"><v><l t="каждый" id="127875"><g v="ADJF"></g><g v="Subx"></g><g v="Apro"></g><g v="masc"></g><g v="sing"></g><g v="nomn"></g></l></v><v><l t="каждый" id="127875"><g v="ADJF"></g><g v="Subx"></g><g v="Apro"></g><g v="inan"></g><g v="masc"></g><g v="sing"></g><g v="accs"></g></l></v></tfr></token><token id="616260" text="двадцатый"><tfr rev_id="1448507" t="двадцатый"><v><l t="двадцатый" id="78790"><g v="ADJF"></g><g v="Anum"></g><g v="masc"></g><g v="sing"></g><g v="nomn"></g></l></v><v><l t="двадцатый" id="78790"><g v="ADJF"></g><g v="Anum"></g><g v="inan"></g><g v="masc"></g><g v="sing"></g><g v="accs"></g></l></v></tfr></token><token id="616261" text="школьник"><tfr rev_id="1448508" t="школьник"><v><l t="школьник" id="380237"><g v="NOUN"></g><g v="anim"></g><g v="masc"></g><g v="sing"></g><g v="nomn"></g></l></v></tfr></token><token id="616262" text="употребляет"><tfr rev_id="1448509" t="употребляет"><v><l t="употребляю" id="359179"><g v="VERB"></g><g v="impf"></g><g v="tran"></g><g v="sing"></g><g v="3per"></g><g v="pres"></g><g v="indc"></g></l></v></tfr></token><token id="616263" text="наркотики"><tfr rev_id="4280808" t="наркотики"><v><l t="наркотик" id="174689"><g v="NOUN"></g><g v="inan"></g><g v="masc"></g><g v="plur"></g><g v="accs"></g></l></v></tfr></token><token id="616264" text=","><tfr rev_id="1448511" t=","><v><l t="," id="0"><g v="PNCT"></g></l></v></tfr></token><token id="616265" text="а"><tfr rev_id="1448512" t="а"><v><l t="а" id="51"><g v="CONJ"></g></l></v><v><l t="а" id="52"><g v="INTJ"></g></l></v><v><l t="а" id="53"><g v="PRCL"></g></l></v></tfr></token><token id="616266" text="70"><tfr rev_id="2461838" t="70"><v><l t="70" id="0"><g v="NUMB"></g></l></v></tfr></token><token id="616267" text="%"><tfr rev_id="2444118" t="%"><v><l t="%" id="0"><g v="PNCT"></g></l></v></tfr></token><token id="616268" text="подростков"><tfr rev_id="4383653" t="подростков"><v><l t="подросток" id="249822"><g v="NOUN"></g><g v="anim"></g><g v="masc"></g><g v="plur"></g><g v="gent"></g></l></v></tfr></token><token id="616269" text=","><tfr rev_id="1448516" t=","><v><l t="," id="0"><g v="PNCT"></g></l></v></tfr></token><token id="616270" text="согласно"><tfr rev_id="4463676" t="согласно"><v><l t="согласно" id="328255"><g v="PREP"></g></l></v></tfr></token><token id="616271" text="результатам"><tfr rev_id="1448518" t="результатам"><v><l t="результат" id="305391"><g v="NOUN"></g><g v="inan"></g><g v="masc"></g><g v="plur"></g><g v="datv"></g></l></v></tfr></token><token id="616272" text="соцопросов"><tfr rev_id="1448519" t="соцопросов"><v><l t="соцопросов" id="0"><g v="UNKN"></g></l></v></tfr></token><token id="616273" text=","><tfr rev_id="1448520" t=","><v><l t="," id="0"><g v="PNCT"></g></l></v></tfr></token><token id="616274" text="впервые"><tfr rev_id="1448521" t="впервые"><v><l t="впервые" id="52345"><g v="ADVB"></g></l></v></tfr></token><token id="616275" text="попробовали"><tfr rev_id="1448522" t="попробовали"><v><l t="попробовал" id="259607"><g v="VERB"></g><g v="perf"></g><g v="tran"></g><g v="plur"></g><g v="past"></g><g v="indc"></g></l></v></tfr></token><token id="616276" text="наркотики"><tfr rev_id="4280809" t="наркотики"><v><l t="наркотик" id="174689"><g v="NOUN"></g><g v="inan"></g><g v="masc"></g><g v="plur"></g><g v="accs"></g></l></v></tfr></token><token id="616277" text="в"><tfr rev_id="1448524" t="в"><v><l t="в" id="37409"><g v="PREP"></g></l></v></tfr></token><token id="616278" text="школах"><tfr rev_id="1448525" t="школах"><v><l t="школа" id="380220"><g v="NOUN"></g><g v="inan"></g><g v="femn"></g><g v="plur"></g><g v="loct"></g></l></v></tfr></token><token id="616279" text="и"><tfr rev_id="3690531" t="и"><v><l t="и" id="116949"><g v="CONJ"></g></l></v></tfr></token><token id="616280" text="местах"><tfr rev_id="1448527" t="местах"><v><l t="место" id="158822"><g v="NOUN"></g><g v="inan"></g><g v="neut"></g><g v="plur"></g><g v="loct"></g></l></v></tfr></token><token id="616281" text="развлечения"><tfr rev_id="3476300" t="развлечения"><v><l t="развлечение" id="292582"><g v="NOUN"></g><g v="inan"></g><g v="neut"></g><g v="sing"></g><g v="gent"></g></l></v></tfr></token><token id="616282" text="."><tfr rev_id="1448529" t="."><v><l t="." id="0"><g v="PNCT"></g></l></v></tfr></token></tokens></sentence><sentence id="34499"><source>Также сообщается, что, по оценке Управления ООН по наркотикам и преступности, Россия по-прежнему является крупнейшим потребителем героина, поставляемого из Афганистана, — ежегодно более 70 тонн.</source><tokens><token id="616283" text="Также"><tfr rev_id="4267742" t="Также"><v><l t="также" id="342482"><g v="PRCL"></g></l></v></tfr></token><token id="616284" text="сообщается"><tfr rev_id="1448531" t="сообщается"><v><l t="сообщаюсь" id="329545"><g v="VERB"></g><g v="impf"></g><g v="intr"></g><g v="sing"></g><g v="3per"></g><g v="pres"></g><g v="indc"></g></l></v></tfr></token><token id="616285" text=","><tfr rev_id="1448532" t=","><v><l t="," id="0"><g v="PNCT"></g></l></v></tfr></token><token id="616286" text="что"><tfr rev_id="3196941" t="что"><v><l t="что" id="377004"><g v="CONJ"></g></l></v><v><l t="что" id="377005"><g v="NPRO"></g><g v="neut"></g><g v="sing"></g><g v="nomn"></g></l></v><v><l t="что" id="377005"><g v="NPRO"></g><g v="neut"></g><g v="sing"></g><g v="accs"></g></l></v><v><l t="что" id="377006"><g v="ADVB"></g><g v="Ques"></g></l></v><v><l t="что" id="388695"><g v="PRCL"></g></l></v></tfr></token><token id="616287" text=","><tfr rev_id="1448534" t=","><v><l t="," id="0"><g v="PNCT"></g></l></v></tfr></token><token id="616288" text="по"><tfr rev_id="1448535" t="по"><v><l t="по" id="241240"><g v="PREP"></g></l></v></tfr></token><token id="616289" text="оценке"><tfr rev_id="3556199" t="оценке"><v><l t="оценка" id="221498"><g v="NOUN"></g><g v="inan"></g><g v="femn"></g><g v="sing"></g><g v="datv"></g></l></v></tfr></token><token id="616290" text="Управления"><tfr rev_id="3452108" t="Управления"><v><l t="управление" id="359211"><g v="NOUN"></g><g v="inan"></g><g v="neut"></g><g v="sing"></g><g v="gent"></g></l></v></tfr></token><token id="616291" text="ООН"><tfr rev_id="4138816" t="ООН"><v><l t="оон" id="206695"><g v="NOUN"></g><g v="inan"></g><g v="femn"></g><g v="Sgtm"></g><g v="Fixd"></g><g v="Abbr"></g><g v="Orgn"></g><g v="sing"></g><g v="gent"></g></l></v></tfr></token><token id="616292" text="по"><tfr rev_id="1448539" t="по"><v><l t="по" id="241240"><g v="PREP"></g></l></v></tfr></token><token id="616293" text="наркотикам"><tfr rev_id="3886948" t="наркотикам"><v><l t="наркотик" id="174689"><g v="NOUN"></g><g v="inan"></g><g v="masc"></g><g v="plur"></g><g v="datv"></g></l></v></tfr></token><token id="616294" text="и"><tfr rev_id="3696976" t="и"><v><l t="и" id="116949"><g v="CONJ"></g></l></v></tfr></token><token id="616295" text="преступности"><tfr rev_id="3887793" t="преступности"><v><l t="преступность" id="268349"><g v="NOUN"></g><g v="inan"></g><g v="femn"></g><g v="sing"></g><g v="datv"></g></l></v></tfr></token><token id="616296" text=","><tfr rev_id="1448543" t=","><v><l t="," id="0"><g v="PNCT"></g></l></v></tfr></token><token id="616297" text="Россия"><tfr rev_id="1448544" t="Россия"><v><l t="россия" id="309322"><g v="NOUN"></g><g v="inan"></g><g v="femn"></g><g v="Sgtm"></g><g v="Geox"></g><g v="sing"></g><g v="nomn"></g></l></v></tfr></token><token id="616298" text="по-прежнему"><tfr rev_id="1448545" t="по-прежнему"><v><l t="по-прежнему" id="241307"><g v="ADVB"></g></l></v></tfr></token><token id="616299" text="является"><tfr rev_id="1448546" t="является"><v><l t="являюсь" id="387385"><g v="VERB"></g><g v="impf"></g><g v="intr"></g><g v="sing"></g><g v="3per"></g><g v="pres"></g><g v="indc"></g></l></v></tfr></token><token id="616300" text="крупнейшим"><tfr rev_id="4412326" t="крупнейшим"><v><l t="крупнейший" id="143764"><g v="ADJF"></g><g v="Supr"></g><g v="Qual"></g><g v="masc"></g><g v="sing"></g><g v="ablt"></g></l></v></tfr></token><token id="616301" text="потребителем"><tfr rev_id="1448548" t="потребителем"><v><l t="потребитель" id="263522"><g v="NOUN"></g><g v="anim"></g><g v="masc"></g><g v="sing"></g><g v="ablt"></g></l></v></tfr></token><token id="616302" text="героина"><tfr rev_id="1448549" t="героина"><v><l t="героин" id="69208"><g v="NOUN"></g><g v="inan"></g><g v="masc"></g><g v="sing"></g><g v="gent"></g></l></v></tfr></token><token id="616303" text=","><tfr rev_id="1448550" t=","><v><l t="," id="0"><g v="PNCT"></g></l></v></tfr></token><token id="616304" text="поставляемого"><tfr rev_id="3443172" t="поставляемого"><v><l t="поставляемый" id="262100"><g v="PRTF"></g><g v="impf"></g><g v="tran"></g><g v="pres"></g><g v="pssv"></g><g v="masc"></g><g v="sing"></g><g v="gent"></g></l></v><v><l t="поставляемый" id="262100"><g v="PRTF"></g><g v="impf"></g><g v="tran"></g><g v="pres"></g><g v="pssv"></g><g v="anim"></g><g v="masc"></g><g v="sing"></g><g v="accs"></g></l></v></tfr></token><token id="616305" text="из"><tfr rev_id="2603784" t="из"><v><l t="из" id="117677"><g v="PREP"></g></l></v></tfr></token><token id="616306" text="Афганистана"><tfr rev_id="1448553" t="Афганистана"><v><l t="афганистан" id="20112"><g v="NOUN"></g><g v="inan"></g><g v="masc"></g><g v="Geox"></g><g v="sing"></g><g v="gent"></g></l></v></tfr></token><token id="616307" text=","><tfr rev_id="1448554" t=","><v><l t="," id="0"><g v="PNCT"></g></l></v></tfr></token><token id="616308" text="—"><tfr rev_id="2444119" t="—"><v><l t="—" id="0"><g v="PNCT"></g></l></v></tfr></token><token id="616309" text="ежегодно"><tfr rev_id="1448556" t="ежегодно"><v><l t="ежегодно" id="94443"><g v="ADVB"></g></l></v><v><l t="ежегоден" id="94445"><g v="ADJS"></g><g v="Qual"></g><g v="neut"></g><g v="sing"></g></l></v></tfr></token><token id="616310" text="более"><tfr rev_id="1448557" t="более"><v><l t="более" id="32065"><g v="ADVB"></g></l></v></tfr></token><token id="616311" text="70"><tfr rev_id="2461839" t="70"><v><l t="70" id="0"><g v="NUMB"></g></l></v></tfr></token><token id="616312" text="тонн"><tfr rev_id="1448559" t="тонн"><v><l t="тонна" id="347730"><g v="NOUN"></g><g v="inan"></g><g v="femn"></g><g v="plur"></g><g v="gent"></g></l></v></tfr></token><token id="616313" text="."><tfr rev_id="1448560" t="."><v><l t="." id="0"><g v="PNCT"></g></l></v></tfr></token></tokens></sentence></paragraph><paragraph id="10997"><sentence id="34500"><source>О некоторых способах борьбы с наркоманией читайте в статье Частного корреспондента «Плакатом — по наркомании»</source><tokens><token id="616314" text="О"><tfr rev_id="3327350" t="О"><v><l t="о" id="192977"><g v="PREP"></g></l></v></tfr></token><token id="616315" text="некоторых"><tfr rev_id="4472740" t="некоторых"><v><l t="некоторый" id="183542"><g v="ADJF"></g><g v="Apro"></g><g v="plur"></g><g v="gent"></g></l></v><v><l t="некоторый" id="183542"><g v="ADJF"></g><g v="Apro"></g><g v="anim"></g><g v="plur"></g><g v="accs"></g></l></v><v><l t="некоторый" id="183542"><g v="ADJF"></g><g v="Apro"></g><g v="plur"></g><g v="loct"></g></l></v></tfr></token><token id="616316" text="способах"><tfr rev_id="1448563" t="способах"><v><l t="способ" id="332835"><g v="NOUN"></g><g v="inan"></g><g v="masc"></g><g v="plur"></g><g v="loct"></g></l></v></tfr></token><token id="616317" text="борьбы"><tfr rev_id="1448564" t="борьбы"><v><l t="борьба" id="33103"><g v="NOUN"></g><g v="inan"></g><g v="femn"></g><g v="Sgtm"></g><g v="sing"></g><g v="gent"></g></l></v></tfr></token><token id="616318" text="с"><tfr rev_id="1448565" t="с"><v><l t="с" id="311151"><g v="PREP"></g></l></v></tfr></token><token id="616319" text="наркоманией"><tfr rev_id="1448566" t="наркоманией"><v><l t="наркомания" id="174657"><g v="NOUN"></g><g v="inan"></g><g v="femn"></g><g v="sing"></g><g v="ablt"></g></l></v></tfr></token><token id="616320" text="читайте"><tfr rev_id="1448567" t="читайте"><v><l t="читаю" id="376719"><g v="VERB"></g><g v="impf"></g><g v="tran"></g><g v="plur"></g><g v="impr"></g><g v="excl"></g></l></v></tfr></token><token id="616321" text="в"><tfr rev_id="1448568" t="в"><v><l t="в" id="37409"><g v="PREP"></g></l></v></tfr></token><token id="616322" text="статье"><tfr rev_id="2737771" t="статье"><v><l t="статья" id="335173"><g v="NOUN"></g><g v="inan"></g><g v="femn"></g><g v="sing"></g><g v="loct"></g></l></v></tfr></token><token id="616323" text="Частного"><tfr rev_id="4306762" t="Частного"><v><l t="частный" id="374795"><g v="ADJF"></g><g v="Qual"></g><g v="masc"></g><g v="sing"></g><g v="gent"></g></l></v><v><l t="частный" id="374795"><g v="ADJF"></g><g v="Qual"></g><g v="anim"></g><g v="masc"></g><g v="sing"></g><g v="accs"></g></l></v></tfr></token><token id="616324" text="корреспондента"><tfr rev_id="4363804" t="корреспондента"><v><l t="корреспондент" id="140239"><g v="NOUN"></g><g v="anim"></g><g v="masc"></g><g v="sing"></g><g v="gent"></g></l></v></tfr></token><token id="616325" text="«"><tfr rev_id="2444120" t="«"><v><l t="«" id="0"><g v="PNCT"></g></l></v></tfr></token><token id="616326" text="Плакатом"><tfr rev_id="1448573" t="Плакатом"><v><l t="плакат" id="239587"><g v="NOUN"></g><g v="inan"></g><g v="masc"></g><g v="sing"></g><g v="ablt"></g></l></v></tfr></token><token id="616327" text="—"><tfr rev_id="2444121" t="—"><v><l t="—" id="0"><g v="PNCT"></g></l></v></tfr></token><token id="616328" text="по"><tfr rev_id="1448575" t="по"><v><l t="по" id="241240"><g v="PREP"></g></l></v></tfr></token><token id="616329" text="наркомании"><tfr rev_id="3487683" t="наркомании"><v><l t="наркомания" id="174657"><g v="NOUN"></g><g v="inan"></g><g v="femn"></g><g v="sing"></g><g v="gent"></g></l></v><v><l t="наркомания" id="174657"><g v="NOUN"></g><g v="inan"></g><g v="femn"></g><g v="sing"></g><g v="datv"></g></l></v><v><l t="наркомания" id="174657"><g v="NOUN"></g><g v="inan"></g><g v="femn"></g><g v="sing"></g><g v="loct"></g></l></v></tfr></token><token id="616330" text="»"><tfr rev_id="2444122" t="»"><v><l t="»" id="0"><g v="PNCT"></g></l></v></tfr></token></tokens></sentence></paragraph></paragraphs></text>