<?xml version="1.0" encoding="utf-8"?><text id="1166" parent="226" name="22982 «Поэт и гражданин» нарасхват"><tags><tag>url:http://www.chaskor.ru/news/poet_i_grazhdanin_narashvat_22982</tag><tag>Год:2011</tag><tag>Дата:12/04</tag><tag>Тема:ЧасКор:Медиа</tag><tag>Тема:ЧасКор:Медиа/Медиабизнес</tag></tags><paragraphs><paragraph id="11007"><sentence id="34524"><source>«Поэт и гражданин» нарасхват</source><tokens><token id="616755" text="«"><tfr rev_id="2444148" t="«"><v><l t="«" id="0"><g v="PNCT"></g></l></v></tfr></token><token id="616756" text="Поэт"><tfr rev_id="1449003" t="Поэт"><v><l t="поэт" id="265453"><g v="NOUN"></g><g v="anim"></g><g v="masc"></g><g v="sing"></g><g v="nomn"></g></l></v></tfr></token><token id="616757" text="и"><tfr rev_id="3488543" t="и"><v><l t="и" id="116949"><g v="CONJ"></g></l></v></tfr></token><token id="616758" text="гражданин"><tfr rev_id="1449005" t="гражданин"><v><l t="гражданин" id="74521"><g v="NOUN"></g><g v="anim"></g><g v="masc"></g><g v="sing"></g><g v="nomn"></g></l></v></tfr></token><token id="616759" text="»"><tfr rev_id="2444149" t="»"><v><l t="»" id="0"><g v="PNCT"></g></l></v></tfr></token><token id="616760" text="нарасхват"><tfr rev_id="1449007" t="нарасхват"><v><l t="нарасхват" id="174477"><g v="ADVB"></g></l></v></tfr></token></tokens></sentence><sentence id="34525"><source>Оригинальный проект заинтересовал издателя «Сноба» и радиостанцию «Эхо Москвы».</source><tokens><token id="616761" text="Оригинальный"><tfr rev_id="1449008" t="Оригинальный"><v><l t="оригинальный" id="209029"><g v="ADJF"></g><g v="Qual"></g><g v="masc"></g><g v="sing"></g><g v="nomn"></g></l></v><v><l t="оригинальный" id="209029"><g v="ADJF"></g><g v="Qual"></g><g v="inan"></g><g v="masc"></g><g v="sing"></g><g v="accs"></g></l></v></tfr></token><token id="616762" text="проект"><tfr rev_id="3523691" t="проект"><v><l t="проект" id="279545"><g v="NOUN"></g><g v="inan"></g><g v="masc"></g><g v="sing"></g><g v="nomn"></g></l></v></tfr></token><token id="616763" text="заинтересовал"><tfr rev_id="1449010" t="заинтересовал"><v><l t="заинтересовал" id="102712"><g v="VERB"></g><g v="perf"></g><g v="tran"></g><g v="masc"></g><g v="sing"></g><g v="past"></g><g v="indc"></g></l></v></tfr></token><token id="616764" text="издателя"><tfr rev_id="3721687" t="издателя"><v><l t="издатель" id="118744"><g v="NOUN"></g><g v="anim"></g><g v="masc"></g><g v="sing"></g><g v="accs"></g></l></v></tfr></token><token id="616765" text="«"><tfr rev_id="2444150" t="«"><v><l t="«" id="0"><g v="PNCT"></g></l></v></tfr></token><token id="616766" text="Сноба"><tfr rev_id="3676011" t="Сноба"><v><l t="сноб" id="327454"><g v="NOUN"></g><g v="anim"></g><g v="masc"></g><g v="sing"></g><g v="gent"></g></l></v></tfr></token><token id="616767" text="»"><tfr rev_id="2444151" t="»"><v><l t="»" id="0"><g v="PNCT"></g></l></v></tfr></token><token id="616768" text="и"><tfr rev_id="3825511" t="и"><v><l t="и" id="116949"><g v="CONJ"></g></l></v></tfr></token><token id="616769" text="радиостанцию"><tfr rev_id="1449016" t="радиостанцию"><v><l t="радиостанция" id="291209"><g v="NOUN"></g><g v="inan"></g><g v="femn"></g><g v="sing"></g><g v="accs"></g></l></v></tfr></token><token id="616770" text="«"><tfr rev_id="2444152" t="«"><v><l t="«" id="0"><g v="PNCT"></g></l></v></tfr></token><token id="616771" text="Эхо"><tfr rev_id="1449018" t="Эхо"><v><l t="эхо" id="386693"><g v="NOUN"></g><g v="inan"></g><g v="neut"></g><g v="sing"></g><g v="nomn"></g></l></v><v><l t="эхо" id="386693"><g v="NOUN"></g><g v="inan"></g><g v="neut"></g><g v="sing"></g><g v="accs"></g></l></v></tfr></token><token id="616772" text="Москвы"><tfr rev_id="1449019" t="Москвы"><v><l t="москва" id="163901"><g v="NOUN"></g><g v="inan"></g><g v="femn"></g><g v="Sgtm"></g><g v="Geox"></g><g v="sing"></g><g v="gent"></g></l></v></tfr></token><token id="616773" text="»"><tfr rev_id="2444153" t="»"><v><l t="»" id="0"><g v="PNCT"></g></l></v></tfr></token><token id="616774" text="."><tfr rev_id="1449021" t="."><v><l t="." id="0"><g v="PNCT"></g></l></v></tfr></token></tokens></sentence></paragraph><paragraph id="11008"><sentence id="34526"><source>Генеральный директор медиагруппы «Живи!», издающей журналы «Сноб» и «Русский пионер», Юрий Кацман сообщил о том, что его компания планирует выкупить права на трансляцию в интернете сатирического проекта «Поэт и гражданин», сообщает «Лента.ру», который ранее выходил на телеканале «Дождь».</source><tokens><token id="616775" text="Генеральный"><tfr rev_id="4097819" t="Генеральный"><v><l t="генеральный" id="68532"><g v="ADJF"></g><g v="masc"></g><g v="sing"></g><g v="nomn"></g></l></v></tfr></token><token id="616776" text="директор"><tfr rev_id="1449023" t="директор"><v><l t="директор" id="84214"><g v="NOUN"></g><g v="anim"></g><g v="masc"></g><g v="sing"></g><g v="nomn"></g></l></v></tfr></token><token id="616777" text="медиагруппы"><tfr rev_id="4337910" t="медиагруппы"><v><l t="медиагруппа" id="390308"><g v="NOUN"></g><g v="inan"></g><g v="femn"></g><g v="sing"></g><g v="gent"></g></l></v></tfr></token><token id="616778" text="«"><tfr rev_id="2444154" t="«"><v><l t="«" id="0"><g v="PNCT"></g></l></v></tfr></token><token id="616779" text="Живи"><tfr rev_id="1449026" t="Живи"><v><l t="живлю" id="96995"><g v="VERB"></g><g v="impf"></g><g v="tran"></g><g v="sing"></g><g v="impr"></g><g v="excl"></g></l></v><v><l t="живу" id="97603"><g v="VERB"></g><g v="impf"></g><g v="intr"></g><g v="sing"></g><g v="impr"></g><g v="excl"></g></l></v></tfr></token><token id="616780" text="!"><tfr rev_id="1449027" t="!"><v><l t="!" id="0"><g v="PNCT"></g></l></v></tfr></token><token id="616781" text="»"><tfr rev_id="2444155" t="»"><v><l t="»" id="0"><g v="PNCT"></g></l></v></tfr></token><token id="616782" text=","><tfr rev_id="1449029" t=","><v><l t="," id="0"><g v="PNCT"></g></l></v></tfr></token><token id="616783" text="издающей"><tfr rev_id="3419321" t="издающей"><v><l t="издающий" id="118703"><g v="PRTF"></g><g v="impf"></g><g v="tran"></g><g v="pres"></g><g v="actv"></g><g v="femn"></g><g v="sing"></g><g v="gent"></g></l></v></tfr></token><token id="616784" text="журналы"><tfr rev_id="3757206" t="журналы"><v><l t="журнал" id="97972"><g v="NOUN"></g><g v="inan"></g><g v="masc"></g><g v="plur"></g><g v="accs"></g></l></v></tfr></token><token id="616785" text="«"><tfr rev_id="2444156" t="«"><v><l t="«" id="0"><g v="PNCT"></g></l></v></tfr></token><token id="616786" text="Сноб"><tfr rev_id="1449033" t="Сноб"><v><l t="сноб" id="327454"><g v="NOUN"></g><g v="anim"></g><g v="masc"></g><g v="sing"></g><g v="nomn"></g></l></v></tfr></token><token id="616787" text="»"><tfr rev_id="2444157" t="»"><v><l t="»" id="0"><g v="PNCT"></g></l></v></tfr></token><token id="616788" text="и"><tfr rev_id="1449035" t="и"><v><l t="и" id="116949"><g v="CONJ"></g></l></v><v><l t="и" id="116950"><g v="INTJ"></g></l></v></tfr></token><token id="616789" text="«"><tfr rev_id="2444158" t="«"><v><l t="«" id="0"><g v="PNCT"></g></l></v></tfr></token><token id="616790" text="Русский"><tfr rev_id="1449037" t="Русский"><v><l t="русский" id="310321"><g v="ADJF"></g><g v="Subx"></g><g v="masc"></g><g v="sing"></g><g v="nomn"></g></l></v><v><l t="русский" id="310321"><g v="ADJF"></g><g v="Subx"></g><g v="inan"></g><g v="masc"></g><g v="sing"></g><g v="accs"></g></l></v></tfr></token><token id="616791" text="пионер"><tfr rev_id="1449038" t="пионер"><v><l t="пионер" id="238859"><g v="NOUN"></g><g v="anim"></g><g v="masc"></g><g v="sing"></g><g v="nomn"></g></l></v></tfr></token><token id="616792" text="»"><tfr rev_id="2444159" t="»"><v><l t="»" id="0"><g v="PNCT"></g></l></v></tfr></token><token id="616793" text=","><tfr rev_id="1449040" t=","><v><l t="," id="0"><g v="PNCT"></g></l></v></tfr></token><token id="616794" text="Юрий"><tfr rev_id="1449041" t="Юрий"><v><l t="юрий" id="387110"><g v="NOUN"></g><g v="anim"></g><g v="masc"></g><g v="Name"></g><g v="sing"></g><g v="nomn"></g></l></v></tfr></token><token id="616795" text="Кацман"><tfr rev_id="1449042" t="Кацман"><v><l t="кацман" id="0"><g v="UNKN"></g></l></v></tfr></token><token id="616796" text="сообщил"><tfr rev_id="1449043" t="сообщил"><v><l t="сообщил" id="329556"><g v="VERB"></g><g v="perf"></g><g v="tran"></g><g v="masc"></g><g v="sing"></g><g v="past"></g><g v="indc"></g></l></v></tfr></token><token id="616797" text="о"><tfr rev_id="3230835" t="о"><v><l t="о" id="192977"><g v="PREP"></g></l></v></tfr></token><token id="616798" text="том"><tfr rev_id="4411910" t="том"><v><l t="тот" id="348430"><g v="ADJF"></g><g v="Subx"></g><g v="Apro"></g><g v="Anph"></g><g v="neut"></g><g v="sing"></g><g v="loct"></g></l></v></tfr></token><token id="616799" text=","><tfr rev_id="1449046" t=","><v><l t="," id="0"><g v="PNCT"></g></l></v></tfr></token><token id="616800" text="что"><tfr rev_id="3196943" t="что"><v><l t="что" id="377004"><g v="CONJ"></g></l></v><v><l t="что" id="377005"><g v="NPRO"></g><g v="neut"></g><g v="sing"></g><g v="nomn"></g></l></v><v><l t="что" id="377005"><g v="NPRO"></g><g v="neut"></g><g v="sing"></g><g v="accs"></g></l></v><v><l t="что" id="377006"><g v="ADVB"></g><g v="Ques"></g></l></v><v><l t="что" id="388695"><g v="PRCL"></g></l></v></tfr></token><token id="616801" text="его"><tfr rev_id="4512936" t="его"><v><l t="его" id="94208"><g v="ADJF"></g><g v="Fixd"></g><g v="Apro"></g><g v="Anph"></g><g v="femn"></g><g v="sing"></g><g v="nomn"></g></l></v><v><l t="его" id="94208"><g v="ADJF"></g><g v="Fixd"></g><g v="Apro"></g><g v="Anph"></g><g v="femn"></g><g v="sing"></g><g v="gent"></g></l></v><v><l t="его" id="94208"><g v="ADJF"></g><g v="Fixd"></g><g v="Apro"></g><g v="Anph"></g><g v="femn"></g><g v="sing"></g><g v="datv"></g></l></v><v><l t="его" id="94208"><g v="ADJF"></g><g v="Fixd"></g><g v="Apro"></g><g v="Anph"></g><g v="femn"></g><g v="sing"></g><g v="accs"></g></l></v><v><l t="его" id="94208"><g v="ADJF"></g><g v="Fixd"></g><g v="Apro"></g><g v="Anph"></g><g v="femn"></g><g v="sing"></g><g v="ablt"></g></l></v><v><l t="его" id="94208"><g v="ADJF"></g><g v="Fixd"></g><g v="Apro"></g><g v="Anph"></g><g v="femn"></g><g v="sing"></g><g v="loct"></g></l></v></tfr></token><token id="616802" text="компания"><tfr rev_id="1449049" t="компания"><v><l t="компания" id="137146"><g v="NOUN"></g><g v="inan"></g><g v="femn"></g><g v="sing"></g><g v="nomn"></g></l></v></tfr></token><token id="616803" text="планирует"><tfr rev_id="1449050" t="планирует"><v><l t="планирую" id="239713"><g v="VERB"></g><g v="impf"></g><g v="tran"></g><g v="sing"></g><g v="3per"></g><g v="pres"></g><g v="indc"></g></l></v></tfr></token><token id="616804" text="выкупить"><tfr rev_id="1449051" t="выкупить"><v><l t="выкупить" id="58742"><g v="INFN"></g><g v="perf"></g><g v="tran"></g></l></v></tfr></token><token id="616805" text="права"><tfr rev_id="3815446" t="права"><v><l t="право" id="265680"><g v="NOUN"></g><g v="inan"></g><g v="neut"></g><g v="plur"></g><g v="accs"></g></l></v></tfr></token><token id="616806" text="на"><tfr rev_id="3343510" t="на"><v><l t="на" id="166264"><g v="PREP"></g></l></v></tfr></token><token id="616807" text="трансляцию"><tfr rev_id="1449054" t="трансляцию"><v><l t="трансляция" id="349070"><g v="NOUN"></g><g v="inan"></g><g v="femn"></g><g v="sing"></g><g v="accs"></g></l></v></tfr></token><token id="616808" text="в"><tfr rev_id="1449055" t="в"><v><l t="в" id="37409"><g v="PREP"></g></l></v></tfr></token><token id="616809" text="интернете"><tfr rev_id="1449056" t="интернете"><v><l t="интернет" id="123255"><g v="NOUN"></g><g v="inan"></g><g v="masc"></g><g v="sing"></g><g v="loct"></g></l></v></tfr></token><token id="616810" text="сатирического"><tfr rev_id="3463999" t="сатирического"><v><l t="сатирический" id="313844"><g v="ADJF"></g><g v="masc"></g><g v="sing"></g><g v="gent"></g></l></v><v><l t="сатирический" id="313844"><g v="ADJF"></g><g v="anim"></g><g v="masc"></g><g v="sing"></g><g v="accs"></g></l></v></tfr></token><token id="616811" text="проекта"><tfr rev_id="1449058" t="проекта"><v><l t="проект" id="279545"><g v="NOUN"></g><g v="inan"></g><g v="masc"></g><g v="sing"></g><g v="gent"></g></l></v></tfr></token><token id="616812" text="«"><tfr rev_id="2444160" t="«"><v><l t="«" id="0"><g v="PNCT"></g></l></v></tfr></token><token id="616813" text="Поэт"><tfr rev_id="1449060" t="Поэт"><v><l t="поэт" id="265453"><g v="NOUN"></g><g v="anim"></g><g v="masc"></g><g v="sing"></g><g v="nomn"></g></l></v></tfr></token><token id="616814" text="и"><tfr rev_id="3688605" t="и"><v><l t="и" id="116949"><g v="CONJ"></g></l></v></tfr></token><token id="616815" text="гражданин"><tfr rev_id="1449062" t="гражданин"><v><l t="гражданин" id="74521"><g v="NOUN"></g><g v="anim"></g><g v="masc"></g><g v="sing"></g><g v="nomn"></g></l></v></tfr></token><token id="616816" text="»"><tfr rev_id="2444161" t="»"><v><l t="»" id="0"><g v="PNCT"></g></l></v></tfr></token><token id="616817" text=","><tfr rev_id="1449064" t=","><v><l t="," id="0"><g v="PNCT"></g></l></v></tfr></token><token id="616818" text="сообщает"><tfr rev_id="1449065" t="сообщает"><v><l t="сообщаю" id="329538"><g v="VERB"></g><g v="impf"></g><g v="tran"></g><g v="sing"></g><g v="3per"></g><g v="pres"></g><g v="indc"></g></l></v></tfr></token><token id="616819" text="«"><tfr rev_id="2444162" t="«"><v><l t="«" id="0"><g v="PNCT"></g></l></v></tfr></token><token id="616820" text="Лента.ру"><tfr rev_id="4568252" t="Лента.ру"><v><l t="лента.ру" id="393363"><g v="NOUN"></g><g v="inan"></g><g v="femn"></g><g v="Sgtm"></g><g v="Orgn"></g><g v="sing"></g><g v="nomn"></g></l></v></tfr></token><token id="616821" text="»"><tfr rev_id="2444163" t="»"><v><l t="»" id="0"><g v="PNCT"></g></l></v></tfr></token><token id="616822" text=","><tfr rev_id="1449069" t=","><v><l t="," id="0"><g v="PNCT"></g></l></v></tfr></token><token id="616823" text="который"><tfr rev_id="3637416" t="который"><v><l t="который" id="141203"><g v="ADJF"></g><g v="Apro"></g><g v="Subx"></g><g v="Anph"></g><g v="masc"></g><g v="sing"></g><g v="nomn"></g></l></v><v><l t="который" id="141203"><g v="ADJF"></g><g v="Apro"></g><g v="Subx"></g><g v="Anph"></g><g v="inan"></g><g v="masc"></g><g v="sing"></g><g v="accs"></g></l></v></tfr></token><token id="616824" text="ранее"><tfr rev_id="1449071" t="ранее"><v><l t="ранее" id="297884"><g v="ADVB"></g></l></v></tfr></token><token id="616825" text="выходил"><tfr rev_id="1449072" t="выходил"><v><l t="выхожу" id="63962"><g v="VERB"></g><g v="impf"></g><g v="intr"></g><g v="masc"></g><g v="sing"></g><g v="past"></g><g v="indc"></g></l></v><v><l t="выходил" id="63967"><g v="VERB"></g><g v="perf"></g><g v="tran"></g><g v="masc"></g><g v="sing"></g><g v="past"></g><g v="indc"></g></l></v></tfr></token><token id="616826" text="на"><tfr rev_id="3333605" t="на"><v><l t="на" id="166264"><g v="PREP"></g></l></v></tfr></token><token id="616827" text="телеканале"><tfr rev_id="1449074" t="телеканале"><v><l t="телеканал" id="344167"><g v="NOUN"></g><g v="inan"></g><g v="masc"></g><g v="sing"></g><g v="loct"></g></l></v></tfr></token><token id="616828" text="«"><tfr rev_id="2444164" t="«"><v><l t="«" id="0"><g v="PNCT"></g></l></v></tfr></token><token id="616829" text="Дождь"><tfr rev_id="4104849" t="Дождь"><v><l t="дождь" id="86651"><g v="NOUN"></g><g v="inan"></g><g v="masc"></g><g v="sing"></g><g v="nomn"></g></l></v></tfr></token><token id="616830" text="»"><tfr rev_id="2444165" t="»"><v><l t="»" id="0"><g v="PNCT"></g></l></v></tfr></token><token id="616831" text="."><tfr rev_id="1449078" t="."><v><l t="." id="0"><g v="PNCT"></g></l></v></tfr></token></tokens></sentence></paragraph><paragraph id="11009"><sentence id="34527"><source>Кроме того, ранее стало известно, что радиостанция «Эхо Москвы» также намерена приобрести права на трансляцию проекта.</source><tokens><token id="616832" text="Кроме"><tfr rev_id="1449079" t="Кроме"><v><l t="кроме" id="143259"><g v="PREP"></g></l></v></tfr></token><token id="616833" text="того"><tfr rev_id="4318221" t="того"><v><l t="тот" id="348430"><g v="ADJF"></g><g v="Subx"></g><g v="Apro"></g><g v="Anph"></g><g v="neut"></g><g v="sing"></g><g v="gent"></g></l></v></tfr></token><token id="616834" text=","><tfr rev_id="1449081" t=","><v><l t="," id="0"><g v="PNCT"></g></l></v></tfr></token><token id="616835" text="ранее"><tfr rev_id="1449082" t="ранее"><v><l t="ранее" id="297884"><g v="ADVB"></g></l></v></tfr></token><token id="616836" text="стало"><tfr rev_id="1449083" t="стало"><v><l t="стал" id="335164"><g v="VERB"></g><g v="perf"></g><g v="intr"></g><g v="neut"></g><g v="sing"></g><g v="past"></g><g v="indc"></g></l></v></tfr></token><token id="616837" text="известно"><tfr rev_id="1449084" t="известно"><v><l t="известно" id="118141"><g v="CONJ"></g><g v="Prnt"></g></l></v><v><l t="известно" id="118142"><g v="PRED"></g><g v="pres"></g></l></v><v><l t="известен" id="118146"><g v="ADJS"></g><g v="Qual"></g><g v="neut"></g><g v="sing"></g></l></v></tfr></token><token id="616838" text=","><tfr rev_id="1449085" t=","><v><l t="," id="0"><g v="PNCT"></g></l></v></tfr></token><token id="616839" text="что"><tfr rev_id="3196944" t="что"><v><l t="что" id="377004"><g v="CONJ"></g></l></v><v><l t="что" id="377005"><g v="NPRO"></g><g v="neut"></g><g v="sing"></g><g v="nomn"></g></l></v><v><l t="что" id="377005"><g v="NPRO"></g><g v="neut"></g><g v="sing"></g><g v="accs"></g></l></v><v><l t="что" id="377006"><g v="ADVB"></g><g v="Ques"></g></l></v><v><l t="что" id="388695"><g v="PRCL"></g></l></v></tfr></token><token id="616840" text="радиостанция"><tfr rev_id="1449087" t="радиостанция"><v><l t="радиостанция" id="291209"><g v="NOUN"></g><g v="inan"></g><g v="femn"></g><g v="sing"></g><g v="nomn"></g></l></v></tfr></token><token id="616841" text="«"><tfr rev_id="2444166" t="«"><v><l t="«" id="0"><g v="PNCT"></g></l></v></tfr></token><token id="616842" text="Эхо"><tfr rev_id="3340200" t="Эхо"><v><l t="эхо" id="386693"><g v="NOUN"></g><g v="inan"></g><g v="neut"></g><g v="sing"></g><g v="nomn"></g></l></v></tfr></token><token id="616843" text="Москвы"><tfr rev_id="1449090" t="Москвы"><v><l t="москва" id="163901"><g v="NOUN"></g><g v="inan"></g><g v="femn"></g><g v="Sgtm"></g><g v="Geox"></g><g v="sing"></g><g v="gent"></g></l></v></tfr></token><token id="616844" text="»"><tfr rev_id="2444167" t="»"><v><l t="»" id="0"><g v="PNCT"></g></l></v></tfr></token><token id="616845" text="также"><tfr rev_id="4267744" t="также"><v><l t="также" id="342482"><g v="PRCL"></g></l></v></tfr></token><token id="616846" text="намерена"><tfr rev_id="1449093" t="намерена"><v><l t="намерен" id="172445"><g v="ADJS"></g><g v="femn"></g><g v="sing"></g></l></v><v><l t="намерен" id="172473"><g v="PRTS"></g><g v="perf"></g><g v="past"></g><g v="pssv"></g><g v="femn"></g><g v="sing"></g></l></v></tfr></token><token id="616847" text="приобрести"><tfr rev_id="1449094" t="приобрести"><v><l t="приобрести" id="272743"><g v="INFN"></g><g v="perf"></g><g v="tran"></g></l></v></tfr></token><token id="616848" text="права"><tfr rev_id="3801710" t="права"><v><l t="право" id="265680"><g v="NOUN"></g><g v="inan"></g><g v="neut"></g><g v="plur"></g><g v="accs"></g></l></v></tfr></token><token id="616849" text="на"><tfr rev_id="3475541" t="на"><v><l t="на" id="166264"><g v="PREP"></g></l></v></tfr></token><token id="616850" text="трансляцию"><tfr rev_id="1449097" t="трансляцию"><v><l t="трансляция" id="349070"><g v="NOUN"></g><g v="inan"></g><g v="femn"></g><g v="sing"></g><g v="accs"></g></l></v></tfr></token><token id="616851" text="проекта"><tfr rev_id="1449098" t="проекта"><v><l t="проект" id="279545"><g v="NOUN"></g><g v="inan"></g><g v="masc"></g><g v="sing"></g><g v="gent"></g></l></v></tfr></token><token id="616852" text="."><tfr rev_id="1449099" t="."><v><l t="." id="0"><g v="PNCT"></g></l></v></tfr></token></tokens></sentence><sentence id="34528"><source>По словам главного редактора «Эха» Алексея Венедиктова, радиостанцию интересует как аудио-, так и видеоверсия программы, причём положительное решение по поводу аудиоверсии уже есть.</source><tokens><token id="616853" text="По"><tfr rev_id="1449100" t="По"><v><l t="по" id="241240"><g v="PREP"></g></l></v></tfr></token><token id="616854" text="словам"><tfr rev_id="1449101" t="словам"><v><l t="слово" id="325168"><g v="NOUN"></g><g v="inan"></g><g v="neut"></g><g v="plur"></g><g v="datv"></g></l></v></tfr></token><token id="616855" text="главного"><tfr rev_id="4309158" t="главного"><v><l t="главный" id="70842"><g v="ADJF"></g><g v="Qual"></g><g v="masc"></g><g v="sing"></g><g v="gent"></g></l></v><v><l t="главный" id="70842"><g v="ADJF"></g><g v="Qual"></g><g v="anim"></g><g v="masc"></g><g v="sing"></g><g v="accs"></g></l></v></tfr></token><token id="616856" text="редактора"><tfr rev_id="4356510" t="редактора"><v><l t="редактор" id="304972"><g v="NOUN"></g><g v="anim"></g><g v="masc"></g><g v="sing"></g><g v="gent"></g></l></v></tfr></token><token id="616857" text="«"><tfr rev_id="2444168" t="«"><v><l t="«" id="0"><g v="PNCT"></g></l></v></tfr></token><token id="616858" text="Эха"><tfr rev_id="3488841" t="Эха"><v><l t="эхо" id="386693"><g v="NOUN"></g><g v="inan"></g><g v="neut"></g><g v="sing"></g><g v="gent"></g></l></v></tfr></token><token id="616859" text="»"><tfr rev_id="2444169" t="»"><v><l t="»" id="0"><g v="PNCT"></g></l></v></tfr></token><token id="616860" text="Алексея"><tfr rev_id="4462004" t="Алексея"><v><l t="алексей" id="8618"><g v="NOUN"></g><g v="anim"></g><g v="masc"></g><g v="Name"></g><g v="sing"></g><g v="gent"></g></l></v></tfr></token><token id="616861" text="Венедиктова"><tfr rev_id="4292945" t="Венедиктова"><v><l t="венедиктов" id="40934"><g v="NOUN"></g><g v="anim"></g><g v="masc"></g><g v="Sgtm"></g><g v="Surn"></g><g v="sing"></g><g v="gent"></g></l></v><v><l t="венедиктов" id="40934"><g v="NOUN"></g><g v="anim"></g><g v="masc"></g><g v="Sgtm"></g><g v="Surn"></g><g v="sing"></g><g v="accs"></g></l></v></tfr></token><token id="616862" text=","><tfr rev_id="1449109" t=","><v><l t="," id="0"><g v="PNCT"></g></l></v></tfr></token><token id="616863" text="радиостанцию"><tfr rev_id="1449110" t="радиостанцию"><v><l t="радиостанция" id="291209"><g v="NOUN"></g><g v="inan"></g><g v="femn"></g><g v="sing"></g><g v="accs"></g></l></v></tfr></token><token id="616864" text="интересует"><tfr rev_id="1449111" t="интересует"><v><l t="интересую" id="123176"><g v="VERB"></g><g v="impf"></g><g v="tran"></g><g v="sing"></g><g v="3per"></g><g v="pres"></g><g v="indc"></g></l></v><v><l t="интересую" id="123185"><g v="VERB"></g><g v="impf"></g><g v="intr"></g><g v="sing"></g><g v="3per"></g><g v="pres"></g><g v="indc"></g></l></v></tfr></token><token id="616865" text="как"><tfr rev_id="1449112" t="как"><v><l t="как" id="128190"><g v="CONJ"></g></l></v><v><l t="как" id="128191"><g v="PRCL"></g></l></v><v><l t="как" id="128192"><g v="ADVB"></g><g v="Ques"></g></l></v></tfr></token><token id="616866" text="аудио-"><tfr rev_id="1449113" t="аудио-"><v><l t="аудио-" id="0"><g v="UNKN"></g></l></v></tfr></token><token id="616867" text=","><tfr rev_id="1449114" t=","><v><l t="," id="0"><g v="PNCT"></g></l></v></tfr></token><token id="616868" text="так"><tfr rev_id="1449115" t="так"><v><l t="так" id="342451"><g v="CONJ"></g></l></v><v><l t="так" id="342452"><g v="PRCL"></g></l></v><v><l t="так" id="342453"><g v="ADVB"></g><g v="Dmns"></g></l></v></tfr></token><token id="616869" text="и"><tfr rev_id="3480681" t="и"><v><l t="и" id="116949"><g v="CONJ"></g></l></v></tfr></token><token id="616870" text="видеоверсия"><tfr rev_id="4533754" t="видеоверсия"><v><l t="видеоверсия" id="392029"><g v="NOUN"></g><g v="inan"></g><g v="femn"></g><g v="sing"></g><g v="nomn"></g></l></v></tfr></token><token id="616871" text="программы"><tfr rev_id="3433222" t="программы"><v><l t="программа" id="278686"><g v="NOUN"></g><g v="inan"></g><g v="femn"></g><g v="sing"></g><g v="gent"></g></l></v></tfr></token><token id="616872" text=","><tfr rev_id="1449119" t=","><v><l t="," id="0"><g v="PNCT"></g></l></v></tfr></token><token id="616873" text="причём"><tfr rev_id="1449120" t="причём"><v><l t="причём" id="276410"><g v="CONJ"></g></l></v></tfr></token><token id="616874" text="положительное"><tfr rev_id="1449121" t="положительное"><v><l t="положительный" id="256266"><g v="ADJF"></g><g v="Qual"></g><g v="neut"></g><g v="sing"></g><g v="nomn"></g></l></v><v><l t="положительный" id="256266"><g v="ADJF"></g><g v="Qual"></g><g v="neut"></g><g v="sing"></g><g v="accs"></g></l></v></tfr></token><token id="616875" text="решение"><tfr rev_id="4098705" t="решение"><v><l t="решение" id="307350"><g v="NOUN"></g><g v="inan"></g><g v="neut"></g><g v="sing"></g><g v="nomn"></g></l></v></tfr></token><token id="616876" text="по"><tfr rev_id="1449123" t="по"><v><l t="по" id="241240"><g v="PREP"></g></l></v></tfr></token><token id="616877" text="поводу"><tfr rev_id="3812031" t="поводу"><v><l t="повод" id="242551"><g v="NOUN"></g><g v="inan"></g><g v="masc"></g><g v="sing"></g><g v="datv"></g></l></v></tfr></token><token id="616878" text="аудиоверсии"><tfr rev_id="4533749" t="аудиоверсии"><v><l t="аудиоверсия" id="392024"><g v="NOUN"></g><g v="inan"></g><g v="femn"></g><g v="plur"></g><g v="accs"></g></l></v><v><l t="аудиоверсия" id="392024"><g v="NOUN"></g><g v="inan"></g><g v="femn"></g><g v="plur"></g><g v="nomn"></g></l></v><v><l t="аудиоверсия" id="392024"><g v="NOUN"></g><g v="inan"></g><g v="femn"></g><g v="sing"></g><g v="datv"></g></l></v><v><l t="аудиоверсия" id="392024"><g v="NOUN"></g><g v="inan"></g><g v="femn"></g><g v="sing"></g><g v="gent"></g></l></v><v><l t="аудиоверсия" id="392024"><g v="NOUN"></g><g v="inan"></g><g v="femn"></g><g v="sing"></g><g v="loct"></g></l></v></tfr></token><token id="616879" text="уже"><tfr rev_id="2692743" t="уже"><v><l t="уж" id="355422"><g v="NOUN"></g><g v="anim"></g><g v="masc"></g><g v="sing"></g><g v="loct"></g></l></v><v><l t="уже" id="355498"><g v="ADVB"></g></l></v><v><l t="уже" id="355674"><g v="COMP"></g><g v="Qual"></g></l></v><v><l t="уже" id="388673"><g v="PRCL"></g></l></v></tfr></token><token id="616880" text="есть"><tfr rev_id="4394438" t="есть"><v><l t="есть" id="37265"><g v="VERB"></g><g v="impf"></g><g v="intr"></g><g v="sing"></g><g v="3per"></g><g v="pres"></g><g v="indc"></g></l></v><v><l t="есть" id="37265"><g v="VERB"></g><g v="impf"></g><g v="intr"></g><g v="plur"></g><g v="3per"></g><g v="pres"></g><g v="indc"></g></l></v></tfr></token><token id="616881" text="."><tfr rev_id="1449128" t="."><v><l t="." id="0"><g v="PNCT"></g></l></v></tfr></token></tokens></sentence></paragraph><paragraph id="11010"><sentence id="34529"><source>Что же касается планов «Живи!» относительно проекта, согласно словам Юрия Кацмана, он будет выходить на одном из ресурсов медиагруппы, скорее всего, это будет интернет-портал F5.</source><tokens><token id="616882" text="Что"><tfr rev_id="3196945" t="Что"><v><l t="что" id="377004"><g v="CONJ"></g></l></v><v><l t="что" id="377005"><g v="NPRO"></g><g v="neut"></g><g v="sing"></g><g v="nomn"></g></l></v><v><l t="что" id="377005"><g v="NPRO"></g><g v="neut"></g><g v="sing"></g><g v="accs"></g></l></v><v><l t="что" id="377006"><g v="ADVB"></g><g v="Ques"></g></l></v><v><l t="что" id="388695"><g v="PRCL"></g></l></v></tfr></token><token id="616883" text="же"><tfr rev_id="1449130" t="же"><v><l t="же" id="96208"><g v="CONJ"></g></l></v><v><l t="же" id="96209"><g v="PRCL"></g></l></v></tfr></token><token id="616884" text="касается"><tfr rev_id="1449131" t="касается"><v><l t="касаюсь" id="130961"><g v="VERB"></g><g v="impf"></g><g v="intr"></g><g v="sing"></g><g v="3per"></g><g v="pres"></g><g v="indc"></g></l></v></tfr></token><token id="616885" text="планов"><tfr rev_id="1449132" t="планов"><v><l t="план" id="239677"><g v="NOUN"></g><g v="inan"></g><g v="masc"></g><g v="plur"></g><g v="gent"></g></l></v></tfr></token><token id="616886" text="«"><tfr rev_id="2444170" t="«"><v><l t="«" id="0"><g v="PNCT"></g></l></v></tfr></token><token id="616887" text="Живи"><tfr rev_id="1449134" t="Живи"><v><l t="живлю" id="96995"><g v="VERB"></g><g v="impf"></g><g v="tran"></g><g v="sing"></g><g v="impr"></g><g v="excl"></g></l></v><v><l t="живу" id="97603"><g v="VERB"></g><g v="impf"></g><g v="intr"></g><g v="sing"></g><g v="impr"></g><g v="excl"></g></l></v></tfr></token><token id="616888" text="!"><tfr rev_id="1449135" t="!"><v><l t="!" id="0"><g v="PNCT"></g></l></v></tfr></token><token id="616889" text="»"><tfr rev_id="2444171" t="»"><v><l t="»" id="0"><g v="PNCT"></g></l></v></tfr></token><token id="616890" text="относительно"><tfr rev_id="4492495" t="относительно"><v><l t="относительно" id="215910"><g v="PREP"></g></l></v></tfr></token><token id="616891" text="проекта"><tfr rev_id="1449138" t="проекта"><v><l t="проект" id="279545"><g v="NOUN"></g><g v="inan"></g><g v="masc"></g><g v="sing"></g><g v="gent"></g></l></v></tfr></token><token id="616892" text=","><tfr rev_id="1449139" t=","><v><l t="," id="0"><g v="PNCT"></g></l></v></tfr></token><token id="616893" text="согласно"><tfr rev_id="4491995" t="согласно"><v><l t="согласно" id="328255"><g v="PREP"></g></l></v></tfr></token><token id="616894" text="словам"><tfr rev_id="1449141" t="словам"><v><l t="слово" id="325168"><g v="NOUN"></g><g v="inan"></g><g v="neut"></g><g v="plur"></g><g v="datv"></g></l></v></tfr></token><token id="616895" text="Юрия"><tfr rev_id="2826739" t="Юрия"><v><l t="юрий" id="387110"><g v="NOUN"></g><g v="anim"></g><g v="masc"></g><g v="Name"></g><g v="sing"></g><g v="gent"></g></l></v></tfr></token><token id="616896" text="Кацмана"><tfr rev_id="1449143" t="Кацмана"><v><l t="кацмана" id="0"><g v="UNKN"></g></l></v></tfr></token><token id="616897" text=","><tfr rev_id="1449144" t=","><v><l t="," id="0"><g v="PNCT"></g></l></v></tfr></token><token id="616898" text="он"><tfr rev_id="3575614" t="он"><v><l t="он" id="206541"><g v="NPRO"></g><g v="masc"></g><g v="3per"></g><g v="Anph"></g><g v="sing"></g><g v="nomn"></g></l></v></tfr></token><token id="616899" text="будет"><tfr rev_id="1449146" t="будет"><v><l t="есть" id="37265"><g v="VERB"></g><g v="impf"></g><g v="intr"></g><g v="sing"></g><g v="3per"></g><g v="futr"></g><g v="indc"></g></l></v></tfr></token><token id="616900" text="выходить"><tfr rev_id="1449147" t="выходить"><v><l t="выходить" id="63963"><g v="INFN"></g><g v="impf"></g><g v="intr"></g></l></v><v><l t="выходить" id="63968"><g v="INFN"></g><g v="perf"></g><g v="tran"></g></l></v></tfr></token><token id="616901" text="на"><tfr rev_id="3343071" t="на"><v><l t="на" id="166264"><g v="PREP"></g></l></v></tfr></token><token id="616902" text="одном"><tfr rev_id="4301550" t="одном"><v><l t="один" id="203319"><g v="ADJF"></g><g v="Apro"></g><g v="Anum"></g><g v="masc"></g><g v="sing"></g><g v="loct"></g></l></v></tfr></token><token id="616903" text="из"><tfr rev_id="1671342" t="из"><v><l t="из" id="117677"><g v="PREP"></g></l></v></tfr></token><token id="616904" text="ресурсов"><tfr rev_id="1449151" t="ресурсов"><v><l t="ресурс" id="306872"><g v="NOUN"></g><g v="inan"></g><g v="masc"></g><g v="plur"></g><g v="gent"></g></l></v></tfr></token><token id="616905" text="медиагруппы"><tfr rev_id="4337863" t="медиагруппы"><v><l t="медиагруппа" id="390308"><g v="NOUN"></g><g v="inan"></g><g v="femn"></g><g v="sing"></g><g v="gent"></g></l></v></tfr></token><token id="616906" text=","><tfr rev_id="1449153" t=","><v><l t="," id="0"><g v="PNCT"></g></l></v></tfr></token><token id="616907" text="скорее"><tfr rev_id="3423645" t="скорее"><v><l t="скорее" id="323379"><g v="COMP"></g><g v="Qual"></g></l></v><v><l t="скорее" id="388718"><g v="CONJ"></g><g v="Prnt"></g></l></v></tfr></token><token id="616908" text="всего"><tfr rev_id="4515670" t="всего"><v><l t="весь" id="42156"><g v="ADJF"></g><g v="Subx"></g><g v="Apro"></g><g v="neut"></g><g v="sing"></g><g v="gent"></g></l></v></tfr></token><token id="616909" text=","><tfr rev_id="1449156" t=","><v><l t="," id="0"><g v="PNCT"></g></l></v></tfr></token><token id="616910" text="это"><tfr rev_id="4441579" t="это"><v><l t="это" id="386574"><g v="PRCL"></g></l></v><v><l t="это" id="386575"><g v="NPRO"></g><g v="neut"></g><g v="sing"></g><g v="nomn"></g></l></v><v><l t="это" id="386575"><g v="NPRO"></g><g v="neut"></g><g v="sing"></g><g v="accs"></g></l></v><v><l t="этот" id="386581"><g v="ADJF"></g><g v="Subx"></g><g v="Apro"></g><g v="Anph"></g><g v="neut"></g><g v="sing"></g><g v="nomn"></g></l></v><v><l t="этот" id="386581"><g v="ADJF"></g><g v="Subx"></g><g v="Apro"></g><g v="Anph"></g><g v="neut"></g><g v="sing"></g><g v="accs"></g></l></v></tfr></token><token id="616911" text="будет"><tfr rev_id="1449158" t="будет"><v><l t="есть" id="37265"><g v="VERB"></g><g v="impf"></g><g v="intr"></g><g v="sing"></g><g v="3per"></g><g v="futr"></g><g v="indc"></g></l></v></tfr></token><token id="616912" text="интернет-портал"><tfr rev_id="4539825" t="интернет-портал"><v><l t="интернет-портал" id="392418"><g v="NOUN"></g><g v="inan"></g><g v="masc"></g><g v="sing"></g><g v="accs"></g></l></v><v><l t="интернет-портал" id="392418"><g v="NOUN"></g><g v="inan"></g><g v="masc"></g><g v="sing"></g><g v="nomn"></g></l></v></tfr></token><token id="616913" text="F5"><tfr rev_id="1449160" t="F5"><v><l t="F5" id="0"><g v="UNKN"></g></l></v></tfr></token><token id="616914" text="."><tfr rev_id="1449161" t="."><v><l t="." id="0"><g v="PNCT"></g></l></v></tfr></token></tokens></sentence><sentence id="34530"><source>Показ первого выпуска «Поэта и гражданина» запланирован на 18 апреля.</source><tokens><token id="616915" text="Показ"><tfr rev_id="1449162" t="Показ"><v><l t="показ" id="253975"><g v="NOUN"></g><g v="inan"></g><g v="masc"></g><g v="sing"></g><g v="nomn"></g></l></v><v><l t="показ" id="253975"><g v="NOUN"></g><g v="inan"></g><g v="masc"></g><g v="sing"></g><g v="accs"></g></l></v></tfr></token><token id="616916" text="первого"><tfr rev_id="4306748" t="первого"><v><l t="первый" id="226359"><g v="ADJF"></g><g v="Anum"></g><g v="masc"></g><g v="sing"></g><g v="gent"></g></l></v><v><l t="первый" id="226359"><g v="ADJF"></g><g v="Anum"></g><g v="anim"></g><g v="masc"></g><g v="sing"></g><g v="accs"></g></l></v></tfr></token><token id="616917" text="выпуска"><tfr rev_id="1449164" t="выпуска"><v><l t="выпуск" id="60996"><g v="NOUN"></g><g v="inan"></g><g v="masc"></g><g v="sing"></g><g v="gent"></g></l></v></tfr></token><token id="616918" text="«"><tfr rev_id="2444172" t="«"><v><l t="«" id="0"><g v="PNCT"></g></l></v></tfr></token><token id="616919" text="Поэта"><tfr rev_id="4215986" t="Поэта"><v><l t="поэт" id="265453"><g v="NOUN"></g><g v="anim"></g><g v="masc"></g><g v="sing"></g><g v="gent"></g></l></v></tfr></token><token id="616920" text="и"><tfr rev_id="3557696" t="и"><v><l t="и" id="116949"><g v="CONJ"></g></l></v></tfr></token><token id="616921" text="гражданина"><tfr rev_id="3701872" t="гражданина"><v><l t="гражданин" id="74521"><g v="NOUN"></g><g v="anim"></g><g v="masc"></g><g v="sing"></g><g v="gent"></g></l></v></tfr></token><token id="616922" text="»"><tfr rev_id="2444173" t="»"><v><l t="»" id="0"><g v="PNCT"></g></l></v></tfr></token><token id="616923" text="запланирован"><tfr rev_id="1449170" t="запланирован"><v><l t="запланирован" id="107370"><g v="PRTS"></g><g v="perf"></g><g v="past"></g><g v="pssv"></g><g v="masc"></g><g v="sing"></g></l></v></tfr></token><token id="616924" text="на"><tfr rev_id="3344092" t="на"><v><l t="на" id="166264"><g v="PREP"></g></l></v></tfr></token><token id="616925" text="18"><tfr rev_id="2461872" t="18"><v><l t="18" id="0"><g v="NUMB"></g></l></v></tfr></token><token id="616926" text="апреля"><tfr rev_id="1449173" t="апреля"><v><l t="апрель" id="15509"><g v="NOUN"></g><g v="inan"></g><g v="masc"></g><g v="sing"></g><g v="gent"></g></l></v></tfr></token><token id="616927" text="."><tfr rev_id="1449174" t="."><v><l t="." id="0"><g v="PNCT"></g></l></v></tfr></token></tokens></sentence></paragraph><paragraph id="11011"><sentence id="34531"><source>«Поэт и гражданин» — сатирический проект, в котором актёр Михаил Ефремов читает стихи Дмитрия Быкова, написанные на актуальные политические темы и стилизованные под произведения поэтов-классиков.</source><tokens><token id="616928" text="«"><tfr rev_id="2444174" t="«"><v><l t="«" id="0"><g v="PNCT"></g></l></v></tfr></token><token id="616929" text="Поэт"><tfr rev_id="1449176" t="Поэт"><v><l t="поэт" id="265453"><g v="NOUN"></g><g v="anim"></g><g v="masc"></g><g v="sing"></g><g v="nomn"></g></l></v></tfr></token><token id="616930" text="и"><tfr rev_id="1449177" t="и"><v><l t="и" id="116949"><g v="CONJ"></g></l></v><v><l t="и" id="116950"><g v="INTJ"></g></l></v></tfr></token><token id="616931" text="гражданин"><tfr rev_id="1449178" t="гражданин"><v><l t="гражданин" id="74521"><g v="NOUN"></g><g v="anim"></g><g v="masc"></g><g v="sing"></g><g v="nomn"></g></l></v></tfr></token><token id="616932" text="»"><tfr rev_id="2444175" t="»"><v><l t="»" id="0"><g v="PNCT"></g></l></v></tfr></token><token id="616933" text="—"><tfr rev_id="2444176" t="—"><v><l t="—" id="0"><g v="PNCT"></g></l></v></tfr></token><token id="616934" text="сатирический"><tfr rev_id="1449181" t="сатирический"><v><l t="сатирический" id="313844"><g v="ADJF"></g><g v="masc"></g><g v="sing"></g><g v="nomn"></g></l></v><v><l t="сатирический" id="313844"><g v="ADJF"></g><g v="inan"></g><g v="masc"></g><g v="sing"></g><g v="accs"></g></l></v></tfr></token><token id="616935" text="проект"><tfr rev_id="4348470" t="проект"><v><l t="проект" id="279545"><g v="NOUN"></g><g v="inan"></g><g v="masc"></g><g v="sing"></g><g v="nomn"></g></l></v></tfr></token><token id="616936" text=","><tfr rev_id="1449183" t=","><v><l t="," id="0"><g v="PNCT"></g></l></v></tfr></token><token id="616937" text="в"><tfr rev_id="1449184" t="в"><v><l t="в" id="37409"><g v="PREP"></g></l></v></tfr></token><token id="616938" text="котором"><tfr rev_id="3722339" t="котором"><v><l t="который" id="141203"><g v="ADJF"></g><g v="Apro"></g><g v="Subx"></g><g v="Anph"></g><g v="masc"></g><g v="sing"></g><g v="loct"></g></l></v><v><l t="который" id="141203"><g v="ADJF"></g><g v="Apro"></g><g v="Subx"></g><g v="Anph"></g><g v="neut"></g><g v="sing"></g><g v="loct"></g></l></v></tfr></token><token id="616939" text="актёр"><tfr rev_id="1449186" t="актёр"><v><l t="актёр" id="7567"><g v="NOUN"></g><g v="anim"></g><g v="masc"></g><g v="sing"></g><g v="nomn"></g></l></v></tfr></token><token id="616940" text="Михаил"><tfr rev_id="1449187" t="Михаил"><v><l t="михаил" id="161195"><g v="NOUN"></g><g v="anim"></g><g v="masc"></g><g v="Name"></g><g v="sing"></g><g v="nomn"></g></l></v></tfr></token><token id="616941" text="Ефремов"><tfr rev_id="3439911" t="Ефремов"><v><l t="ефремов" id="95487"><g v="NOUN"></g><g v="inan"></g><g v="masc"></g><g v="Geox"></g><g v="sing"></g><g v="nomn"></g></l></v><v><l t="ефремов" id="95487"><g v="NOUN"></g><g v="inan"></g><g v="masc"></g><g v="Geox"></g><g v="sing"></g><g v="accs"></g></l></v><v><l t="ефремов" id="95488"><g v="NOUN"></g><g v="anim"></g><g v="masc"></g><g v="Sgtm"></g><g v="Surn"></g><g v="sing"></g><g v="nomn"></g></l></v></tfr></token><token id="616942" text="читает"><tfr rev_id="1449189" t="читает"><v><l t="читаю" id="376719"><g v="VERB"></g><g v="impf"></g><g v="tran"></g><g v="sing"></g><g v="3per"></g><g v="pres"></g><g v="indc"></g></l></v></tfr></token><token id="616943" text="стихи"><tfr rev_id="2930867" t="стихи"><v><l t="стих" id="336309"><g v="NOUN"></g><g v="inan"></g><g v="masc"></g><g v="plur"></g><g v="accs"></g></l></v></tfr></token><token id="616944" text="Дмитрия"><tfr rev_id="4356511" t="Дмитрия"><v><l t="дмитрий" id="85055"><g v="NOUN"></g><g v="anim"></g><g v="masc"></g><g v="Name"></g><g v="sing"></g><g v="gent"></g></l></v></tfr></token><token id="616945" text="Быкова"><tfr rev_id="4292981" t="Быкова"><v><l t="быков" id="37017"><g v="NOUN"></g><g v="anim"></g><g v="masc"></g><g v="Sgtm"></g><g v="Surn"></g><g v="sing"></g><g v="gent"></g></l></v><v><l t="быков" id="37017"><g v="NOUN"></g><g v="anim"></g><g v="masc"></g><g v="Sgtm"></g><g v="Surn"></g><g v="sing"></g><g v="accs"></g></l></v></tfr></token><token id="616946" text=","><tfr rev_id="1449193" t=","><v><l t="," id="0"><g v="PNCT"></g></l></v></tfr></token><token id="616947" text="написанные"><tfr rev_id="1449194" t="написанные"><v><l t="написанный" id="173437"><g v="PRTF"></g><g v="perf"></g><g v="tran"></g><g v="past"></g><g v="pssv"></g><g v="plur"></g><g v="nomn"></g></l></v><v><l t="написанный" id="173437"><g v="PRTF"></g><g v="perf"></g><g v="tran"></g><g v="past"></g><g v="pssv"></g><g v="inan"></g><g v="plur"></g><g v="accs"></g></l></v></tfr></token><token id="616948" text="на"><tfr rev_id="3330655" t="на"><v><l t="на" id="166264"><g v="PREP"></g></l></v></tfr></token><token id="616949" text="актуальные"><tfr rev_id="3767296" t="актуальные"><v><l t="актуальный" id="7744"><g v="ADJF"></g><g v="Qual"></g><g v="inan"></g><g v="plur"></g><g v="accs"></g></l></v></tfr></token><token id="616950" text="политические"><tfr rev_id="4086577" t="политические"><v><l t="политический" id="255870"><g v="ADJF"></g><g v="inan"></g><g v="plur"></g><g v="accs"></g></l></v></tfr></token><token id="616951" text="темы"><tfr rev_id="3807694" t="темы"><v><l t="тема" id="344450"><g v="NOUN"></g><g v="inan"></g><g v="femn"></g><g v="plur"></g><g v="accs"></g></l></v></tfr></token><token id="616952" text="и"><tfr rev_id="1449199" t="и"><v><l t="и" id="116949"><g v="CONJ"></g></l></v><v><l t="и" id="116950"><g v="INTJ"></g></l></v></tfr></token><token id="616953" text="стилизованные"><tfr rev_id="1449200" t="стилизованные"><v><l t="стилизованный" id="336159"><g v="ADJF"></g><g v="Qual"></g><g v="plur"></g><g v="nomn"></g></l></v><v><l t="стилизованный" id="336159"><g v="ADJF"></g><g v="Qual"></g><g v="inan"></g><g v="plur"></g><g v="accs"></g></l></v><v><l t="стилизованный" id="336170"><g v="PRTF"></g><g v="perf"></g><g v="tran"></g><g v="past"></g><g v="pssv"></g><g v="plur"></g><g v="nomn"></g></l></v><v><l t="стилизованный" id="336170"><g v="PRTF"></g><g v="perf"></g><g v="tran"></g><g v="past"></g><g v="pssv"></g><g v="inan"></g><g v="plur"></g><g v="accs"></g></l></v><v><l t="стилизованный" id="336171"><g v="PRTF"></g><g v="impf"></g><g v="tran"></g><g v="past"></g><g v="pssv"></g><g v="plur"></g><g v="nomn"></g></l></v><v><l t="стилизованный" id="336171"><g v="PRTF"></g><g v="impf"></g><g v="tran"></g><g v="past"></g><g v="pssv"></g><g v="inan"></g><g v="plur"></g><g v="accs"></g></l></v></tfr></token><token id="616954" text="под"><tfr rev_id="2602986" t="под"><v><l t="под" id="243755"><g v="PREP"></g></l></v></tfr></token><token id="616955" text="произведения"><tfr rev_id="3744211" t="произведения"><v><l t="произведение" id="280082"><g v="NOUN"></g><g v="inan"></g><g v="neut"></g><g v="plur"></g><g v="accs"></g></l></v></tfr></token><token id="616956" text="поэтов"><tfr rev_id="3540889" t="поэтов"><v><l t="поэт" id="265453"><g v="NOUN"></g><g v="anim"></g><g v="masc"></g><g v="plur"></g><g v="gent"></g></l></v></tfr></token><token id="616957" text="-"><tfr rev_id="1449204" t="-"><v><l t="-" id="0"><g v="PNCT"></g></l></v></tfr></token><token id="616958" text="классиков"><tfr rev_id="4328171" t="классиков"><v><l t="классик" id="133890"><g v="NOUN"></g><g v="anim"></g><g v="masc"></g><g v="plur"></g><g v="gent"></g></l></v></tfr></token><token id="616959" text="."><tfr rev_id="1449206" t="."><v><l t="." id="0"><g v="PNCT"></g></l></v></tfr></token></tokens></sentence><sentence id="34532"><source>С середины февраля программы цикла выходили на телеканале «Дождь».</source><tokens><token id="616960" text="С"><tfr rev_id="1449207" t="С"><v><l t="с" id="311151"><g v="PREP"></g></l></v></tfr></token><token id="616961" text="середины"><tfr rev_id="3444532" t="середины"><v><l t="середина" id="319232"><g v="NOUN"></g><g v="inan"></g><g v="femn"></g><g v="sing"></g><g v="gent"></g></l></v></tfr></token><token id="616962" text="февраля"><tfr rev_id="1449209" t="февраля"><v><l t="февраль" id="364920"><g v="NOUN"></g><g v="inan"></g><g v="masc"></g><g v="sing"></g><g v="gent"></g></l></v></tfr></token><token id="616963" text="программы"><tfr rev_id="3805967" t="программы"><v><l t="программа" id="278686"><g v="NOUN"></g><g v="inan"></g><g v="femn"></g><g v="plur"></g><g v="nomn"></g></l></v></tfr></token><token id="616964" text="цикла"><tfr rev_id="1449211" t="цикла"><v><l t="цикл" id="373831"><g v="NOUN"></g><g v="inan"></g><g v="masc"></g><g v="sing"></g><g v="gent"></g></l></v></tfr></token><token id="616965" text="выходили"><tfr rev_id="1449212" t="выходили"><v><l t="выхожу" id="63962"><g v="VERB"></g><g v="impf"></g><g v="intr"></g><g v="plur"></g><g v="past"></g><g v="indc"></g></l></v><v><l t="выходил" id="63967"><g v="VERB"></g><g v="perf"></g><g v="tran"></g><g v="plur"></g><g v="past"></g><g v="indc"></g></l></v></tfr></token><token id="616966" text="на"><tfr rev_id="3343832" t="на"><v><l t="на" id="166264"><g v="PREP"></g></l></v></tfr></token><token id="616967" text="телеканале"><tfr rev_id="1449214" t="телеканале"><v><l t="телеканал" id="344167"><g v="NOUN"></g><g v="inan"></g><g v="masc"></g><g v="sing"></g><g v="loct"></g></l></v></tfr></token><token id="616968" text="«"><tfr rev_id="2444177" t="«"><v><l t="«" id="0"><g v="PNCT"></g></l></v></tfr></token><token id="616969" text="Дождь"><tfr rev_id="1449216" t="Дождь"><v><l t="дождь" id="86651"><g v="NOUN"></g><g v="inan"></g><g v="masc"></g><g v="sing"></g><g v="nomn"></g></l></v><v><l t="дождь" id="86651"><g v="NOUN"></g><g v="inan"></g><g v="masc"></g><g v="sing"></g><g v="accs"></g></l></v></tfr></token><token id="616970" text="»"><tfr rev_id="2444178" t="»"><v><l t="»" id="0"><g v="PNCT"></g></l></v></tfr></token><token id="616971" text="."><tfr rev_id="1449218" t="."><v><l t="." id="0"><g v="PNCT"></g></l></v></tfr></token></tokens></sentence><sentence id="34533"><source>В эфир попали пять выпусков, а шестой был снят генеральным директором телеканала Натальей Синдеевой.</source><tokens><token id="616972" text="В"><tfr rev_id="1449219" t="В"><v><l t="в" id="37409"><g v="PREP"></g></l></v></tfr></token><token id="616973" text="эфир"><tfr rev_id="2782488" t="эфир"><v><l t="эфир" id="386632"><g v="NOUN"></g><g v="inan"></g><g v="masc"></g><g v="sing"></g><g v="accs"></g></l></v></tfr></token><token id="616974" text="попали"><tfr rev_id="1449221" t="попали"><v><l t="попалил" id="258981"><g v="VERB"></g><g v="perf"></g><g v="tran"></g><g v="sing"></g><g v="impr"></g><g v="excl"></g></l></v><v><l t="попалил" id="258987"><g v="VERB"></g><g v="perf"></g><g v="intr"></g><g v="sing"></g><g v="impr"></g><g v="excl"></g></l></v><v><l t="попал" id="259025"><g v="VERB"></g><g v="perf"></g><g v="intr"></g><g v="plur"></g><g v="past"></g><g v="indc"></g></l></v></tfr></token><token id="616975" text="пять"><tfr rev_id="1449222" t="пять"><v><l t="пять" id="290440"><g v="NUMR"></g><g v="nomn"></g></l></v><v><l t="пять" id="290440"><g v="NUMR"></g><g v="accs"></g></l></v></tfr></token><token id="616976" text="выпусков"><tfr rev_id="1449223" t="выпусков"><v><l t="выпуск" id="60996"><g v="NOUN"></g><g v="inan"></g><g v="masc"></g><g v="plur"></g><g v="gent"></g></l></v></tfr></token><token id="616977" text=","><tfr rev_id="1449224" t=","><v><l t="," id="0"><g v="PNCT"></g></l></v></tfr></token><token id="616978" text="а"><tfr rev_id="3487572" t="а"><v><l t="а" id="51"><g v="CONJ"></g></l></v></tfr></token><token id="616979" text="шестой"><tfr rev_id="4015257" t="шестой"><v><l t="шестой" id="379417"><g v="ADJF"></g><g v="Anum"></g><g v="masc"></g><g v="sing"></g><g v="nomn"></g></l></v><v><l t="шестой" id="379417"><g v="ADJF"></g><g v="Anum"></g><g v="inan"></g><g v="masc"></g><g v="sing"></g><g v="accs"></g></l></v></tfr></token><token id="616980" text="был"><tfr rev_id="1449227" t="был"><v><l t="есть" id="37265"><g v="VERB"></g><g v="impf"></g><g v="intr"></g><g v="masc"></g><g v="sing"></g><g v="past"></g><g v="indc"></g></l></v></tfr></token><token id="616981" text="снят"><tfr rev_id="1449228" t="снят"><v><l t="снят" id="327590"><g v="ADJS"></g><g v="Qual"></g><g v="masc"></g><g v="sing"></g></l></v><v><l t="снят" id="327597"><g v="PRTS"></g><g v="perf"></g><g v="past"></g><g v="pssv"></g><g v="masc"></g><g v="sing"></g></l></v></tfr></token><token id="616982" text="генеральным"><tfr rev_id="4171961" t="генеральным"><v><l t="генеральный" id="68532"><g v="ADJF"></g><g v="masc"></g><g v="sing"></g><g v="ablt"></g></l></v></tfr></token><token id="616983" text="директором"><tfr rev_id="1449230" t="директором"><v><l t="директор" id="84214"><g v="NOUN"></g><g v="anim"></g><g v="masc"></g><g v="sing"></g><g v="ablt"></g></l></v></tfr></token><token id="616984" text="телеканала"><tfr rev_id="1449231" t="телеканала"><v><l t="телеканал" id="344167"><g v="NOUN"></g><g v="inan"></g><g v="masc"></g><g v="sing"></g><g v="gent"></g></l></v></tfr></token><token id="616985" text="Натальей"><tfr rev_id="1449232" t="Натальей"><v><l t="наталья" id="176736"><g v="NOUN"></g><g v="anim"></g><g v="femn"></g><g v="Name"></g><g v="sing"></g><g v="ablt"></g></l></v></tfr></token><token id="616986" text="Синдеевой"><tfr rev_id="4576301" t="Синдеевой"><v><l t="синдеева" id="390284"><g v="NOUN"></g><g v="anim"></g><g v="femn"></g><g v="Sgtm"></g><g v="Surn"></g><g v="sing"></g><g v="ablt"></g></l></v></tfr></token><token id="616987" text="."><tfr rev_id="1449234" t="."><v><l t="." id="0"><g v="PNCT"></g></l></v></tfr></token></tokens></sentence></paragraph><paragraph id="11012"><sentence id="34534"><source>Последний выпуск был посвящён высказываниям Владимира Путина и Дмитрия Медведева о военной операции международной коалиции в Ливии.</source><tokens><token id="616988" text="Последний"><tfr rev_id="1449235" t="Последний"><v><l t="последний" id="261565"><g v="ADJF"></g><g v="masc"></g><g v="sing"></g><g v="nomn"></g></l></v><v><l t="последний" id="261565"><g v="ADJF"></g><g v="inan"></g><g v="masc"></g><g v="sing"></g><g v="accs"></g></l></v></tfr></token><token id="616989" text="выпуск"><tfr rev_id="1449236" t="выпуск"><v><l t="выпуск" id="60996"><g v="NOUN"></g><g v="inan"></g><g v="masc"></g><g v="sing"></g><g v="nomn"></g></l></v><v><l t="выпуск" id="60996"><g v="NOUN"></g><g v="inan"></g><g v="masc"></g><g v="sing"></g><g v="accs"></g></l></v></tfr></token><token id="616990" text="был"><tfr rev_id="1449237" t="был"><v><l t="есть" id="37265"><g v="VERB"></g><g v="impf"></g><g v="intr"></g><g v="masc"></g><g v="sing"></g><g v="past"></g><g v="indc"></g></l></v></tfr></token><token id="616991" text="посвящён"><tfr rev_id="1449238" t="посвящён"><v><l t="посвящён" id="261153"><g v="PRTS"></g><g v="perf"></g><g v="past"></g><g v="pssv"></g><g v="masc"></g><g v="sing"></g></l></v></tfr></token><token id="616992" text="высказываниям"><tfr rev_id="1449239" t="высказываниям"><v><l t="высказывание" id="61886"><g v="NOUN"></g><g v="inan"></g><g v="neut"></g><g v="plur"></g><g v="datv"></g></l></v></tfr></token><token id="616993" text="Владимира"><tfr rev_id="4337128" t="Владимира"><v><l t="владимир" id="46610"><g v="NOUN"></g><g v="anim"></g><g v="masc"></g><g v="Name"></g><g v="sing"></g><g v="gent"></g></l></v></tfr></token><token id="616994" text="Путина"><tfr rev_id="4398384" t="Путина"><v><l t="путин" id="289589"><g v="NOUN"></g><g v="anim"></g><g v="masc"></g><g v="Sgtm"></g><g v="Surn"></g><g v="sing"></g><g v="gent"></g></l></v></tfr></token><token id="616995" text="и"><tfr rev_id="1449242" t="и"><v><l t="и" id="116949"><g v="CONJ"></g></l></v><v><l t="и" id="116950"><g v="INTJ"></g></l></v></tfr></token><token id="616996" text="Дмитрия"><tfr rev_id="4285109" t="Дмитрия"><v><l t="дмитрий" id="85055"><g v="NOUN"></g><g v="anim"></g><g v="masc"></g><g v="Name"></g><g v="sing"></g><g v="gent"></g></l></v><v><l t="дмитрий" id="85055"><g v="NOUN"></g><g v="anim"></g><g v="masc"></g><g v="Name"></g><g v="sing"></g><g v="accs"></g></l></v></tfr></token><token id="616997" text="Медведева"><tfr rev_id="4496786" t="Медведева"><v><l t="медведев" id="156959"><g v="NOUN"></g><g v="anim"></g><g v="masc"></g><g v="Sgtm"></g><g v="Surn"></g><g v="sing"></g><g v="gent"></g></l></v><v><l t="медведев" id="156959"><g v="NOUN"></g><g v="anim"></g><g v="masc"></g><g v="Sgtm"></g><g v="Surn"></g><g v="sing"></g><g v="accs"></g></l></v></tfr></token><token id="616998" text="о"><tfr rev_id="3326451" t="о"><v><l t="о" id="192977"><g v="PREP"></g></l></v></tfr></token><token id="616999" text="военной"><tfr rev_id="4494038" t="военной"><v><l t="военный" id="48619"><g v="ADJF"></g><g v="femn"></g><g v="sing"></g><g v="loct"></g></l></v></tfr></token><token id="617000" text="операции"><tfr rev_id="3764822" t="операции"><v><l t="операция" id="206957"><g v="NOUN"></g><g v="inan"></g><g v="femn"></g><g v="sing"></g><g v="loct"></g></l></v></tfr></token><token id="617001" text="международной"><tfr rev_id="4425633" t="международной"><v><l t="международный" id="157346"><g v="ADJF"></g><g v="femn"></g><g v="sing"></g><g v="gent"></g></l></v></tfr></token><token id="617002" text="коалиции"><tfr rev_id="3507472" t="коалиции"><v><l t="коалиция" id="134963"><g v="NOUN"></g><g v="inan"></g><g v="femn"></g><g v="sing"></g><g v="gent"></g></l></v><v><l t="коалиция" id="134963"><g v="NOUN"></g><g v="inan"></g><g v="femn"></g><g v="sing"></g><g v="datv"></g></l></v><v><l t="коалиция" id="134963"><g v="NOUN"></g><g v="inan"></g><g v="femn"></g><g v="sing"></g><g v="loct"></g></l></v></tfr></token><token id="617003" text="в"><tfr rev_id="1449250" t="в"><v><l t="в" id="37409"><g v="PREP"></g></l></v></tfr></token><token id="617004" text="Ливии"><tfr rev_id="3454927" t="Ливии"><v><l t="ливия" id="148960"><g v="NOUN"></g><g v="inan"></g><g v="femn"></g><g v="Sgtm"></g><g v="Geox"></g><g v="sing"></g><g v="loct"></g></l></v></tfr></token><token id="617005" text="."><tfr rev_id="1449252" t="."><v><l t="." id="0"><g v="PNCT"></g></l></v></tfr></token></tokens></sentence><sentence id="34535"><source>Наталья Синдеева объяснила решение об исключении выпуска из сетки тем, что, по её мнению, в тексте был превышен «предел допустимой конструктивной критики».</source><tokens><token id="617006" text="Наталья"><tfr rev_id="1449253" t="Наталья"><v><l t="наталья" id="176736"><g v="NOUN"></g><g v="anim"></g><g v="femn"></g><g v="Name"></g><g v="sing"></g><g v="nomn"></g></l></v></tfr></token><token id="617007" text="Синдеева"><tfr rev_id="4306388" t="Синдеева"><v><l t="синдеева" id="390284"><g v="NOUN"></g><g v="anim"></g><g v="femn"></g><g v="Sgtm"></g><g v="Surn"></g><g v="sing"></g><g v="nomn"></g></l></v></tfr></token><token id="617008" text="объяснила"><tfr rev_id="1449255" t="объяснила"><v><l t="объяснил" id="201923"><g v="VERB"></g><g v="perf"></g><g v="tran"></g><g v="femn"></g><g v="sing"></g><g v="past"></g><g v="indc"></g></l></v></tfr></token><token id="617009" text="решение"><tfr rev_id="1449256" t="решение"><v><l t="решение" id="307350"><g v="NOUN"></g><g v="inan"></g><g v="neut"></g><g v="sing"></g><g v="nomn"></g></l></v><v><l t="решение" id="307350"><g v="NOUN"></g><g v="inan"></g><g v="neut"></g><g v="sing"></g><g v="accs"></g></l></v></tfr></token><token id="617010" text="об"><tfr rev_id="2921232" t="об"><v><l t="о" id="192977"><g v="PREP"></g><g v="Vpre"></g></l></v></tfr></token><token id="617011" text="исключении"><tfr rev_id="1449258" t="исключении"><v><l t="исключение" id="124356"><g v="NOUN"></g><g v="inan"></g><g v="neut"></g><g v="sing"></g><g v="loct"></g></l></v></tfr></token><token id="617012" text="выпуска"><tfr rev_id="1449259" t="выпуска"><v><l t="выпуск" id="60996"><g v="NOUN"></g><g v="inan"></g><g v="masc"></g><g v="sing"></g><g v="gent"></g></l></v></tfr></token><token id="617013" text="из"><tfr rev_id="2603270" t="из"><v><l t="из" id="117677"><g v="PREP"></g></l></v></tfr></token><token id="617014" text="сетки"><tfr rev_id="3471594" t="сетки"><v><l t="сетка" id="319611"><g v="NOUN"></g><g v="inan"></g><g v="femn"></g><g v="sing"></g><g v="gent"></g></l></v></tfr></token><token id="617015" text="тем"><tfr rev_id="4538765" t="тем"><v><l t="тот" id="348430"><g v="ADJF"></g><g v="Subx"></g><g v="Apro"></g><g v="Anph"></g><g v="masc"></g><g v="sing"></g><g v="ablt"></g></l></v><v><l t="тот" id="348430"><g v="ADJF"></g><g v="Subx"></g><g v="Apro"></g><g v="Anph"></g><g v="neut"></g><g v="sing"></g><g v="ablt"></g></l></v></tfr></token><token id="617016" text=","><tfr rev_id="1449263" t=","><v><l t="," id="0"><g v="PNCT"></g></l></v></tfr></token><token id="617017" text="что"><tfr rev_id="3196946" t="что"><v><l t="что" id="377004"><g v="CONJ"></g></l></v><v><l t="что" id="377005"><g v="NPRO"></g><g v="neut"></g><g v="sing"></g><g v="nomn"></g></l></v><v><l t="что" id="377005"><g v="NPRO"></g><g v="neut"></g><g v="sing"></g><g v="accs"></g></l></v><v><l t="что" id="377006"><g v="ADVB"></g><g v="Ques"></g></l></v><v><l t="что" id="388695"><g v="PRCL"></g></l></v></tfr></token><token id="617018" text=","><tfr rev_id="1449265" t=","><v><l t="," id="0"><g v="PNCT"></g></l></v></tfr></token><token id="617019" text="по"><tfr rev_id="1449266" t="по"><v><l t="по" id="241240"><g v="PREP"></g></l></v></tfr></token><token id="617020" text="её"><tfr rev_id="4515382" t="её"><v><l t="её" id="94433"><g v="ADJF"></g><g v="Fixd"></g><g v="Apro"></g><g v="Anph"></g><g v="neut"></g><g v="sing"></g><g v="nomn"></g></l></v><v><l t="её" id="94433"><g v="ADJF"></g><g v="Fixd"></g><g v="Apro"></g><g v="Anph"></g><g v="neut"></g><g v="sing"></g><g v="gent"></g></l></v><v><l t="её" id="94433"><g v="ADJF"></g><g v="Fixd"></g><g v="Apro"></g><g v="Anph"></g><g v="neut"></g><g v="sing"></g><g v="datv"></g></l></v><v><l t="её" id="94433"><g v="ADJF"></g><g v="Fixd"></g><g v="Apro"></g><g v="Anph"></g><g v="neut"></g><g v="sing"></g><g v="accs"></g></l></v><v><l t="её" id="94433"><g v="ADJF"></g><g v="Fixd"></g><g v="Apro"></g><g v="Anph"></g><g v="neut"></g><g v="sing"></g><g v="ablt"></g></l></v><v><l t="её" id="94433"><g v="ADJF"></g><g v="Fixd"></g><g v="Apro"></g><g v="Anph"></g><g v="neut"></g><g v="sing"></g><g v="loct"></g></l></v></tfr></token><token id="617021" text="мнению"><tfr rev_id="1449268" t="мнению"><v><l t="мнение" id="161395"><g v="NOUN"></g><g v="inan"></g><g v="neut"></g><g v="sing"></g><g v="datv"></g></l></v></tfr></token><token id="617022" text=","><tfr rev_id="1449269" t=","><v><l t="," id="0"><g v="PNCT"></g></l></v></tfr></token><token id="617023" text="в"><tfr rev_id="1449270" t="в"><v><l t="в" id="37409"><g v="PREP"></g></l></v></tfr></token><token id="617024" text="тексте"><tfr rev_id="1449271" t="тексте"><v><l t="текст" id="344022"><g v="NOUN"></g><g v="inan"></g><g v="masc"></g><g v="sing"></g><g v="loct"></g></l></v></tfr></token><token id="617025" text="был"><tfr rev_id="1449272" t="был"><v><l t="есть" id="37265"><g v="VERB"></g><g v="impf"></g><g v="intr"></g><g v="masc"></g><g v="sing"></g><g v="past"></g><g v="indc"></g></l></v></tfr></token><token id="617026" text="превышен"><tfr rev_id="1449273" t="превышен"><v><l t="превышен" id="266155"><g v="PRTS"></g><g v="perf"></g><g v="past"></g><g v="pssv"></g><g v="masc"></g><g v="sing"></g></l></v></tfr></token><token id="617027" text="«"><tfr rev_id="2444179" t="«"><v><l t="«" id="0"><g v="PNCT"></g></l></v></tfr></token><token id="617028" text="предел"><tfr rev_id="3430767" t="предел"><v><l t="предел" id="266447"><g v="NOUN"></g><g v="inan"></g><g v="masc"></g><g v="sing"></g><g v="nomn"></g></l></v></tfr></token><token id="617029" text="допустимой"><tfr rev_id="1449276" t="допустимой"><v><l t="допустимый" id="89494"><g v="ADJF"></g><g v="Qual"></g><g v="femn"></g><g v="sing"></g><g v="gent"></g></l></v><v><l t="допустимый" id="89494"><g v="ADJF"></g><g v="Qual"></g><g v="femn"></g><g v="sing"></g><g v="datv"></g></l></v><v><l t="допустимый" id="89494"><g v="ADJF"></g><g v="Qual"></g><g v="femn"></g><g v="sing"></g><g v="ablt"></g></l></v><v><l t="допустимый" id="89494"><g v="ADJF"></g><g v="Qual"></g><g v="femn"></g><g v="sing"></g><g v="loct"></g></l></v></tfr></token><token id="617030" text="конструктивной"><tfr rev_id="4167497" t="конструктивной"><v><l t="конструктивный" id="138266"><g v="ADJF"></g><g v="Qual"></g><g v="femn"></g><g v="sing"></g><g v="gent"></g></l></v></tfr></token><token id="617031" text="критики"><tfr rev_id="3441192" t="критики"><v><l t="критика" id="142954"><g v="NOUN"></g><g v="inan"></g><g v="femn"></g><g v="sing"></g><g v="gent"></g></l></v></tfr></token><token id="617032" text="»"><tfr rev_id="2444180" t="»"><v><l t="»" id="0"><g v="PNCT"></g></l></v></tfr></token><token id="617033" text="."><tfr rev_id="1449280" t="."><v><l t="." id="0"><g v="PNCT"></g></l></v></tfr></token></tokens></sentence></paragraph></paragraphs></text>