<?xml version="1.0" encoding="utf-8"?><text id="1173" parent="226" name="23374 Новое средство отказаться от сигарет"><tags><tag>url:http://www.chaskor.ru/news/novoe_sredstvo_otkazatsya_ot_sigaret_23374</tag><tag>Год:2011</tag><tag>Дата:16/05</tag><tag>Тема:ЧасКор:Здоровье</tag><tag>Тема:ЧасКор:Здоровье/Здоровье</tag></tags><paragraphs><paragraph id="11041"><sentence id="34617"><source>Новое средство отказаться от сигарет</source><tokens><token id="618498" text="Новое"><tfr rev_id="4151406" t="Новое"><v><l t="новый" id="191918"><g v="ADJF"></g><g v="Qual"></g><g v="neut"></g><g v="sing"></g><g v="nomn"></g></l></v><v><l t="новый" id="191918"><g v="ADJF"></g><g v="Qual"></g><g v="neut"></g><g v="sing"></g><g v="accs"></g></l></v></tfr></token><token id="618499" text="средство"><tfr rev_id="3679094" t="средство"><v><l t="средство" id="333716"><g v="NOUN"></g><g v="inan"></g><g v="neut"></g><g v="sing"></g><g v="nomn"></g></l></v></tfr></token><token id="618500" text="отказаться"><tfr rev_id="1450746" t="отказаться"><v><l t="отказаться" id="213939"><g v="INFN"></g><g v="perf"></g><g v="intr"></g></l></v></tfr></token><token id="618501" text="от"><tfr rev_id="1450747" t="от"><v><l t="от" id="211644"><g v="PREP"></g></l></v></tfr></token><token id="618502" text="сигарет"><tfr rev_id="1450748" t="сигарет"><v><l t="сигарета" id="320101"><g v="NOUN"></g><g v="inan"></g><g v="femn"></g><g v="plur"></g><g v="gent"></g></l></v></tfr></token></tokens></sentence><sentence id="34618"><source>С помощью пластиковых ингаляторов бросить курить сможет даже человек с тяжёлой зависимостью от табака.</source><tokens><token id="618503" text="С"><tfr rev_id="1450749" t="С"><v><l t="с" id="311151"><g v="PREP"></g></l></v></tfr></token><token id="618504" text="помощью"><tfr rev_id="1450750" t="помощью"><v><l t="помощь" id="257960"><g v="NOUN"></g><g v="inan"></g><g v="femn"></g><g v="sing"></g><g v="ablt"></g></l></v></tfr></token><token id="618505" text="пластиковых"><tfr rev_id="4159452" t="пластиковых"><v><l t="пластиковый" id="239835"><g v="ADJF"></g><g v="plur"></g><g v="gent"></g></l></v></tfr></token><token id="618506" text="ингаляторов"><tfr rev_id="1450752" t="ингаляторов"><v><l t="ингалятор" id="122102"><g v="NOUN"></g><g v="inan"></g><g v="masc"></g><g v="plur"></g><g v="gent"></g></l></v></tfr></token><token id="618507" text="бросить"><tfr rev_id="1450753" t="бросить"><v><l t="бросить" id="34329"><g v="INFN"></g><g v="perf"></g><g v="tran"></g></l></v></tfr></token><token id="618508" text="курить"><tfr rev_id="1450754" t="курить"><v><l t="курить" id="145360"><g v="INFN"></g><g v="impf"></g><g v="tran"></g></l></v></tfr></token><token id="618509" text="сможет"><tfr rev_id="1450755" t="сможет"><v><l t="смог" id="326830"><g v="VERB"></g><g v="perf"></g><g v="intr"></g><g v="sing"></g><g v="3per"></g><g v="futr"></g><g v="indc"></g></l></v></tfr></token><token id="618510" text="даже"><tfr rev_id="4079136" t="даже"><v><l t="даже" id="77849"><g v="PRCL"></g></l></v></tfr></token><token id="618511" text="человек"><tfr rev_id="3124624" t="человек"><v><l t="человек" id="375073"><g v="NOUN"></g><g v="anim"></g><g v="masc"></g><g v="sing"></g><g v="nomn"></g></l></v></tfr></token><token id="618512" text="с"><tfr rev_id="1450758" t="с"><v><l t="с" id="311151"><g v="PREP"></g></l></v></tfr></token><token id="618513" text="тяжёлой"><tfr rev_id="4316215" t="тяжёлой"><v><l t="тяжёлый" id="352656"><g v="ADJF"></g><g v="Qual"></g><g v="femn"></g><g v="sing"></g><g v="ablt"></g></l></v></tfr></token><token id="618514" text="зависимостью"><tfr rev_id="1450760" t="зависимостью"><v><l t="зависимость" id="99672"><g v="NOUN"></g><g v="inan"></g><g v="femn"></g><g v="sing"></g><g v="ablt"></g></l></v></tfr></token><token id="618515" text="от"><tfr rev_id="1450761" t="от"><v><l t="от" id="211644"><g v="PREP"></g></l></v></tfr></token><token id="618516" text="табака"><tfr rev_id="1450762" t="табака"><v><l t="табак" id="342032"><g v="NOUN"></g><g v="inan"></g><g v="masc"></g><g v="sing"></g><g v="gen1"></g></l></v></tfr></token><token id="618517" text="."><tfr rev_id="1450763" t="."><v><l t="." id="0"><g v="PNCT"></g></l></v></tfr></token></tokens></sentence></paragraph><paragraph id="11042"><sentence id="34619"><source>Безникотиновые пластиковые ингаляторы — лучшее средство борьбы с пагубной привычкой, сообщает MedDaily со ссылкой на исследование Университета Катании в Италии.</source><tokens><token id="618518" text="Безникотиновые"><tfr rev_id="4579191" t="Безникотиновые"><v><l t="безникотиновый" id="394408"><g v="ADJF"></g><g v="plur"></g><g v="inan"></g><g v="accs"></g></l></v><v><l t="безникотиновый" id="394408"><g v="ADJF"></g><g v="plur"></g><g v="nomn"></g></l></v></tfr></token><token id="618519" text="пластиковые"><tfr rev_id="3808499" t="пластиковые"><v><l t="пластиковый" id="239835"><g v="ADJF"></g><g v="plur"></g><g v="nomn"></g></l></v></tfr></token><token id="618520" text="ингаляторы"><tfr rev_id="3284784" t="ингаляторы"><v><l t="ингалятор" id="122102"><g v="NOUN"></g><g v="inan"></g><g v="masc"></g><g v="plur"></g><g v="nomn"></g></l></v></tfr></token><token id="618521" text="—"><tfr rev_id="2444212" t="—"><v><l t="—" id="0"><g v="PNCT"></g></l></v></tfr></token><token id="618522" text="лучшее"><tfr rev_id="4159787" t="лучшее"><v><l t="лучший" id="371672"><g v="ADJF"></g><g v="Supr"></g><g v="Qual"></g><g v="neut"></g><g v="sing"></g><g v="nomn"></g></l></v></tfr></token><token id="618523" text="средство"><tfr rev_id="4096846" t="средство"><v><l t="средство" id="333716"><g v="NOUN"></g><g v="inan"></g><g v="neut"></g><g v="sing"></g><g v="nomn"></g></l></v></tfr></token><token id="618524" text="борьбы"><tfr rev_id="1450770" t="борьбы"><v><l t="борьба" id="33103"><g v="NOUN"></g><g v="inan"></g><g v="femn"></g><g v="Sgtm"></g><g v="sing"></g><g v="gent"></g></l></v></tfr></token><token id="618525" text="с"><tfr rev_id="1450771" t="с"><v><l t="с" id="311151"><g v="PREP"></g></l></v></tfr></token><token id="618526" text="пагубной"><tfr rev_id="4173158" t="пагубной"><v><l t="пагубный" id="222494"><g v="ADJF"></g><g v="Qual"></g><g v="femn"></g><g v="sing"></g><g v="ablt"></g></l></v></tfr></token><token id="618527" text="привычкой"><tfr rev_id="1450773" t="привычкой"><v><l t="привычка" id="269597"><g v="NOUN"></g><g v="inan"></g><g v="femn"></g><g v="sing"></g><g v="ablt"></g></l></v></tfr></token><token id="618528" text=","><tfr rev_id="1450774" t=","><v><l t="," id="0"><g v="PNCT"></g></l></v></tfr></token><token id="618529" text="сообщает"><tfr rev_id="1450775" t="сообщает"><v><l t="сообщаю" id="329538"><g v="VERB"></g><g v="impf"></g><g v="tran"></g><g v="sing"></g><g v="3per"></g><g v="pres"></g><g v="indc"></g></l></v></tfr></token><token id="618530" text="MedDaily"><tfr rev_id="2474842" t="MedDaily"><v><l t="MedDaily" id="0"><g v="LATN"></g></l></v></tfr></token><token id="618531" text="со"><tfr rev_id="2919211" t="со"><v><l t="с" id="311151"><g v="PREP"></g><g v="Vpre"></g></l></v></tfr></token><token id="618532" text="ссылкой"><tfr rev_id="4155312" t="ссылкой"><v><l t="ссылка" id="334180"><g v="NOUN"></g><g v="inan"></g><g v="femn"></g><g v="sing"></g><g v="ablt"></g></l></v></tfr></token><token id="618533" text="на"><tfr rev_id="3343409" t="на"><v><l t="на" id="166264"><g v="PREP"></g></l></v></tfr></token><token id="618534" text="исследование"><tfr rev_id="3473889" t="исследование"><v><l t="исследование" id="125799"><g v="NOUN"></g><g v="inan"></g><g v="neut"></g><g v="sing"></g><g v="accs"></g></l></v></tfr></token><token id="618535" text="Университета"><tfr rev_id="1450781" t="Университета"><v><l t="университет" id="358281"><g v="NOUN"></g><g v="inan"></g><g v="masc"></g><g v="sing"></g><g v="gent"></g></l></v></tfr></token><token id="618536" text="Катании"><tfr rev_id="3455564" t="Катании"><v><l t="катания" id="131224"><g v="NOUN"></g><g v="inan"></g><g v="femn"></g><g v="Sgtm"></g><g v="Geox"></g><g v="sing"></g><g v="gent"></g></l></v></tfr></token><token id="618537" text="в"><tfr rev_id="1450783" t="в"><v><l t="в" id="37409"><g v="PREP"></g></l></v></tfr></token><token id="618538" text="Италии"><tfr rev_id="3455136" t="Италии"><v><l t="италия" id="127098"><g v="NOUN"></g><g v="inan"></g><g v="femn"></g><g v="Sgtm"></g><g v="Geox"></g><g v="sing"></g><g v="loct"></g></l></v></tfr></token><token id="618539" text="."><tfr rev_id="1450785" t="."><v><l t="." id="0"><g v="PNCT"></g></l></v></tfr></token></tokens></sentence></paragraph><paragraph id="11043"><sentence id="34620"><source>Сотрудники учреждения собрали группу из 120 человек, решивших бросить курить.</source><tokens><token id="618540" text="Сотрудники"><tfr rev_id="1450786" t="Сотрудники"><v><l t="сотрудник" id="330867"><g v="NOUN"></g><g v="anim"></g><g v="masc"></g><g v="plur"></g><g v="nomn"></g></l></v></tfr></token><token id="618541" text="учреждения"><tfr rev_id="3471436" t="учреждения"><v><l t="учреждение" id="363361"><g v="NOUN"></g><g v="inan"></g><g v="neut"></g><g v="sing"></g><g v="gent"></g></l></v></tfr></token><token id="618542" text="собрали"><tfr rev_id="1450788" t="собрали"><v><l t="собрал" id="327817"><g v="VERB"></g><g v="perf"></g><g v="tran"></g><g v="plur"></g><g v="past"></g><g v="indc"></g></l></v></tfr></token><token id="618543" text="группу"><tfr rev_id="1450789" t="группу"><v><l t="группа" id="76092"><g v="NOUN"></g><g v="inan"></g><g v="femn"></g><g v="sing"></g><g v="accs"></g></l></v></tfr></token><token id="618544" text="из"><tfr rev_id="2561362" t="из"><v><l t="из" id="117677"><g v="PREP"></g></l></v></tfr></token><token id="618545" text="120"><tfr rev_id="2461906" t="120"><v><l t="120" id="0"><g v="NUMB"></g></l></v></tfr></token><token id="618546" text="человек"><tfr rev_id="3462436" t="человек"><v><l t="человек" id="375073"><g v="NOUN"></g><g v="anim"></g><g v="masc"></g><g v="plur"></g><g v="gent"></g></l></v></tfr></token><token id="618547" text=","><tfr rev_id="1450793" t=","><v><l t="," id="0"><g v="PNCT"></g></l></v></tfr></token><token id="618548" text="решивших"><tfr rev_id="3417843" t="решивших"><v><l t="решивший" id="307398"><g v="PRTF"></g><g v="perf"></g><g v="tran"></g><g v="past"></g><g v="actv"></g><g v="plur"></g><g v="gent"></g></l></v></tfr></token><token id="618549" text="бросить"><tfr rev_id="1450795" t="бросить"><v><l t="бросить" id="34329"><g v="INFN"></g><g v="perf"></g><g v="tran"></g></l></v></tfr></token><token id="618550" text="курить"><tfr rev_id="1450796" t="курить"><v><l t="курить" id="145360"><g v="INFN"></g><g v="impf"></g><g v="tran"></g></l></v></tfr></token><token id="618551" text="."><tfr rev_id="1450797" t="."><v><l t="." id="0"><g v="PNCT"></g></l></v></tfr></token></tokens></sentence><sentence id="34621"><source>Их разделили на две подгруппы — одна следовала стандартной программе отказа от курения, а другая пользовалась пластиковыми ингаляторами.</source><tokens><token id="618552" text="Их"><tfr rev_id="4472265" t="Их"><v><l t="они" id="206619"><g v="NPRO"></g><g v="3per"></g><g v="Anph"></g><g v="plur"></g><g v="gent"></g></l></v><v><l t="они" id="206619"><g v="NPRO"></g><g v="3per"></g><g v="Anph"></g><g v="plur"></g><g v="accs"></g></l></v></tfr></token><token id="618553" text="разделили"><tfr rev_id="1450799" t="разделили"><v><l t="разделил" id="293565"><g v="VERB"></g><g v="perf"></g><g v="tran"></g><g v="plur"></g><g v="past"></g><g v="indc"></g></l></v></tfr></token><token id="618554" text="на"><tfr rev_id="3343848" t="на"><v><l t="на" id="166264"><g v="PREP"></g></l></v></tfr></token><token id="618555" text="две"><tfr rev_id="1450801" t="две"><v><l t="два" id="78668"><g v="NUMR"></g><g v="femn"></g><g v="nomn"></g></l></v><v><l t="два" id="78668"><g v="NUMR"></g><g v="inan"></g><g v="femn"></g><g v="accs"></g></l></v></tfr></token><token id="618556" text="подгруппы"><tfr rev_id="3434425" t="подгруппы"><v><l t="подгруппа" id="245201"><g v="NOUN"></g><g v="inan"></g><g v="femn"></g><g v="sing"></g><g v="gent"></g></l></v></tfr></token><token id="618557" text="—"><tfr rev_id="2444213" t="—"><v><l t="—" id="0"><g v="PNCT"></g></l></v></tfr></token><token id="618558" text="одна"><tfr rev_id="4301868" t="одна"><v><l t="один" id="203319"><g v="ADJF"></g><g v="Apro"></g><g v="Anum"></g><g v="femn"></g><g v="sing"></g><g v="nomn"></g></l></v></tfr></token><token id="618559" text="следовала"><tfr rev_id="1450805" t="следовала"><v><l t="следую" id="324747"><g v="VERB"></g><g v="impf"></g><g v="intr"></g><g v="femn"></g><g v="sing"></g><g v="past"></g><g v="indc"></g></l></v></tfr></token><token id="618560" text="стандартной"><tfr rev_id="3714073" t="стандартной"><v><l t="стандартный" id="334613"><g v="ADJF"></g><g v="Qual"></g><g v="femn"></g><g v="sing"></g><g v="datv"></g></l></v></tfr></token><token id="618561" text="программе"><tfr rev_id="3556307" t="программе"><v><l t="программа" id="278686"><g v="NOUN"></g><g v="inan"></g><g v="femn"></g><g v="sing"></g><g v="datv"></g></l></v></tfr></token><token id="618562" text="отказа"><tfr rev_id="1450808" t="отказа"><v><l t="отказ" id="213927"><g v="NOUN"></g><g v="inan"></g><g v="masc"></g><g v="sing"></g><g v="gent"></g></l></v></tfr></token><token id="618563" text="от"><tfr rev_id="1450809" t="от"><v><l t="от" id="211644"><g v="PREP"></g></l></v></tfr></token><token id="618564" text="курения"><tfr rev_id="3448049" t="курения"><v><l t="курение" id="145290"><g v="NOUN"></g><g v="inan"></g><g v="neut"></g><g v="sing"></g><g v="gent"></g></l></v></tfr></token><token id="618565" text=","><tfr rev_id="1450811" t=","><v><l t="," id="0"><g v="PNCT"></g></l></v></tfr></token><token id="618566" text="а"><tfr rev_id="1450812" t="а"><v><l t="а" id="51"><g v="CONJ"></g></l></v><v><l t="а" id="52"><g v="INTJ"></g></l></v><v><l t="а" id="53"><g v="PRCL"></g></l></v></tfr></token><token id="618567" text="другая"><tfr rev_id="3560933" t="другая"><v><l t="другой" id="92342"><g v="ADJF"></g><g v="Apro"></g><g v="Subx"></g><g v="femn"></g><g v="sing"></g><g v="nomn"></g></l></v></tfr></token><token id="618568" text="пользовалась"><tfr rev_id="1450814" t="пользовалась"><v><l t="пользуюсь" id="257090"><g v="VERB"></g><g v="impf"></g><g v="intr"></g><g v="femn"></g><g v="sing"></g><g v="past"></g><g v="indc"></g></l></v></tfr></token><token id="618569" text="пластиковыми"><tfr rev_id="1450815" t="пластиковыми"><v><l t="пластиковый" id="239835"><g v="ADJF"></g><g v="plur"></g><g v="ablt"></g></l></v></tfr></token><token id="618570" text="ингаляторами"><tfr rev_id="1450816" t="ингаляторами"><v><l t="ингалятор" id="122102"><g v="NOUN"></g><g v="inan"></g><g v="masc"></g><g v="plur"></g><g v="ablt"></g></l></v></tfr></token><token id="618571" text="."><tfr rev_id="1450817" t="."><v><l t="." id="0"><g v="PNCT"></g></l></v></tfr></token></tokens></sentence><sentence id="34622"><source>Результаты эксперимента показали, что ингаляторы помогли бросить курить большему числу людей.</source><tokens><token id="618572" text="Результаты"><tfr rev_id="3727552" t="Результаты"><v><l t="результат" id="305391"><g v="NOUN"></g><g v="inan"></g><g v="masc"></g><g v="plur"></g><g v="nomn"></g></l></v></tfr></token><token id="618573" text="эксперимента"><tfr rev_id="1450819" t="эксперимента"><v><l t="эксперимент" id="383569"><g v="NOUN"></g><g v="inan"></g><g v="masc"></g><g v="sing"></g><g v="gent"></g></l></v></tfr></token><token id="618574" text="показали"><tfr rev_id="1450820" t="показали"><v><l t="показал" id="253982"><g v="VERB"></g><g v="perf"></g><g v="tran"></g><g v="plur"></g><g v="past"></g><g v="indc"></g></l></v></tfr></token><token id="618575" text=","><tfr rev_id="1450821" t=","><v><l t="," id="0"><g v="PNCT"></g></l></v></tfr></token><token id="618576" text="что"><tfr rev_id="3196960" t="что"><v><l t="что" id="377004"><g v="CONJ"></g></l></v><v><l t="что" id="377005"><g v="NPRO"></g><g v="neut"></g><g v="sing"></g><g v="nomn"></g></l></v><v><l t="что" id="377005"><g v="NPRO"></g><g v="neut"></g><g v="sing"></g><g v="accs"></g></l></v><v><l t="что" id="377006"><g v="ADVB"></g><g v="Ques"></g></l></v><v><l t="что" id="388695"><g v="PRCL"></g></l></v></tfr></token><token id="618577" text="ингаляторы"><tfr rev_id="3749870" t="ингаляторы"><v><l t="ингалятор" id="122102"><g v="NOUN"></g><g v="inan"></g><g v="masc"></g><g v="plur"></g><g v="nomn"></g></l></v></tfr></token><token id="618578" text="помогли"><tfr rev_id="1450824" t="помогли"><v><l t="помог" id="257948"><g v="VERB"></g><g v="perf"></g><g v="intr"></g><g v="plur"></g><g v="past"></g><g v="indc"></g></l></v></tfr></token><token id="618579" text="бросить"><tfr rev_id="1450825" t="бросить"><v><l t="бросить" id="34329"><g v="INFN"></g><g v="perf"></g><g v="tran"></g></l></v></tfr></token><token id="618580" text="курить"><tfr rev_id="1450826" t="курить"><v><l t="курить" id="145360"><g v="INFN"></g><g v="impf"></g><g v="tran"></g></l></v></tfr></token><token id="618581" text="большему"><tfr rev_id="4534027" t="большему"><v><l t="больший" id="32439"><g v="ADJF"></g><g v="Qual"></g><g v="neut"></g><g v="sing"></g><g v="datv"></g></l></v></tfr></token><token id="618582" text="числу"><tfr rev_id="1450828" t="числу"><v><l t="число" id="376585"><g v="NOUN"></g><g v="inan"></g><g v="neut"></g><g v="sing"></g><g v="datv"></g></l></v></tfr></token><token id="618583" text="людей"><tfr rev_id="3547307" t="людей"><v><l t="человек" id="375073"><g v="NOUN"></g><g v="anim"></g><g v="masc"></g><g v="plur"></g><g v="gent"></g></l></v></tfr></token><token id="618584" text="."><tfr rev_id="1450830" t="."><v><l t="." id="0"><g v="PNCT"></g></l></v></tfr></token></tokens></sentence><sentence id="34623"><source>Хотя значительной разницы между двумя подгруппами в показателях, показывающих число людей, бросивших курить, не было.</source><tokens><token id="618585" text="Хотя"><tfr rev_id="3888043" t="Хотя"><v><l t="хотя" id="371732"><g v="CONJ"></g></l></v></tfr></token><token id="618586" text="значительной"><tfr rev_id="3558916" t="значительной"><v><l t="значительный" id="116026"><g v="ADJF"></g><g v="Qual"></g><g v="femn"></g><g v="sing"></g><g v="gent"></g></l></v></tfr></token><token id="618587" text="разницы"><tfr rev_id="3327814" t="разницы"><v><l t="разница" id="295733"><g v="NOUN"></g><g v="inan"></g><g v="femn"></g><g v="sing"></g><g v="gent"></g></l></v></tfr></token><token id="618588" text="между"><tfr rev_id="1450834" t="между"><v><l t="между" id="157306"><g v="PREP"></g></l></v></tfr></token><token id="618589" text="двумя"><tfr rev_id="4449797" t="двумя"><v><l t="два" id="78668"><g v="NUMR"></g><g v="ablt"></g></l></v></tfr></token><token id="618590" text="подгруппами"><tfr rev_id="1450836" t="подгруппами"><v><l t="подгруппа" id="245201"><g v="NOUN"></g><g v="inan"></g><g v="femn"></g><g v="plur"></g><g v="ablt"></g></l></v></tfr></token><token id="618591" text="в"><tfr rev_id="1450837" t="в"><v><l t="в" id="37409"><g v="PREP"></g></l></v></tfr></token><token id="618592" text="показателях"><tfr rev_id="1450838" t="показателях"><v><l t="показатель" id="253977"><g v="NOUN"></g><g v="inan"></g><g v="masc"></g><g v="plur"></g><g v="loct"></g></l></v></tfr></token><token id="618593" text=","><tfr rev_id="1450839" t=","><v><l t="," id="0"><g v="PNCT"></g></l></v></tfr></token><token id="618594" text="показывающих"><tfr rev_id="1450840" t="показывающих"><v><l t="показывающий" id="254001"><g v="PRTF"></g><g v="impf"></g><g v="tran"></g><g v="pres"></g><g v="actv"></g><g v="plur"></g><g v="gent"></g></l></v><v><l t="показывающий" id="254001"><g v="PRTF"></g><g v="impf"></g><g v="tran"></g><g v="pres"></g><g v="actv"></g><g v="anim"></g><g v="plur"></g><g v="accs"></g></l></v><v><l t="показывающий" id="254001"><g v="PRTF"></g><g v="impf"></g><g v="tran"></g><g v="pres"></g><g v="actv"></g><g v="plur"></g><g v="loct"></g></l></v></tfr></token><token id="618595" text="число"><tfr rev_id="1450841" t="число"><v><l t="число" id="376585"><g v="NOUN"></g><g v="inan"></g><g v="neut"></g><g v="sing"></g><g v="nomn"></g></l></v><v><l t="число" id="376585"><g v="NOUN"></g><g v="inan"></g><g v="neut"></g><g v="sing"></g><g v="accs"></g></l></v></tfr></token><token id="618596" text="людей"><tfr rev_id="4382603" t="людей"><v><l t="человек" id="375073"><g v="NOUN"></g><g v="anim"></g><g v="masc"></g><g v="plur"></g><g v="gent"></g></l></v></tfr></token><token id="618597" text=","><tfr rev_id="1450843" t=","><v><l t="," id="0"><g v="PNCT"></g></l></v></tfr></token><token id="618598" text="бросивших"><tfr rev_id="4427242" t="бросивших"><v><l t="бросивший" id="34330"><g v="PRTF"></g><g v="perf"></g><g v="tran"></g><g v="past"></g><g v="actv"></g><g v="plur"></g><g v="gent"></g></l></v></tfr></token><token id="618599" text="курить"><tfr rev_id="1450845" t="курить"><v><l t="курить" id="145360"><g v="INFN"></g><g v="impf"></g><g v="tran"></g></l></v></tfr></token><token id="618600" text=","><tfr rev_id="1450846" t=","><v><l t="," id="0"><g v="PNCT"></g></l></v></tfr></token><token id="618601" text="не"><tfr rev_id="1450847" t="не"><v><l t="не" id="178876"><g v="PRCL"></g></l></v></tfr></token><token id="618602" text="было"><tfr rev_id="3094366" t="было"><v><l t="есть" id="37265"><g v="VERB"></g><g v="impf"></g><g v="intr"></g><g v="neut"></g><g v="sing"></g><g v="past"></g><g v="indc"></g></l></v></tfr></token><token id="618603" text="."><tfr rev_id="1450849" t="."><v><l t="." id="0"><g v="PNCT"></g></l></v></tfr></token></tokens></sentence></paragraph><paragraph id="11044"><sentence id="34624"><source>Где было заметнее преимущество безникотиновых пластиковых ингаляторов, так это в отношении людей с наиболее тяжёлыми стадиями зависимости от сигарет.</source><tokens><token id="618604" text="Где"><tfr rev_id="2636467" t="Где"><v><l t="где" id="67984"><g v="ADVB"></g><g v="Ques"></g></l></v><v><l t="где" id="388669"><g v="CONJ"></g></l></v></tfr></token><token id="618605" text="было"><tfr rev_id="3094348" t="было"><v><l t="есть" id="37265"><g v="VERB"></g><g v="impf"></g><g v="intr"></g><g v="neut"></g><g v="sing"></g><g v="past"></g><g v="indc"></g></l></v></tfr></token><token id="618606" text="заметнее"><tfr rev_id="1450852" t="заметнее"><v><l t="заметнее" id="105539"><g v="COMP"></g><g v="Qual"></g></l></v></tfr></token><token id="618607" text="преимущество"><tfr rev_id="3530853" t="преимущество"><v><l t="преимущество" id="267502"><g v="NOUN"></g><g v="inan"></g><g v="neut"></g><g v="sing"></g><g v="nomn"></g></l></v></tfr></token><token id="618608" text="безникотиновых"><tfr rev_id="4579190" t="безникотиновых"><v><l t="безникотиновый" id="394408"><g v="ADJF"></g><g v="plur"></g><g v="anim"></g><g v="accs"></g></l></v><v><l t="безникотиновый" id="394408"><g v="ADJF"></g><g v="plur"></g><g v="gent"></g></l></v><v><l t="безникотиновый" id="394408"><g v="ADJF"></g><g v="plur"></g><g v="loct"></g></l></v></tfr></token><token id="618609" text="пластиковых"><tfr rev_id="1450855" t="пластиковых"><v><l t="пластиковый" id="239835"><g v="ADJF"></g><g v="plur"></g><g v="gent"></g></l></v><v><l t="пластиковый" id="239835"><g v="ADJF"></g><g v="anim"></g><g v="plur"></g><g v="accs"></g></l></v><v><l t="пластиковый" id="239835"><g v="ADJF"></g><g v="plur"></g><g v="loct"></g></l></v></tfr></token><token id="618610" text="ингаляторов"><tfr rev_id="1450856" t="ингаляторов"><v><l t="ингалятор" id="122102"><g v="NOUN"></g><g v="inan"></g><g v="masc"></g><g v="plur"></g><g v="gent"></g></l></v></tfr></token><token id="618611" text=","><tfr rev_id="1450857" t=","><v><l t="," id="0"><g v="PNCT"></g></l></v></tfr></token><token id="618612" text="так"><tfr rev_id="1450858" t="так"><v><l t="так" id="342451"><g v="CONJ"></g></l></v><v><l t="так" id="342452"><g v="PRCL"></g></l></v><v><l t="так" id="342453"><g v="ADVB"></g><g v="Dmns"></g></l></v></tfr></token><token id="618613" text="это"><tfr rev_id="4441584" t="это"><v><l t="это" id="386574"><g v="PRCL"></g></l></v><v><l t="это" id="386575"><g v="NPRO"></g><g v="neut"></g><g v="sing"></g><g v="nomn"></g></l></v><v><l t="это" id="386575"><g v="NPRO"></g><g v="neut"></g><g v="sing"></g><g v="accs"></g></l></v><v><l t="этот" id="386581"><g v="ADJF"></g><g v="Subx"></g><g v="Apro"></g><g v="Anph"></g><g v="neut"></g><g v="sing"></g><g v="nomn"></g></l></v><v><l t="этот" id="386581"><g v="ADJF"></g><g v="Subx"></g><g v="Apro"></g><g v="Anph"></g><g v="neut"></g><g v="sing"></g><g v="accs"></g></l></v></tfr></token><token id="618614" text="в"><tfr rev_id="1450860" t="в"><v><l t="в" id="37409"><g v="PREP"></g></l></v></tfr></token><token id="618615" text="отношении"><tfr rev_id="1450861" t="отношении"><v><l t="отношение" id="215944"><g v="NOUN"></g><g v="inan"></g><g v="neut"></g><g v="sing"></g><g v="loct"></g></l></v></tfr></token><token id="618616" text="людей"><tfr rev_id="3502342" t="людей"><v><l t="человек" id="375073"><g v="NOUN"></g><g v="anim"></g><g v="masc"></g><g v="plur"></g><g v="gent"></g></l></v></tfr></token><token id="618617" text="с"><tfr rev_id="1450863" t="с"><v><l t="с" id="311151"><g v="PREP"></g></l></v></tfr></token><token id="618618" text="наиболее"><tfr rev_id="1450864" t="наиболее"><v><l t="наиболее" id="170502"><g v="ADVB"></g></l></v></tfr></token><token id="618619" text="тяжёлыми"><tfr rev_id="1450865" t="тяжёлыми"><v><l t="тяжёлый" id="352656"><g v="ADJF"></g><g v="Qual"></g><g v="plur"></g><g v="ablt"></g></l></v></tfr></token><token id="618620" text="стадиями"><tfr rev_id="3886899" t="стадиями"><v><l t="стадия" id="334417"><g v="NOUN"></g><g v="inan"></g><g v="femn"></g><g v="plur"></g><g v="ablt"></g></l></v></tfr></token><token id="618621" text="зависимости"><tfr rev_id="3500595" t="зависимости"><v><l t="зависимость" id="99672"><g v="NOUN"></g><g v="inan"></g><g v="femn"></g><g v="sing"></g><g v="gent"></g></l></v><v><l t="зависимость" id="99672"><g v="NOUN"></g><g v="inan"></g><g v="femn"></g><g v="sing"></g><g v="datv"></g></l></v><v><l t="зависимость" id="99672"><g v="NOUN"></g><g v="inan"></g><g v="femn"></g><g v="sing"></g><g v="loct"></g></l></v></tfr></token><token id="618622" text="от"><tfr rev_id="1450868" t="от"><v><l t="от" id="211644"><g v="PREP"></g></l></v></tfr></token><token id="618623" text="сигарет"><tfr rev_id="1450869" t="сигарет"><v><l t="сигарета" id="320101"><g v="NOUN"></g><g v="inan"></g><g v="femn"></g><g v="plur"></g><g v="gent"></g></l></v></tfr></token><token id="618624" text="."><tfr rev_id="1450870" t="."><v><l t="." id="0"><g v="PNCT"></g></l></v></tfr></token></tokens></sentence><sentence id="34625"><source>Здесь показатель, свидетельствующий об отказе от курения, был равен 66,7% — против 19,2% в группе, практиковавшей стандартную терапию.</source><tokens><token id="618625" text="Здесь"><tfr rev_id="1450871" t="Здесь"><v><l t="здесь" id="114703"><g v="ADVB"></g><g v="Prdx"></g></l></v></tfr></token><token id="618626" text="показатель"><tfr rev_id="4103241" t="показатель"><v><l t="показатель" id="253977"><g v="NOUN"></g><g v="inan"></g><g v="masc"></g><g v="sing"></g><g v="nomn"></g></l></v></tfr></token><token id="618627" text=","><tfr rev_id="1450873" t=","><v><l t="," id="0"><g v="PNCT"></g></l></v></tfr></token><token id="618628" text="свидетельствующий"><tfr rev_id="1450874" t="свидетельствующий"><v><l t="свидетельствующий" id="315889"><g v="PRTF"></g><g v="impf"></g><g v="tran"></g><g v="pres"></g><g v="actv"></g><g v="masc"></g><g v="sing"></g><g v="nomn"></g></l></v><v><l t="свидетельствующий" id="315889"><g v="PRTF"></g><g v="impf"></g><g v="tran"></g><g v="pres"></g><g v="actv"></g><g v="inan"></g><g v="masc"></g><g v="sing"></g><g v="accs"></g></l></v><v><l t="свидетельствующий" id="315898"><g v="PRTF"></g><g v="impf"></g><g v="intr"></g><g v="pres"></g><g v="actv"></g><g v="masc"></g><g v="sing"></g><g v="nomn"></g></l></v><v><l t="свидетельствующий" id="315898"><g v="PRTF"></g><g v="impf"></g><g v="intr"></g><g v="pres"></g><g v="actv"></g><g v="inan"></g><g v="masc"></g><g v="sing"></g><g v="accs"></g></l></v><v><l t="свидетельствующий" id="315906"><g v="ADJF"></g><g v="masc"></g><g v="sing"></g><g v="nomn"></g></l></v><v><l t="свидетельствующий" id="315906"><g v="ADJF"></g><g v="inan"></g><g v="masc"></g><g v="sing"></g><g v="accs"></g></l></v></tfr></token><token id="618629" text="об"><tfr rev_id="2921234" t="об"><v><l t="о" id="192977"><g v="PREP"></g><g v="Vpre"></g></l></v></tfr></token><token id="618630" text="отказе"><tfr rev_id="1450876" t="отказе"><v><l t="отказ" id="213927"><g v="NOUN"></g><g v="inan"></g><g v="masc"></g><g v="sing"></g><g v="loct"></g></l></v></tfr></token><token id="618631" text="от"><tfr rev_id="1450877" t="от"><v><l t="от" id="211644"><g v="PREP"></g></l></v></tfr></token><token id="618632" text="курения"><tfr rev_id="3439741" t="курения"><v><l t="курение" id="145290"><g v="NOUN"></g><g v="inan"></g><g v="neut"></g><g v="sing"></g><g v="gent"></g></l></v></tfr></token><token id="618633" text=","><tfr rev_id="1450879" t=","><v><l t="," id="0"><g v="PNCT"></g></l></v></tfr></token><token id="618634" text="был"><tfr rev_id="1450880" t="был"><v><l t="есть" id="37265"><g v="VERB"></g><g v="impf"></g><g v="intr"></g><g v="masc"></g><g v="sing"></g><g v="past"></g><g v="indc"></g></l></v></tfr></token><token id="618635" text="равен"><tfr rev_id="4501523" t="равен"><v><l t="равен" id="290755"><g v="ADJS"></g><g v="Qual"></g><g v="masc"></g><g v="sing"></g></l></v></tfr></token><token id="618636" text="66,7"><tfr rev_id="2461907" t="66,7"><v><l t="66,7" id="0"><g v="NUMB"></g></l></v></tfr></token><token id="618637" text="%"><tfr rev_id="2444214" t="%"><v><l t="%" id="0"><g v="PNCT"></g></l></v></tfr></token><token id="618638" text="—"><tfr rev_id="2444215" t="—"><v><l t="—" id="0"><g v="PNCT"></g></l></v></tfr></token><token id="618639" text="против"><tfr rev_id="4485250" t="против"><v><l t="против" id="285790"><g v="PREP"></g></l></v></tfr></token><token id="618640" text="19,2"><tfr rev_id="2461908" t="19,2"><v><l t="19,2" id="0"><g v="NUMB"></g></l></v></tfr></token><token id="618641" text="%"><tfr rev_id="2444216" t="%"><v><l t="%" id="0"><g v="PNCT"></g></l></v></tfr></token><token id="618642" text="в"><tfr rev_id="1450888" t="в"><v><l t="в" id="37409"><g v="PREP"></g></l></v></tfr></token><token id="618643" text="группе"><tfr rev_id="3550735" t="группе"><v><l t="группа" id="76092"><g v="NOUN"></g><g v="inan"></g><g v="femn"></g><g v="sing"></g><g v="loct"></g></l></v></tfr></token><token id="618644" text=","><tfr rev_id="1450890" t=","><v><l t="," id="0"><g v="PNCT"></g></l></v></tfr></token><token id="618645" text="практиковавшей"><tfr rev_id="2561043" t="практиковавшей"><v><l t="практиковавший" id="265891"><g v="PRTF"></g><g v="impf"></g><g v="tran"></g><g v="past"></g><g v="actv"></g><g v="femn"></g><g v="sing"></g><g v="loct"></g></l></v></tfr></token><token id="618646" text="стандартную"><tfr rev_id="1450892" t="стандартную"><v><l t="стандартный" id="334613"><g v="ADJF"></g><g v="Qual"></g><g v="femn"></g><g v="sing"></g><g v="accs"></g></l></v></tfr></token><token id="618647" text="терапию"><tfr rev_id="1450893" t="терапию"><v><l t="терапия" id="345155"><g v="NOUN"></g><g v="inan"></g><g v="femn"></g><g v="sing"></g><g v="accs"></g></l></v></tfr></token><token id="618648" text="."><tfr rev_id="1450894" t="."><v><l t="." id="0"><g v="PNCT"></g></l></v></tfr></token></tokens></sentence></paragraph><paragraph id="11045"><sentence id="34626"><source>Таким образом, польза от безникотиновых ингаляторов в отказе от курения очевидна.</source><tokens><token id="618649" text="Таким"><tfr rev_id="4412700" t="Таким"><v><l t="такой" id="342491"><g v="ADJF"></g><g v="Apro"></g><g v="masc"></g><g v="sing"></g><g v="ablt"></g></l></v></tfr></token><token id="618650" text="образом"><tfr rev_id="1450896" t="образом"><v><l t="образ" id="198787"><g v="NOUN"></g><g v="inan"></g><g v="masc"></g><g v="sing"></g><g v="ablt"></g></l></v></tfr></token><token id="618651" text=","><tfr rev_id="1450897" t=","><v><l t="," id="0"><g v="PNCT"></g></l></v></tfr></token><token id="618652" text="польза"><tfr rev_id="1450898" t="польза"><v><l t="польза" id="257077"><g v="NOUN"></g><g v="inan"></g><g v="femn"></g><g v="sing"></g><g v="nomn"></g></l></v></tfr></token><token id="618653" text="от"><tfr rev_id="1450899" t="от"><v><l t="от" id="211644"><g v="PREP"></g></l></v></tfr></token><token id="618654" text="безникотиновых"><tfr rev_id="4579189" t="безникотиновых"><v><l t="безникотиновый" id="394408"><g v="ADJF"></g><g v="plur"></g><g v="anim"></g><g v="accs"></g></l></v><v><l t="безникотиновый" id="394408"><g v="ADJF"></g><g v="plur"></g><g v="gent"></g></l></v><v><l t="безникотиновый" id="394408"><g v="ADJF"></g><g v="plur"></g><g v="loct"></g></l></v></tfr></token><token id="618655" text="ингаляторов"><tfr rev_id="1450901" t="ингаляторов"><v><l t="ингалятор" id="122102"><g v="NOUN"></g><g v="inan"></g><g v="masc"></g><g v="plur"></g><g v="gent"></g></l></v></tfr></token><token id="618656" text="в"><tfr rev_id="1450902" t="в"><v><l t="в" id="37409"><g v="PREP"></g></l></v></tfr></token><token id="618657" text="отказе"><tfr rev_id="1450903" t="отказе"><v><l t="отказ" id="213927"><g v="NOUN"></g><g v="inan"></g><g v="masc"></g><g v="sing"></g><g v="loct"></g></l></v></tfr></token><token id="618658" text="от"><tfr rev_id="1450904" t="от"><v><l t="от" id="211644"><g v="PREP"></g></l></v></tfr></token><token id="618659" text="курения"><tfr rev_id="3446516" t="курения"><v><l t="курение" id="145290"><g v="NOUN"></g><g v="inan"></g><g v="neut"></g><g v="sing"></g><g v="gent"></g></l></v></tfr></token><token id="618660" text="очевидна"><tfr rev_id="1450906" t="очевидна"><v><l t="очевиден" id="221654"><g v="ADJS"></g><g v="Qual"></g><g v="femn"></g><g v="sing"></g></l></v></tfr></token><token id="618661" text="."><tfr rev_id="1450907" t="."><v><l t="." id="0"><g v="PNCT"></g></l></v></tfr></token></tokens></sentence></paragraph><paragraph id="11046"><sentence id="34627"><source>Об альтернативе курению табака читайте в статье Частного корреспондента «Электронная затяжка»</source><tokens><token id="618662" text="Об"><tfr rev_id="2921235" t="Об"><v><l t="о" id="192977"><g v="PREP"></g><g v="Vpre"></g></l></v></tfr></token><token id="618663" text="альтернативе"><tfr rev_id="3557795" t="альтернативе"><v><l t="альтернатива" id="10698"><g v="NOUN"></g><g v="inan"></g><g v="femn"></g><g v="sing"></g><g v="loct"></g></l></v></tfr></token><token id="618664" text="курению"><tfr rev_id="1450910" t="курению"><v><l t="курение" id="145290"><g v="NOUN"></g><g v="inan"></g><g v="neut"></g><g v="sing"></g><g v="datv"></g></l></v></tfr></token><token id="618665" text="табака"><tfr rev_id="1450911" t="табака"><v><l t="табак" id="342032"><g v="NOUN"></g><g v="inan"></g><g v="masc"></g><g v="sing"></g><g v="gen1"></g></l></v></tfr></token><token id="618666" text="читайте"><tfr rev_id="1450912" t="читайте"><v><l t="читаю" id="376719"><g v="VERB"></g><g v="impf"></g><g v="tran"></g><g v="plur"></g><g v="impr"></g><g v="excl"></g></l></v></tfr></token><token id="618667" text="в"><tfr rev_id="1450913" t="в"><v><l t="в" id="37409"><g v="PREP"></g></l></v></tfr></token><token id="618668" text="статье"><tfr rev_id="3557822" t="статье"><v><l t="статья" id="335173"><g v="NOUN"></g><g v="inan"></g><g v="femn"></g><g v="sing"></g><g v="loct"></g></l></v></tfr></token><token id="618669" text="Частного"><tfr rev_id="4306758" t="Частного"><v><l t="частный" id="374795"><g v="ADJF"></g><g v="Qual"></g><g v="masc"></g><g v="sing"></g><g v="gent"></g></l></v><v><l t="частный" id="374795"><g v="ADJF"></g><g v="Qual"></g><g v="anim"></g><g v="masc"></g><g v="sing"></g><g v="accs"></g></l></v></tfr></token><token id="618670" text="корреспондента"><tfr rev_id="3701875" t="корреспондента"><v><l t="корреспондент" id="140239"><g v="NOUN"></g><g v="anim"></g><g v="masc"></g><g v="sing"></g><g v="gent"></g></l></v></tfr></token><token id="618671" text="«"><tfr rev_id="2444217" t="«"><v><l t="«" id="0"><g v="PNCT"></g></l></v></tfr></token><token id="618672" text="Электронная"><tfr rev_id="1450918" t="Электронная"><v><l t="электронный" id="384368"><g v="ADJF"></g><g v="femn"></g><g v="sing"></g><g v="nomn"></g></l></v></tfr></token><token id="618673" text="затяжка"><tfr rev_id="1450919" t="затяжка"><v><l t="затяжка" id="112234"><g v="NOUN"></g><g v="inan"></g><g v="femn"></g><g v="sing"></g><g v="nomn"></g></l></v></tfr></token><token id="618674" text="»"><tfr rev_id="2444218" t="»"><v><l t="»" id="0"><g v="PNCT"></g></l></v></tfr></token></tokens></sentence></paragraph></paragraphs></text>