<?xml version="1.0" encoding="utf-8"?><text id="1212" parent="226" name="ТВ интегрируется с онлайном"><tags><tag>url:http://www.chaskor.ru/news/tv_integriruetsya_s_onlajnom</tag><tag>Год:2010</tag><tag>Дата:26/01</tag><tag>Тема:ЧасКор:Медиа</tag><tag>Тема:ЧасКор:Медиа/Медиабизнес</tag></tags><paragraphs><paragraph id="11261"><sentence id="35496"><source>ТВ интегрируется с онлайном</source><tokens><token id="634351" text="ТВ"><tfr rev_id="4139054" t="ТВ"><v><l t="тв" id="343680"><g v="NOUN"></g><g v="inan"></g><g v="neut"></g><g v="Sgtm"></g><g v="Fixd"></g><g v="Abbr"></g><g v="sing"></g><g v="nomn"></g></l></v></tfr></token><token id="634352" text="интегрируется"><tfr rev_id="1466467" t="интегрируется"><v><l t="интегрируюсь" id="123047"><g v="VERB"></g><g v="impf"></g><g v="intr"></g><g v="sing"></g><g v="3per"></g><g v="pres"></g><g v="indc"></g></l></v></tfr></token><token id="634353" text="с"><tfr rev_id="1466468" t="с"><v><l t="с" id="311151"><g v="PREP"></g></l></v></tfr></token><token id="634354" text="онлайном"><tfr rev_id="4321769" t="онлайном"><v><l t="онлайн" id="390387"><g v="NOUN"></g><g v="inan"></g><g v="masc"></g><g v="sing"></g><g v="ablt"></g></l></v></tfr></token></tokens></sentence><sentence id="35497"><source>Компания Nielsen предлагает по-новому подсчитать аудитории СМИ.</source><tokens><token id="634355" text="Компания"><tfr rev_id="1466470" t="Компания"><v><l t="компания" id="137146"><g v="NOUN"></g><g v="inan"></g><g v="femn"></g><g v="sing"></g><g v="nomn"></g></l></v></tfr></token><token id="634356" text="Nielsen"><tfr rev_id="2474931" t="Nielsen"><v><l t="Nielsen" id="0"><g v="LATN"></g></l></v></tfr></token><token id="634357" text="предлагает"><tfr rev_id="1466472" t="предлагает"><v><l t="предлагаю" id="266518"><g v="VERB"></g><g v="impf"></g><g v="tran"></g><g v="sing"></g><g v="3per"></g><g v="pres"></g><g v="indc"></g></l></v></tfr></token><token id="634358" text="по-новому"><tfr rev_id="1466473" t="по-новому"><v><l t="по-новому" id="241300"><g v="ADVB"></g></l></v></tfr></token><token id="634359" text="подсчитать"><tfr rev_id="1466474" t="подсчитать"><v><l t="подсчитать" id="251209"><g v="INFN"></g><g v="perf"></g><g v="tran"></g></l></v></tfr></token><token id="634360" text="аудитории"><tfr rev_id="3768604" t="аудитории"><v><l t="аудитория" id="19864"><g v="NOUN"></g><g v="inan"></g><g v="femn"></g><g v="plur"></g><g v="accs"></g></l></v></tfr></token><token id="634361" text="СМИ"><tfr rev_id="4489538" t="СМИ"><v><l t="сми" id="326341"><g v="NOUN"></g><g v="inan"></g><g v="GNdr"></g><g v="Pltm"></g><g v="Fixd"></g><g v="Abbr"></g><g v="plur"></g><g v="gent"></g></l></v></tfr></token><token id="634362" text="."><tfr rev_id="1466477" t="."><v><l t="." id="0"><g v="PNCT"></g></l></v></tfr></token></tokens></sentence></paragraph><paragraph id="11262"><sentence id="35498"><source>Компания Nielsen начнёт считать интернет-зрителей телеканалов и отдельных телепроектов в США уже в феврале 2011 года.</source><tokens><token id="634363" text="Компания"><tfr rev_id="1466478" t="Компания"><v><l t="компания" id="137146"><g v="NOUN"></g><g v="inan"></g><g v="femn"></g><g v="sing"></g><g v="nomn"></g></l></v></tfr></token><token id="634364" text="Nielsen"><tfr rev_id="2474932" t="Nielsen"><v><l t="Nielsen" id="0"><g v="LATN"></g></l></v></tfr></token><token id="634365" text="начнёт"><tfr rev_id="1466480" t="начнёт"><v><l t="начал" id="178224"><g v="VERB"></g><g v="perf"></g><g v="tran"></g><g v="sing"></g><g v="3per"></g><g v="futr"></g><g v="indc"></g></l></v></tfr></token><token id="634366" text="считать"><tfr rev_id="1466481" t="считать"><v><l t="считать" id="341321"><g v="INFN"></g><g v="impf"></g><g v="tran"></g></l></v><v><l t="считать" id="341330"><g v="INFN"></g><g v="perf"></g><g v="tran"></g></l></v></tfr></token><token id="634367" text="интернет-зрителей"><tfr rev_id="1466482" t="интернет-зрителей"><v><l t="интернет-зрителей" id="0"><g v="UNKN"></g></l></v></tfr></token><token id="634368" text="телеканалов"><tfr rev_id="1466483" t="телеканалов"><v><l t="телеканал" id="344167"><g v="NOUN"></g><g v="inan"></g><g v="masc"></g><g v="plur"></g><g v="gent"></g></l></v></tfr></token><token id="634369" text="и"><tfr rev_id="1466484" t="и"><v><l t="и" id="116949"><g v="CONJ"></g></l></v><v><l t="и" id="116950"><g v="INTJ"></g></l></v></tfr></token><token id="634370" text="отдельных"><tfr rev_id="3532527" t="отдельных"><v><l t="отдельный" id="213415"><g v="ADJF"></g><g v="Qual"></g><g v="plur"></g><g v="gent"></g></l></v></tfr></token><token id="634371" text="телепроектов"><tfr rev_id="1466486" t="телепроектов"><v><l t="телепроектов" id="0"><g v="UNKN"></g></l></v></tfr></token><token id="634372" text="в"><tfr rev_id="1466487" t="в"><v><l t="в" id="37409"><g v="PREP"></g></l></v></tfr></token><token id="634373" text="США"><tfr rev_id="3811391" t="США"><v><l t="сша" id="341371"><g v="NOUN"></g><g v="inan"></g><g v="GNdr"></g><g v="Pltm"></g><g v="Fixd"></g><g v="Abbr"></g><g v="Geox"></g><g v="plur"></g><g v="loct"></g></l></v></tfr></token><token id="634374" text="уже"><tfr rev_id="2692793" t="уже"><v><l t="уж" id="355422"><g v="NOUN"></g><g v="anim"></g><g v="masc"></g><g v="sing"></g><g v="loct"></g></l></v><v><l t="уже" id="355498"><g v="ADVB"></g></l></v><v><l t="уже" id="355674"><g v="COMP"></g><g v="Qual"></g></l></v><v><l t="уже" id="388673"><g v="PRCL"></g></l></v></tfr></token><token id="634375" text="в"><tfr rev_id="1466490" t="в"><v><l t="в" id="37409"><g v="PREP"></g></l></v></tfr></token><token id="634376" text="феврале"><tfr rev_id="1466491" t="феврале"><v><l t="февраль" id="364920"><g v="NOUN"></g><g v="inan"></g><g v="masc"></g><g v="sing"></g><g v="loct"></g></l></v></tfr></token><token id="634377" text="2011"><tfr rev_id="2462048" t="2011"><v><l t="2011" id="0"><g v="NUMB"></g></l></v></tfr></token><token id="634378" text="года"><tfr rev_id="3451938" t="года"><v><l t="год" id="72149"><g v="NOUN"></g><g v="inan"></g><g v="masc"></g><g v="sing"></g><g v="gen1"></g></l></v></tfr></token><token id="634379" text="."><tfr rev_id="1466494" t="."><v><l t="." id="0"><g v="PNCT"></g></l></v></tfr></token></tokens></sentence><sentence id="35499"><source>Это будет «единый совокупный национальный телерейтинг» (так значится в письме Сары Эриксон, вице-президента Nielsen по работе с клиентами в Северной Америке), и, по оценке представителей компании, он сможет стать основанием для определения цен на рекламу.</source><tokens><token id="634380" text="Это"><tfr rev_id="4510046" t="Это"><v><l t="это" id="386575"><g v="NPRO"></g><g v="neut"></g><g v="sing"></g><g v="nomn"></g></l></v><v><l t="это" id="386575"><g v="NPRO"></g><g v="neut"></g><g v="sing"></g><g v="accs"></g></l></v></tfr></token><token id="634381" text="будет"><tfr rev_id="1466496" t="будет"><v><l t="есть" id="37265"><g v="VERB"></g><g v="impf"></g><g v="intr"></g><g v="sing"></g><g v="3per"></g><g v="futr"></g><g v="indc"></g></l></v></tfr></token><token id="634382" text="«"><tfr rev_id="2444876" t="«"><v><l t="«" id="0"><g v="PNCT"></g></l></v></tfr></token><token id="634383" text="единый"><tfr rev_id="1466498" t="единый"><v><l t="единый" id="94410"><g v="ADJF"></g><g v="Qual"></g><g v="masc"></g><g v="sing"></g><g v="nomn"></g></l></v><v><l t="единый" id="94410"><g v="ADJF"></g><g v="Qual"></g><g v="inan"></g><g v="masc"></g><g v="sing"></g><g v="accs"></g></l></v></tfr></token><token id="634384" text="совокупный"><tfr rev_id="1466499" t="совокупный"><v><l t="совокупный" id="328162"><g v="ADJF"></g><g v="Qual"></g><g v="masc"></g><g v="sing"></g><g v="nomn"></g></l></v><v><l t="совокупный" id="328162"><g v="ADJF"></g><g v="Qual"></g><g v="inan"></g><g v="masc"></g><g v="sing"></g><g v="accs"></g></l></v></tfr></token><token id="634385" text="национальный"><tfr rev_id="1466500" t="национальный"><v><l t="национальный" id="178150"><g v="ADJF"></g><g v="masc"></g><g v="sing"></g><g v="nomn"></g></l></v><v><l t="национальный" id="178150"><g v="ADJF"></g><g v="inan"></g><g v="masc"></g><g v="sing"></g><g v="accs"></g></l></v></tfr></token><token id="634386" text="телерейтинг"><tfr rev_id="1466501" t="телерейтинг"><v><l t="телерейтинг" id="0"><g v="UNKN"></g></l></v></tfr></token><token id="634387" text="»"><tfr rev_id="2444877" t="»"><v><l t="»" id="0"><g v="PNCT"></g></l></v></tfr></token><token id="634388" text="("><tfr rev_id="1466503" t="("><v><l t="(" id="0"><g v="PNCT"></g></l></v></tfr></token><token id="634389" text="так"><tfr rev_id="1466504" t="так"><v><l t="так" id="342451"><g v="CONJ"></g></l></v><v><l t="так" id="342452"><g v="PRCL"></g></l></v><v><l t="так" id="342453"><g v="ADVB"></g><g v="Dmns"></g></l></v></tfr></token><token id="634390" text="значится"><tfr rev_id="1466505" t="значится"><v><l t="значусь" id="116039"><g v="VERB"></g><g v="impf"></g><g v="intr"></g><g v="sing"></g><g v="3per"></g><g v="pres"></g><g v="indc"></g></l></v></tfr></token><token id="634391" text="в"><tfr rev_id="1466506" t="в"><v><l t="в" id="37409"><g v="PREP"></g></l></v></tfr></token><token id="634392" text="письме"><tfr rev_id="1466507" t="письме"><v><l t="письмо" id="239196"><g v="NOUN"></g><g v="inan"></g><g v="neut"></g><g v="sing"></g><g v="loct"></g></l></v></tfr></token><token id="634393" text="Сары"><tfr rev_id="3471230" t="Сары"><v><l t="сара" id="313556"><g v="NOUN"></g><g v="anim"></g><g v="femn"></g><g v="Name"></g><g v="sing"></g><g v="gent"></g></l></v></tfr></token><token id="634394" text="Эриксон"><tfr rev_id="1466509" t="Эриксон"><v><l t="эриксон" id="386015"><g v="NOUN"></g><g v="anim"></g><g v="masc"></g><g v="Name"></g><g v="sing"></g><g v="nomn"></g></l></v></tfr></token><token id="634395" text=","><tfr rev_id="1466510" t=","><v><l t="," id="0"><g v="PNCT"></g></l></v></tfr></token><token id="634396" text="вице-президента"><tfr rev_id="4216587" t="вице-президента"><v><l t="вице-президент" id="45907"><g v="NOUN"></g><g v="anim"></g><g v="masc"></g><g v="sing"></g><g v="gent"></g></l></v></tfr></token><token id="634397" text="Nielsen"><tfr rev_id="2474933" t="Nielsen"><v><l t="Nielsen" id="0"><g v="LATN"></g></l></v></tfr></token><token id="634398" text="по"><tfr rev_id="1466513" t="по"><v><l t="по" id="241240"><g v="PREP"></g></l></v></tfr></token><token id="634399" text="работе"><tfr rev_id="2931052" t="работе"><v><l t="работа" id="290501"><g v="NOUN"></g><g v="inan"></g><g v="femn"></g><g v="sing"></g><g v="datv"></g></l></v></tfr></token><token id="634400" text="с"><tfr rev_id="1466515" t="с"><v><l t="с" id="311151"><g v="PREP"></g></l></v></tfr></token><token id="634401" text="клиентами"><tfr rev_id="4455732" t="клиентами"><v><l t="клиент" id="134285"><g v="NOUN"></g><g v="anim"></g><g v="masc"></g><g v="plur"></g><g v="ablt"></g></l></v></tfr></token><token id="634402" text="в"><tfr rev_id="1466517" t="в"><v><l t="в" id="37409"><g v="PREP"></g></l></v></tfr></token><token id="634403" text="Северной"><tfr rev_id="4424236" t="Северной"><v><l t="северный" id="317517"><g v="ADJF"></g><g v="Qual"></g><g v="femn"></g><g v="sing"></g><g v="loct"></g></l></v></tfr></token><token id="634404" text="Америке"><tfr rev_id="3551697" t="Америке"><v><l t="америка" id="11393"><g v="NOUN"></g><g v="inan"></g><g v="femn"></g><g v="Sgtm"></g><g v="Geox"></g><g v="sing"></g><g v="loct"></g></l></v></tfr></token><token id="634405" text=")"><tfr rev_id="1466520" t=")"><v><l t=")" id="0"><g v="PNCT"></g></l></v></tfr></token><token id="634406" text=","><tfr rev_id="1466521" t=","><v><l t="," id="0"><g v="PNCT"></g></l></v></tfr></token><token id="634407" text="и"><tfr rev_id="3677802" t="и"><v><l t="и" id="116949"><g v="CONJ"></g></l></v></tfr></token><token id="634408" text=","><tfr rev_id="1466523" t=","><v><l t="," id="0"><g v="PNCT"></g></l></v></tfr></token><token id="634409" text="по"><tfr rev_id="1466524" t="по"><v><l t="по" id="241240"><g v="PREP"></g></l></v></tfr></token><token id="634410" text="оценке"><tfr rev_id="3447483" t="оценке"><v><l t="оценка" id="221498"><g v="NOUN"></g><g v="inan"></g><g v="femn"></g><g v="sing"></g><g v="datv"></g></l></v></tfr></token><token id="634411" text="представителей"><tfr rev_id="2866534" t="представителей"><v><l t="представитель" id="267083"><g v="NOUN"></g><g v="anim"></g><g v="masc"></g><g v="plur"></g><g v="gent"></g></l></v></tfr></token><token id="634412" text="компании"><tfr rev_id="4101829" t="компании"><v><l t="компания" id="137146"><g v="NOUN"></g><g v="inan"></g><g v="femn"></g><g v="sing"></g><g v="gent"></g></l></v></tfr></token><token id="634413" text=","><tfr rev_id="1466528" t=","><v><l t="," id="0"><g v="PNCT"></g></l></v></tfr></token><token id="634414" text="он"><tfr rev_id="3575668" t="он"><v><l t="он" id="206541"><g v="NPRO"></g><g v="masc"></g><g v="3per"></g><g v="Anph"></g><g v="sing"></g><g v="nomn"></g></l></v></tfr></token><token id="634415" text="сможет"><tfr rev_id="1466530" t="сможет"><v><l t="смог" id="326830"><g v="VERB"></g><g v="perf"></g><g v="intr"></g><g v="sing"></g><g v="3per"></g><g v="futr"></g><g v="indc"></g></l></v></tfr></token><token id="634416" text="стать"><tfr rev_id="1712960" t="стать"><v><l t="стать" id="335165"><g v="INFN"></g><g v="perf"></g><g v="intr"></g></l></v></tfr></token><token id="634417" text="основанием"><tfr rev_id="1466532" t="основанием"><v><l t="основание" id="210575"><g v="NOUN"></g><g v="inan"></g><g v="neut"></g><g v="sing"></g><g v="ablt"></g></l></v></tfr></token><token id="634418" text="для"><tfr rev_id="2922744" t="для"><v><l t="для" id="85032"><g v="PREP"></g></l></v></tfr></token><token id="634419" text="определения"><tfr rev_id="3446822" t="определения"><v><l t="определение" id="207991"><g v="NOUN"></g><g v="inan"></g><g v="neut"></g><g v="sing"></g><g v="gent"></g></l></v></tfr></token><token id="634420" text="цен"><tfr rev_id="1466535" t="цен"><v><l t="цена" id="373297"><g v="NOUN"></g><g v="inan"></g><g v="femn"></g><g v="plur"></g><g v="gent"></g></l></v></tfr></token><token id="634421" text="на"><tfr rev_id="2912326" t="на"><v><l t="на" id="166264"><g v="PREP"></g></l></v><v><l t="на" id="388676"><g v="INTJ"></g></l></v></tfr></token><token id="634422" text="рекламу"><tfr rev_id="1466537" t="рекламу"><v><l t="реклама" id="305670"><g v="NOUN"></g><g v="inan"></g><g v="femn"></g><g v="sing"></g><g v="accs"></g></l></v></tfr></token><token id="634423" text="."><tfr rev_id="1466538" t="."><v><l t="." id="0"><g v="PNCT"></g></l></v></tfr></token></tokens></sentence><sentence id="35500"><source>На такой шаг Nielsen подтолкнули сами телекомпании: возможности совокупного подсчёта традиционной и онлайновой телеаудитории рынок ждал уже давно.</source><tokens><token id="634424" text="На"><tfr rev_id="3337688" t="На"><v><l t="на" id="166264"><g v="PREP"></g></l></v></tfr></token><token id="634425" text="такой"><tfr rev_id="2635579" t="такой"><v><l t="такой" id="342491"><g v="ADJF"></g><g v="Apro"></g><g v="masc"></g><g v="sing"></g><g v="nomn"></g></l></v><v><l t="такой" id="342491"><g v="ADJF"></g><g v="Apro"></g><g v="inan"></g><g v="masc"></g><g v="sing"></g><g v="accs"></g></l></v></tfr></token><token id="634426" text="шаг"><tfr rev_id="1466541" t="шаг"><v><l t="шаг" id="377653"><g v="NOUN"></g><g v="inan"></g><g v="masc"></g><g v="sing"></g><g v="nomn"></g></l></v><v><l t="шаг" id="377653"><g v="NOUN"></g><g v="inan"></g><g v="masc"></g><g v="sing"></g><g v="accs"></g></l></v></tfr></token><token id="634427" text="Nielsen"><tfr rev_id="2474934" t="Nielsen"><v><l t="Nielsen" id="0"><g v="LATN"></g></l></v></tfr></token><token id="634428" text="подтолкнули"><tfr rev_id="1466543" t="подтолкнули"><v><l t="подтолкнул" id="251594"><g v="VERB"></g><g v="perf"></g><g v="tran"></g><g v="plur"></g><g v="past"></g><g v="indc"></g></l></v></tfr></token><token id="634429" text="сами"><tfr rev_id="3765447" t="сами"><v><l t="сам" id="312034"><g v="ADJF"></g><g v="Apro"></g><g v="plur"></g><g v="nomn"></g></l></v></tfr></token><token id="634430" text="телекомпании"><tfr rev_id="3726572" t="телекомпании"><v><l t="телекомпания" id="344185"><g v="NOUN"></g><g v="inan"></g><g v="femn"></g><g v="plur"></g><g v="nomn"></g></l></v></tfr></token><token id="634431" text=":"><tfr rev_id="1466546" t=":"><v><l t=":" id="0"><g v="PNCT"></g></l></v></tfr></token><token id="634432" text="возможности"><tfr rev_id="3764654" t="возможности"><v><l t="возможность" id="49410"><g v="NOUN"></g><g v="inan"></g><g v="femn"></g><g v="sing"></g><g v="gent"></g></l></v></tfr></token><token id="634433" text="совокупного"><tfr rev_id="3530904" t="совокупного"><v><l t="совокупный" id="328162"><g v="ADJF"></g><g v="Qual"></g><g v="masc"></g><g v="sing"></g><g v="gent"></g></l></v><v><l t="совокупный" id="328162"><g v="ADJF"></g><g v="Qual"></g><g v="anim"></g><g v="masc"></g><g v="sing"></g><g v="accs"></g></l></v></tfr></token><token id="634434" text="подсчёта"><tfr rev_id="1466549" t="подсчёта"><v><l t="подсчёт" id="251206"><g v="NOUN"></g><g v="inan"></g><g v="masc"></g><g v="sing"></g><g v="gent"></g></l></v></tfr></token><token id="634435" text="традиционной"><tfr rev_id="3711073" t="традиционной"><v><l t="традиционный" id="348768"><g v="ADJF"></g><g v="femn"></g><g v="sing"></g><g v="gent"></g></l></v></tfr></token><token id="634436" text="и"><tfr rev_id="3488576" t="и"><v><l t="и" id="116949"><g v="CONJ"></g></l></v></tfr></token><token id="634437" text="онлайновой"><tfr rev_id="3713943" t="онлайновой"><v><l t="онлайновый" id="206647"><g v="ADJF"></g><g v="femn"></g><g v="sing"></g><g v="gent"></g></l></v></tfr></token><token id="634438" text="телеаудитории"><tfr rev_id="1466553" t="телеаудитории"><v><l t="телеаудитории" id="0"><g v="UNKN"></g></l></v></tfr></token><token id="634439" text="рынок"><tfr rev_id="3465876" t="рынок"><v><l t="рынок" id="310781"><g v="NOUN"></g><g v="inan"></g><g v="masc"></g><g v="sing"></g><g v="nomn"></g></l></v></tfr></token><token id="634440" text="ждал"><tfr rev_id="1466555" t="ждал"><v><l t="жду" id="96195"><g v="VERB"></g><g v="impf"></g><g v="tran"></g><g v="masc"></g><g v="sing"></g><g v="past"></g><g v="indc"></g></l></v></tfr></token><token id="634441" text="уже"><tfr rev_id="2692794" t="уже"><v><l t="уж" id="355422"><g v="NOUN"></g><g v="anim"></g><g v="masc"></g><g v="sing"></g><g v="loct"></g></l></v><v><l t="уже" id="355498"><g v="ADVB"></g></l></v><v><l t="уже" id="355674"><g v="COMP"></g><g v="Qual"></g></l></v><v><l t="уже" id="388673"><g v="PRCL"></g></l></v></tfr></token><token id="634442" text="давно"><tfr rev_id="1466557" t="давно"><v><l t="давно" id="77708"><g v="ADVB"></g></l></v></tfr></token><token id="634443" text="."><tfr rev_id="1466558" t="."><v><l t="." id="0"><g v="PNCT"></g></l></v></tfr></token></tokens></sentence><sentence id="35501"><source>Телевизионщикам важно показать, что на самом деле их аудитория больше, чем та, которую можно измерить традиционными способами, в частности с помощью приборов, подключённых к стационарному телевизору.</source><tokens><token id="634444" text="Телевизионщикам"><tfr rev_id="1466559" t="Телевизионщикам"><v><l t="телевизионщик" id="344100"><g v="NOUN"></g><g v="anim"></g><g v="masc"></g><g v="plur"></g><g v="datv"></g></l></v></tfr></token><token id="634445" text="важно"><tfr rev_id="2637107" t="важно"><v><l t="важно" id="37717"><g v="ADVB"></g><g v="Prdx"></g></l></v></tfr></token><token id="634446" text="показать"><tfr rev_id="1466561" t="показать"><v><l t="показать" id="253983"><g v="INFN"></g><g v="perf"></g><g v="tran"></g></l></v></tfr></token><token id="634447" text=","><tfr rev_id="1466562" t=","><v><l t="," id="0"><g v="PNCT"></g></l></v></tfr></token><token id="634448" text="что"><tfr rev_id="3197104" t="что"><v><l t="что" id="377004"><g v="CONJ"></g></l></v><v><l t="что" id="377005"><g v="NPRO"></g><g v="neut"></g><g v="sing"></g><g v="nomn"></g></l></v><v><l t="что" id="377005"><g v="NPRO"></g><g v="neut"></g><g v="sing"></g><g v="accs"></g></l></v><v><l t="что" id="377006"><g v="ADVB"></g><g v="Ques"></g></l></v><v><l t="что" id="388695"><g v="PRCL"></g></l></v></tfr></token><token id="634449" text="на"><tfr rev_id="3338103" t="на"><v><l t="на" id="166264"><g v="PREP"></g></l></v></tfr></token><token id="634450" text="самом"><tfr rev_id="3453855" t="самом"><v><l t="сам" id="312034"><g v="ADJF"></g><g v="Apro"></g><g v="neut"></g><g v="sing"></g><g v="loct"></g></l></v><v><l t="самый" id="313174"><g v="ADJF"></g><g v="Apro"></g><g v="neut"></g><g v="sing"></g><g v="loct"></g></l></v></tfr></token><token id="634451" text="деле"><tfr rev_id="1466566" t="деле"><v><l t="дело" id="80628"><g v="NOUN"></g><g v="inan"></g><g v="neut"></g><g v="sing"></g><g v="loct"></g></l></v></tfr></token><token id="634452" text="их"><tfr rev_id="4457821" t="их"><v><l t="их" id="127205"><g v="ADJF"></g><g v="Fixd"></g><g v="Apro"></g><g v="Anph"></g><g v="femn"></g><g v="sing"></g><g v="nomn"></g></l></v><v><l t="их" id="127205"><g v="ADJF"></g><g v="Fixd"></g><g v="Apro"></g><g v="Anph"></g><g v="femn"></g><g v="sing"></g><g v="gent"></g></l></v><v><l t="их" id="127205"><g v="ADJF"></g><g v="Fixd"></g><g v="Apro"></g><g v="Anph"></g><g v="femn"></g><g v="sing"></g><g v="datv"></g></l></v><v><l t="их" id="127205"><g v="ADJF"></g><g v="Fixd"></g><g v="Apro"></g><g v="Anph"></g><g v="femn"></g><g v="sing"></g><g v="accs"></g></l></v><v><l t="их" id="127205"><g v="ADJF"></g><g v="Fixd"></g><g v="Apro"></g><g v="Anph"></g><g v="femn"></g><g v="sing"></g><g v="ablt"></g></l></v><v><l t="их" id="127205"><g v="ADJF"></g><g v="Fixd"></g><g v="Apro"></g><g v="Anph"></g><g v="femn"></g><g v="sing"></g><g v="loct"></g></l></v></tfr></token><token id="634453" text="аудитория"><tfr rev_id="1466568" t="аудитория"><v><l t="аудитория" id="19864"><g v="NOUN"></g><g v="inan"></g><g v="femn"></g><g v="sing"></g><g v="nomn"></g></l></v></tfr></token><token id="634454" text="больше"><tfr rev_id="2558481" t="больше"><v><l t="больше" id="32325"><g v="ADVB"></g></l></v><v><l t="больше" id="32447"><g v="COMP"></g><g v="Qual"></g></l></v></tfr></token><token id="634455" text=","><tfr rev_id="1466570" t=","><v><l t="," id="0"><g v="PNCT"></g></l></v></tfr></token><token id="634456" text="чем"><tfr rev_id="4307144" t="чем"><v><l t="чем" id="375161"><g v="CONJ"></g></l></v></tfr></token><token id="634457" text="та"><tfr rev_id="3775650" t="та"><v><l t="тот" id="348430"><g v="ADJF"></g><g v="Subx"></g><g v="Apro"></g><g v="Anph"></g><g v="femn"></g><g v="sing"></g><g v="nomn"></g></l></v></tfr></token><token id="634458" text=","><tfr rev_id="1466573" t=","><v><l t="," id="0"><g v="PNCT"></g></l></v></tfr></token><token id="634459" text="которую"><tfr rev_id="3641067" t="которую"><v><l t="который" id="141203"><g v="ADJF"></g><g v="Apro"></g><g v="Subx"></g><g v="Anph"></g><g v="femn"></g><g v="sing"></g><g v="accs"></g></l></v></tfr></token><token id="634460" text="можно"><tfr rev_id="1466575" t="можно"><v><l t="можно" id="162467"><g v="PRED"></g><g v="pres"></g></l></v></tfr></token><token id="634461" text="измерить"><tfr rev_id="1466576" t="измерить"><v><l t="измерить" id="119544"><g v="INFN"></g><g v="perf"></g><g v="tran"></g></l></v></tfr></token><token id="634462" text="традиционными"><tfr rev_id="1466577" t="традиционными"><v><l t="традиционный" id="348768"><g v="ADJF"></g><g v="plur"></g><g v="ablt"></g></l></v></tfr></token><token id="634463" text="способами"><tfr rev_id="1466578" t="способами"><v><l t="способ" id="332835"><g v="NOUN"></g><g v="inan"></g><g v="masc"></g><g v="plur"></g><g v="ablt"></g></l></v></tfr></token><token id="634464" text=","><tfr rev_id="1466579" t=","><v><l t="," id="0"><g v="PNCT"></g></l></v></tfr></token><token id="634465" text="в"><tfr rev_id="1466580" t="в"><v><l t="в" id="37409"><g v="PREP"></g></l></v></tfr></token><token id="634466" text="частности"><tfr rev_id="4286419" t="частности"><v><l t="частность" id="374794"><g v="NOUN"></g><g v="inan"></g><g v="femn"></g><g v="sing"></g><g v="loct"></g></l></v></tfr></token><token id="634467" text="с"><tfr rev_id="1466582" t="с"><v><l t="с" id="311151"><g v="PREP"></g></l></v></tfr></token><token id="634468" text="помощью"><tfr rev_id="1466583" t="помощью"><v><l t="помощь" id="257960"><g v="NOUN"></g><g v="inan"></g><g v="femn"></g><g v="sing"></g><g v="ablt"></g></l></v></tfr></token><token id="634469" text="приборов"><tfr rev_id="1466584" t="приборов"><v><l t="прибор" id="268878"><g v="NOUN"></g><g v="inan"></g><g v="masc"></g><g v="plur"></g><g v="gent"></g></l></v></tfr></token><token id="634470" text=","><tfr rev_id="1466585" t=","><v><l t="," id="0"><g v="PNCT"></g></l></v></tfr></token><token id="634471" text="подключённых"><tfr rev_id="3417763" t="подключённых"><v><l t="подключённый" id="246420"><g v="PRTF"></g><g v="perf"></g><g v="tran"></g><g v="past"></g><g v="pssv"></g><g v="plur"></g><g v="gent"></g></l></v></tfr></token><token id="634472" text="к"><tfr rev_id="1466587" t="к"><v><l t="к" id="127460"><g v="PREP"></g></l></v></tfr></token><token id="634473" text="стационарному"><tfr rev_id="3946328" t="стационарному"><v><l t="стационарный" id="335195"><g v="ADJF"></g><g v="masc"></g><g v="sing"></g><g v="datv"></g></l></v></tfr></token><token id="634474" text="телевизору"><tfr rev_id="1466589" t="телевизору"><v><l t="телевизор" id="344101"><g v="NOUN"></g><g v="inan"></g><g v="masc"></g><g v="sing"></g><g v="datv"></g></l></v></tfr></token><token id="634475" text="."><tfr rev_id="1466590" t="."><v><l t="." id="0"><g v="PNCT"></g></l></v></tfr></token></tokens></sentence><sentence id="35502"><source>Стоит отметить, что в США крупнейшие телеканалы выкладывают практически все свои шоу онлайн.</source><tokens><token id="634476" text="Стоит"><tfr rev_id="1466591" t="Стоит"><v><l t="стою" id="336464"><g v="VERB"></g><g v="impf"></g><g v="tran"></g><g v="sing"></g><g v="3per"></g><g v="pres"></g><g v="indc"></g></l></v><v><l t="стоило" id="336469"><g v="VERB"></g><g v="impf"></g><g v="intr"></g><g v="Impe"></g><g v="sing"></g><g v="pres"></g><g v="indc"></g></l></v><v><l t="стою" id="336980"><g v="VERB"></g><g v="impf"></g><g v="intr"></g><g v="sing"></g><g v="3per"></g><g v="pres"></g><g v="indc"></g></l></v></tfr></token><token id="634477" text="отметить"><tfr rev_id="1466592" t="отметить"><v><l t="отметить" id="215585"><g v="INFN"></g><g v="perf"></g><g v="tran"></g></l></v></tfr></token><token id="634478" text=","><tfr rev_id="1466593" t=","><v><l t="," id="0"><g v="PNCT"></g></l></v></tfr></token><token id="634479" text="что"><tfr rev_id="3197105" t="что"><v><l t="что" id="377004"><g v="CONJ"></g></l></v><v><l t="что" id="377005"><g v="NPRO"></g><g v="neut"></g><g v="sing"></g><g v="nomn"></g></l></v><v><l t="что" id="377005"><g v="NPRO"></g><g v="neut"></g><g v="sing"></g><g v="accs"></g></l></v><v><l t="что" id="377006"><g v="ADVB"></g><g v="Ques"></g></l></v><v><l t="что" id="388695"><g v="PRCL"></g></l></v></tfr></token><token id="634480" text="в"><tfr rev_id="1466595" t="в"><v><l t="в" id="37409"><g v="PREP"></g></l></v></tfr></token><token id="634481" text="США"><tfr rev_id="3811392" t="США"><v><l t="сша" id="341371"><g v="NOUN"></g><g v="inan"></g><g v="GNdr"></g><g v="Pltm"></g><g v="Fixd"></g><g v="Abbr"></g><g v="Geox"></g><g v="plur"></g><g v="loct"></g></l></v></tfr></token><token id="634482" text="крупнейшие"><tfr rev_id="3879929" t="крупнейшие"><v><l t="крупнейший" id="143764"><g v="ADJF"></g><g v="Supr"></g><g v="Qual"></g><g v="plur"></g><g v="nomn"></g></l></v></tfr></token><token id="634483" text="телеканалы"><tfr rev_id="3749758" t="телеканалы"><v><l t="телеканал" id="344167"><g v="NOUN"></g><g v="inan"></g><g v="masc"></g><g v="plur"></g><g v="nomn"></g></l></v></tfr></token><token id="634484" text="выкладывают"><tfr rev_id="1466599" t="выкладывают"><v><l t="выкладываю" id="58091"><g v="VERB"></g><g v="impf"></g><g v="tran"></g><g v="plur"></g><g v="3per"></g><g v="pres"></g><g v="indc"></g></l></v></tfr></token><token id="634485" text="практически"><tfr rev_id="1466600" t="практически"><v><l t="практически" id="265904"><g v="ADVB"></g></l></v></tfr></token><token id="634486" text="все"><tfr rev_id="4509744" t="все"><v><l t="весь" id="42156"><g v="ADJF"></g><g v="Subx"></g><g v="Apro"></g><g v="inan"></g><g v="plur"></g><g v="accs"></g></l></v><v><l t="весь" id="42156"><g v="ADJF"></g><g v="Subx"></g><g v="Apro"></g><g v="plur"></g><g v="nomn"></g></l></v></tfr></token><token id="634487" text="свои"><tfr rev_id="3742268" t="свои"><v><l t="свой" id="316379"><g v="ADJF"></g><g v="Apro"></g><g v="Anph"></g><g v="inan"></g><g v="plur"></g><g v="accs"></g></l></v></tfr></token><token id="634488" text="шоу"><tfr rev_id="3648135" t="шоу"><v><l t="шоу" id="380838"><g v="NOUN"></g><g v="inan"></g><g v="neut"></g><g v="Fixd"></g><g v="plur"></g><g v="accs"></g></l></v></tfr></token><token id="634489" text="онлайн"><tfr rev_id="4575690" t="онлайн"><v><l t="онлайн" id="389036"><g v="ADVB"></g></l></v></tfr></token><token id="634490" text="."><tfr rev_id="1466605" t="."><v><l t="." id="0"><g v="PNCT"></g></l></v></tfr></token></tokens></sentence><sentence id="35503"><source>Такие телесериалы, как Lost, Heroes и Gossip Girl смотрело в интернете огромное количество зрителей, сообщает AdAge.com.</source><tokens><token id="634491" text="Такие"><tfr rev_id="3860199" t="Такие"><v><l t="такой" id="342491"><g v="ADJF"></g><g v="Apro"></g><g v="inan"></g><g v="plur"></g><g v="accs"></g></l></v></tfr></token><token id="634492" text="телесериалы"><tfr rev_id="3749982" t="телесериалы"><v><l t="телесериал" id="344283"><g v="NOUN"></g><g v="inan"></g><g v="masc"></g><g v="plur"></g><g v="accs"></g></l></v></tfr></token><token id="634493" text=","><tfr rev_id="1466608" t=","><v><l t="," id="0"><g v="PNCT"></g></l></v></tfr></token><token id="634494" text="как"><tfr rev_id="1466609" t="как"><v><l t="как" id="128190"><g v="CONJ"></g></l></v><v><l t="как" id="128191"><g v="PRCL"></g></l></v><v><l t="как" id="128192"><g v="ADVB"></g><g v="Ques"></g></l></v></tfr></token><token id="634495" text="Lost"><tfr rev_id="2474935" t="Lost"><v><l t="Lost" id="0"><g v="LATN"></g></l></v></tfr></token><token id="634496" text=","><tfr rev_id="1466611" t=","><v><l t="," id="0"><g v="PNCT"></g></l></v></tfr></token><token id="634497" text="Heroes"><tfr rev_id="2474936" t="Heroes"><v><l t="Heroes" id="0"><g v="LATN"></g></l></v></tfr></token><token id="634498" text="и"><tfr rev_id="3724336" t="и"><v><l t="и" id="116949"><g v="CONJ"></g></l></v></tfr></token><token id="634499" text="Gossip"><tfr rev_id="2474937" t="Gossip"><v><l t="Gossip" id="0"><g v="LATN"></g></l></v></tfr></token><token id="634500" text="Girl"><tfr rev_id="2474938" t="Girl"><v><l t="Girl" id="0"><g v="LATN"></g></l></v></tfr></token><token id="634501" text="смотрело"><tfr rev_id="1466616" t="смотрело"><v><l t="смотрю" id="326798"><g v="VERB"></g><g v="impf"></g><g v="tran"></g><g v="neut"></g><g v="sing"></g><g v="past"></g><g v="indc"></g></l></v></tfr></token><token id="634502" text="в"><tfr rev_id="1466617" t="в"><v><l t="в" id="37409"><g v="PREP"></g></l></v></tfr></token><token id="634503" text="интернете"><tfr rev_id="1466618" t="интернете"><v><l t="интернет" id="123255"><g v="NOUN"></g><g v="inan"></g><g v="masc"></g><g v="sing"></g><g v="loct"></g></l></v></tfr></token><token id="634504" text="огромное"><tfr rev_id="3281808" t="огромное"><v><l t="огромный" id="203009"><g v="ADJF"></g><g v="Qual"></g><g v="neut"></g><g v="sing"></g><g v="nomn"></g></l></v></tfr></token><token id="634505" text="количество"><tfr rev_id="3300599" t="количество"><v><l t="количество" id="135983"><g v="NOUN"></g><g v="inan"></g><g v="neut"></g><g v="sing"></g><g v="nomn"></g></l></v></tfr></token><token id="634506" text="зрителей"><tfr rev_id="4382903" t="зрителей"><v><l t="зритель" id="116577"><g v="NOUN"></g><g v="anim"></g><g v="masc"></g><g v="plur"></g><g v="gent"></g></l></v></tfr></token><token id="634507" text=","><tfr rev_id="1466622" t=","><v><l t="," id="0"><g v="PNCT"></g></l></v></tfr></token><token id="634508" text="сообщает"><tfr rev_id="1466623" t="сообщает"><v><l t="сообщаю" id="329538"><g v="VERB"></g><g v="impf"></g><g v="tran"></g><g v="sing"></g><g v="3per"></g><g v="pres"></g><g v="indc"></g></l></v></tfr></token><token id="634509" text="AdAge.com"><tfr rev_id="2474939" t="AdAge.com"><v><l t="AdAge.com" id="0"><g v="LATN"></g></l></v></tfr></token><token id="634510" text="."><tfr rev_id="1466625" t="."><v><l t="." id="0"><g v="PNCT"></g></l></v></tfr></token></tokens></sentence><sentence id="35504"><source>Однако проект медиаизмерителя может стать успешным только в том случае, если его поддержит большинство телеканалов, и рекламных агентств, и рекламодателей.</source><tokens><token id="634511" text="Однако"><tfr rev_id="2624561" t="Однако"><v><l t="однако" id="203386"><g v="INTJ"></g></l></v><v><l t="однако" id="203387"><g v="CONJ"></g><g v="Prnt"></g></l></v></tfr></token><token id="634512" text="проект"><tfr rev_id="4098764" t="проект"><v><l t="проект" id="279545"><g v="NOUN"></g><g v="inan"></g><g v="masc"></g><g v="sing"></g><g v="nomn"></g></l></v></tfr></token><token id="634513" text="медиаизмерителя"><tfr rev_id="1466628" t="медиаизмерителя"><v><l t="медиаизмерителя" id="0"><g v="UNKN"></g></l></v></tfr></token><token id="634514" text="может"><tfr rev_id="3797640" t="может"><v><l t="могу" id="164485"><g v="VERB"></g><g v="impf"></g><g v="intr"></g><g v="sing"></g><g v="3per"></g><g v="pres"></g><g v="indc"></g></l></v></tfr></token><token id="634515" text="стать"><tfr rev_id="1712961" t="стать"><v><l t="стать" id="335165"><g v="INFN"></g><g v="perf"></g><g v="intr"></g></l></v></tfr></token><token id="634516" text="успешным"><tfr rev_id="4310167" t="успешным"><v><l t="успешный" id="360843"><g v="ADJF"></g><g v="Qual"></g><g v="masc"></g><g v="sing"></g><g v="ablt"></g></l></v></tfr></token><token id="634517" text="только"><tfr rev_id="3784105" t="только"><v><l t="только" id="347395"><g v="CONJ"></g></l></v><v><l t="только" id="347396"><g v="PRCL"></g></l></v><v><l t="только" id="390053"><g v="ADVB"></g></l></v></tfr></token><token id="634518" text="в"><tfr rev_id="1466633" t="в"><v><l t="в" id="37409"><g v="PREP"></g></l></v></tfr></token><token id="634519" text="том"><tfr rev_id="4376049" t="том"><v><l t="тот" id="348430"><g v="ADJF"></g><g v="Subx"></g><g v="Apro"></g><g v="Anph"></g><g v="masc"></g><g v="sing"></g><g v="loct"></g></l></v></tfr></token><token id="634520" text="случае"><tfr rev_id="1466635" t="случае"><v><l t="случай" id="325472"><g v="NOUN"></g><g v="inan"></g><g v="masc"></g><g v="sing"></g><g v="loct"></g></l></v></tfr></token><token id="634521" text=","><tfr rev_id="1466636" t=","><v><l t="," id="0"><g v="PNCT"></g></l></v></tfr></token><token id="634522" text="если"><tfr rev_id="1466637" t="если"><v><l t="если" id="95365"><g v="CONJ"></g></l></v></tfr></token><token id="634523" text="его"><tfr rev_id="4527852" t="его"><v><l t="он" id="206541"><g v="NPRO"></g><g v="masc"></g><g v="3per"></g><g v="Anph"></g><g v="sing"></g><g v="gent"></g></l></v><v><l t="он" id="206541"><g v="NPRO"></g><g v="masc"></g><g v="3per"></g><g v="Anph"></g><g v="sing"></g><g v="accs"></g></l></v><v><l t="оно" id="206649"><g v="NPRO"></g><g v="neut"></g><g v="3per"></g><g v="Anph"></g><g v="sing"></g><g v="gent"></g></l></v><v><l t="оно" id="206649"><g v="NPRO"></g><g v="neut"></g><g v="3per"></g><g v="Anph"></g><g v="sing"></g><g v="accs"></g></l></v></tfr></token><token id="634524" text="поддержит"><tfr rev_id="1466639" t="поддержит"><v><l t="поддержал" id="245396"><g v="VERB"></g><g v="perf"></g><g v="tran"></g><g v="sing"></g><g v="3per"></g><g v="futr"></g><g v="indc"></g></l></v></tfr></token><token id="634525" text="большинство"><tfr rev_id="3530803" t="большинство"><v><l t="большинство" id="32441"><g v="NOUN"></g><g v="inan"></g><g v="neut"></g><g v="Sgtm"></g><g v="sing"></g><g v="nomn"></g></l></v></tfr></token><token id="634526" text="телеканалов"><tfr rev_id="1466641" t="телеканалов"><v><l t="телеканал" id="344167"><g v="NOUN"></g><g v="inan"></g><g v="masc"></g><g v="plur"></g><g v="gent"></g></l></v></tfr></token><token id="634527" text=","><tfr rev_id="1466642" t=","><v><l t="," id="0"><g v="PNCT"></g></l></v></tfr></token><token id="634528" text="и"><tfr rev_id="3555727" t="и"><v><l t="и" id="116949"><g v="CONJ"></g></l></v></tfr></token><token id="634529" text="рекламных"><tfr rev_id="4095787" t="рекламных"><v><l t="рекламный" id="305693"><g v="ADJF"></g><g v="Qual"></g><g v="plur"></g><g v="gent"></g></l></v></tfr></token><token id="634530" text="агентств"><tfr rev_id="1466645" t="агентств"><v><l t="агентство" id="3934"><g v="NOUN"></g><g v="inan"></g><g v="neut"></g><g v="plur"></g><g v="gent"></g></l></v></tfr></token><token id="634531" text=","><tfr rev_id="1466646" t=","><v><l t="," id="0"><g v="PNCT"></g></l></v></tfr></token><token id="634532" text="и"><tfr rev_id="1466647" t="и"><v><l t="и" id="116949"><g v="CONJ"></g></l></v><v><l t="и" id="116950"><g v="INTJ"></g></l></v></tfr></token><token id="634533" text="рекламодателей"><tfr rev_id="4459063" t="рекламодателей"><v><l t="рекламодатель" id="305696"><g v="NOUN"></g><g v="anim"></g><g v="masc"></g><g v="plur"></g><g v="gent"></g></l></v></tfr></token><token id="634534" text="."><tfr rev_id="1466649" t="."><v><l t="." id="0"><g v="PNCT"></g></l></v></tfr></token></tokens></sentence><sentence id="35505"><source>Пока же желаемого единства нет.</source><tokens><token id="634535" text="Пока"><tfr rev_id="4485791" t="Пока"><v><l t="пока" id="253968"><g v="ADVB"></g></l></v></tfr></token><token id="634536" text="же"><tfr rev_id="1466651" t="же"><v><l t="же" id="96208"><g v="CONJ"></g></l></v><v><l t="же" id="96209"><g v="PRCL"></g></l></v></tfr></token><token id="634537" text="желаемого"><tfr rev_id="4166807" t="желаемого"><v><l t="желаемый" id="96266"><g v="ADJF"></g><g v="neut"></g><g v="sing"></g><g v="gent"></g></l></v></tfr></token><token id="634538" text="единства"><tfr rev_id="3494023" t="единства"><v><l t="единство" id="94408"><g v="NOUN"></g><g v="inan"></g><g v="neut"></g><g v="sing"></g><g v="gent"></g></l></v></tfr></token><token id="634539" text="нет"><tfr rev_id="3759257" t="нет"><v><l t="нет" id="389552"><g v="PRED"></g><g v="pres"></g></l></v></tfr></token><token id="634540" text="."><tfr rev_id="1466655" t="."><v><l t="." id="0"><g v="PNCT"></g></l></v></tfr></token></tokens></sentence><sentence id="35506"><source>В частности, телекомпания NBC Universal создала свою систему под названием Total Audience Measurement Index, которая учитывает телепросмотры на ТВ, в онлайне и через мобильные телефоны.</source><tokens><token id="634541" text="В"><tfr rev_id="1466656" t="В"><v><l t="в" id="37409"><g v="PREP"></g></l></v></tfr></token><token id="634542" text="частности"><tfr rev_id="3559150" t="частности"><v><l t="частность" id="374794"><g v="NOUN"></g><g v="inan"></g><g v="femn"></g><g v="sing"></g><g v="loct"></g></l></v></tfr></token><token id="634543" text=","><tfr rev_id="1466658" t=","><v><l t="," id="0"><g v="PNCT"></g></l></v></tfr></token><token id="634544" text="телекомпания"><tfr rev_id="1466659" t="телекомпания"><v><l t="телекомпания" id="344185"><g v="NOUN"></g><g v="inan"></g><g v="femn"></g><g v="sing"></g><g v="nomn"></g></l></v></tfr></token><token id="634545" text="NBC"><tfr rev_id="2474940" t="NBC"><v><l t="NBC" id="0"><g v="LATN"></g></l></v></tfr></token><token id="634546" text="Universal"><tfr rev_id="2474941" t="Universal"><v><l t="Universal" id="0"><g v="LATN"></g></l></v></tfr></token><token id="634547" text="создала"><tfr rev_id="1466662" t="создала"><v><l t="создал" id="328585"><g v="VERB"></g><g v="perf"></g><g v="tran"></g><g v="femn"></g><g v="sing"></g><g v="past"></g><g v="indc"></g></l></v></tfr></token><token id="634548" text="свою"><tfr rev_id="3632257" t="свою"><v><l t="свой" id="316379"><g v="ADJF"></g><g v="Apro"></g><g v="Anph"></g><g v="femn"></g><g v="sing"></g><g v="accs"></g></l></v></tfr></token><token id="634549" text="систему"><tfr rev_id="1466664" t="систему"><v><l t="система" id="321350"><g v="NOUN"></g><g v="inan"></g><g v="femn"></g><g v="sing"></g><g v="accs"></g></l></v></tfr></token><token id="634550" text="под"><tfr rev_id="2603659" t="под"><v><l t="под" id="243755"><g v="PREP"></g></l></v></tfr></token><token id="634551" text="названием"><tfr rev_id="1466666" t="названием"><v><l t="название" id="170336"><g v="NOUN"></g><g v="inan"></g><g v="neut"></g><g v="sing"></g><g v="ablt"></g></l></v></tfr></token><token id="634552" text="Total"><tfr rev_id="2474942" t="Total"><v><l t="Total" id="0"><g v="LATN"></g></l></v></tfr></token><token id="634553" text="Audience"><tfr rev_id="2474943" t="Audience"><v><l t="Audience" id="0"><g v="LATN"></g></l></v></tfr></token><token id="634554" text="Measurement"><tfr rev_id="2474944" t="Measurement"><v><l t="Measurement" id="0"><g v="LATN"></g></l></v></tfr></token><token id="634555" text="Index"><tfr rev_id="2474945" t="Index"><v><l t="Index" id="0"><g v="LATN"></g></l></v></tfr></token><token id="634556" text=","><tfr rev_id="1466671" t=","><v><l t="," id="0"><g v="PNCT"></g></l></v></tfr></token><token id="634557" text="которая"><tfr rev_id="3639827" t="которая"><v><l t="который" id="141203"><g v="ADJF"></g><g v="Apro"></g><g v="Subx"></g><g v="Anph"></g><g v="femn"></g><g v="sing"></g><g v="nomn"></g></l></v></tfr></token><token id="634558" text="учитывает"><tfr rev_id="1466673" t="учитывает"><v><l t="учитываю" id="363301"><g v="VERB"></g><g v="impf"></g><g v="tran"></g><g v="sing"></g><g v="3per"></g><g v="pres"></g><g v="indc"></g></l></v></tfr></token><token id="634559" text="телепросмотры"><tfr rev_id="1466674" t="телепросмотры"><v><l t="телепросмотры" id="0"><g v="UNKN"></g></l></v></tfr></token><token id="634560" text="на"><tfr rev_id="3336929" t="на"><v><l t="на" id="166264"><g v="PREP"></g></l></v></tfr></token><token id="634561" text="ТВ"><tfr rev_id="4139055" t="ТВ"><v><l t="тв" id="343680"><g v="NOUN"></g><g v="inan"></g><g v="neut"></g><g v="Sgtm"></g><g v="Fixd"></g><g v="Abbr"></g><g v="sing"></g><g v="loct"></g></l></v></tfr></token><token id="634562" text=","><tfr rev_id="1466677" t=","><v><l t="," id="0"><g v="PNCT"></g></l></v></tfr></token><token id="634563" text="в"><tfr rev_id="1466678" t="в"><v><l t="в" id="37409"><g v="PREP"></g></l></v></tfr></token><token id="634564" text="онлайне"><tfr rev_id="4321770" t="онлайне"><v><l t="онлайн" id="390387"><g v="NOUN"></g><g v="inan"></g><g v="masc"></g><g v="sing"></g><g v="loct"></g></l></v></tfr></token><token id="634565" text="и"><tfr rev_id="1466680" t="и"><v><l t="и" id="116949"><g v="CONJ"></g></l></v><v><l t="и" id="116950"><g v="INTJ"></g></l></v></tfr></token><token id="634566" text="через"><tfr rev_id="1466681" t="через"><v><l t="через" id="375333"><g v="PREP"></g></l></v></tfr></token><token id="634567" text="мобильные"><tfr rev_id="4086523" t="мобильные"><v><l t="мобильный" id="162202"><g v="ADJF"></g><g v="Qual"></g><g v="inan"></g><g v="plur"></g><g v="accs"></g></l></v></tfr></token><token id="634568" text="телефоны"><tfr rev_id="3727266" t="телефоны"><v><l t="телефон" id="344325"><g v="NOUN"></g><g v="inan"></g><g v="masc"></g><g v="plur"></g><g v="accs"></g></l></v></tfr></token><token id="634569" text="."><tfr rev_id="1466684" t="."><v><l t="." id="0"><g v="PNCT"></g></l></v></tfr></token></tokens></sentence><sentence id="35507"><source>Кроме того, NBC исследует особенности телесмотрения на различных медиаплатформах.</source><tokens><token id="634570" text="Кроме"><tfr rev_id="1466685" t="Кроме"><v><l t="кроме" id="143259"><g v="PREP"></g></l></v></tfr></token><token id="634571" text="того"><tfr rev_id="4171637" t="того"><v><l t="тот" id="348430"><g v="ADJF"></g><g v="Subx"></g><g v="Apro"></g><g v="Anph"></g><g v="neut"></g><g v="sing"></g><g v="gent"></g></l></v></tfr></token><token id="634572" text=","><tfr rev_id="1466687" t=","><v><l t="," id="0"><g v="PNCT"></g></l></v></tfr></token><token id="634573" text="NBC"><tfr rev_id="2474946" t="NBC"><v><l t="NBC" id="0"><g v="LATN"></g></l></v></tfr></token><token id="634574" text="исследует"><tfr rev_id="1466689" t="исследует"><v><l t="исследовал" id="125804"><g v="VERB"></g><g v="perf"></g><g v="tran"></g><g v="sing"></g><g v="3per"></g><g v="futr"></g><g v="indc"></g></l></v><v><l t="исследую" id="125805"><g v="VERB"></g><g v="impf"></g><g v="tran"></g><g v="sing"></g><g v="3per"></g><g v="pres"></g><g v="indc"></g></l></v></tfr></token><token id="634575" text="особенности"><tfr rev_id="3796659" t="особенности"><v><l t="особенность" id="210628"><g v="NOUN"></g><g v="inan"></g><g v="femn"></g><g v="plur"></g><g v="accs"></g></l></v></tfr></token><token id="634576" text="телесмотрения"><tfr rev_id="1466691" t="телесмотрения"><v><l t="телесмотрения" id="0"><g v="UNKN"></g></l></v></tfr></token><token id="634577" text="на"><tfr rev_id="3395656" t="на"><v><l t="на" id="166264"><g v="PREP"></g></l></v></tfr></token><token id="634578" text="различных"><tfr rev_id="4351607" t="различных"><v><l t="различный" id="294553"><g v="ADJF"></g><g v="Qual"></g><g v="plur"></g><g v="loct"></g></l></v></tfr></token><token id="634579" text="медиаплатформах"><tfr rev_id="1466694" t="медиаплатформах"><v><l t="медиаплатформах" id="0"><g v="UNKN"></g></l></v></tfr></token><token id="634580" text="."><tfr rev_id="1466695" t="."><v><l t="." id="0"><g v="PNCT"></g></l></v></tfr></token></tokens></sentence></paragraph><paragraph id="11263"><sentence id="35508"><source>О том, как ТВ уже интегрировано с интернетом, читайте в статье Частного корреспондента «Говорим «видео в интернете» — подразумеваем YouTube»</source><tokens><token id="634581" text="О"><tfr rev_id="3326638" t="О"><v><l t="о" id="192977"><g v="PREP"></g></l></v></tfr></token><token id="634582" text="том"><tfr rev_id="4373819" t="том"><v><l t="тот" id="348430"><g v="ADJF"></g><g v="Subx"></g><g v="Apro"></g><g v="Anph"></g><g v="neut"></g><g v="sing"></g><g v="loct"></g></l></v></tfr></token><token id="634583" text=","><tfr rev_id="1466698" t=","><v><l t="," id="0"><g v="PNCT"></g></l></v></tfr></token><token id="634584" text="как"><tfr rev_id="1466699" t="как"><v><l t="как" id="128190"><g v="CONJ"></g></l></v><v><l t="как" id="128191"><g v="PRCL"></g></l></v><v><l t="как" id="128192"><g v="ADVB"></g><g v="Ques"></g></l></v></tfr></token><token id="634585" text="ТВ"><tfr rev_id="4139056" t="ТВ"><v><l t="тв" id="343680"><g v="NOUN"></g><g v="inan"></g><g v="neut"></g><g v="Sgtm"></g><g v="Fixd"></g><g v="Abbr"></g><g v="sing"></g><g v="nomn"></g></l></v></tfr></token><token id="634586" text="уже"><tfr rev_id="2692795" t="уже"><v><l t="уж" id="355422"><g v="NOUN"></g><g v="anim"></g><g v="masc"></g><g v="sing"></g><g v="loct"></g></l></v><v><l t="уже" id="355498"><g v="ADVB"></g></l></v><v><l t="уже" id="355674"><g v="COMP"></g><g v="Qual"></g></l></v><v><l t="уже" id="388673"><g v="PRCL"></g></l></v></tfr></token><token id="634587" text="интегрировано"><tfr rev_id="1466702" t="интегрировано"><v><l t="интегрирован" id="123043"><g v="PRTS"></g><g v="perf"></g><g v="past"></g><g v="pssv"></g><g v="neut"></g><g v="sing"></g></l></v><v><l t="интегрирован" id="123044"><g v="PRTS"></g><g v="impf"></g><g v="past"></g><g v="pssv"></g><g v="neut"></g><g v="sing"></g></l></v></tfr></token><token id="634588" text="с"><tfr rev_id="1466703" t="с"><v><l t="с" id="311151"><g v="PREP"></g></l></v></tfr></token><token id="634589" text="интернетом"><tfr rev_id="1466704" t="интернетом"><v><l t="интернет" id="123255"><g v="NOUN"></g><g v="inan"></g><g v="masc"></g><g v="sing"></g><g v="ablt"></g></l></v></tfr></token><token id="634590" text=","><tfr rev_id="1466705" t=","><v><l t="," id="0"><g v="PNCT"></g></l></v></tfr></token><token id="634591" text="читайте"><tfr rev_id="1466706" t="читайте"><v><l t="читаю" id="376719"><g v="VERB"></g><g v="impf"></g><g v="tran"></g><g v="plur"></g><g v="impr"></g><g v="excl"></g></l></v></tfr></token><token id="634592" text="в"><tfr rev_id="1466707" t="в"><v><l t="в" id="37409"><g v="PREP"></g></l></v></tfr></token><token id="634593" text="статье"><tfr rev_id="3556346" t="статье"><v><l t="статья" id="335173"><g v="NOUN"></g><g v="inan"></g><g v="femn"></g><g v="sing"></g><g v="loct"></g></l></v></tfr></token><token id="634594" text="Частного"><tfr rev_id="4309134" t="Частного"><v><l t="частный" id="374795"><g v="ADJF"></g><g v="Qual"></g><g v="masc"></g><g v="sing"></g><g v="gent"></g></l></v><v><l t="частный" id="374795"><g v="ADJF"></g><g v="Qual"></g><g v="anim"></g><g v="masc"></g><g v="sing"></g><g v="accs"></g></l></v></tfr></token><token id="634595" text="корреспондента"><tfr rev_id="4397502" t="корреспондента"><v><l t="корреспондент" id="140239"><g v="NOUN"></g><g v="anim"></g><g v="masc"></g><g v="sing"></g><g v="gent"></g></l></v></tfr></token><token id="634596" text="«"><tfr rev_id="2444878" t="«"><v><l t="«" id="0"><g v="PNCT"></g></l></v></tfr></token><token id="634597" text="Говорим"><tfr rev_id="2635091" t="Говорим"><v><l t="говорю" id="72053"><g v="VERB"></g><g v="impf"></g><g v="tran"></g><g v="plur"></g><g v="1per"></g><g v="pres"></g><g v="indc"></g></l></v></tfr></token><token id="634598" text="«"><tfr rev_id="2444879" t="«"><v><l t="«" id="0"><g v="PNCT"></g></l></v></tfr></token><token id="634599" text="видео"><tfr rev_id="4168273" t="видео"><v><l t="видео" id="44466"><g v="NOUN"></g><g v="inan"></g><g v="neut"></g><g v="Fixd"></g><g v="sing"></g><g v="nomn"></g></l></v></tfr></token><token id="634600" text="в"><tfr rev_id="1466715" t="в"><v><l t="в" id="37409"><g v="PREP"></g></l></v></tfr></token><token id="634601" text="интернете"><tfr rev_id="1466716" t="интернете"><v><l t="интернет" id="123255"><g v="NOUN"></g><g v="inan"></g><g v="masc"></g><g v="sing"></g><g v="loct"></g></l></v></tfr></token><token id="634602" text="»"><tfr rev_id="2444880" t="»"><v><l t="»" id="0"><g v="PNCT"></g></l></v></tfr></token><token id="634603" text="—"><tfr rev_id="2444881" t="—"><v><l t="—" id="0"><g v="PNCT"></g></l></v></tfr></token><token id="634604" text="подразумеваем"><tfr rev_id="2635144" t="подразумеваем"><v><l t="подразумеваю" id="249533"><g v="VERB"></g><g v="impf"></g><g v="tran"></g><g v="plur"></g><g v="1per"></g><g v="pres"></g><g v="indc"></g></l></v></tfr></token><token id="634605" text="YouTube"><tfr rev_id="2474947" t="YouTube"><v><l t="YouTube" id="0"><g v="LATN"></g></l></v></tfr></token><token id="634606" text="»"><tfr rev_id="2444882" t="»"><v><l t="»" id="0"><g v="PNCT"></g></l></v></tfr></token></tokens></sentence></paragraph></paragraphs></text>