<?xml version="1.0" encoding="utf-8"?><text id="1237" parent="226" name="23213 Рекорд Владимира Жириновского"><tags><tag>url:http://www.chaskor.ru/news/rekord_vladimira_zhirinovskogo_23213</tag><tag>Год:2011</tag><tag>Дата:27/04</tag><tag>Тема:ЧасКор:Общество</tag><tag>Тема:ЧасКор:Общество/Государство</tag></tags><paragraphs><paragraph id="11409"><sentence id="35999"><source>Рекорд Владимира Жириновского</source><tokens><token id="643509" text="Рекорд"><tfr rev_id="4212119" t="Рекорд"><v><l t="рекорд" id="305797"><g v="NOUN"></g><g v="inan"></g><g v="masc"></g><g v="sing"></g><g v="nomn"></g></l></v></tfr></token><token id="643510" text="Владимира"><tfr rev_id="4410954" t="Владимира"><v><l t="владимир" id="46610"><g v="NOUN"></g><g v="anim"></g><g v="masc"></g><g v="Name"></g><g v="sing"></g><g v="gent"></g></l></v></tfr></token><token id="643511" text="Жириновского"><tfr rev_id="3676124" t="Жириновского"><v><l t="жириновский" id="97445"><g v="NOUN"></g><g v="anim"></g><g v="masc"></g><g v="Sgtm"></g><g v="Surn"></g><g v="sing"></g><g v="gent"></g></l></v></tfr></token></tokens></sentence><sentence id="36000"><source>Лидер ЛДПР пятый раз выдвигается в президенты России.</source><tokens><token id="643512" text="Лидер"><tfr rev_id="1475622" t="Лидер"><v><l t="лидер" id="149007"><g v="NOUN"></g><g v="anim"></g><g v="masc"></g><g v="sing"></g><g v="nomn"></g></l></v></tfr></token><token id="643513" text="ЛДПР"><tfr rev_id="4171221" t="ЛДПР"><v><l t="лдпр" id="147263"><g v="NOUN"></g><g v="inan"></g><g v="femn"></g><g v="Sgtm"></g><g v="Fixd"></g><g v="Abbr"></g><g v="Orgn"></g><g v="sing"></g><g v="gent"></g></l></v></tfr></token><token id="643514" text="пятый"><tfr rev_id="1475624" t="пятый"><v><l t="пятый" id="290439"><g v="ADJF"></g><g v="Anum"></g><g v="masc"></g><g v="sing"></g><g v="nomn"></g></l></v><v><l t="пятый" id="290439"><g v="ADJF"></g><g v="Anum"></g><g v="inan"></g><g v="masc"></g><g v="sing"></g><g v="accs"></g></l></v></tfr></token><token id="643515" text="раз"><tfr rev_id="4509855" t="раз"><v><l t="раз" id="291500"><g v="NOUN"></g><g v="inan"></g><g v="masc"></g><g v="sing"></g><g v="nomn"></g></l></v><v><l t="раз" id="291500"><g v="NOUN"></g><g v="inan"></g><g v="masc"></g><g v="sing"></g><g v="accs"></g></l></v></tfr></token><token id="643516" text="выдвигается"><tfr rev_id="1475626" t="выдвигается"><v><l t="выдвигаюсь" id="56978"><g v="VERB"></g><g v="impf"></g><g v="intr"></g><g v="sing"></g><g v="3per"></g><g v="pres"></g><g v="indc"></g></l></v></tfr></token><token id="643517" text="в"><tfr rev_id="1475627" t="в"><v><l t="в" id="37409"><g v="PREP"></g></l></v></tfr></token><token id="643518" text="президенты"><tfr rev_id="1475628" t="президенты"><v><l t="президент" id="267449"><g v="NOUN"></g><g v="anim"></g><g v="masc"></g><g v="plur"></g><g v="nomn"></g></l></v></tfr></token><token id="643519" text="России"><tfr rev_id="2602213" t="России"><v><l t="россия" id="309322"><g v="NOUN"></g><g v="inan"></g><g v="femn"></g><g v="Sgtm"></g><g v="Geox"></g><g v="sing"></g><g v="gent"></g></l></v></tfr></token><token id="643520" text="."><tfr rev_id="1475630" t="."><v><l t="." id="0"><g v="PNCT"></g></l></v></tfr></token></tokens></sentence></paragraph><paragraph id="11410"><sentence id="36001"><source>Ветеран российских президентских избирательных кампаний, главный либерал-демократ страны вновь намерен попытать удачу в 2012 году.</source><tokens><token id="643521" text="Ветеран"><tfr rev_id="1475631" t="Ветеран"><v><l t="ветеран" id="42186"><g v="NOUN"></g><g v="anim"></g><g v="masc"></g><g v="sing"></g><g v="nomn"></g></l></v></tfr></token><token id="643522" text="российских"><tfr rev_id="3671171" t="российских"><v><l t="российский" id="309319"><g v="ADJF"></g><g v="plur"></g><g v="gent"></g></l></v></tfr></token><token id="643523" text="президентских"><tfr rev_id="4198205" t="президентских"><v><l t="президентский" id="267451"><g v="ADJF"></g><g v="plur"></g><g v="gent"></g></l></v></tfr></token><token id="643524" text="избирательных"><tfr rev_id="4420557" t="избирательных"><v><l t="избирательный" id="117814"><g v="ADJF"></g><g v="Qual"></g><g v="plur"></g><g v="gent"></g></l></v></tfr></token><token id="643525" text="кампаний"><tfr rev_id="1475635" t="кампаний"><v><l t="кампания" id="129077"><g v="NOUN"></g><g v="inan"></g><g v="femn"></g><g v="plur"></g><g v="gent"></g></l></v></tfr></token><token id="643526" text=","><tfr rev_id="1475636" t=","><v><l t="," id="0"><g v="PNCT"></g></l></v></tfr></token><token id="643527" text="главный"><tfr rev_id="1475637" t="главный"><v><l t="главный" id="70842"><g v="ADJF"></g><g v="Qual"></g><g v="masc"></g><g v="sing"></g><g v="nomn"></g></l></v><v><l t="главный" id="70842"><g v="ADJF"></g><g v="Qual"></g><g v="inan"></g><g v="masc"></g><g v="sing"></g><g v="accs"></g></l></v></tfr></token><token id="643528" text="либерал-демократ"><tfr rev_id="3418826" t="либерал-демократ"><v><l t="либерал-демократ" id="388795"><g v="NOUN"></g><g v="anim"></g><g v="masc"></g><g v="sing"></g><g v="nomn"></g></l></v></tfr></token><token id="643529" text="страны"><tfr rev_id="3469652" t="страны"><v><l t="страна" id="337100"><g v="NOUN"></g><g v="inan"></g><g v="femn"></g><g v="sing"></g><g v="gent"></g></l></v></tfr></token><token id="643530" text="вновь"><tfr rev_id="1475640" t="вновь"><v><l t="вновь" id="47640"><g v="ADVB"></g></l></v></tfr></token><token id="643531" text="намерен"><tfr rev_id="1475641" t="намерен"><v><l t="намерен" id="172445"><g v="ADJS"></g><g v="masc"></g><g v="sing"></g></l></v><v><l t="намерен" id="172450"><g v="ADJS"></g><g v="Qual"></g><g v="masc"></g><g v="sing"></g></l></v><v><l t="намерен" id="172473"><g v="PRTS"></g><g v="perf"></g><g v="past"></g><g v="pssv"></g><g v="masc"></g><g v="sing"></g></l></v></tfr></token><token id="643532" text="попытать"><tfr rev_id="1475642" t="попытать"><v><l t="попытать" id="259835"><g v="INFN"></g><g v="perf"></g><g v="tran"></g></l></v></tfr></token><token id="643533" text="удачу"><tfr rev_id="1475643" t="удачу"><v><l t="удача" id="354721"><g v="NOUN"></g><g v="inan"></g><g v="femn"></g><g v="sing"></g><g v="accs"></g></l></v></tfr></token><token id="643534" text="в"><tfr rev_id="1475644" t="в"><v><l t="в" id="37409"><g v="PREP"></g></l></v></tfr></token><token id="643535" text="2012"><tfr rev_id="2462156" t="2012"><v><l t="2012" id="0"><g v="NUMB"></g></l></v></tfr></token><token id="643536" text="году"><tfr rev_id="2964675" t="году"><v><l t="год" id="72149"><g v="NOUN"></g><g v="inan"></g><g v="masc"></g><g v="sing"></g><g v="loc2"></g></l></v></tfr></token><token id="643537" text="."><tfr rev_id="1475647" t="."><v><l t="." id="0"><g v="PNCT"></g></l></v></tfr></token></tokens></sentence><sentence id="36002"><source>«В выборах президента мы будем обязательно принимать участие, потому что если партия не участвует в выборах — это её слабость.</source><tokens><token id="643538" text="«"><tfr rev_id="2445343" t="«"><v><l t="«" id="0"><g v="PNCT"></g></l></v></tfr></token><token id="643539" text="В"><tfr rev_id="1475649" t="В"><v><l t="в" id="37409"><g v="PREP"></g></l></v></tfr></token><token id="643540" text="выборах"><tfr rev_id="4512674" t="выборах"><v><l t="выборы" id="55749"><g v="NOUN"></g><g v="inan"></g><g v="GNdr"></g><g v="Pltm"></g><g v="plur"></g><g v="loct"></g></l></v></tfr></token><token id="643541" text="президента"><tfr rev_id="4397227" t="президента"><v><l t="президент" id="267449"><g v="NOUN"></g><g v="anim"></g><g v="masc"></g><g v="sing"></g><g v="gent"></g></l></v></tfr></token><token id="643542" text="мы"><tfr rev_id="1475652" t="мы"><v><l t="мы" id="165750"><g v="NPRO"></g><g v="1per"></g><g v="plur"></g><g v="nomn"></g></l></v></tfr></token><token id="643543" text="будем"><tfr rev_id="1475653" t="будем"><v><l t="есть" id="37265"><g v="VERB"></g><g v="impf"></g><g v="intr"></g><g v="plur"></g><g v="1per"></g><g v="futr"></g><g v="indc"></g></l></v><v><l t="есть" id="37265"><g v="VERB"></g><g v="impf"></g><g v="intr"></g><g v="sing"></g><g v="impr"></g><g v="incl"></g></l></v></tfr></token><token id="643544" text="обязательно"><tfr rev_id="1475654" t="обязательно"><v><l t="обязательно" id="202085"><g v="ADVB"></g><g v="Prdx"></g></l></v><v><l t="обязателен" id="202089"><g v="ADJS"></g><g v="neut"></g><g v="sing"></g></l></v></tfr></token><token id="643545" text="принимать"><tfr rev_id="1475655" t="принимать"><v><l t="принимать" id="272583"><g v="INFN"></g><g v="impf"></g><g v="tran"></g></l></v></tfr></token><token id="643546" text="участие"><tfr rev_id="4104154" t="участие"><v><l t="участие" id="363132"><g v="NOUN"></g><g v="inan"></g><g v="neut"></g><g v="sing"></g><g v="accs"></g></l></v></tfr></token><token id="643547" text=","><tfr rev_id="1475657" t=","><v><l t="," id="0"><g v="PNCT"></g></l></v></tfr></token><token id="643548" text="потому"><tfr rev_id="1475658" t="потому"><v><l t="потому" id="263335"><g v="ADVB"></g><g v="Dmns"></g></l></v></tfr></token><token id="643549" text="что"><tfr rev_id="3197211" t="что"><v><l t="что" id="377004"><g v="CONJ"></g></l></v><v><l t="что" id="377005"><g v="NPRO"></g><g v="neut"></g><g v="sing"></g><g v="nomn"></g></l></v><v><l t="что" id="377005"><g v="NPRO"></g><g v="neut"></g><g v="sing"></g><g v="accs"></g></l></v><v><l t="что" id="377006"><g v="ADVB"></g><g v="Ques"></g></l></v><v><l t="что" id="388695"><g v="PRCL"></g></l></v></tfr></token><token id="643550" text="если"><tfr rev_id="1475660" t="если"><v><l t="если" id="95365"><g v="CONJ"></g></l></v></tfr></token><token id="643551" text="партия"><tfr rev_id="1475661" t="партия"><v><l t="партия" id="224431"><g v="NOUN"></g><g v="inan"></g><g v="femn"></g><g v="sing"></g><g v="nomn"></g></l></v></tfr></token><token id="643552" text="не"><tfr rev_id="1475662" t="не"><v><l t="не" id="178876"><g v="PRCL"></g></l></v></tfr></token><token id="643553" text="участвует"><tfr rev_id="1475663" t="участвует"><v><l t="участвую" id="363127"><g v="VERB"></g><g v="impf"></g><g v="intr"></g><g v="sing"></g><g v="3per"></g><g v="pres"></g><g v="indc"></g></l></v></tfr></token><token id="643554" text="в"><tfr rev_id="1475664" t="в"><v><l t="в" id="37409"><g v="PREP"></g></l></v></tfr></token><token id="643555" text="выборах"><tfr rev_id="1475665" t="выборах"><v><l t="выбор" id="55719"><g v="NOUN"></g><g v="inan"></g><g v="masc"></g><g v="plur"></g><g v="loct"></g></l></v><v><l t="выборы" id="55749"><g v="NOUN"></g><g v="inan"></g><g v="GNdr"></g><g v="Pltm"></g><g v="plur"></g><g v="loct"></g></l></v></tfr></token><token id="643556" text="—"><tfr rev_id="2445344" t="—"><v><l t="—" id="0"><g v="PNCT"></g></l></v></tfr></token><token id="643557" text="это"><tfr rev_id="4342828" t="это"><v><l t="это" id="386575"><g v="NPRO"></g><g v="neut"></g><g v="sing"></g><g v="nomn"></g></l></v><v><l t="это" id="386575"><g v="NPRO"></g><g v="neut"></g><g v="sing"></g><g v="accs"></g></l></v></tfr></token><token id="643558" text="её"><tfr rev_id="4457285" t="её"><v><l t="её" id="94433"><g v="ADJF"></g><g v="Fixd"></g><g v="Apro"></g><g v="Anph"></g><g v="femn"></g><g v="sing"></g><g v="nomn"></g></l></v><v><l t="её" id="94433"><g v="ADJF"></g><g v="Fixd"></g><g v="Apro"></g><g v="Anph"></g><g v="femn"></g><g v="sing"></g><g v="gent"></g></l></v><v><l t="её" id="94433"><g v="ADJF"></g><g v="Fixd"></g><g v="Apro"></g><g v="Anph"></g><g v="femn"></g><g v="sing"></g><g v="datv"></g></l></v><v><l t="её" id="94433"><g v="ADJF"></g><g v="Fixd"></g><g v="Apro"></g><g v="Anph"></g><g v="femn"></g><g v="sing"></g><g v="accs"></g></l></v><v><l t="её" id="94433"><g v="ADJF"></g><g v="Fixd"></g><g v="Apro"></g><g v="Anph"></g><g v="femn"></g><g v="sing"></g><g v="ablt"></g></l></v><v><l t="её" id="94433"><g v="ADJF"></g><g v="Fixd"></g><g v="Apro"></g><g v="Anph"></g><g v="femn"></g><g v="sing"></g><g v="loct"></g></l></v></tfr></token><token id="643559" text="слабость"><tfr rev_id="1475669" t="слабость"><v><l t="слабость" id="324340"><g v="NOUN"></g><g v="inan"></g><g v="femn"></g><g v="sing"></g><g v="nomn"></g></l></v><v><l t="слабость" id="324340"><g v="NOUN"></g><g v="inan"></g><g v="femn"></g><g v="sing"></g><g v="accs"></g></l></v></tfr></token><token id="643560" text="."><tfr rev_id="1475670" t="."><v><l t="." id="0"><g v="PNCT"></g></l></v></tfr></token></tokens></sentence><sentence id="36003"><source>Как может партия не участвовать в выборах?</source><tokens><token id="643561" text="Как"><tfr rev_id="1475671" t="Как"><v><l t="как" id="128190"><g v="CONJ"></g></l></v><v><l t="как" id="128191"><g v="PRCL"></g></l></v><v><l t="как" id="128192"><g v="ADVB"></g><g v="Ques"></g></l></v></tfr></token><token id="643562" text="может"><tfr rev_id="4229819" t="может"><v><l t="могу" id="164485"><g v="VERB"></g><g v="impf"></g><g v="intr"></g><g v="sing"></g><g v="3per"></g><g v="pres"></g><g v="indc"></g></l></v></tfr></token><token id="643563" text="партия"><tfr rev_id="1475673" t="партия"><v><l t="партия" id="224431"><g v="NOUN"></g><g v="inan"></g><g v="femn"></g><g v="sing"></g><g v="nomn"></g></l></v></tfr></token><token id="643564" text="не"><tfr rev_id="1475674" t="не"><v><l t="не" id="178876"><g v="PRCL"></g></l></v></tfr></token><token id="643565" text="участвовать"><tfr rev_id="1475675" t="участвовать"><v><l t="участвовать" id="363128"><g v="INFN"></g><g v="impf"></g><g v="intr"></g></l></v></tfr></token><token id="643566" text="в"><tfr rev_id="1475676" t="в"><v><l t="в" id="37409"><g v="PREP"></g></l></v></tfr></token><token id="643567" text="выборах"><tfr rev_id="1475677" t="выборах"><v><l t="выбор" id="55719"><g v="NOUN"></g><g v="inan"></g><g v="masc"></g><g v="plur"></g><g v="loct"></g></l></v><v><l t="выборы" id="55749"><g v="NOUN"></g><g v="inan"></g><g v="GNdr"></g><g v="Pltm"></g><g v="plur"></g><g v="loct"></g></l></v></tfr></token><token id="643568" text="?"><tfr rev_id="1475678" t="?"><v><l t="?" id="0"><g v="PNCT"></g></l></v></tfr></token></tokens></sentence><sentence id="36004"><source>Поэтому пойдём.</source><tokens><token id="643569" text="Поэтому"><tfr rev_id="1475679" t="Поэтому"><v><l t="поэтому" id="265490"><g v="ADVB"></g></l></v></tfr></token><token id="643570" text="пойдём"><tfr rev_id="1475680" t="пойдём"><v><l t="пошёл" id="253964"><g v="VERB"></g><g v="perf"></g><g v="intr"></g><g v="plur"></g><g v="1per"></g><g v="futr"></g><g v="indc"></g></l></v><v><l t="пошёл" id="253964"><g v="VERB"></g><g v="perf"></g><g v="intr"></g><g v="sing"></g><g v="impr"></g><g v="incl"></g></l></v></tfr></token><token id="643571" text="."><tfr rev_id="1475681" t="."><v><l t="." id="0"><g v="PNCT"></g></l></v></tfr></token></tokens></sentence><sentence id="36005"><source>Расклад будет, я думаю, такой: кто-то от Кремля, от КПРФ, от ЛДПР.</source><tokens><token id="643572" text="Расклад"><tfr rev_id="1475682" t="Расклад"><v><l t="расклад" id="298441"><g v="NOUN"></g><g v="inan"></g><g v="masc"></g><g v="sing"></g><g v="nomn"></g></l></v><v><l t="расклад" id="298441"><g v="NOUN"></g><g v="inan"></g><g v="masc"></g><g v="sing"></g><g v="accs"></g></l></v></tfr></token><token id="643573" text="будет"><tfr rev_id="1475683" t="будет"><v><l t="есть" id="37265"><g v="VERB"></g><g v="impf"></g><g v="intr"></g><g v="sing"></g><g v="3per"></g><g v="futr"></g><g v="indc"></g></l></v></tfr></token><token id="643574" text=","><tfr rev_id="1475684" t=","><v><l t="," id="0"><g v="PNCT"></g></l></v></tfr></token><token id="643575" text="я"><tfr rev_id="1475685" t="я"><v><l t="я" id="387317"><g v="NPRO"></g><g v="1per"></g><g v="sing"></g><g v="nomn"></g></l></v></tfr></token><token id="643576" text="думаю"><tfr rev_id="1475686" t="думаю"><v><l t="думаю" id="92996"><g v="VERB"></g><g v="impf"></g><g v="tran"></g><g v="sing"></g><g v="1per"></g><g v="pres"></g><g v="indc"></g></l></v><v><l t="думаю" id="93001"><g v="VERB"></g><g v="impf"></g><g v="intr"></g><g v="sing"></g><g v="1per"></g><g v="pres"></g><g v="indc"></g></l></v></tfr></token><token id="643577" text=","><tfr rev_id="1475687" t=","><v><l t="," id="0"><g v="PNCT"></g></l></v></tfr></token><token id="643578" text="такой"><tfr rev_id="2635599" t="такой"><v><l t="такой" id="342491"><g v="ADJF"></g><g v="Apro"></g><g v="masc"></g><g v="sing"></g><g v="nomn"></g></l></v><v><l t="такой" id="342491"><g v="ADJF"></g><g v="Apro"></g><g v="inan"></g><g v="masc"></g><g v="sing"></g><g v="accs"></g></l></v></tfr></token><token id="643579" text=":"><tfr rev_id="1475689" t=":"><v><l t=":" id="0"><g v="PNCT"></g></l></v></tfr></token><token id="643580" text="кто-то"><tfr rev_id="1475690" t="кто-то"><v><l t="кто-то" id="144219"><g v="NPRO"></g><g v="masc"></g><g v="sing"></g><g v="nomn"></g></l></v></tfr></token><token id="643581" text="от"><tfr rev_id="1475691" t="от"><v><l t="от" id="211644"><g v="PREP"></g></l></v></tfr></token><token id="643582" text="Кремля"><tfr rev_id="1475692" t="Кремля"><v><l t="кремль" id="142282"><g v="NOUN"></g><g v="inan"></g><g v="masc"></g><g v="sing"></g><g v="gent"></g></l></v></tfr></token><token id="643583" text=","><tfr rev_id="1475693" t=","><v><l t="," id="0"><g v="PNCT"></g></l></v></tfr></token><token id="643584" text="от"><tfr rev_id="1475694" t="от"><v><l t="от" id="211644"><g v="PREP"></g></l></v></tfr></token><token id="643585" text="КПРФ"><tfr rev_id="3484391" t="КПРФ"><v><l t="кпрф" id="141449"><g v="NOUN"></g><g v="inan"></g><g v="femn"></g><g v="Sgtm"></g><g v="Fixd"></g><g v="Abbr"></g><g v="Orgn"></g><g v="sing"></g><g v="gent"></g></l></v></tfr></token><token id="643586" text=","><tfr rev_id="1475696" t=","><v><l t="," id="0"><g v="PNCT"></g></l></v></tfr></token><token id="643587" text="от"><tfr rev_id="1475697" t="от"><v><l t="от" id="211644"><g v="PREP"></g></l></v></tfr></token><token id="643588" text="ЛДПР"><tfr rev_id="3509309" t="ЛДПР"><v><l t="лдпр" id="147263"><g v="NOUN"></g><g v="inan"></g><g v="femn"></g><g v="Sgtm"></g><g v="Fixd"></g><g v="Abbr"></g><g v="Orgn"></g><g v="sing"></g><g v="gent"></g></l></v></tfr></token><token id="643589" text="."><tfr rev_id="1475699" t="."><v><l t="." id="0"><g v="PNCT"></g></l></v></tfr></token></tokens></sentence><sentence id="36006"><source>Могут четвёртого запустить от «Справедливой России».</source><tokens><token id="643590" text="Могут"><tfr rev_id="1475700" t="Могут"><v><l t="могу" id="164485"><g v="VERB"></g><g v="impf"></g><g v="intr"></g><g v="plur"></g><g v="3per"></g><g v="pres"></g><g v="indc"></g></l></v></tfr></token><token id="643591" text="четвёртого"><tfr rev_id="3408103" t="четвёртого"><v><l t="четвёртый" id="376074"><g v="ADJF"></g><g v="Anum"></g><g v="masc"></g><g v="sing"></g><g v="gent"></g></l></v><v><l t="четвёртый" id="376074"><g v="ADJF"></g><g v="Anum"></g><g v="anim"></g><g v="masc"></g><g v="sing"></g><g v="accs"></g></l></v></tfr></token><token id="643592" text="запустить"><tfr rev_id="1475702" t="запустить"><v><l t="запустить" id="108327"><g v="INFN"></g><g v="perf"></g><g v="tran"></g></l></v></tfr></token><token id="643593" text="от"><tfr rev_id="1475703" t="от"><v><l t="от" id="211644"><g v="PREP"></g></l></v></tfr></token><token id="643594" text="«"><tfr rev_id="2445345" t="«"><v><l t="«" id="0"><g v="PNCT"></g></l></v></tfr></token><token id="643595" text="Справедливой"><tfr rev_id="3301393" t="Справедливой"><v><l t="справедливый" id="332889"><g v="ADJF"></g><g v="Qual"></g><g v="femn"></g><g v="sing"></g><g v="gent"></g></l></v></tfr></token><token id="643596" text="России"><tfr rev_id="2782033" t="России"><v><l t="россия" id="309322"><g v="NOUN"></g><g v="inan"></g><g v="femn"></g><g v="Sgtm"></g><g v="Geox"></g><g v="sing"></g><g v="gent"></g></l></v></tfr></token><token id="643597" text="»"><tfr rev_id="2445346" t="»"><v><l t="»" id="0"><g v="PNCT"></g></l></v></tfr></token><token id="643598" text="."><tfr rev_id="1475708" t="."><v><l t="." id="0"><g v="PNCT"></g></l></v></tfr></token></tokens></sentence><sentence id="36007"><source>От ЛДПР сам пойду»,</source><tokens><token id="643599" text="От"><tfr rev_id="1475709" t="От"><v><l t="от" id="211644"><g v="PREP"></g></l></v></tfr></token><token id="643600" text="ЛДПР"><tfr rev_id="4098595" t="ЛДПР"><v><l t="лдпр" id="147263"><g v="NOUN"></g><g v="inan"></g><g v="femn"></g><g v="Sgtm"></g><g v="Fixd"></g><g v="Abbr"></g><g v="Orgn"></g><g v="sing"></g><g v="gent"></g></l></v></tfr></token><token id="643601" text="сам"><tfr rev_id="1475711" t="сам"><v><l t="сам" id="312034"><g v="ADJF"></g><g v="Apro"></g><g v="masc"></g><g v="sing"></g><g v="nomn"></g></l></v><v><l t="сам" id="312034"><g v="ADJF"></g><g v="Apro"></g><g v="inan"></g><g v="masc"></g><g v="sing"></g><g v="accs"></g></l></v></tfr></token><token id="643602" text="пойду"><tfr rev_id="1475712" t="пойду"><v><l t="пошёл" id="253964"><g v="VERB"></g><g v="perf"></g><g v="intr"></g><g v="sing"></g><g v="1per"></g><g v="futr"></g><g v="indc"></g></l></v></tfr></token><token id="643603" text="»"><tfr rev_id="2445347" t="»"><v><l t="»" id="0"><g v="PNCT"></g></l></v></tfr></token><token id="643604" text=","><tfr rev_id="1475714" t=","><v><l t="," id="0"><g v="PNCT"></g></l></v></tfr></token></tokens></sentence><sentence id="36008"><source>— цитирует РИА «Новости» Владимира Жириновского.</source><tokens><token id="643605" text="—"><tfr rev_id="2445348" t="—"><v><l t="—" id="0"><g v="PNCT"></g></l></v></tfr></token><token id="643606" text="цитирует"><tfr rev_id="1475716" t="цитирует"><v><l t="цитирую" id="374102"><g v="VERB"></g><g v="impf"></g><g v="tran"></g><g v="sing"></g><g v="3per"></g><g v="pres"></g><g v="indc"></g></l></v></tfr></token><token id="643607" text="РИА"><tfr rev_id="4138929" t="РИА"><v><l t="риа" id="307554"><g v="NOUN"></g><g v="inan"></g><g v="neut"></g><g v="Sgtm"></g><g v="Fixd"></g><g v="Abbr"></g><g v="Orgn"></g><g v="sing"></g><g v="nomn"></g></l></v></tfr></token><token id="643608" text="«"><tfr rev_id="2445349" t="«"><v><l t="«" id="0"><g v="PNCT"></g></l></v></tfr></token><token id="643609" text="Новости"><tfr rev_id="3796414" t="Новости"><v><l t="новость" id="191855"><g v="NOUN"></g><g v="inan"></g><g v="femn"></g><g v="plur"></g><g v="nomn"></g></l></v></tfr></token><token id="643610" text="»"><tfr rev_id="2445350" t="»"><v><l t="»" id="0"><g v="PNCT"></g></l></v></tfr></token><token id="643611" text="Владимира"><tfr rev_id="4461863" t="Владимира"><v><l t="владимир" id="46610"><g v="NOUN"></g><g v="anim"></g><g v="masc"></g><g v="Name"></g><g v="sing"></g><g v="accs"></g></l></v></tfr></token><token id="643612" text="Жириновского"><tfr rev_id="4363779" t="Жириновского"><v><l t="жириновский" id="97445"><g v="NOUN"></g><g v="anim"></g><g v="masc"></g><g v="Sgtm"></g><g v="Surn"></g><g v="sing"></g><g v="accs"></g></l></v></tfr></token><token id="643613" text="."><tfr rev_id="1475723" t="."><v><l t="." id="0"><g v="PNCT"></g></l></v></tfr></token></tokens></sentence></paragraph><paragraph id="11411"><sentence id="36009"><source>Руководитель фракции ЛДПР в Госдуме Игорь Лебедев уверен, что Жириновский может получить третье место по итогам президентской гонки.</source><tokens><token id="643614" text="Руководитель"><tfr rev_id="1475724" t="Руководитель"><v><l t="руководитель" id="309980"><g v="NOUN"></g><g v="anim"></g><g v="masc"></g><g v="sing"></g><g v="nomn"></g></l></v></tfr></token><token id="643615" text="фракции"><tfr rev_id="4314057" t="фракции"><v><l t="фракция" id="367943"><g v="NOUN"></g><g v="inan"></g><g v="femn"></g><g v="sing"></g><g v="gent"></g></l></v></tfr></token><token id="643616" text="ЛДПР"><tfr rev_id="3657473" t="ЛДПР"><v><l t="лдпр" id="147263"><g v="NOUN"></g><g v="inan"></g><g v="femn"></g><g v="Sgtm"></g><g v="Fixd"></g><g v="Abbr"></g><g v="Orgn"></g><g v="sing"></g><g v="gent"></g></l></v></tfr></token><token id="643617" text="в"><tfr rev_id="1475727" t="в"><v><l t="в" id="37409"><g v="PREP"></g></l></v></tfr></token><token id="643618" text="Госдуме"><tfr rev_id="3500446" t="Госдуме"><v><l t="госдума" id="73922"><g v="NOUN"></g><g v="inan"></g><g v="femn"></g><g v="Orgn"></g><g v="Sgtm"></g><g v="sing"></g><g v="loct"></g></l></v></tfr></token><token id="643619" text="Игорь"><tfr rev_id="1475729" t="Игорь"><v><l t="игорь" id="117290"><g v="NOUN"></g><g v="anim"></g><g v="masc"></g><g v="Name"></g><g v="sing"></g><g v="nomn"></g></l></v></tfr></token><token id="643620" text="Лебедев"><tfr rev_id="1475730" t="Лебедев"><v><l t="лебедев" id="147287"><g v="NOUN"></g><g v="anim"></g><g v="masc"></g><g v="Sgtm"></g><g v="Surn"></g><g v="sing"></g><g v="nomn"></g></l></v></tfr></token><token id="643621" text="уверен"><tfr rev_id="1475731" t="уверен"><v><l t="уверен" id="353438"><g v="ADJS"></g><g v="Qual"></g><g v="masc"></g><g v="sing"></g></l></v><v><l t="уверен" id="353446"><g v="PRTS"></g><g v="perf"></g><g v="past"></g><g v="pssv"></g><g v="masc"></g><g v="sing"></g></l></v></tfr></token><token id="643622" text=","><tfr rev_id="1475732" t=","><v><l t="," id="0"><g v="PNCT"></g></l></v></tfr></token><token id="643623" text="что"><tfr rev_id="3197212" t="что"><v><l t="что" id="377004"><g v="CONJ"></g></l></v><v><l t="что" id="377005"><g v="NPRO"></g><g v="neut"></g><g v="sing"></g><g v="nomn"></g></l></v><v><l t="что" id="377005"><g v="NPRO"></g><g v="neut"></g><g v="sing"></g><g v="accs"></g></l></v><v><l t="что" id="377006"><g v="ADVB"></g><g v="Ques"></g></l></v><v><l t="что" id="388695"><g v="PRCL"></g></l></v></tfr></token><token id="643624" text="Жириновский"><tfr rev_id="1475734" t="Жириновский"><v><l t="жириновский" id="97445"><g v="NOUN"></g><g v="anim"></g><g v="masc"></g><g v="Sgtm"></g><g v="Surn"></g><g v="sing"></g><g v="nomn"></g></l></v></tfr></token><token id="643625" text="может"><tfr rev_id="3797135" t="может"><v><l t="могу" id="164485"><g v="VERB"></g><g v="impf"></g><g v="intr"></g><g v="sing"></g><g v="3per"></g><g v="pres"></g><g v="indc"></g></l></v></tfr></token><token id="643626" text="получить"><tfr rev_id="1475736" t="получить"><v><l t="получить" id="256960"><g v="INFN"></g><g v="perf"></g><g v="tran"></g></l></v></tfr></token><token id="643627" text="третье"><tfr rev_id="4406889" t="третье"><v><l t="третий" id="349855"><g v="ADJF"></g><g v="Anum"></g><g v="neut"></g><g v="sing"></g><g v="accs"></g></l></v></tfr></token><token id="643628" text="место"><tfr rev_id="3543989" t="место"><v><l t="место" id="158822"><g v="NOUN"></g><g v="inan"></g><g v="neut"></g><g v="sing"></g><g v="accs"></g></l></v></tfr></token><token id="643629" text="по"><tfr rev_id="1475739" t="по"><v><l t="по" id="241240"><g v="PREP"></g></l></v></tfr></token><token id="643630" text="итогам"><tfr rev_id="1475740" t="итогам"><v><l t="итог" id="127141"><g v="NOUN"></g><g v="inan"></g><g v="masc"></g><g v="plur"></g><g v="datv"></g></l></v></tfr></token><token id="643631" text="президентской"><tfr rev_id="4417594" t="президентской"><v><l t="президентский" id="267451"><g v="ADJF"></g><g v="femn"></g><g v="sing"></g><g v="gent"></g></l></v></tfr></token><token id="643632" text="гонки"><tfr rev_id="4209144" t="гонки"><v><l t="гонка" id="72927"><g v="NOUN"></g><g v="inan"></g><g v="femn"></g><g v="sing"></g><g v="gent"></g></l></v></tfr></token><token id="643633" text="."><tfr rev_id="1475743" t="."><v><l t="." id="0"><g v="PNCT"></g></l></v></tfr></token></tokens></sentence><sentence id="36010"><source>«Если будет один кандидат от власти, то у нас будет третье место после представителя партии власти и коммунистов.</source><tokens><token id="643634" text="«"><tfr rev_id="2445351" t="«"><v><l t="«" id="0"><g v="PNCT"></g></l></v></tfr></token><token id="643635" text="Если"><tfr rev_id="1475745" t="Если"><v><l t="если" id="95365"><g v="CONJ"></g></l></v></tfr></token><token id="643636" text="будет"><tfr rev_id="1475746" t="будет"><v><l t="есть" id="37265"><g v="VERB"></g><g v="impf"></g><g v="intr"></g><g v="sing"></g><g v="3per"></g><g v="futr"></g><g v="indc"></g></l></v></tfr></token><token id="643637" text="один"><tfr rev_id="4299673" t="один"><v><l t="один" id="203319"><g v="ADJF"></g><g v="Apro"></g><g v="Anum"></g><g v="masc"></g><g v="sing"></g><g v="nomn"></g></l></v><v><l t="один" id="203319"><g v="ADJF"></g><g v="Apro"></g><g v="Anum"></g><g v="inan"></g><g v="masc"></g><g v="sing"></g><g v="accs"></g></l></v></tfr></token><token id="643638" text="кандидат"><tfr rev_id="1475748" t="кандидат"><v><l t="кандидат" id="129326"><g v="NOUN"></g><g v="anim"></g><g v="masc"></g><g v="sing"></g><g v="nomn"></g></l></v></tfr></token><token id="643639" text="от"><tfr rev_id="1475749" t="от"><v><l t="от" id="211644"><g v="PREP"></g></l></v></tfr></token><token id="643640" text="власти"><tfr rev_id="4174664" t="власти"><v><l t="власть" id="46816"><g v="NOUN"></g><g v="inan"></g><g v="femn"></g><g v="sing"></g><g v="gent"></g></l></v></tfr></token><token id="643641" text=","><tfr rev_id="1475751" t=","><v><l t="," id="0"><g v="PNCT"></g></l></v></tfr></token><token id="643642" text="то"><tfr rev_id="3777596" t="то"><v><l t="то" id="346835"><g v="CONJ"></g></l></v><v><l t="то" id="346836"><g v="PRCL"></g></l></v><v><l t="тот" id="348430"><g v="ADJF"></g><g v="Subx"></g><g v="Apro"></g><g v="Anph"></g><g v="neut"></g><g v="sing"></g><g v="nomn"></g></l></v><v><l t="тот" id="348430"><g v="ADJF"></g><g v="Subx"></g><g v="Apro"></g><g v="Anph"></g><g v="neut"></g><g v="sing"></g><g v="accs"></g></l></v></tfr></token><token id="643643" text="у"><tfr rev_id="3282840" t="у"><v><l t="у" id="352818"><g v="PREP"></g></l></v></tfr></token><token id="643644" text="нас"><tfr rev_id="3499141" t="нас"><v><l t="мы" id="165750"><g v="NPRO"></g><g v="1per"></g><g v="plur"></g><g v="gent"></g></l></v></tfr></token><token id="643645" text="будет"><tfr rev_id="1475755" t="будет"><v><l t="есть" id="37265"><g v="VERB"></g><g v="impf"></g><g v="intr"></g><g v="sing"></g><g v="3per"></g><g v="futr"></g><g v="indc"></g></l></v></tfr></token><token id="643646" text="третье"><tfr rev_id="4406901" t="третье"><v><l t="третий" id="349855"><g v="ADJF"></g><g v="Anum"></g><g v="neut"></g><g v="sing"></g><g v="nomn"></g></l></v></tfr></token><token id="643647" text="место"><tfr rev_id="3272583" t="место"><v><l t="место" id="158822"><g v="NOUN"></g><g v="inan"></g><g v="neut"></g><g v="sing"></g><g v="nomn"></g></l></v></tfr></token><token id="643648" text="после"><tfr rev_id="4406423" t="после"><v><l t="после" id="261542"><g v="PREP"></g></l></v></tfr></token><token id="643649" text="представителя"><tfr rev_id="4215515" t="представителя"><v><l t="представитель" id="267083"><g v="NOUN"></g><g v="anim"></g><g v="masc"></g><g v="sing"></g><g v="gent"></g></l></v></tfr></token><token id="643650" text="партии"><tfr rev_id="4180082" t="партии"><v><l t="партия" id="224431"><g v="NOUN"></g><g v="inan"></g><g v="femn"></g><g v="sing"></g><g v="gent"></g></l></v></tfr></token><token id="643651" text="власти"><tfr rev_id="4179929" t="власти"><v><l t="власть" id="46816"><g v="NOUN"></g><g v="inan"></g><g v="femn"></g><g v="sing"></g><g v="gent"></g></l></v></tfr></token><token id="643652" text="и"><tfr rev_id="3712334" t="и"><v><l t="и" id="116949"><g v="CONJ"></g></l></v></tfr></token><token id="643653" text="коммунистов"><tfr rev_id="3704533" t="коммунистов"><v><l t="коммунист" id="137053"><g v="NOUN"></g><g v="anim"></g><g v="masc"></g><g v="plur"></g><g v="gent"></g></l></v></tfr></token><token id="643654" text="."><tfr rev_id="1475764" t="."><v><l t="." id="0"><g v="PNCT"></g></l></v></tfr></token></tokens></sentence><sentence id="36011"><source>Что касается думской федеральной кампании, то у ЛДПР как минимум третье место после партии власти и КПРФ.</source><tokens><token id="643655" text="Что"><tfr rev_id="3197213" t="Что"><v><l t="что" id="377004"><g v="CONJ"></g></l></v><v><l t="что" id="377005"><g v="NPRO"></g><g v="neut"></g><g v="sing"></g><g v="nomn"></g></l></v><v><l t="что" id="377005"><g v="NPRO"></g><g v="neut"></g><g v="sing"></g><g v="accs"></g></l></v><v><l t="что" id="377006"><g v="ADVB"></g><g v="Ques"></g></l></v><v><l t="что" id="388695"><g v="PRCL"></g></l></v></tfr></token><token id="643656" text="касается"><tfr rev_id="1475766" t="касается"><v><l t="касаюсь" id="130961"><g v="VERB"></g><g v="impf"></g><g v="intr"></g><g v="sing"></g><g v="3per"></g><g v="pres"></g><g v="indc"></g></l></v></tfr></token><token id="643657" text="думской"><tfr rev_id="3284644" t="думской"><v><l t="думский" id="93022"><g v="ADJF"></g><g v="femn"></g><g v="sing"></g><g v="gent"></g></l></v></tfr></token><token id="643658" text="федеральной"><tfr rev_id="4315190" t="федеральной"><v><l t="федеральный" id="364933"><g v="ADJF"></g><g v="femn"></g><g v="sing"></g><g v="gent"></g></l></v></tfr></token><token id="643659" text="кампании"><tfr rev_id="3495127" t="кампании"><v><l t="кампания" id="129077"><g v="NOUN"></g><g v="inan"></g><g v="femn"></g><g v="sing"></g><g v="gent"></g></l></v><v><l t="кампания" id="129077"><g v="NOUN"></g><g v="inan"></g><g v="femn"></g><g v="sing"></g><g v="datv"></g></l></v><v><l t="кампания" id="129077"><g v="NOUN"></g><g v="inan"></g><g v="femn"></g><g v="sing"></g><g v="loct"></g></l></v><v><l t="кампания" id="129078"><g v="NOUN"></g><g v="inan"></g><g v="femn"></g><g v="Sgtm"></g><g v="Geox"></g><g v="sing"></g><g v="gent"></g></l></v><v><l t="кампания" id="129078"><g v="NOUN"></g><g v="inan"></g><g v="femn"></g><g v="Sgtm"></g><g v="Geox"></g><g v="sing"></g><g v="datv"></g></l></v><v><l t="кампания" id="129078"><g v="NOUN"></g><g v="inan"></g><g v="femn"></g><g v="Sgtm"></g><g v="Geox"></g><g v="sing"></g><g v="loct"></g></l></v></tfr></token><token id="643660" text=","><tfr rev_id="1475770" t=","><v><l t="," id="0"><g v="PNCT"></g></l></v></tfr></token><token id="643661" text="то"><tfr rev_id="4425063" t="то"><v><l t="то" id="346835"><g v="CONJ"></g></l></v></tfr></token><token id="643662" text="у"><tfr rev_id="3328241" t="у"><v><l t="у" id="352818"><g v="PREP"></g></l></v></tfr></token><token id="643663" text="ЛДПР"><tfr rev_id="4138268" t="ЛДПР"><v><l t="лдпр" id="147263"><g v="NOUN"></g><g v="inan"></g><g v="femn"></g><g v="Sgtm"></g><g v="Fixd"></g><g v="Abbr"></g><g v="Orgn"></g><g v="sing"></g><g v="gent"></g></l></v></tfr></token><token id="643664" text="как"><tfr rev_id="1475774" t="как"><v><l t="как" id="128190"><g v="CONJ"></g></l></v><v><l t="как" id="128191"><g v="PRCL"></g></l></v><v><l t="как" id="128192"><g v="ADVB"></g><g v="Ques"></g></l></v></tfr></token><token id="643665" text="минимум"><tfr rev_id="2690788" t="минимум"><v><l t="минимум" id="160582"><g v="NOUN"></g><g v="inan"></g><g v="masc"></g><g v="sing"></g><g v="nomn"></g></l></v><v><l t="минимум" id="160582"><g v="NOUN"></g><g v="inan"></g><g v="masc"></g><g v="sing"></g><g v="accs"></g></l></v><v><l t="минимум" id="388667"><g v="PRCL"></g></l></v></tfr></token><token id="643666" text="третье"><tfr rev_id="4154154" t="третье"><v><l t="третий" id="349855"><g v="ADJF"></g><g v="Anum"></g><g v="neut"></g><g v="sing"></g><g v="nomn"></g></l></v><v><l t="третий" id="349855"><g v="ADJF"></g><g v="Anum"></g><g v="neut"></g><g v="sing"></g><g v="accs"></g></l></v></tfr></token><token id="643667" text="место"><tfr rev_id="3503264" t="место"><v><l t="место" id="158822"><g v="NOUN"></g><g v="inan"></g><g v="neut"></g><g v="sing"></g><g v="nomn"></g></l></v></tfr></token><token id="643668" text="после"><tfr rev_id="4455958" t="после"><v><l t="после" id="261542"><g v="PREP"></g></l></v></tfr></token><token id="643669" text="партии"><tfr rev_id="4280888" t="партии"><v><l t="партия" id="224431"><g v="NOUN"></g><g v="inan"></g><g v="femn"></g><g v="sing"></g><g v="gent"></g></l></v></tfr></token><token id="643670" text="власти"><tfr rev_id="3487435" t="власти"><v><l t="власть" id="46816"><g v="NOUN"></g><g v="inan"></g><g v="femn"></g><g v="sing"></g><g v="gent"></g></l></v><v><l t="власть" id="46816"><g v="NOUN"></g><g v="inan"></g><g v="femn"></g><g v="sing"></g><g v="datv"></g></l></v><v><l t="власть" id="46816"><g v="NOUN"></g><g v="inan"></g><g v="femn"></g><g v="sing"></g><g v="loct"></g></l></v></tfr></token><token id="643671" text="и"><tfr rev_id="1475781" t="и"><v><l t="и" id="116949"><g v="CONJ"></g></l></v><v><l t="и" id="116950"><g v="INTJ"></g></l></v></tfr></token><token id="643672" text="КПРФ"><tfr rev_id="3657331" t="КПРФ"><v><l t="кпрф" id="141449"><g v="NOUN"></g><g v="inan"></g><g v="femn"></g><g v="Sgtm"></g><g v="Fixd"></g><g v="Abbr"></g><g v="Orgn"></g><g v="sing"></g><g v="gent"></g></l></v></tfr></token><token id="643673" text="."><tfr rev_id="1475783" t="."><v><l t="." id="0"><g v="PNCT"></g></l></v></tfr></token></tokens></sentence><sentence id="36012"><source>Если эсеры никакого лидера себе до выборов не найдут и будут в том виде, в котором они сейчас, то даже прохождение в Думу у них под большим знаком вопроса.</source><tokens><token id="643674" text="Если"><tfr rev_id="1475784" t="Если"><v><l t="если" id="95365"><g v="CONJ"></g></l></v></tfr></token><token id="643675" text="эсеры"><tfr rev_id="1475785" t="эсеры"><v><l t="эсер" id="386182"><g v="NOUN"></g><g v="anim"></g><g v="masc"></g><g v="plur"></g><g v="nomn"></g></l></v></tfr></token><token id="643676" text="никакого"><tfr rev_id="4165161" t="никакого"><v><l t="никакой" id="190841"><g v="ADJF"></g><g v="Apro"></g><g v="masc"></g><g v="sing"></g><g v="gent"></g></l></v><v><l t="никакой" id="190841"><g v="ADJF"></g><g v="Apro"></g><g v="anim"></g><g v="masc"></g><g v="sing"></g><g v="accs"></g></l></v></tfr></token><token id="643677" text="лидера"><tfr rev_id="2931321" t="лидера"><v><l t="лидер" id="149007"><g v="NOUN"></g><g v="anim"></g><g v="masc"></g><g v="sing"></g><g v="accs"></g></l></v></tfr></token><token id="643678" text="себе"><tfr rev_id="4399402" t="себе"><v><l t="себя" id="317456"><g v="NPRO"></g><g v="Anph"></g><g v="sing"></g><g v="datv"></g></l></v></tfr></token><token id="643679" text="до"><tfr rev_id="1475789" t="до"><v><l t="до" id="85153"><g v="PREP"></g></l></v></tfr></token><token id="643680" text="выборов"><tfr rev_id="1475790" t="выборов"><v><l t="выбор" id="55719"><g v="NOUN"></g><g v="inan"></g><g v="masc"></g><g v="plur"></g><g v="gent"></g></l></v><v><l t="выборы" id="55749"><g v="NOUN"></g><g v="inan"></g><g v="GNdr"></g><g v="Pltm"></g><g v="plur"></g><g v="gent"></g></l></v></tfr></token><token id="643681" text="не"><tfr rev_id="1475791" t="не"><v><l t="не" id="178876"><g v="PRCL"></g></l></v></tfr></token><token id="643682" text="найдут"><tfr rev_id="1475792" t="найдут"><v><l t="нашёл" id="170611"><g v="VERB"></g><g v="perf"></g><g v="tran"></g><g v="plur"></g><g v="3per"></g><g v="futr"></g><g v="indc"></g></l></v></tfr></token><token id="643683" text="и"><tfr rev_id="1475793" t="и"><v><l t="и" id="116949"><g v="CONJ"></g></l></v><v><l t="и" id="116950"><g v="INTJ"></g></l></v></tfr></token><token id="643684" text="будут"><tfr rev_id="1475794" t="будут"><v><l t="есть" id="37265"><g v="VERB"></g><g v="impf"></g><g v="intr"></g><g v="plur"></g><g v="3per"></g><g v="futr"></g><g v="indc"></g></l></v></tfr></token><token id="643685" text="в"><tfr rev_id="1475795" t="в"><v><l t="в" id="37409"><g v="PREP"></g></l></v></tfr></token><token id="643686" text="том"><tfr rev_id="4376060" t="том"><v><l t="тот" id="348430"><g v="ADJF"></g><g v="Subx"></g><g v="Apro"></g><g v="Anph"></g><g v="masc"></g><g v="sing"></g><g v="loct"></g></l></v></tfr></token><token id="643687" text="виде"><tfr rev_id="1475797" t="виде"><v><l t="вид" id="44437"><g v="NOUN"></g><g v="inan"></g><g v="masc"></g><g v="sing"></g><g v="loc1"></g></l></v></tfr></token><token id="643688" text=","><tfr rev_id="1475798" t=","><v><l t="," id="0"><g v="PNCT"></g></l></v></tfr></token><token id="643689" text="в"><tfr rev_id="1475799" t="в"><v><l t="в" id="37409"><g v="PREP"></g></l></v></tfr></token><token id="643690" text="котором"><tfr rev_id="4373316" t="котором"><v><l t="который" id="141203"><g v="ADJF"></g><g v="Apro"></g><g v="Subx"></g><g v="Anph"></g><g v="masc"></g><g v="sing"></g><g v="loct"></g></l></v></tfr></token><token id="643691" text="они"><tfr rev_id="3599415" t="они"><v><l t="они" id="206619"><g v="NPRO"></g><g v="3per"></g><g v="Anph"></g><g v="plur"></g><g v="nomn"></g></l></v></tfr></token><token id="643692" text="сейчас"><tfr rev_id="1475802" t="сейчас"><v><l t="сейчас" id="317975"><g v="ADVB"></g></l></v></tfr></token><token id="643693" text=","><tfr rev_id="1475803" t=","><v><l t="," id="0"><g v="PNCT"></g></l></v></tfr></token><token id="643694" text="то"><tfr rev_id="3777598" t="то"><v><l t="то" id="346835"><g v="CONJ"></g></l></v><v><l t="то" id="346836"><g v="PRCL"></g></l></v><v><l t="тот" id="348430"><g v="ADJF"></g><g v="Subx"></g><g v="Apro"></g><g v="Anph"></g><g v="neut"></g><g v="sing"></g><g v="nomn"></g></l></v><v><l t="тот" id="348430"><g v="ADJF"></g><g v="Subx"></g><g v="Apro"></g><g v="Anph"></g><g v="neut"></g><g v="sing"></g><g v="accs"></g></l></v></tfr></token><token id="643695" text="даже"><tfr rev_id="4079150" t="даже"><v><l t="даже" id="77849"><g v="PRCL"></g></l></v></tfr></token><token id="643696" text="прохождение"><tfr rev_id="1475806" t="прохождение"><v><l t="прохождение" id="287208"><g v="NOUN"></g><g v="inan"></g><g v="neut"></g><g v="sing"></g><g v="nomn"></g></l></v><v><l t="прохождение" id="287208"><g v="NOUN"></g><g v="inan"></g><g v="neut"></g><g v="sing"></g><g v="accs"></g></l></v></tfr></token><token id="643697" text="в"><tfr rev_id="1475807" t="в"><v><l t="в" id="37409"><g v="PREP"></g></l></v></tfr></token><token id="643698" text="Думу"><tfr rev_id="1475808" t="Думу"><v><l t="дума" id="92991"><g v="NOUN"></g><g v="inan"></g><g v="femn"></g><g v="sing"></g><g v="accs"></g></l></v></tfr></token><token id="643699" text="у"><tfr rev_id="2781402" t="у"><v><l t="у" id="352818"><g v="PREP"></g></l></v></tfr></token><token id="643700" text="них"><tfr rev_id="3711636" t="них"><v><l t="они" id="206619"><g v="NPRO"></g><g v="3per"></g><g v="Anph"></g><g v="plur"></g><g v="gent"></g><g v="Af-p"></g></l></v></tfr></token><token id="643701" text="под"><tfr rev_id="2603656" t="под"><v><l t="под" id="243755"><g v="PREP"></g></l></v></tfr></token><token id="643702" text="большим"><tfr rev_id="4534073" t="большим"><v><l t="больший" id="32439"><g v="ADJF"></g><g v="Qual"></g><g v="masc"></g><g v="sing"></g><g v="ablt"></g></l></v><v><l t="большой" id="32445"><g v="ADJF"></g><g v="Qual"></g><g v="masc"></g><g v="sing"></g><g v="ablt"></g></l></v></tfr></token><token id="643703" text="знаком"><tfr rev_id="3704369" t="знаком"><v><l t="знак" id="115903"><g v="NOUN"></g><g v="inan"></g><g v="masc"></g><g v="sing"></g><g v="ablt"></g></l></v></tfr></token><token id="643704" text="вопроса"><tfr rev_id="1475814" t="вопроса"><v><l t="вопрос" id="50830"><g v="NOUN"></g><g v="inan"></g><g v="masc"></g><g v="sing"></g><g v="gent"></g></l></v></tfr></token><token id="643705" text="."><tfr rev_id="1475815" t="."><v><l t="." id="0"><g v="PNCT"></g></l></v></tfr></token></tokens></sentence><sentence id="36013"><source>Поэтому у нас минимум третье место, а возможно, даже есть шанс, что в части субъектов мы коммунистов опередим»,</source><tokens><token id="643706" text="Поэтому"><tfr rev_id="1475816" t="Поэтому"><v><l t="поэтому" id="265490"><g v="ADVB"></g></l></v></tfr></token><token id="643707" text="у"><tfr rev_id="3328160" t="у"><v><l t="у" id="352818"><g v="PREP"></g></l></v></tfr></token><token id="643708" text="нас"><tfr rev_id="3697804" t="нас"><v><l t="мы" id="165750"><g v="NPRO"></g><g v="1per"></g><g v="plur"></g><g v="gent"></g></l></v></tfr></token><token id="643709" text="минимум"><tfr rev_id="2690789" t="минимум"><v><l t="минимум" id="160582"><g v="NOUN"></g><g v="inan"></g><g v="masc"></g><g v="sing"></g><g v="nomn"></g></l></v><v><l t="минимум" id="160582"><g v="NOUN"></g><g v="inan"></g><g v="masc"></g><g v="sing"></g><g v="accs"></g></l></v><v><l t="минимум" id="388667"><g v="PRCL"></g></l></v></tfr></token><token id="643710" text="третье"><tfr rev_id="4154155" t="третье"><v><l t="третий" id="349855"><g v="ADJF"></g><g v="Anum"></g><g v="neut"></g><g v="sing"></g><g v="nomn"></g></l></v><v><l t="третий" id="349855"><g v="ADJF"></g><g v="Anum"></g><g v="neut"></g><g v="sing"></g><g v="accs"></g></l></v></tfr></token><token id="643711" text="место"><tfr rev_id="4106870" t="место"><v><l t="место" id="158822"><g v="NOUN"></g><g v="inan"></g><g v="neut"></g><g v="sing"></g><g v="nomn"></g></l></v></tfr></token><token id="643712" text=","><tfr rev_id="1475822" t=","><v><l t="," id="0"><g v="PNCT"></g></l></v></tfr></token><token id="643713" text="а"><tfr rev_id="3411372" t="а"><v><l t="а" id="51"><g v="CONJ"></g></l></v></tfr></token><token id="643714" text="возможно"><tfr rev_id="1475824" t="возможно"><v><l t="возможно" id="49408"><g v="ADVB"></g><g v="Prdx"></g></l></v><v><l t="возможно" id="49409"><g v="CONJ"></g><g v="Prnt"></g></l></v><v><l t="возможен" id="49413"><g v="ADJS"></g><g v="Qual"></g><g v="neut"></g><g v="sing"></g></l></v></tfr></token><token id="643715" text=","><tfr rev_id="1475825" t=","><v><l t="," id="0"><g v="PNCT"></g></l></v></tfr></token><token id="643716" text="даже"><tfr rev_id="4079151" t="даже"><v><l t="даже" id="77849"><g v="PRCL"></g></l></v></tfr></token><token id="643717" text="есть"><tfr rev_id="4388025" t="есть"><v><l t="есть" id="37265"><g v="VERB"></g><g v="impf"></g><g v="intr"></g><g v="sing"></g><g v="3per"></g><g v="pres"></g><g v="indc"></g></l></v><v><l t="есть" id="37265"><g v="VERB"></g><g v="impf"></g><g v="intr"></g><g v="plur"></g><g v="3per"></g><g v="pres"></g><g v="indc"></g></l></v></tfr></token><token id="643718" text="шанс"><tfr rev_id="3679138" t="шанс"><v><l t="шанс" id="378026"><g v="NOUN"></g><g v="inan"></g><g v="masc"></g><g v="sing"></g><g v="nomn"></g></l></v></tfr></token><token id="643719" text=","><tfr rev_id="1475829" t=","><v><l t="," id="0"><g v="PNCT"></g></l></v></tfr></token><token id="643720" text="что"><tfr rev_id="3197214" t="что"><v><l t="что" id="377004"><g v="CONJ"></g></l></v><v><l t="что" id="377005"><g v="NPRO"></g><g v="neut"></g><g v="sing"></g><g v="nomn"></g></l></v><v><l t="что" id="377005"><g v="NPRO"></g><g v="neut"></g><g v="sing"></g><g v="accs"></g></l></v><v><l t="что" id="377006"><g v="ADVB"></g><g v="Ques"></g></l></v><v><l t="что" id="388695"><g v="PRCL"></g></l></v></tfr></token><token id="643721" text="в"><tfr rev_id="1475831" t="в"><v><l t="в" id="37409"><g v="PREP"></g></l></v></tfr></token><token id="643722" text="части"><tfr rev_id="3546469" t="части"><v><l t="часть" id="374820"><g v="NOUN"></g><g v="inan"></g><g v="femn"></g><g v="sing"></g><g v="gent"></g></l></v><v><l t="часть" id="374820"><g v="NOUN"></g><g v="inan"></g><g v="femn"></g><g v="sing"></g><g v="datv"></g></l></v><v><l t="часть" id="374820"><g v="NOUN"></g><g v="inan"></g><g v="femn"></g><g v="sing"></g><g v="loct"></g></l></v></tfr></token><token id="643723" text="субъектов"><tfr rev_id="4331064" t="субъектов"><v><l t="субъект" id="338833"><g v="NOUN"></g><g v="inan"></g><g v="masc"></g><g v="plur"></g><g v="gent"></g></l></v></tfr></token><token id="643724" text="мы"><tfr rev_id="1475834" t="мы"><v><l t="мы" id="165750"><g v="NPRO"></g><g v="1per"></g><g v="plur"></g><g v="nomn"></g></l></v></tfr></token><token id="643725" text="коммунистов"><tfr rev_id="3538155" t="коммунистов"><v><l t="коммунист" id="137053"><g v="NOUN"></g><g v="anim"></g><g v="masc"></g><g v="plur"></g><g v="accs"></g></l></v></tfr></token><token id="643726" text="опередим"><tfr rev_id="1475836" t="опередим"><v><l t="опередил" id="206958"><g v="VERB"></g><g v="perf"></g><g v="tran"></g><g v="plur"></g><g v="1per"></g><g v="futr"></g><g v="indc"></g></l></v><v><l t="опередил" id="206958"><g v="VERB"></g><g v="perf"></g><g v="tran"></g><g v="sing"></g><g v="impr"></g><g v="incl"></g></l></v></tfr></token><token id="643727" text="»"><tfr rev_id="2445352" t="»"><v><l t="»" id="0"><g v="PNCT"></g></l></v></tfr></token><token id="643728" text=","><tfr rev_id="1475838" t=","><v><l t="," id="0"><g v="PNCT"></g></l></v></tfr></token></tokens></sentence><sentence id="36014"><source>— отметил руководитель фракции ЛДПР.</source><tokens><token id="643729" text="—"><tfr rev_id="2445353" t="—"><v><l t="—" id="0"><g v="PNCT"></g></l></v></tfr></token><token id="643730" text="отметил"><tfr rev_id="1475840" t="отметил"><v><l t="отметил" id="215584"><g v="VERB"></g><g v="perf"></g><g v="tran"></g><g v="masc"></g><g v="sing"></g><g v="past"></g><g v="indc"></g></l></v></tfr></token><token id="643731" text="руководитель"><tfr rev_id="1475841" t="руководитель"><v><l t="руководитель" id="309980"><g v="NOUN"></g><g v="anim"></g><g v="masc"></g><g v="sing"></g><g v="nomn"></g></l></v></tfr></token><token id="643732" text="фракции"><tfr rev_id="3494385" t="фракции"><v><l t="фракция" id="367943"><g v="NOUN"></g><g v="inan"></g><g v="femn"></g><g v="sing"></g><g v="gent"></g></l></v><v><l t="фракция" id="367943"><g v="NOUN"></g><g v="inan"></g><g v="femn"></g><g v="sing"></g><g v="datv"></g></l></v><v><l t="фракция" id="367943"><g v="NOUN"></g><g v="inan"></g><g v="femn"></g><g v="sing"></g><g v="loct"></g></l></v></tfr></token><token id="643733" text="ЛДПР"><tfr rev_id="3498954" t="ЛДПР"><v><l t="лдпр" id="147263"><g v="NOUN"></g><g v="inan"></g><g v="femn"></g><g v="Sgtm"></g><g v="Fixd"></g><g v="Abbr"></g><g v="Orgn"></g><g v="sing"></g><g v="gent"></g></l></v></tfr></token><token id="643734" text="."><tfr rev_id="1475844" t="."><v><l t="." id="0"><g v="PNCT"></g></l></v></tfr></token></tokens></sentence></paragraph><paragraph id="11412"><sentence id="36015"><source>Стоит отметить, что Владимир Жириновский является рекордсменом по участию в президентских выборах.</source><tokens><token id="643735" text="Стоит"><tfr rev_id="1475845" t="Стоит"><v><l t="стою" id="336464"><g v="VERB"></g><g v="impf"></g><g v="tran"></g><g v="sing"></g><g v="3per"></g><g v="pres"></g><g v="indc"></g></l></v><v><l t="стоило" id="336469"><g v="VERB"></g><g v="impf"></g><g v="intr"></g><g v="Impe"></g><g v="sing"></g><g v="pres"></g><g v="indc"></g></l></v><v><l t="стою" id="336980"><g v="VERB"></g><g v="impf"></g><g v="intr"></g><g v="sing"></g><g v="3per"></g><g v="pres"></g><g v="indc"></g></l></v></tfr></token><token id="643736" text="отметить"><tfr rev_id="1475846" t="отметить"><v><l t="отметить" id="215585"><g v="INFN"></g><g v="perf"></g><g v="tran"></g></l></v></tfr></token><token id="643737" text=","><tfr rev_id="1475847" t=","><v><l t="," id="0"><g v="PNCT"></g></l></v></tfr></token><token id="643738" text="что"><tfr rev_id="3197215" t="что"><v><l t="что" id="377004"><g v="CONJ"></g></l></v><v><l t="что" id="377005"><g v="NPRO"></g><g v="neut"></g><g v="sing"></g><g v="nomn"></g></l></v><v><l t="что" id="377005"><g v="NPRO"></g><g v="neut"></g><g v="sing"></g><g v="accs"></g></l></v><v><l t="что" id="377006"><g v="ADVB"></g><g v="Ques"></g></l></v><v><l t="что" id="388695"><g v="PRCL"></g></l></v></tfr></token><token id="643739" text="Владимир"><tfr rev_id="3492946" t="Владимир"><v><l t="владимир" id="46610"><g v="NOUN"></g><g v="anim"></g><g v="masc"></g><g v="Name"></g><g v="sing"></g><g v="nomn"></g></l></v></tfr></token><token id="643740" text="Жириновский"><tfr rev_id="1475850" t="Жириновский"><v><l t="жириновский" id="97445"><g v="NOUN"></g><g v="anim"></g><g v="masc"></g><g v="Sgtm"></g><g v="Surn"></g><g v="sing"></g><g v="nomn"></g></l></v></tfr></token><token id="643741" text="является"><tfr rev_id="1475851" t="является"><v><l t="являюсь" id="387385"><g v="VERB"></g><g v="impf"></g><g v="intr"></g><g v="sing"></g><g v="3per"></g><g v="pres"></g><g v="indc"></g></l></v></tfr></token><token id="643742" text="рекордсменом"><tfr rev_id="1475852" t="рекордсменом"><v><l t="рекордсмен" id="305807"><g v="NOUN"></g><g v="anim"></g><g v="masc"></g><g v="sing"></g><g v="ablt"></g></l></v></tfr></token><token id="643743" text="по"><tfr rev_id="1475853" t="по"><v><l t="по" id="241240"><g v="PREP"></g></l></v></tfr></token><token id="643744" text="участию"><tfr rev_id="1475854" t="участию"><v><l t="участие" id="363132"><g v="NOUN"></g><g v="inan"></g><g v="neut"></g><g v="sing"></g><g v="datv"></g></l></v></tfr></token><token id="643745" text="в"><tfr rev_id="1475855" t="в"><v><l t="в" id="37409"><g v="PREP"></g></l></v></tfr></token><token id="643746" text="президентских"><tfr rev_id="4356834" t="президентских"><v><l t="президентский" id="267451"><g v="ADJF"></g><g v="plur"></g><g v="loct"></g></l></v></tfr></token><token id="643747" text="выборах"><tfr rev_id="1475857" t="выборах"><v><l t="выбор" id="55719"><g v="NOUN"></g><g v="inan"></g><g v="masc"></g><g v="plur"></g><g v="loct"></g></l></v><v><l t="выборы" id="55749"><g v="NOUN"></g><g v="inan"></g><g v="GNdr"></g><g v="Pltm"></g><g v="plur"></g><g v="loct"></g></l></v></tfr></token><token id="643748" text="."><tfr rev_id="1475858" t="."><v><l t="." id="0"><g v="PNCT"></g></l></v></tfr></token></tokens></sentence><sentence id="36016"><source>Начиная с 1991 года он четыре раза баллотировался на высший пост в стране, но ни разу не набрал больше 10%.</source><tokens><token id="643749" text="Начиная"><tfr rev_id="1475859" t="Начиная"><v><l t="начиная" id="178346"><g v="GRND"></g><g v="impf"></g><g v="tran"></g><g v="pres"></g></l></v></tfr></token><token id="643750" text="с"><tfr rev_id="1475860" t="с"><v><l t="с" id="311151"><g v="PREP"></g></l></v></tfr></token><token id="643751" text="1991"><tfr rev_id="2462157" t="1991"><v><l t="1991" id="0"><g v="NUMB"></g></l></v></tfr></token><token id="643752" text="года"><tfr rev_id="3465168" t="года"><v><l t="год" id="72149"><g v="NOUN"></g><g v="inan"></g><g v="masc"></g><g v="sing"></g><g v="gen1"></g></l></v></tfr></token><token id="643753" text="он"><tfr rev_id="3575697" t="он"><v><l t="он" id="206541"><g v="NPRO"></g><g v="masc"></g><g v="3per"></g><g v="Anph"></g><g v="sing"></g><g v="nomn"></g></l></v></tfr></token><token id="643754" text="четыре"><tfr rev_id="1475864" t="четыре"><v><l t="четыре" id="376181"><g v="NUMR"></g><g v="nomn"></g></l></v><v><l t="четыре" id="376181"><g v="NUMR"></g><g v="inan"></g><g v="accs"></g></l></v></tfr></token><token id="643755" text="раза"><tfr rev_id="3421618" t="раза"><v><l t="раз" id="291500"><g v="NOUN"></g><g v="inan"></g><g v="masc"></g><g v="sing"></g><g v="gen1"></g></l></v></tfr></token><token id="643756" text="баллотировался"><tfr rev_id="1475866" t="баллотировался"><v><l t="баллотируюсь" id="23218"><g v="VERB"></g><g v="impf"></g><g v="intr"></g><g v="masc"></g><g v="sing"></g><g v="past"></g><g v="indc"></g></l></v></tfr></token><token id="643757" text="на"><tfr rev_id="3396284" t="на"><v><l t="на" id="166264"><g v="PREP"></g></l></v></tfr></token><token id="643758" text="высший"><tfr rev_id="1475868" t="высший"><v><l t="высший" id="62141"><g v="ADJF"></g><g v="Supr"></g><g v="Qual"></g><g v="masc"></g><g v="sing"></g><g v="nomn"></g></l></v><v><l t="высший" id="62141"><g v="ADJF"></g><g v="Supr"></g><g v="Qual"></g><g v="inan"></g><g v="masc"></g><g v="sing"></g><g v="accs"></g></l></v></tfr></token><token id="643759" text="пост"><tfr rev_id="4093060" t="пост"><v><l t="пост" id="262073"><g v="NOUN"></g><g v="inan"></g><g v="masc"></g><g v="sing"></g><g v="accs"></g></l></v></tfr></token><token id="643760" text="в"><tfr rev_id="1475870" t="в"><v><l t="в" id="37409"><g v="PREP"></g></l></v></tfr></token><token id="643761" text="стране"><tfr rev_id="3500420" t="стране"><v><l t="страна" id="337100"><g v="NOUN"></g><g v="inan"></g><g v="femn"></g><g v="sing"></g><g v="loct"></g></l></v></tfr></token><token id="643762" text=","><tfr rev_id="1475872" t=","><v><l t="," id="0"><g v="PNCT"></g></l></v></tfr></token><token id="643763" text="но"><tfr rev_id="3411089" t="но"><v><l t="но" id="191429"><g v="CONJ"></g></l></v></tfr></token><token id="643764" text="ни"><tfr rev_id="1475874" t="ни"><v><l t="ни" id="190307"><g v="CONJ"></g></l></v><v><l t="ни" id="190308"><g v="PRCL"></g></l></v></tfr></token><token id="643765" text="разу"><tfr rev_id="4391058" t="разу"><v><l t="раз" id="291500"><g v="NOUN"></g><g v="inan"></g><g v="masc"></g><g v="sing"></g><g v="gen2"></g></l></v></tfr></token><token id="643766" text="не"><tfr rev_id="1475876" t="не"><v><l t="не" id="178876"><g v="PRCL"></g></l></v></tfr></token><token id="643767" text="набрал"><tfr rev_id="1475877" t="набрал"><v><l t="набрал" id="166662"><g v="VERB"></g><g v="perf"></g><g v="tran"></g><g v="masc"></g><g v="sing"></g><g v="past"></g><g v="indc"></g></l></v></tfr></token><token id="643768" text="больше"><tfr rev_id="2558487" t="больше"><v><l t="больше" id="32325"><g v="ADVB"></g></l></v><v><l t="больше" id="32447"><g v="COMP"></g><g v="Qual"></g></l></v></tfr></token><token id="643769" text="10"><tfr rev_id="2462158" t="10"><v><l t="10" id="0"><g v="NUMB"></g></l></v></tfr></token><token id="643770" text="%"><tfr rev_id="2445354" t="%"><v><l t="%" id="0"><g v="PNCT"></g></l></v></tfr></token><token id="643771" text="."><tfr rev_id="1475881" t="."><v><l t="." id="0"><g v="PNCT"></g></l></v></tfr></token></tokens></sentence><sentence id="36017"><source>В 2004 году Жириновский отказался от участия в выборах, как и представители некоторых других оппозиционных партий.</source><tokens><token id="643772" text="В"><tfr rev_id="1475882" t="В"><v><l t="в" id="37409"><g v="PREP"></g></l></v></tfr></token><token id="643773" text="2004"><tfr rev_id="2462159" t="2004"><v><l t="2004" id="0"><g v="NUMB"></g></l></v></tfr></token><token id="643774" text="году"><tfr rev_id="2827620" t="году"><v><l t="год" id="72149"><g v="NOUN"></g><g v="inan"></g><g v="masc"></g><g v="sing"></g><g v="loc2"></g></l></v></tfr></token><token id="643775" text="Жириновский"><tfr rev_id="1475885" t="Жириновский"><v><l t="жириновский" id="97445"><g v="NOUN"></g><g v="anim"></g><g v="masc"></g><g v="Sgtm"></g><g v="Surn"></g><g v="sing"></g><g v="nomn"></g></l></v></tfr></token><token id="643776" text="отказался"><tfr rev_id="1475886" t="отказался"><v><l t="отказался" id="213938"><g v="VERB"></g><g v="perf"></g><g v="intr"></g><g v="masc"></g><g v="sing"></g><g v="past"></g><g v="indc"></g></l></v></tfr></token><token id="643777" text="от"><tfr rev_id="1475887" t="от"><v><l t="от" id="211644"><g v="PREP"></g></l></v></tfr></token><token id="643778" text="участия"><tfr rev_id="3483928" t="участия"><v><l t="участие" id="363132"><g v="NOUN"></g><g v="inan"></g><g v="neut"></g><g v="sing"></g><g v="gent"></g></l></v></tfr></token><token id="643779" text="в"><tfr rev_id="1475889" t="в"><v><l t="в" id="37409"><g v="PREP"></g></l></v></tfr></token><token id="643780" text="выборах"><tfr rev_id="1475890" t="выборах"><v><l t="выбор" id="55719"><g v="NOUN"></g><g v="inan"></g><g v="masc"></g><g v="plur"></g><g v="loct"></g></l></v><v><l t="выборы" id="55749"><g v="NOUN"></g><g v="inan"></g><g v="GNdr"></g><g v="Pltm"></g><g v="plur"></g><g v="loct"></g></l></v></tfr></token><token id="643781" text=","><tfr rev_id="1475891" t=","><v><l t="," id="0"><g v="PNCT"></g></l></v></tfr></token><token id="643782" text="как"><tfr rev_id="1475892" t="как"><v><l t="как" id="128190"><g v="CONJ"></g></l></v><v><l t="как" id="128191"><g v="PRCL"></g></l></v><v><l t="как" id="128192"><g v="ADVB"></g><g v="Ques"></g></l></v></tfr></token><token id="643783" text="и"><tfr rev_id="1475893" t="и"><v><l t="и" id="116949"><g v="CONJ"></g></l></v><v><l t="и" id="116950"><g v="INTJ"></g></l></v></tfr></token><token id="643784" text="представители"><tfr rev_id="1475894" t="представители"><v><l t="представитель" id="267083"><g v="NOUN"></g><g v="anim"></g><g v="masc"></g><g v="plur"></g><g v="nomn"></g></l></v></tfr></token><token id="643785" text="некоторых"><tfr rev_id="3885023" t="некоторых"><v><l t="некоторый" id="183542"><g v="ADJF"></g><g v="Apro"></g><g v="plur"></g><g v="gent"></g></l></v><v><l t="некоторый" id="183542"><g v="ADJF"></g><g v="Apro"></g><g v="anim"></g><g v="plur"></g><g v="accs"></g></l></v><v><l t="некоторый" id="183542"><g v="ADJF"></g><g v="Apro"></g><g v="plur"></g><g v="loct"></g></l></v></tfr></token><token id="643786" text="других"><tfr rev_id="3562124" t="других"><v><l t="другой" id="92342"><g v="ADJF"></g><g v="Apro"></g><g v="Subx"></g><g v="plur"></g><g v="gent"></g></l></v><v><l t="другой" id="92342"><g v="ADJF"></g><g v="Apro"></g><g v="Subx"></g><g v="anim"></g><g v="plur"></g><g v="accs"></g></l></v><v><l t="другой" id="92342"><g v="ADJF"></g><g v="Apro"></g><g v="Subx"></g><g v="plur"></g><g v="loct"></g></l></v></tfr></token><token id="643787" text="оппозиционных"><tfr rev_id="3532471" t="оппозиционных"><v><l t="оппозиционный" id="207892"><g v="ADJF"></g><g v="plur"></g><g v="gent"></g></l></v></tfr></token><token id="643788" text="партий"><tfr rev_id="1475898" t="партий"><v><l t="партия" id="224431"><g v="NOUN"></g><g v="inan"></g><g v="femn"></g><g v="plur"></g><g v="gent"></g></l></v></tfr></token><token id="643789" text="."><tfr rev_id="1475899" t="."><v><l t="." id="0"><g v="PNCT"></g></l></v></tfr></token></tokens></sentence><sentence id="36018"><source>Тогда от ЛДПР в голосовании принимал участие Олег Малышкин, занявший четвёртое место и опередивший лишь Сергея Миронова.</source><tokens><token id="643790" text="Тогда"><tfr rev_id="1475900" t="Тогда"><v><l t="тогда" id="346921"><g v="ADVB"></g><g v="Dmns"></g></l></v></tfr></token><token id="643791" text="от"><tfr rev_id="1475901" t="от"><v><l t="от" id="211644"><g v="PREP"></g></l></v></tfr></token><token id="643792" text="ЛДПР"><tfr rev_id="3496488" t="ЛДПР"><v><l t="лдпр" id="147263"><g v="NOUN"></g><g v="inan"></g><g v="femn"></g><g v="Sgtm"></g><g v="Fixd"></g><g v="Abbr"></g><g v="Orgn"></g><g v="sing"></g><g v="gent"></g></l></v></tfr></token><token id="643793" text="в"><tfr rev_id="1475903" t="в"><v><l t="в" id="37409"><g v="PREP"></g></l></v></tfr></token><token id="643794" text="голосовании"><tfr rev_id="1475904" t="голосовании"><v><l t="голосование" id="72508"><g v="NOUN"></g><g v="inan"></g><g v="neut"></g><g v="sing"></g><g v="loct"></g></l></v></tfr></token><token id="643795" text="принимал"><tfr rev_id="1475905" t="принимал"><v><l t="принимаю" id="272582"><g v="VERB"></g><g v="impf"></g><g v="tran"></g><g v="masc"></g><g v="sing"></g><g v="past"></g><g v="indc"></g></l></v></tfr></token><token id="643796" text="участие"><tfr rev_id="1475906" t="участие"><v><l t="участие" id="363132"><g v="NOUN"></g><g v="inan"></g><g v="neut"></g><g v="sing"></g><g v="nomn"></g></l></v><v><l t="участие" id="363132"><g v="NOUN"></g><g v="inan"></g><g v="neut"></g><g v="sing"></g><g v="accs"></g></l></v></tfr></token><token id="643797" text="Олег"><tfr rev_id="1475907" t="Олег"><v><l t="олег" id="205971"><g v="NOUN"></g><g v="anim"></g><g v="masc"></g><g v="Name"></g><g v="sing"></g><g v="nomn"></g></l></v></tfr></token><token id="643798" text="Малышкин"><tfr rev_id="1475908" t="Малышкин"><v><l t="малышкин" id="0"><g v="UNKN"></g></l></v></tfr></token><token id="643799" text=","><tfr rev_id="1475909" t=","><v><l t="," id="0"><g v="PNCT"></g></l></v></tfr></token><token id="643800" text="занявший"><tfr rev_id="1475910" t="занявший"><v><l t="занявший" id="106585"><g v="PRTF"></g><g v="perf"></g><g v="tran"></g><g v="past"></g><g v="actv"></g><g v="masc"></g><g v="sing"></g><g v="nomn"></g></l></v><v><l t="занявший" id="106585"><g v="PRTF"></g><g v="perf"></g><g v="tran"></g><g v="past"></g><g v="actv"></g><g v="inan"></g><g v="masc"></g><g v="sing"></g><g v="accs"></g></l></v></tfr></token><token id="643801" text="четвёртое"><tfr rev_id="1475911" t="четвёртое"><v><l t="четвёртый" id="376074"><g v="ADJF"></g><g v="Anum"></g><g v="neut"></g><g v="sing"></g><g v="nomn"></g></l></v><v><l t="четвёртый" id="376074"><g v="ADJF"></g><g v="Anum"></g><g v="neut"></g><g v="sing"></g><g v="accs"></g></l></v></tfr></token><token id="643802" text="место"><tfr rev_id="1475912" t="место"><v><l t="место" id="158822"><g v="NOUN"></g><g v="inan"></g><g v="neut"></g><g v="sing"></g><g v="nomn"></g></l></v><v><l t="место" id="158822"><g v="NOUN"></g><g v="inan"></g><g v="neut"></g><g v="sing"></g><g v="accs"></g></l></v></tfr></token><token id="643803" text="и"><tfr rev_id="3486516" t="и"><v><l t="и" id="116949"><g v="CONJ"></g></l></v></tfr></token><token id="643804" text="опередивший"><tfr rev_id="1475914" t="опередивший"><v><l t="опередивший" id="206960"><g v="PRTF"></g><g v="perf"></g><g v="tran"></g><g v="past"></g><g v="actv"></g><g v="masc"></g><g v="sing"></g><g v="nomn"></g></l></v><v><l t="опередивший" id="206960"><g v="PRTF"></g><g v="perf"></g><g v="tran"></g><g v="past"></g><g v="actv"></g><g v="inan"></g><g v="masc"></g><g v="sing"></g><g v="accs"></g></l></v></tfr></token><token id="643805" text="лишь"><tfr rev_id="1475915" t="лишь"><v><l t="лишь" id="150259"><g v="CONJ"></g></l></v><v><l t="лишь" id="150260"><g v="PRCL"></g></l></v></tfr></token><token id="643806" text="Сергея"><tfr rev_id="4397336" t="Сергея"><v><l t="сергей" id="319056"><g v="NOUN"></g><g v="anim"></g><g v="masc"></g><g v="Name"></g><g v="sing"></g><g v="accs"></g></l></v></tfr></token><token id="643807" text="Миронова"><tfr rev_id="4356517" t="Миронова"><v><l t="миронов" id="160926"><g v="NOUN"></g><g v="anim"></g><g v="masc"></g><g v="Sgtm"></g><g v="Surn"></g><g v="sing"></g><g v="accs"></g></l></v></tfr></token><token id="643808" text="."><tfr rev_id="1475918" t="."><v><l t="." id="0"><g v="PNCT"></g></l></v></tfr></token></tokens></sentence></paragraph><paragraph id="11413"><sentence id="36019"><source>О взаимодействии власти и оппозиции читайте в статье Частного корреспондента «Похорон демократии не случилось»</source><tokens><token id="643809" text="О"><tfr rev_id="3327266" t="О"><v><l t="о" id="192977"><g v="PREP"></g></l></v></tfr></token><token id="643810" text="взаимодействии"><tfr rev_id="1475920" t="взаимодействии"><v><l t="взаимодействие" id="42617"><g v="NOUN"></g><g v="inan"></g><g v="neut"></g><g v="sing"></g><g v="loct"></g></l></v></tfr></token><token id="643811" text="власти"><tfr rev_id="3505234" t="власти"><v><l t="власть" id="46816"><g v="NOUN"></g><g v="inan"></g><g v="femn"></g><g v="sing"></g><g v="gent"></g></l></v><v><l t="власть" id="46816"><g v="NOUN"></g><g v="inan"></g><g v="femn"></g><g v="sing"></g><g v="datv"></g></l></v><v><l t="власть" id="46816"><g v="NOUN"></g><g v="inan"></g><g v="femn"></g><g v="sing"></g><g v="loct"></g></l></v></tfr></token><token id="643812" text="и"><tfr rev_id="1475922" t="и"><v><l t="и" id="116949"><g v="CONJ"></g></l></v><v><l t="и" id="116950"><g v="INTJ"></g></l></v></tfr></token><token id="643813" text="оппозиции"><tfr rev_id="3556614" t="оппозиции"><v><l t="оппозиция" id="207895"><g v="NOUN"></g><g v="inan"></g><g v="femn"></g><g v="sing"></g><g v="gent"></g></l></v></tfr></token><token id="643814" text="читайте"><tfr rev_id="1475924" t="читайте"><v><l t="читаю" id="376719"><g v="VERB"></g><g v="impf"></g><g v="tran"></g><g v="plur"></g><g v="impr"></g><g v="excl"></g></l></v></tfr></token><token id="643815" text="в"><tfr rev_id="1475925" t="в"><v><l t="в" id="37409"><g v="PREP"></g></l></v></tfr></token><token id="643816" text="статье"><tfr rev_id="3557845" t="статье"><v><l t="статья" id="335173"><g v="NOUN"></g><g v="inan"></g><g v="femn"></g><g v="sing"></g><g v="loct"></g></l></v></tfr></token><token id="643817" text="Частного"><tfr rev_id="4308312" t="Частного"><v><l t="частный" id="374795"><g v="ADJF"></g><g v="Qual"></g><g v="masc"></g><g v="sing"></g><g v="gent"></g></l></v><v><l t="частный" id="374795"><g v="ADJF"></g><g v="Qual"></g><g v="anim"></g><g v="masc"></g><g v="sing"></g><g v="accs"></g></l></v></tfr></token><token id="643818" text="корреспондента"><tfr rev_id="3721616" t="корреспондента"><v><l t="корреспондент" id="140239"><g v="NOUN"></g><g v="anim"></g><g v="masc"></g><g v="sing"></g><g v="gent"></g></l></v></tfr></token><token id="643819" text="«"><tfr rev_id="2445355" t="«"><v><l t="«" id="0"><g v="PNCT"></g></l></v></tfr></token><token id="643820" text="Похорон"><tfr rev_id="1475930" t="Похорон"><v><l t="похороны" id="264435"><g v="NOUN"></g><g v="inan"></g><g v="GNdr"></g><g v="Pltm"></g><g v="plur"></g><g v="gent"></g></l></v></tfr></token><token id="643821" text="демократии"><tfr rev_id="4269830" t="демократии"><v><l t="демократия" id="80998"><g v="NOUN"></g><g v="inan"></g><g v="femn"></g><g v="sing"></g><g v="gent"></g></l></v></tfr></token><token id="643822" text="не"><tfr rev_id="1475932" t="не"><v><l t="не" id="178876"><g v="PRCL"></g></l></v></tfr></token><token id="643823" text="случилось"><tfr rev_id="1475933" t="случилось"><v><l t="случился" id="325498"><g v="VERB"></g><g v="perf"></g><g v="intr"></g><g v="neut"></g><g v="sing"></g><g v="past"></g><g v="indc"></g></l></v></tfr></token><token id="643824" text="»"><tfr rev_id="2445356" t="»"><v><l t="»" id="0"><g v="PNCT"></g></l></v></tfr></token></tokens></sentence></paragraph></paragraphs></text>