<?xml version="1.0" encoding="utf-8"?><text id="126" parent="56" name="Трагический инцидент в Грузии"><tags><tag>url:http://ru.wikinews.org/w/index.php?title=Трагический_инцидент_в_Грузии&amp;oldid=50916</tag><tag>Автор:http://ru.wikinews.org/wiki/Участник:Akishin D.</tag><tag>Дата:11/01</tag><tag>Год:2011</tag><tag>Гео:ВикиКатегория:Грузия</tag></tags><paragraphs><paragraph id="2711"><sentence id="8555"><source>Как следует из сообщения министерства обороны Грузии, во вторник на военной базе в Крцанисси произошел взрыв 120-миллиметрой мины.</source><tokens><token id="165616" text="Как"><tfr rev_id="1000419" t="Как"><v><l t="как" id="128190"><g v="CONJ"></g></l></v><v><l t="как" id="128191"><g v="PRCL"></g></l></v><v><l t="как" id="128192"><g v="ADVB"></g><g v="Ques"></g></l></v></tfr></token><token id="165617" text="следует"><tfr rev_id="3665361" t="следует"><v><l t="следую" id="324747"><g v="VERB"></g><g v="impf"></g><g v="intr"></g><g v="sing"></g><g v="3per"></g><g v="pres"></g><g v="indc"></g><g v="Impx"></g></l></v></tfr></token><token id="165618" text="из"><tfr rev_id="2603633" t="из"><v><l t="из" id="117677"><g v="PREP"></g></l></v></tfr></token><token id="165619" text="сообщения"><tfr rev_id="3285517" t="сообщения"><v><l t="сообщение" id="329550"><g v="NOUN"></g><g v="inan"></g><g v="neut"></g><g v="sing"></g><g v="gent"></g></l></v></tfr></token><token id="165620" text="министерства"><tfr rev_id="3463662" t="министерства"><v><l t="министерство" id="160612"><g v="NOUN"></g><g v="inan"></g><g v="neut"></g><g v="sing"></g><g v="gent"></g></l></v></tfr></token><token id="165621" text="обороны"><tfr rev_id="2722268" t="обороны"><v><l t="оборона" id="198479"><g v="NOUN"></g><g v="inan"></g><g v="femn"></g><g v="sing"></g><g v="gent"></g></l></v></tfr></token><token id="165622" text="Грузии"><tfr rev_id="3455655" t="Грузии"><v><l t="грузия" id="75981"><g v="NOUN"></g><g v="inan"></g><g v="femn"></g><g v="Sgtm"></g><g v="Geox"></g><g v="sing"></g><g v="gent"></g></l></v></tfr></token><token id="165623" text=","><tfr rev_id="1000426" t=","><v><l t="," id="0"><g v="PNCT"></g></l></v></tfr></token><token id="165624" text="во"><tfr rev_id="2919792" t="во"><v><l t="в" id="37409"><g v="PREP"></g><g v="Vpre"></g></l></v></tfr></token><token id="165625" text="вторник"><tfr rev_id="1000428" t="вторник"><v><l t="вторник" id="55031"><g v="NOUN"></g><g v="inan"></g><g v="masc"></g><g v="sing"></g><g v="nomn"></g></l></v><v><l t="вторник" id="55031"><g v="NOUN"></g><g v="inan"></g><g v="masc"></g><g v="sing"></g><g v="accs"></g></l></v></tfr></token><token id="165626" text="на"><tfr rev_id="2905881" t="на"><v><l t="на" id="166264"><g v="PREP"></g></l></v><v><l t="на" id="388676"><g v="INTJ"></g></l></v></tfr></token><token id="165627" text="военной"><tfr rev_id="4493999" t="военной"><v><l t="военный" id="48619"><g v="ADJF"></g><g v="femn"></g><g v="sing"></g><g v="loct"></g></l></v></tfr></token><token id="165628" text="базе"><tfr rev_id="4295863" t="базе"><v><l t="база" id="22146"><g v="NOUN"></g><g v="inan"></g><g v="femn"></g><g v="sing"></g><g v="loct"></g></l></v></tfr></token><token id="165629" text="в"><tfr rev_id="1000432" t="в"><v><l t="в" id="37409"><g v="PREP"></g></l></v></tfr></token><token id="165630" text="Крцанисси"><tfr rev_id="1000433" t="Крцанисси"><v><l t="крцанисси" id="0"><g v="UNKN"></g></l></v></tfr></token><token id="165631" text="произошел"><tfr rev_id="1000434" t="произошел"><v><l t="произошёл" id="280162"><g v="VERB"></g><g v="perf"></g><g v="intr"></g><g v="masc"></g><g v="sing"></g><g v="past"></g><g v="indc"></g></l></v></tfr></token><token id="165632" text="взрыв"><tfr rev_id="2634343" t="взрыв"><v><l t="взрыв" id="44102"><g v="NOUN"></g><g v="inan"></g><g v="masc"></g><g v="sing"></g><g v="nomn"></g></l></v><v><l t="взрыв" id="44102"><g v="NOUN"></g><g v="inan"></g><g v="masc"></g><g v="sing"></g><g v="accs"></g></l></v></tfr></token><token id="165633" text="120-миллиметрой"><tfr rev_id="1000436" t="120-миллиметрой"><v><l t="120-миллиметрой" id="0"><g v="UNKN"></g></l></v></tfr></token><token id="165634" text="мины"><tfr rev_id="2693604" t="мины"><v><l t="мина" id="160430"><g v="NOUN"></g><g v="inan"></g><g v="femn"></g><g v="sing"></g><g v="gent"></g></l></v></tfr></token><token id="165635" text="."><tfr rev_id="1000438" t="."><v><l t="." id="0"><g v="PNCT"></g></l></v></tfr></token></tokens></sentence><sentence id="8556"><source>Причиной указана техническая ошибка.</source><tokens><token id="165636" text="Причиной"><tfr rev_id="1000439" t="Причиной"><v><l t="причина" id="276522"><g v="NOUN"></g><g v="inan"></g><g v="femn"></g><g v="sing"></g><g v="ablt"></g></l></v></tfr></token><token id="165637" text="указана"><tfr rev_id="1000440" t="указана"><v><l t="указан" id="355928"><g v="PRTS"></g><g v="perf"></g><g v="past"></g><g v="pssv"></g><g v="femn"></g><g v="sing"></g></l></v></tfr></token><token id="165638" text="техническая"><tfr rev_id="1000441" t="техническая"><v><l t="технический" id="345946"><g v="ADJF"></g><g v="femn"></g><g v="sing"></g><g v="nomn"></g></l></v></tfr></token><token id="165639" text="ошибка"><tfr rev_id="1000442" t="ошибка"><v><l t="ошибка" id="222054"><g v="NOUN"></g><g v="inan"></g><g v="femn"></g><g v="sing"></g><g v="nomn"></g></l></v></tfr></token><token id="165640" text="."><tfr rev_id="1000443" t="."><v><l t="." id="0"><g v="PNCT"></g></l></v></tfr></token></tokens></sentence><sentence id="8557"><source>Инцидент произошел на полигоне во время учений.</source><tokens><token id="165641" text="Инцидент"><tfr rev_id="3488474" t="Инцидент"><v><l t="инцидент" id="123629"><g v="NOUN"></g><g v="inan"></g><g v="masc"></g><g v="sing"></g><g v="nomn"></g></l></v></tfr></token><token id="165642" text="произошел"><tfr rev_id="1000445" t="произошел"><v><l t="произошёл" id="280162"><g v="VERB"></g><g v="perf"></g><g v="intr"></g><g v="masc"></g><g v="sing"></g><g v="past"></g><g v="indc"></g></l></v></tfr></token><token id="165643" text="на"><tfr rev_id="3344588" t="на"><v><l t="на" id="166264"><g v="PREP"></g></l></v></tfr></token><token id="165644" text="полигоне"><tfr rev_id="1000447" t="полигоне"><v><l t="полигон" id="255558"><g v="NOUN"></g><g v="inan"></g><g v="masc"></g><g v="sing"></g><g v="loct"></g></l></v></tfr></token><token id="165645" text="во"><tfr rev_id="2919793" t="во"><v><l t="в" id="37409"><g v="PREP"></g><g v="Vpre"></g></l></v></tfr></token><token id="165646" text="время"><tfr rev_id="1000449" t="время"><v><l t="время" id="53149"><g v="NOUN"></g><g v="inan"></g><g v="neut"></g><g v="sing"></g><g v="nomn"></g></l></v><v><l t="время" id="53149"><g v="NOUN"></g><g v="inan"></g><g v="neut"></g><g v="sing"></g><g v="accs"></g></l></v></tfr></token><token id="165647" text="учений"><tfr rev_id="3753696" t="учений"><v><l t="учение" id="363184"><g v="NOUN"></g><g v="inan"></g><g v="neut"></g><g v="plur"></g><g v="gent"></g></l></v></tfr></token><token id="165648" text="."><tfr rev_id="1000451" t="."><v><l t="." id="0"><g v="PNCT"></g></l></v></tfr></token></tokens></sentence><sentence id="8558"><source>Пострадавшие были доставлены в больницу недалеко от Рустави.</source><tokens><token id="165649" text="Пострадавшие"><tfr rev_id="4319697" t="Пострадавшие"><v><l t="пострадавший" id="262437"><g v="PRTF"></g><g v="Subx"></g><g v="perf"></g><g v="intr"></g><g v="past"></g><g v="actv"></g><g v="plur"></g><g v="nomn"></g></l></v><v><l t="пострадавший" id="262437"><g v="PRTF"></g><g v="Subx"></g><g v="perf"></g><g v="intr"></g><g v="past"></g><g v="actv"></g><g v="inan"></g><g v="plur"></g><g v="accs"></g></l></v></tfr></token><token id="165650" text="были"><tfr rev_id="1712594" t="были"><v><l t="есть" id="37265"><g v="VERB"></g><g v="impf"></g><g v="intr"></g><g v="plur"></g><g v="past"></g><g v="indc"></g></l></v></tfr></token><token id="165651" text="доставлены"><tfr rev_id="1000454" t="доставлены"><v><l t="доставлен" id="90444"><g v="PRTS"></g><g v="perf"></g><g v="past"></g><g v="pssv"></g><g v="plur"></g></l></v></tfr></token><token id="165652" text="в"><tfr rev_id="1000455" t="в"><v><l t="в" id="37409"><g v="PREP"></g></l></v></tfr></token><token id="165653" text="больницу"><tfr rev_id="1000456" t="больницу"><v><l t="больница" id="32305"><g v="NOUN"></g><g v="inan"></g><g v="femn"></g><g v="sing"></g><g v="accs"></g></l></v></tfr></token><token id="165654" text="недалеко"><tfr rev_id="1000457" t="недалеко"><v><l t="недалёк" id="180627"><g v="ADJS"></g><g v="neut"></g><g v="sing"></g></l></v><v><l t="недалёк" id="180627"><g v="ADJS"></g><g v="neut"></g><g v="sing"></g></l></v><v><l t="недалеко" id="180629"><g v="ADVB"></g></l></v></tfr></token><token id="165655" text="от"><tfr rev_id="1000458" t="от"><v><l t="от" id="211644"><g v="PREP"></g></l></v></tfr></token><token id="165656" text="Рустави"><tfr rev_id="4285685" t="Рустави"><v><l t="рустави" id="310333"><g v="NOUN"></g><g v="inan"></g><g v="masc"></g><g v="Sgtm"></g><g v="Fixd"></g><g v="Geox"></g><g v="sing"></g><g v="gent"></g></l></v></tfr></token><token id="165657" text="."><tfr rev_id="1000460" t="."><v><l t="." id="0"><g v="PNCT"></g></l></v></tfr></token></tokens></sentence><sentence id="8559"><source>Сообщивший эту новость «Голос Америки» решил умолчать про гибель трёх военнослужащих грузинской армии.</source><tokens><token id="165658" text="Сообщивший"><tfr rev_id="1000461" t="Сообщивший"><v><l t="сообщивший" id="329558"><g v="PRTF"></g><g v="perf"></g><g v="tran"></g><g v="past"></g><g v="actv"></g><g v="masc"></g><g v="sing"></g><g v="nomn"></g></l></v><v><l t="сообщивший" id="329558"><g v="PRTF"></g><g v="perf"></g><g v="tran"></g><g v="past"></g><g v="actv"></g><g v="inan"></g><g v="masc"></g><g v="sing"></g><g v="accs"></g></l></v></tfr></token><token id="165659" text="эту"><tfr rev_id="4438772" t="эту"><v><l t="этот" id="386581"><g v="ADJF"></g><g v="Subx"></g><g v="Apro"></g><g v="Anph"></g><g v="femn"></g><g v="sing"></g><g v="accs"></g></l></v></tfr></token><token id="165660" text="новость"><tfr rev_id="3677054" t="новость"><v><l t="новость" id="191855"><g v="NOUN"></g><g v="inan"></g><g v="femn"></g><g v="sing"></g><g v="accs"></g></l></v></tfr></token><token id="165661" text="«"><tfr rev_id="2427333" t="«"><v><l t="«" id="0"><g v="PNCT"></g></l></v></tfr></token><token id="165662" text="Голос"><tfr rev_id="3689269" t="Голос"><v><l t="голос" id="72469"><g v="NOUN"></g><g v="inan"></g><g v="masc"></g><g v="sing"></g><g v="nomn"></g></l></v></tfr></token><token id="165663" text="Америки"><tfr rev_id="1000466" t="Америки"><v><l t="америка" id="11393"><g v="NOUN"></g><g v="inan"></g><g v="femn"></g><g v="Sgtm"></g><g v="Geox"></g><g v="sing"></g><g v="gent"></g></l></v></tfr></token><token id="165664" text="»"><tfr rev_id="2427334" t="»"><v><l t="»" id="0"><g v="PNCT"></g></l></v></tfr></token><token id="165665" text="решил"><tfr rev_id="1000468" t="решил"><v><l t="решил" id="307396"><g v="VERB"></g><g v="perf"></g><g v="tran"></g><g v="masc"></g><g v="sing"></g><g v="past"></g><g v="indc"></g></l></v></tfr></token><token id="165666" text="умолчать"><tfr rev_id="1000469" t="умолчать"><v><l t="умолчать" id="357947"><g v="INFN"></g><g v="perf"></g><g v="intr"></g></l></v></tfr></token><token id="165667" text="про"><tfr rev_id="1000470" t="про"><v><l t="про" id="277024"><g v="PREP"></g></l></v></tfr></token><token id="165668" text="гибель"><tfr rev_id="3531587" t="гибель"><v><l t="гибель" id="69488"><g v="NOUN"></g><g v="inan"></g><g v="femn"></g><g v="sing"></g><g v="accs"></g></l></v></tfr></token><token id="165669" text="трёх"><tfr rev_id="3445082" t="трёх"><v><l t="три" id="349973"><g v="NUMR"></g><g v="gent"></g></l></v></tfr></token><token id="165670" text="военнослужащих"><tfr rev_id="4463931" t="военнослужащих"><v><l t="военнослужащий" id="48613"><g v="NOUN"></g><g v="anim"></g><g v="masc"></g><g v="plur"></g><g v="gent"></g></l></v></tfr></token><token id="165671" text="грузинской"><tfr rev_id="4161794" t="грузинской"><v><l t="грузинский" id="75963"><g v="ADJF"></g><g v="femn"></g><g v="sing"></g><g v="gent"></g></l></v></tfr></token><token id="165672" text="армии"><tfr rev_id="1000475" t="армии"><v><l t="армия" id="16905"><g v="NOUN"></g><g v="inan"></g><g v="femn"></g><g v="sing"></g><g v="gent"></g></l></v><v><l t="армия" id="16905"><g v="NOUN"></g><g v="inan"></g><g v="femn"></g><g v="sing"></g><g v="datv"></g></l></v><v><l t="армия" id="16905"><g v="NOUN"></g><g v="inan"></g><g v="femn"></g><g v="sing"></g><g v="loct"></g></l></v><v><l t="армия" id="16905"><g v="NOUN"></g><g v="inan"></g><g v="femn"></g><g v="plur"></g><g v="nomn"></g></l></v><v><l t="армия" id="16905"><g v="NOUN"></g><g v="inan"></g><g v="femn"></g><g v="plur"></g><g v="accs"></g></l></v></tfr></token><token id="165673" text="."><tfr rev_id="1000476" t="."><v><l t="." id="0"><g v="PNCT"></g></l></v></tfr></token></tokens></sentence></paragraph><paragraph id="2712"><sentence id="8560"><source>Грузия исправно выполняет свои обязательства в качестве союзника США.</source><tokens><token id="165674" text="Грузия"><tfr rev_id="1000477" t="Грузия"><v><l t="грузия" id="75981"><g v="NOUN"></g><g v="inan"></g><g v="femn"></g><g v="Sgtm"></g><g v="Geox"></g><g v="sing"></g><g v="nomn"></g></l></v></tfr></token><token id="165675" text="исправно"><tfr rev_id="3709807" t="исправно"><v><l t="исправно" id="125534"><g v="ADVB"></g></l></v></tfr></token><token id="165676" text="выполняет"><tfr rev_id="1000479" t="выполняет"><v><l t="выполняю" id="60636"><g v="VERB"></g><g v="impf"></g><g v="tran"></g><g v="sing"></g><g v="3per"></g><g v="pres"></g><g v="indc"></g></l></v></tfr></token><token id="165677" text="свои"><tfr rev_id="3793510" t="свои"><v><l t="свой" id="316379"><g v="ADJF"></g><g v="Apro"></g><g v="Anph"></g><g v="inan"></g><g v="plur"></g><g v="accs"></g></l></v></tfr></token><token id="165678" text="обязательства"><tfr rev_id="3793027" t="обязательства"><v><l t="обязательство" id="202094"><g v="NOUN"></g><g v="inan"></g><g v="neut"></g><g v="plur"></g><g v="accs"></g></l></v></tfr></token><token id="165679" text="в"><tfr rev_id="1000482" t="в"><v><l t="в" id="37409"><g v="PREP"></g></l></v></tfr></token><token id="165680" text="качестве"><tfr rev_id="1000483" t="качестве"><v><l t="качество" id="131638"><g v="NOUN"></g><g v="inan"></g><g v="neut"></g><g v="sing"></g><g v="loct"></g></l></v></tfr></token><token id="165681" text="союзника"><tfr rev_id="3417699" t="союзника"><v><l t="союзник" id="331347"><g v="NOUN"></g><g v="anim"></g><g v="masc"></g><g v="sing"></g><g v="gent"></g></l></v></tfr></token><token id="165682" text="США"><tfr rev_id="3811059" t="США"><v><l t="сша" id="341371"><g v="NOUN"></g><g v="inan"></g><g v="GNdr"></g><g v="Pltm"></g><g v="Fixd"></g><g v="Abbr"></g><g v="Geox"></g><g v="plur"></g><g v="nomn"></g></l></v><v><l t="сша" id="341371"><g v="NOUN"></g><g v="inan"></g><g v="GNdr"></g><g v="Pltm"></g><g v="Fixd"></g><g v="Abbr"></g><g v="Geox"></g><g v="plur"></g><g v="gent"></g></l></v><v><l t="сша" id="341371"><g v="NOUN"></g><g v="inan"></g><g v="GNdr"></g><g v="Pltm"></g><g v="Fixd"></g><g v="Abbr"></g><g v="Geox"></g><g v="plur"></g><g v="datv"></g></l></v><v><l t="сша" id="341371"><g v="NOUN"></g><g v="inan"></g><g v="GNdr"></g><g v="Pltm"></g><g v="Fixd"></g><g v="Abbr"></g><g v="Geox"></g><g v="plur"></g><g v="accs"></g></l></v><v><l t="сша" id="341371"><g v="NOUN"></g><g v="inan"></g><g v="GNdr"></g><g v="Pltm"></g><g v="Fixd"></g><g v="Abbr"></g><g v="Geox"></g><g v="plur"></g><g v="ablt"></g></l></v><v><l t="сша" id="341371"><g v="NOUN"></g><g v="inan"></g><g v="GNdr"></g><g v="Pltm"></g><g v="Fixd"></g><g v="Abbr"></g><g v="Geox"></g><g v="plur"></g><g v="loct"></g></l></v></tfr></token><token id="165683" text="."><tfr rev_id="1000486" t="."><v><l t="." id="0"><g v="PNCT"></g></l></v></tfr></token></tokens></sentence><sentence id="8561"><source>Более 900 грузинских солдат несут службу в Афганистане.</source><tokens><token id="165684" text="Более"><tfr rev_id="1000487" t="Более"><v><l t="более" id="32065"><g v="ADVB"></g></l></v></tfr></token><token id="165685" text="900"><tfr rev_id="2456266" t="900"><v><l t="900" id="0"><g v="NUMB"></g></l></v></tfr></token><token id="165686" text="грузинских"><tfr rev_id="4356090" t="грузинских"><v><l t="грузинский" id="75963"><g v="ADJF"></g><g v="plur"></g><g v="gent"></g></l></v></tfr></token><token id="165687" text="солдат"><tfr rev_id="4311282" t="солдат"><v><l t="солдат" id="328908"><g v="NOUN"></g><g v="anim"></g><g v="masc"></g><g v="plur"></g><g v="gent"></g></l></v></tfr></token><token id="165688" text="несут"><tfr rev_id="1000491" t="несут"><v><l t="несу" id="188677"><g v="VERB"></g><g v="impf"></g><g v="tran"></g><g v="plur"></g><g v="3per"></g><g v="pres"></g><g v="indc"></g></l></v></tfr></token><token id="165689" text="службу"><tfr rev_id="1000492" t="службу"><v><l t="служба" id="325377"><g v="NOUN"></g><g v="inan"></g><g v="femn"></g><g v="sing"></g><g v="accs"></g></l></v></tfr></token><token id="165690" text="в"><tfr rev_id="1000493" t="в"><v><l t="в" id="37409"><g v="PREP"></g></l></v></tfr></token><token id="165691" text="Афганистане"><tfr rev_id="1000494" t="Афганистане"><v><l t="афганистан" id="20112"><g v="NOUN"></g><g v="inan"></g><g v="masc"></g><g v="Geox"></g><g v="sing"></g><g v="loct"></g></l></v></tfr></token><token id="165692" text="."><tfr rev_id="1000495" t="."><v><l t="." id="0"><g v="PNCT"></g></l></v></tfr></token></tokens></sentence><sentence id="8562"><source>Более 2000 военнослужащих находились в Ираке, прежде чем в 2008 году контингент был отозван в период российско-грузинской войны.</source><tokens><token id="165693" text="Более"><tfr rev_id="1000496" t="Более"><v><l t="более" id="32065"><g v="ADVB"></g></l></v></tfr></token><token id="165694" text="2000"><tfr rev_id="2456267" t="2000"><v><l t="2000" id="0"><g v="NUMB"></g></l></v></tfr></token><token id="165695" text="военнослужащих"><tfr rev_id="4484765" t="военнослужащих"><v><l t="военнослужащий" id="48613"><g v="NOUN"></g><g v="anim"></g><g v="masc"></g><g v="plur"></g><g v="gent"></g></l></v></tfr></token><token id="165696" text="находились"><tfr rev_id="1000499" t="находились"><v><l t="нахожусь" id="177898"><g v="VERB"></g><g v="impf"></g><g v="intr"></g><g v="plur"></g><g v="past"></g><g v="indc"></g></l></v><v><l t="находился" id="177903"><g v="VERB"></g><g v="perf"></g><g v="intr"></g><g v="plur"></g><g v="past"></g><g v="indc"></g></l></v></tfr></token><token id="165697" text="в"><tfr rev_id="1000500" t="в"><v><l t="в" id="37409"><g v="PREP"></g></l></v></tfr></token><token id="165698" text="Ираке"><tfr rev_id="1000501" t="Ираке"><v><l t="ирак" id="123896"><g v="NOUN"></g><g v="inan"></g><g v="masc"></g><g v="Geox"></g><g v="sing"></g><g v="loct"></g></l></v></tfr></token><token id="165699" text=","><tfr rev_id="1000502" t=","><v><l t="," id="0"><g v="PNCT"></g></l></v></tfr></token><token id="165700" text="прежде"><tfr rev_id="4422671" t="прежде"><v><l t="прежде" id="267401"><g v="ADVB"></g></l></v></tfr></token><token id="165701" text="чем"><tfr rev_id="4321864" t="чем"><v><l t="чем" id="375161"><g v="CONJ"></g></l></v></tfr></token><token id="165702" text="в"><tfr rev_id="1000505" t="в"><v><l t="в" id="37409"><g v="PREP"></g></l></v></tfr></token><token id="165703" text="2008"><tfr rev_id="2456268" t="2008"><v><l t="2008" id="0"><g v="NUMB"></g></l></v></tfr></token><token id="165704" text="году"><tfr rev_id="2964074" t="году"><v><l t="год" id="72149"><g v="NOUN"></g><g v="inan"></g><g v="masc"></g><g v="sing"></g><g v="loc2"></g></l></v></tfr></token><token id="165705" text="контингент"><tfr rev_id="4209728" t="контингент"><v><l t="контингент" id="138358"><g v="NOUN"></g><g v="inan"></g><g v="masc"></g><g v="sing"></g><g v="nomn"></g></l></v></tfr></token><token id="165706" text="был"><tfr rev_id="1000509" t="был"><v><l t="есть" id="37265"><g v="VERB"></g><g v="impf"></g><g v="intr"></g><g v="masc"></g><g v="sing"></g><g v="past"></g><g v="indc"></g></l></v></tfr></token><token id="165707" text="отозван"><tfr rev_id="1000510" t="отозван"><v><l t="отозван" id="216148"><g v="PRTS"></g><g v="perf"></g><g v="past"></g><g v="pssv"></g><g v="masc"></g><g v="sing"></g></l></v></tfr></token><token id="165708" text="в"><tfr rev_id="1000511" t="в"><v><l t="в" id="37409"><g v="PREP"></g></l></v></tfr></token><token id="165709" text="период"><tfr rev_id="4102838" t="период"><v><l t="период" id="237159"><g v="NOUN"></g><g v="inan"></g><g v="masc"></g><g v="sing"></g><g v="accs"></g></l></v></tfr></token><token id="165710" text="российско-грузинской"><tfr rev_id="4540890" t="российско-грузинской"><v><l t="российско-грузинский" id="392970"><g v="ADJF"></g><g v="femn"></g><g v="sing"></g><g v="ablt"></g></l></v><v><l t="российско-грузинский" id="392970"><g v="ADJF"></g><g v="femn"></g><g v="sing"></g><g v="datv"></g></l></v><v><l t="российско-грузинский" id="392970"><g v="ADJF"></g><g v="femn"></g><g v="sing"></g><g v="gent"></g></l></v><v><l t="российско-грузинский" id="392970"><g v="ADJF"></g><g v="femn"></g><g v="sing"></g><g v="loct"></g></l></v></tfr></token><token id="165711" text="войны"><tfr rev_id="3490037" t="войны"><v><l t="война" id="49721"><g v="NOUN"></g><g v="inan"></g><g v="femn"></g><g v="sing"></g><g v="gent"></g></l></v></tfr></token><token id="165712" text="."><tfr rev_id="1000515" t="."><v><l t="." id="0"><g v="PNCT"></g></l></v></tfr></token></tokens></sentence></paragraph></paragraphs></text>