<?xml version="1.0" encoding="utf-8"?><text id="1267" parent="603" name="0019010 Про простуду и подштаники"><tags><tag>url:http://happy-mystx.livejournal.com/19010.html</tag><tag>Год:2010</tag><tag>Дата:16/03</tag><tag>Время:18:50</tag><tag>ЖЖ:Метка:lifehack</tag><tag>ЖЖ:Настроение:calm</tag></tags><paragraphs><paragraph id="11705"><sentence id="36702"><source>Про простуду и подштаники</source><tokens><token id="656939" text="Про"><tfr rev_id="1489047" t="Про"><v><l t="про" id="277024"><g v="PREP"></g></l></v></tfr></token><token id="656940" text="простуду"><tfr rev_id="1489048" t="простуду"><v><l t="простуда" id="285234"><g v="NOUN"></g><g v="inan"></g><g v="femn"></g><g v="sing"></g><g v="accs"></g></l></v></tfr></token><token id="656941" text="и"><tfr rev_id="1489049" t="и"><v><l t="и" id="116949"><g v="CONJ"></g></l></v><v><l t="и" id="116950"><g v="INTJ"></g></l></v></tfr></token><token id="656942" text="подштаники"><tfr rev_id="1489050" t="подштаники"><v><l t="подштаники" id="0"><g v="UNKN"></g></l></v></tfr></token></tokens></sentence></paragraph><paragraph id="11706"><sentence id="36703"><source>Вообще говоря люди болеют зимой чаще, чем, скажем, летом.</source><tokens><token id="656943" text="Вообще"><tfr rev_id="1489051" t="Вообще"><v><l t="вообще" id="50732"><g v="CONJ"></g><g v="Prnt"></g></l></v><v><l t="вообще" id="50733"><g v="ADVB"></g></l></v></tfr></token><token id="656944" text="говоря"><tfr rev_id="1489052" t="говоря"><v><l t="говоря" id="72061"><g v="GRND"></g><g v="impf"></g><g v="tran"></g><g v="pres"></g></l></v></tfr></token><token id="656945" text="люди"><tfr rev_id="1489053" t="люди"><v><l t="человек" id="375073"><g v="NOUN"></g><g v="anim"></g><g v="masc"></g><g v="plur"></g><g v="nomn"></g></l></v></tfr></token><token id="656946" text="болеют"><tfr rev_id="1489054" t="болеют"><v><l t="болею" id="32096"><g v="VERB"></g><g v="impf"></g><g v="intr"></g><g v="plur"></g><g v="3per"></g><g v="pres"></g><g v="indc"></g></l></v></tfr></token><token id="656947" text="зимой"><tfr rev_id="4242580" t="зимой"><v><l t="зимой" id="115448"><g v="ADVB"></g></l></v></tfr></token><token id="656948" text="чаще"><tfr rev_id="4230027" t="чаще"><v><l t="чаще" id="374819"><g v="COMP"></g><g v="Qual"></g></l></v></tfr></token><token id="656949" text=","><tfr rev_id="1489057" t=","><v><l t="," id="0"><g v="PNCT"></g></l></v></tfr></token><token id="656950" text="чем"><tfr rev_id="4336385" t="чем"><v><l t="чем" id="375161"><g v="CONJ"></g></l></v></tfr></token><token id="656951" text=","><tfr rev_id="1489059" t=","><v><l t="," id="0"><g v="PNCT"></g></l></v></tfr></token><token id="656952" text="скажем"><tfr rev_id="4231402" t="скажем"><v><l t="скажем" id="321520"><g v="CONJ"></g><g v="Prnt"></g></l></v></tfr></token><token id="656953" text=","><tfr rev_id="1489061" t=","><v><l t="," id="0"><g v="PNCT"></g></l></v></tfr></token><token id="656954" text="летом"><tfr rev_id="4239773" t="летом"><v><l t="летом" id="148696"><g v="ADVB"></g></l></v></tfr></token><token id="656955" text="."><tfr rev_id="1489063" t="."><v><l t="." id="0"><g v="PNCT"></g></l></v></tfr></token></tokens></sentence><sentence id="36704"><source>И дело не только в сезонных эпидемиях гриппа, но и в том, что люди не по погоде одеваются.</source><tokens><token id="656956" text="И"><tfr rev_id="1489064" t="И"><v><l t="и" id="116949"><g v="CONJ"></g></l></v><v><l t="и" id="116950"><g v="INTJ"></g></l></v></tfr></token><token id="656957" text="дело"><tfr rev_id="1715298" t="дело"><v><l t="дело" id="80628"><g v="NOUN"></g><g v="inan"></g><g v="neut"></g><g v="sing"></g><g v="nomn"></g></l></v><v><l t="дело" id="80628"><g v="NOUN"></g><g v="inan"></g><g v="neut"></g><g v="sing"></g><g v="accs"></g></l></v></tfr></token><token id="656958" text="не"><tfr rev_id="1489066" t="не"><v><l t="не" id="178876"><g v="PRCL"></g></l></v></tfr></token><token id="656959" text="только"><tfr rev_id="3784135" t="только"><v><l t="только" id="347395"><g v="CONJ"></g></l></v><v><l t="только" id="347396"><g v="PRCL"></g></l></v><v><l t="только" id="390053"><g v="ADVB"></g></l></v></tfr></token><token id="656960" text="в"><tfr rev_id="1489068" t="в"><v><l t="в" id="37409"><g v="PREP"></g></l></v></tfr></token><token id="656961" text="сезонных"><tfr rev_id="4567831" t="сезонных"><v><l t="сезонный" id="317863"><g v="ADJF"></g><g v="plur"></g><g v="loct"></g></l></v></tfr></token><token id="656962" text="эпидемиях"><tfr rev_id="1489070" t="эпидемиях"><v><l t="эпидемия" id="385787"><g v="NOUN"></g><g v="inan"></g><g v="femn"></g><g v="plur"></g><g v="loct"></g></l></v></tfr></token><token id="656963" text="гриппа"><tfr rev_id="1489071" t="гриппа"><v><l t="грипп" id="75430"><g v="NOUN"></g><g v="inan"></g><g v="masc"></g><g v="sing"></g><g v="gent"></g></l></v></tfr></token><token id="656964" text=","><tfr rev_id="1489072" t=","><v><l t="," id="0"><g v="PNCT"></g></l></v></tfr></token><token id="656965" text="но"><tfr rev_id="3411219" t="но"><v><l t="но" id="191429"><g v="CONJ"></g></l></v></tfr></token><token id="656966" text="и"><tfr rev_id="1489074" t="и"><v><l t="и" id="116949"><g v="CONJ"></g></l></v><v><l t="и" id="116950"><g v="INTJ"></g></l></v></tfr></token><token id="656967" text="в"><tfr rev_id="1489075" t="в"><v><l t="в" id="37409"><g v="PREP"></g></l></v></tfr></token><token id="656968" text="том"><tfr rev_id="4383325" t="том"><v><l t="тот" id="348430"><g v="ADJF"></g><g v="Subx"></g><g v="Apro"></g><g v="Anph"></g><g v="neut"></g><g v="sing"></g><g v="loct"></g></l></v></tfr></token><token id="656969" text=","><tfr rev_id="1489077" t=","><v><l t="," id="0"><g v="PNCT"></g></l></v></tfr></token><token id="656970" text="что"><tfr rev_id="3197356" t="что"><v><l t="что" id="377004"><g v="CONJ"></g></l></v><v><l t="что" id="377005"><g v="NPRO"></g><g v="neut"></g><g v="sing"></g><g v="nomn"></g></l></v><v><l t="что" id="377005"><g v="NPRO"></g><g v="neut"></g><g v="sing"></g><g v="accs"></g></l></v><v><l t="что" id="377006"><g v="ADVB"></g><g v="Ques"></g></l></v><v><l t="что" id="388695"><g v="PRCL"></g></l></v></tfr></token><token id="656971" text="люди"><tfr rev_id="1489079" t="люди"><v><l t="человек" id="375073"><g v="NOUN"></g><g v="anim"></g><g v="masc"></g><g v="plur"></g><g v="nomn"></g></l></v></tfr></token><token id="656972" text="не"><tfr rev_id="1489080" t="не"><v><l t="не" id="178876"><g v="PRCL"></g></l></v></tfr></token><token id="656973" text="по"><tfr rev_id="1489081" t="по"><v><l t="по" id="241240"><g v="PREP"></g></l></v></tfr></token><token id="656974" text="погоде"><tfr rev_id="3540145" t="погоде"><v><l t="погода" id="243378"><g v="NOUN"></g><g v="inan"></g><g v="femn"></g><g v="sing"></g><g v="datv"></g></l></v></tfr></token><token id="656975" text="одеваются"><tfr rev_id="1489083" t="одеваются"><v><l t="одеваюсь" id="203205"><g v="VERB"></g><g v="impf"></g><g v="intr"></g><g v="plur"></g><g v="3per"></g><g v="pres"></g><g v="indc"></g></l></v></tfr></token><token id="656976" text="."><tfr rev_id="1489084" t="."><v><l t="." id="0"><g v="PNCT"></g></l></v></tfr></token></tokens></sentence><sentence id="36705"><source>В больших городах положение усугубляется тем, что в метро/транспорте жарко, можно вспотевшим выбежать на улицу и подхватить типичный простудифилис.</source><tokens><token id="656977" text="В"><tfr rev_id="1489085" t="В"><v><l t="в" id="37409"><g v="PREP"></g></l></v></tfr></token><token id="656978" text="больших"><tfr rev_id="4534720" t="больших"><v><l t="больший" id="32439"><g v="ADJF"></g><g v="Qual"></g><g v="plur"></g><g v="loct"></g></l></v><v><l t="большой" id="32445"><g v="ADJF"></g><g v="Qual"></g><g v="plur"></g><g v="loct"></g></l></v></tfr></token><token id="656979" text="городах"><tfr rev_id="1489087" t="городах"><v><l t="город" id="73547"><g v="NOUN"></g><g v="inan"></g><g v="masc"></g><g v="plur"></g><g v="loct"></g></l></v></tfr></token><token id="656980" text="положение"><tfr rev_id="3708204" t="положение"><v><l t="положение" id="256255"><g v="NOUN"></g><g v="inan"></g><g v="neut"></g><g v="sing"></g><g v="nomn"></g></l></v></tfr></token><token id="656981" text="усугубляется"><tfr rev_id="1489089" t="усугубляется"><v><l t="усугубляюсь" id="361433"><g v="VERB"></g><g v="impf"></g><g v="intr"></g><g v="sing"></g><g v="3per"></g><g v="pres"></g><g v="indc"></g></l></v></tfr></token><token id="656982" text="тем"><tfr rev_id="4502942" t="тем"><v><l t="тот" id="348430"><g v="ADJF"></g><g v="Subx"></g><g v="Apro"></g><g v="Anph"></g><g v="masc"></g><g v="sing"></g><g v="ablt"></g></l></v><v><l t="тот" id="348430"><g v="ADJF"></g><g v="Subx"></g><g v="Apro"></g><g v="Anph"></g><g v="neut"></g><g v="sing"></g><g v="ablt"></g></l></v></tfr></token><token id="656983" text=","><tfr rev_id="1489091" t=","><v><l t="," id="0"><g v="PNCT"></g></l></v></tfr></token><token id="656984" text="что"><tfr rev_id="3197357" t="что"><v><l t="что" id="377004"><g v="CONJ"></g></l></v><v><l t="что" id="377005"><g v="NPRO"></g><g v="neut"></g><g v="sing"></g><g v="nomn"></g></l></v><v><l t="что" id="377005"><g v="NPRO"></g><g v="neut"></g><g v="sing"></g><g v="accs"></g></l></v><v><l t="что" id="377006"><g v="ADVB"></g><g v="Ques"></g></l></v><v><l t="что" id="388695"><g v="PRCL"></g></l></v></tfr></token><token id="656985" text="в"><tfr rev_id="1489093" t="в"><v><l t="в" id="37409"><g v="PREP"></g></l></v></tfr></token><token id="656986" text="метро"><tfr rev_id="4173485" t="метро"><v><l t="метро" id="159307"><g v="NOUN"></g><g v="inan"></g><g v="neut"></g><g v="Fixd"></g><g v="sing"></g><g v="loct"></g></l></v></tfr></token><token id="656987" text="/"><tfr rev_id="1489095" t="/"><v><l t="/" id="0"><g v="PNCT"></g></l></v></tfr></token><token id="656988" text="транспорте"><tfr rev_id="1489096" t="транспорте"><v><l t="транспорт" id="349139"><g v="NOUN"></g><g v="inan"></g><g v="masc"></g><g v="sing"></g><g v="loct"></g></l></v></tfr></token><token id="656989" text="жарко"><tfr rev_id="1489097" t="жарко"><v><l t="жарок" id="96022"><g v="ADJS"></g><g v="Qual"></g><g v="neut"></g><g v="sing"></g></l></v><v><l t="жарко" id="96027"><g v="ADVB"></g><g v="Prdx"></g></l></v></tfr></token><token id="656990" text=","><tfr rev_id="1489098" t=","><v><l t="," id="0"><g v="PNCT"></g></l></v></tfr></token><token id="656991" text="можно"><tfr rev_id="1489099" t="можно"><v><l t="можно" id="162467"><g v="PRED"></g><g v="pres"></g></l></v></tfr></token><token id="656992" text="вспотевшим"><tfr rev_id="4360191" t="вспотевшим"><v><l t="вспотевший" id="54254"><g v="PRTF"></g><g v="perf"></g><g v="intr"></g><g v="past"></g><g v="actv"></g><g v="masc"></g><g v="sing"></g><g v="ablt"></g></l></v></tfr></token><token id="656993" text="выбежать"><tfr rev_id="1489101" t="выбежать"><v><l t="выбежать" id="55591"><g v="INFN"></g><g v="perf"></g><g v="intr"></g></l></v></tfr></token><token id="656994" text="на"><tfr rev_id="3338733" t="на"><v><l t="на" id="166264"><g v="PREP"></g></l></v></tfr></token><token id="656995" text="улицу"><tfr rev_id="1489103" t="улицу"><v><l t="улица" id="356890"><g v="NOUN"></g><g v="inan"></g><g v="femn"></g><g v="sing"></g><g v="accs"></g></l></v></tfr></token><token id="656996" text="и"><tfr rev_id="1489104" t="и"><v><l t="и" id="116949"><g v="CONJ"></g></l></v><v><l t="и" id="116950"><g v="INTJ"></g></l></v></tfr></token><token id="656997" text="подхватить"><tfr rev_id="1489105" t="подхватить"><v><l t="подхватить" id="252111"><g v="INFN"></g><g v="perf"></g><g v="tran"></g></l></v></tfr></token><token id="656998" text="типичный"><tfr rev_id="1489106" t="типичный"><v><l t="типичный" id="346328"><g v="ADJF"></g><g v="Qual"></g><g v="masc"></g><g v="sing"></g><g v="nomn"></g></l></v><v><l t="типичный" id="346328"><g v="ADJF"></g><g v="Qual"></g><g v="inan"></g><g v="masc"></g><g v="sing"></g><g v="accs"></g></l></v></tfr></token><token id="656999" text="простудифилис"><tfr rev_id="1489107" t="простудифилис"><v><l t="простудифилис" id="0"><g v="UNKN"></g></l></v></tfr></token><token id="657000" text="."><tfr rev_id="1489108" t="."><v><l t="." id="0"><g v="PNCT"></g></l></v></tfr></token></tokens></sentence><sentence id="36706"><source>Иммунитета во всяком случае это не добавляет, и как следствие, легче подхватить вирус и все такое.</source><tokens><token id="657001" text="Иммунитета"><tfr rev_id="1489109" t="Иммунитета"><v><l t="иммунитет" id="121714"><g v="NOUN"></g><g v="inan"></g><g v="masc"></g><g v="sing"></g><g v="gent"></g></l></v></tfr></token><token id="657002" text="во"><tfr rev_id="2920296" t="во"><v><l t="в" id="37409"><g v="PREP"></g><g v="Vpre"></g></l></v></tfr></token><token id="657003" text="всяком"><tfr rev_id="4377752" t="всяком"><v><l t="всякий" id="54721"><g v="ADJF"></g><g v="Apro"></g><g v="masc"></g><g v="sing"></g><g v="loct"></g></l></v></tfr></token><token id="657004" text="случае"><tfr rev_id="1489112" t="случае"><v><l t="случай" id="325472"><g v="NOUN"></g><g v="inan"></g><g v="masc"></g><g v="sing"></g><g v="loct"></g></l></v></tfr></token><token id="657005" text="это"><tfr rev_id="4441727" t="это"><v><l t="это" id="386574"><g v="PRCL"></g></l></v><v><l t="это" id="386575"><g v="NPRO"></g><g v="neut"></g><g v="sing"></g><g v="nomn"></g></l></v><v><l t="это" id="386575"><g v="NPRO"></g><g v="neut"></g><g v="sing"></g><g v="accs"></g></l></v><v><l t="этот" id="386581"><g v="ADJF"></g><g v="Subx"></g><g v="Apro"></g><g v="Anph"></g><g v="neut"></g><g v="sing"></g><g v="nomn"></g></l></v><v><l t="этот" id="386581"><g v="ADJF"></g><g v="Subx"></g><g v="Apro"></g><g v="Anph"></g><g v="neut"></g><g v="sing"></g><g v="accs"></g></l></v></tfr></token><token id="657006" text="не"><tfr rev_id="1489114" t="не"><v><l t="не" id="178876"><g v="PRCL"></g></l></v></tfr></token><token id="657007" text="добавляет"><tfr rev_id="1489115" t="добавляет"><v><l t="добавляю" id="85170"><g v="VERB"></g><g v="impf"></g><g v="tran"></g><g v="sing"></g><g v="3per"></g><g v="pres"></g><g v="indc"></g></l></v></tfr></token><token id="657008" text=","><tfr rev_id="1489116" t=","><v><l t="," id="0"><g v="PNCT"></g></l></v></tfr></token><token id="657009" text="и"><tfr rev_id="3558527" t="и"><v><l t="и" id="116949"><g v="CONJ"></g></l></v></tfr></token><token id="657010" text="как"><tfr rev_id="1489118" t="как"><v><l t="как" id="128190"><g v="CONJ"></g></l></v><v><l t="как" id="128191"><g v="PRCL"></g></l></v><v><l t="как" id="128192"><g v="ADVB"></g><g v="Ques"></g></l></v></tfr></token><token id="657011" text="следствие"><tfr rev_id="1489119" t="следствие"><v><l t="следствие" id="324765"><g v="NOUN"></g><g v="inan"></g><g v="neut"></g><g v="sing"></g><g v="nomn"></g></l></v><v><l t="следствие" id="324765"><g v="NOUN"></g><g v="inan"></g><g v="neut"></g><g v="sing"></g><g v="accs"></g></l></v></tfr></token><token id="657012" text=","><tfr rev_id="1489120" t=","><v><l t="," id="0"><g v="PNCT"></g></l></v></tfr></token><token id="657013" text="легче"><tfr rev_id="4266558" t="легче"><v><l t="легче" id="146053"><g v="COMP"></g><g v="Qual"></g></l></v></tfr></token><token id="657014" text="подхватить"><tfr rev_id="1489122" t="подхватить"><v><l t="подхватить" id="252111"><g v="INFN"></g><g v="perf"></g><g v="tran"></g></l></v></tfr></token><token id="657015" text="вирус"><tfr rev_id="4572410" t="вирус"><v><l t="вирус" id="388471"><g v="NOUN"></g><g v="inan"></g><g v="masc"></g><g v="Inmx"></g><g v="sing"></g><g v="accs"></g></l></v></tfr></token><token id="657016" text="и"><tfr rev_id="1489124" t="и"><v><l t="и" id="116949"><g v="CONJ"></g></l></v><v><l t="и" id="116950"><g v="INTJ"></g></l></v></tfr></token><token id="657017" text="все"><tfr rev_id="4500049" t="все"><v><l t="весь" id="42156"><g v="ADJF"></g><g v="Subx"></g><g v="Apro"></g><g v="neut"></g><g v="sing"></g><g v="accs"></g></l></v><v><l t="весь" id="42156"><g v="ADJF"></g><g v="Subx"></g><g v="Apro"></g><g v="neut"></g><g v="sing"></g><g v="nomn"></g></l></v></tfr></token><token id="657018" text="такое"><tfr rev_id="1489126" t="такое"><v><l t="такой" id="342491"><g v="ADJF"></g><g v="Apro"></g><g v="neut"></g><g v="sing"></g><g v="nomn"></g></l></v><v><l t="такой" id="342491"><g v="ADJF"></g><g v="Apro"></g><g v="neut"></g><g v="sing"></g><g v="accs"></g></l></v></tfr></token><token id="657019" text="."><tfr rev_id="1489127" t="."><v><l t="." id="0"><g v="PNCT"></g></l></v></tfr></token></tokens></sentence></paragraph><paragraph id="11707"><sentence id="36707"><source>В прошлые годы я болел раза три за зиму.</source><tokens><token id="657020" text="В"><tfr rev_id="1489128" t="В"><v><l t="в" id="37409"><g v="PREP"></g></l></v></tfr></token><token id="657021" text="прошлые"><tfr rev_id="4471723" t="прошлые"><v><l t="прошлый" id="287715"><g v="ADJF"></g><g v="inan"></g><g v="plur"></g><g v="accs"></g></l></v></tfr></token><token id="657022" text="годы"><tfr rev_id="3284734" t="годы"><v><l t="год" id="72149"><g v="NOUN"></g><g v="inan"></g><g v="masc"></g><g v="plur"></g><g v="accs"></g></l></v></tfr></token><token id="657023" text="я"><tfr rev_id="1489131" t="я"><v><l t="я" id="387317"><g v="NPRO"></g><g v="1per"></g><g v="sing"></g><g v="nomn"></g></l></v></tfr></token><token id="657024" text="болел"><tfr rev_id="1489132" t="болел"><v><l t="болею" id="32096"><g v="VERB"></g><g v="impf"></g><g v="intr"></g><g v="masc"></g><g v="sing"></g><g v="past"></g><g v="indc"></g></l></v></tfr></token><token id="657025" text="раза"><tfr rev_id="3421619" t="раза"><v><l t="раз" id="291500"><g v="NOUN"></g><g v="inan"></g><g v="masc"></g><g v="sing"></g><g v="gen1"></g></l></v></tfr></token><token id="657026" text="три"><tfr rev_id="2635420" t="три"><v><l t="три" id="349973"><g v="NUMR"></g><g v="nomn"></g></l></v><v><l t="три" id="349973"><g v="NUMR"></g><g v="inan"></g><g v="accs"></g></l></v></tfr></token><token id="657027" text="за"><tfr rev_id="1489135" t="за"><v><l t="за" id="98043"><g v="PREP"></g></l></v></tfr></token><token id="657028" text="зиму"><tfr rev_id="1489136" t="зиму"><v><l t="зима" id="115412"><g v="NOUN"></g><g v="inan"></g><g v="femn"></g><g v="sing"></g><g v="accs"></g></l></v></tfr></token><token id="657029" text="."><tfr rev_id="1489137" t="."><v><l t="." id="0"><g v="PNCT"></g></l></v></tfr></token></tokens></sentence><sentence id="36708"><source>В этом году с августа по ноябрь тоже раза три (при этом две недели просопливил в Германии).</source><tokens><token id="657030" text="В"><tfr rev_id="1489138" t="В"><v><l t="в" id="37409"><g v="PREP"></g></l></v></tfr></token><token id="657031" text="этом"><tfr rev_id="4486902" t="этом"><v><l t="этот" id="386581"><g v="ADJF"></g><g v="Subx"></g><g v="Apro"></g><g v="Anph"></g><g v="masc"></g><g v="sing"></g><g v="loct"></g></l></v></tfr></token><token id="657032" text="году"><tfr rev_id="2827578" t="году"><v><l t="год" id="72149"><g v="NOUN"></g><g v="inan"></g><g v="masc"></g><g v="sing"></g><g v="loc2"></g></l></v></tfr></token><token id="657033" text="с"><tfr rev_id="1489141" t="с"><v><l t="с" id="311151"><g v="PREP"></g></l></v></tfr></token><token id="657034" text="августа"><tfr rev_id="4323435" t="августа"><v><l t="август" id="2368"><g v="NOUN"></g><g v="inan"></g><g v="masc"></g><g v="sing"></g><g v="gent"></g></l></v></tfr></token><token id="657035" text="по"><tfr rev_id="1489143" t="по"><v><l t="по" id="241240"><g v="PREP"></g></l></v></tfr></token><token id="657036" text="ноябрь"><tfr rev_id="1489144" t="ноябрь"><v><l t="ноябрь" id="192482"><g v="NOUN"></g><g v="inan"></g><g v="masc"></g><g v="sing"></g><g v="nomn"></g></l></v><v><l t="ноябрь" id="192482"><g v="NOUN"></g><g v="inan"></g><g v="masc"></g><g v="sing"></g><g v="accs"></g></l></v></tfr></token><token id="657037" text="тоже"><tfr rev_id="4271145" t="тоже"><v><l t="тоже" id="346946"><g v="PRCL"></g></l></v></tfr></token><token id="657038" text="раза"><tfr rev_id="3421620" t="раза"><v><l t="раз" id="291500"><g v="NOUN"></g><g v="inan"></g><g v="masc"></g><g v="sing"></g><g v="gen1"></g></l></v></tfr></token><token id="657039" text="три"><tfr rev_id="2635378" t="три"><v><l t="три" id="349973"><g v="NUMR"></g><g v="nomn"></g></l></v><v><l t="три" id="349973"><g v="NUMR"></g><g v="inan"></g><g v="accs"></g></l></v></tfr></token><token id="657040" text="("><tfr rev_id="1489148" t="("><v><l t="(" id="0"><g v="PNCT"></g></l></v></tfr></token><token id="657041" text="при"><tfr rev_id="2699806" t="при"><v><l t="при" id="268625"><g v="PREP"></g></l></v></tfr></token><token id="657042" text="этом"><tfr rev_id="4474173" t="этом"><v><l t="это" id="386575"><g v="NPRO"></g><g v="neut"></g><g v="sing"></g><g v="loct"></g></l></v></tfr></token><token id="657043" text="две"><tfr rev_id="1489151" t="две"><v><l t="два" id="78668"><g v="NUMR"></g><g v="femn"></g><g v="nomn"></g></l></v><v><l t="два" id="78668"><g v="NUMR"></g><g v="inan"></g><g v="femn"></g><g v="accs"></g></l></v></tfr></token><token id="657044" text="недели"><tfr rev_id="3495300" t="недели"><v><l t="неделя" id="180718"><g v="NOUN"></g><g v="inan"></g><g v="femn"></g><g v="sing"></g><g v="gent"></g></l></v></tfr></token><token id="657045" text="просопливил"><tfr rev_id="1489153" t="просопливил"><v><l t="просопливил" id="0"><g v="UNKN"></g></l></v></tfr></token><token id="657046" text="в"><tfr rev_id="1489154" t="в"><v><l t="в" id="37409"><g v="PREP"></g></l></v></tfr></token><token id="657047" text="Германии"><tfr rev_id="4294430" t="Германии"><v><l t="германия" id="69099"><g v="NOUN"></g><g v="inan"></g><g v="femn"></g><g v="Sgtm"></g><g v="Geox"></g><g v="sing"></g><g v="loct"></g></l></v></tfr></token><token id="657048" text=")"><tfr rev_id="1489156" t=")"><v><l t=")" id="0"><g v="PNCT"></g></l></v></tfr></token><token id="657049" text="."><tfr rev_id="1489157" t="."><v><l t="." id="0"><g v="PNCT"></g></l></v></tfr></token></tokens></sentence><sentence id="36709"><source>А с декабря по сегодняшний день ни разу.</source><tokens><token id="657050" text="А"><tfr rev_id="3411247" t="А"><v><l t="а" id="51"><g v="CONJ"></g></l></v></tfr></token><token id="657051" text="с"><tfr rev_id="1489159" t="с"><v><l t="с" id="311151"><g v="PREP"></g></l></v></tfr></token><token id="657052" text="декабря"><tfr rev_id="1489160" t="декабря"><v><l t="декабрь" id="80133"><g v="NOUN"></g><g v="inan"></g><g v="masc"></g><g v="sing"></g><g v="gent"></g></l></v></tfr></token><token id="657053" text="по"><tfr rev_id="1489161" t="по"><v><l t="по" id="241240"><g v="PREP"></g></l></v></tfr></token><token id="657054" text="сегодняшний"><tfr rev_id="4360806" t="сегодняшний"><v><l t="сегодняшний" id="317731"><g v="ADJF"></g><g v="inan"></g><g v="masc"></g><g v="sing"></g><g v="accs"></g></l></v></tfr></token><token id="657055" text="день"><tfr rev_id="1716259" t="день"><v><l t="день" id="81427"><g v="NOUN"></g><g v="inan"></g><g v="masc"></g><g v="sing"></g><g v="nomn"></g></l></v><v><l t="день" id="81427"><g v="NOUN"></g><g v="inan"></g><g v="masc"></g><g v="sing"></g><g v="accs"></g></l></v></tfr></token><token id="657056" text="ни"><tfr rev_id="1489164" t="ни"><v><l t="ни" id="190307"><g v="CONJ"></g></l></v><v><l t="ни" id="190308"><g v="PRCL"></g></l></v></tfr></token><token id="657057" text="разу"><tfr rev_id="4393660" t="разу"><v><l t="раз" id="291500"><g v="NOUN"></g><g v="inan"></g><g v="masc"></g><g v="sing"></g><g v="gen2"></g></l></v></tfr></token><token id="657058" text="."><tfr rev_id="1489166" t="."><v><l t="." id="0"><g v="PNCT"></g></l></v></tfr></token></tokens></sentence><sentence id="36710"><source>Хотя то как я одевался в эту холодную зиму не выдерживает никакой критики - всю зиму я проходил в осенней тонкой курточке и одном свитере (даже в -30), для меня было нормальным выходить на улицу после тренировки и после душа.</source><tokens><token id="657059" text="Хотя"><tfr rev_id="3888054" t="Хотя"><v><l t="хотя" id="371732"><g v="CONJ"></g></l></v></tfr></token><token id="657060" text="то"><tfr rev_id="3777629" t="то"><v><l t="то" id="346835"><g v="CONJ"></g></l></v><v><l t="то" id="346836"><g v="PRCL"></g></l></v><v><l t="тот" id="348430"><g v="ADJF"></g><g v="Subx"></g><g v="Apro"></g><g v="Anph"></g><g v="neut"></g><g v="sing"></g><g v="nomn"></g></l></v><v><l t="тот" id="348430"><g v="ADJF"></g><g v="Subx"></g><g v="Apro"></g><g v="Anph"></g><g v="neut"></g><g v="sing"></g><g v="accs"></g></l></v></tfr></token><token id="657061" text="как"><tfr rev_id="1489169" t="как"><v><l t="как" id="128190"><g v="CONJ"></g></l></v><v><l t="как" id="128191"><g v="PRCL"></g></l></v><v><l t="как" id="128192"><g v="ADVB"></g><g v="Ques"></g></l></v></tfr></token><token id="657062" text="я"><tfr rev_id="1489170" t="я"><v><l t="я" id="387317"><g v="NPRO"></g><g v="1per"></g><g v="sing"></g><g v="nomn"></g></l></v></tfr></token><token id="657063" text="одевался"><tfr rev_id="1489171" t="одевался"><v><l t="одеваюсь" id="203205"><g v="VERB"></g><g v="impf"></g><g v="intr"></g><g v="masc"></g><g v="sing"></g><g v="past"></g><g v="indc"></g></l></v></tfr></token><token id="657064" text="в"><tfr rev_id="1489172" t="в"><v><l t="в" id="37409"><g v="PREP"></g></l></v></tfr></token><token id="657065" text="эту"><tfr rev_id="4438932" t="эту"><v><l t="этот" id="386581"><g v="ADJF"></g><g v="Subx"></g><g v="Apro"></g><g v="Anph"></g><g v="femn"></g><g v="sing"></g><g v="accs"></g></l></v></tfr></token><token id="657066" text="холодную"><tfr rev_id="1489174" t="холодную"><v><l t="холодный" id="371377"><g v="ADJF"></g><g v="Qual"></g><g v="femn"></g><g v="sing"></g><g v="accs"></g></l></v></tfr></token><token id="657067" text="зиму"><tfr rev_id="1489175" t="зиму"><v><l t="зима" id="115412"><g v="NOUN"></g><g v="inan"></g><g v="femn"></g><g v="sing"></g><g v="accs"></g></l></v></tfr></token><token id="657068" text="не"><tfr rev_id="1489176" t="не"><v><l t="не" id="178876"><g v="PRCL"></g></l></v></tfr></token><token id="657069" text="выдерживает"><tfr rev_id="1489177" t="выдерживает"><v><l t="выдерживаю" id="57085"><g v="VERB"></g><g v="impf"></g><g v="tran"></g><g v="sing"></g><g v="3per"></g><g v="pres"></g><g v="indc"></g></l></v></tfr></token><token id="657070" text="никакой"><tfr rev_id="2635631" t="никакой"><v><l t="никакой" id="190841"><g v="ADJF"></g><g v="Apro"></g><g v="femn"></g><g v="sing"></g><g v="gent"></g></l></v><v><l t="никакой" id="190841"><g v="ADJF"></g><g v="Apro"></g><g v="femn"></g><g v="sing"></g><g v="datv"></g></l></v><v><l t="никакой" id="190841"><g v="ADJF"></g><g v="Apro"></g><g v="femn"></g><g v="sing"></g><g v="ablt"></g></l></v><v><l t="никакой" id="190841"><g v="ADJF"></g><g v="Apro"></g><g v="femn"></g><g v="sing"></g><g v="loct"></g></l></v></tfr></token><token id="657071" text="критики"><tfr rev_id="3485187" t="критики"><v><l t="критика" id="142954"><g v="NOUN"></g><g v="inan"></g><g v="femn"></g><g v="sing"></g><g v="gent"></g></l></v></tfr></token><token id="657072" text="-"><tfr rev_id="1489180" t="-"><v><l t="-" id="0"><g v="PNCT"></g></l></v></tfr></token><token id="657073" text="всю"><tfr rev_id="4131369" t="всю"><v><l t="весь" id="42156"><g v="ADJF"></g><g v="Subx"></g><g v="Apro"></g><g v="femn"></g><g v="sing"></g><g v="accs"></g></l></v></tfr></token><token id="657074" text="зиму"><tfr rev_id="1489182" t="зиму"><v><l t="зима" id="115412"><g v="NOUN"></g><g v="inan"></g><g v="femn"></g><g v="sing"></g><g v="accs"></g></l></v></tfr></token><token id="657075" text="я"><tfr rev_id="1489183" t="я"><v><l t="я" id="387317"><g v="NPRO"></g><g v="1per"></g><g v="sing"></g><g v="nomn"></g></l></v></tfr></token><token id="657076" text="проходил"><tfr rev_id="1489184" t="проходил"><v><l t="прохожу" id="287183"><g v="VERB"></g><g v="impf"></g><g v="tran"></g><g v="masc"></g><g v="sing"></g><g v="past"></g><g v="indc"></g></l></v><v><l t="проходил" id="287190"><g v="VERB"></g><g v="perf"></g><g v="intr"></g><g v="masc"></g><g v="sing"></g><g v="past"></g><g v="indc"></g></l></v></tfr></token><token id="657077" text="в"><tfr rev_id="1489185" t="в"><v><l t="в" id="37409"><g v="PREP"></g></l></v></tfr></token><token id="657078" text="осенней"><tfr rev_id="4395621" t="осенней"><v><l t="осенний" id="209819"><g v="ADJF"></g><g v="femn"></g><g v="sing"></g><g v="loct"></g></l></v></tfr></token><token id="657079" text="тонкой"><tfr rev_id="4417642" t="тонкой"><v><l t="тонкий" id="347620"><g v="ADJF"></g><g v="Qual"></g><g v="femn"></g><g v="sing"></g><g v="loct"></g></l></v></tfr></token><token id="657080" text="курточке"><tfr rev_id="3552719" t="курточке"><v><l t="курточка" id="145550"><g v="NOUN"></g><g v="inan"></g><g v="femn"></g><g v="sing"></g><g v="loct"></g></l></v></tfr></token><token id="657081" text="и"><tfr rev_id="3410603" t="и"><v><l t="и" id="116949"><g v="CONJ"></g></l></v></tfr></token><token id="657082" text="одном"><tfr rev_id="4301554" t="одном"><v><l t="один" id="203319"><g v="ADJF"></g><g v="Apro"></g><g v="Anum"></g><g v="masc"></g><g v="sing"></g><g v="loct"></g></l></v></tfr></token><token id="657083" text="свитере"><tfr rev_id="1489191" t="свитере"><v><l t="свитер" id="316153"><g v="NOUN"></g><g v="inan"></g><g v="masc"></g><g v="sing"></g><g v="loct"></g></l></v></tfr></token><token id="657084" text="("><tfr rev_id="1489192" t="("><v><l t="(" id="0"><g v="PNCT"></g></l></v></tfr></token><token id="657085" text="даже"><tfr rev_id="4079163" t="даже"><v><l t="даже" id="77849"><g v="PRCL"></g></l></v></tfr></token><token id="657086" text="в"><tfr rev_id="1489194" t="в"><v><l t="в" id="37409"><g v="PREP"></g></l></v></tfr></token><token id="657087" text="-"><tfr rev_id="1489195" t="-"><v><l t="-" id="0"><g v="PNCT"></g></l></v></tfr></token><token id="657088" text="30"><tfr rev_id="2462330" t="30"><v><l t="30" id="0"><g v="NUMB"></g></l></v></tfr></token><token id="657089" text=")"><tfr rev_id="1489197" t=")"><v><l t=")" id="0"><g v="PNCT"></g></l></v></tfr></token><token id="657090" text=","><tfr rev_id="1489198" t=","><v><l t="," id="0"><g v="PNCT"></g></l></v></tfr></token><token id="657091" text="для"><tfr rev_id="3438716" t="для"><v><l t="для" id="85032"><g v="PREP"></g></l></v></tfr></token><token id="657092" text="меня"><tfr rev_id="3334289" t="меня"><v><l t="я" id="387317"><g v="NPRO"></g><g v="1per"></g><g v="sing"></g><g v="gent"></g></l></v></tfr></token><token id="657093" text="было"><tfr rev_id="3946824" t="было"><v><l t="есть" id="37265"><g v="VERB"></g><g v="impf"></g><g v="intr"></g><g v="neut"></g><g v="sing"></g><g v="past"></g><g v="indc"></g></l></v></tfr></token><token id="657094" text="нормальным"><tfr rev_id="4308801" t="нормальным"><v><l t="нормальный" id="192218"><g v="ADJF"></g><g v="Qual"></g><g v="neut"></g><g v="sing"></g><g v="ablt"></g></l></v></tfr></token><token id="657095" text="выходить"><tfr rev_id="1489203" t="выходить"><v><l t="выходить" id="63963"><g v="INFN"></g><g v="impf"></g><g v="intr"></g></l></v><v><l t="выходить" id="63968"><g v="INFN"></g><g v="perf"></g><g v="tran"></g></l></v></tfr></token><token id="657096" text="на"><tfr rev_id="3344408" t="на"><v><l t="на" id="166264"><g v="PREP"></g></l></v></tfr></token><token id="657097" text="улицу"><tfr rev_id="1489205" t="улицу"><v><l t="улица" id="356890"><g v="NOUN"></g><g v="inan"></g><g v="femn"></g><g v="sing"></g><g v="accs"></g></l></v></tfr></token><token id="657098" text="после"><tfr rev_id="4422768" t="после"><v><l t="после" id="261542"><g v="PREP"></g></l></v></tfr></token><token id="657099" text="тренировки"><tfr rev_id="3471756" t="тренировки"><v><l t="тренировка" id="349659"><g v="NOUN"></g><g v="inan"></g><g v="femn"></g><g v="sing"></g><g v="gent"></g></l></v></tfr></token><token id="657100" text="и"><tfr rev_id="1489208" t="и"><v><l t="и" id="116949"><g v="CONJ"></g></l></v><v><l t="и" id="116950"><g v="INTJ"></g></l></v></tfr></token><token id="657101" text="после"><tfr rev_id="4456091" t="после"><v><l t="после" id="261542"><g v="PREP"></g></l></v></tfr></token><token id="657102" text="душа"><tfr rev_id="4198460" t="душа"><v><l t="душ" id="93353"><g v="NOUN"></g><g v="inan"></g><g v="masc"></g><g v="sing"></g><g v="gent"></g></l></v></tfr></token><token id="657103" text="."><tfr rev_id="1489211" t="."><v><l t="." id="0"><g v="PNCT"></g></l></v></tfr></token></tokens></sentence><sentence id="36711"><source>И ни одного разрыва.</source><tokens><token id="657104" text="И"><tfr rev_id="4092983" t="И"><v><l t="и" id="116949"><g v="CONJ"></g></l></v></tfr></token><token id="657105" text="ни"><tfr rev_id="1489213" t="ни"><v><l t="ни" id="190307"><g v="CONJ"></g></l></v><v><l t="ни" id="190308"><g v="PRCL"></g></l></v></tfr></token><token id="657106" text="одного"><tfr rev_id="4300625" t="одного"><v><l t="один" id="203319"><g v="ADJF"></g><g v="Apro"></g><g v="Anum"></g><g v="masc"></g><g v="sing"></g><g v="gent"></g></l></v><v><l t="один" id="203319"><g v="ADJF"></g><g v="Apro"></g><g v="Anum"></g><g v="anim"></g><g v="masc"></g><g v="sing"></g><g v="accs"></g></l></v></tfr></token><token id="657107" text="разрыва"><tfr rev_id="1489215" t="разрыва"><v><l t="разрыв" id="296828"><g v="NOUN"></g><g v="inan"></g><g v="masc"></g><g v="sing"></g><g v="gent"></g></l></v></tfr></token><token id="657108" text="."><tfr rev_id="1489216" t="."><v><l t="." id="0"><g v="PNCT"></g></l></v></tfr></token></tokens></sentence></paragraph><paragraph id="11708"><sentence id="36712"><source>А секрет в том, что в первых числах декабря я купил вот эту штуку.</source><tokens><token id="657109" text="А"><tfr rev_id="1489217" t="А"><v><l t="а" id="51"><g v="CONJ"></g></l></v><v><l t="а" id="52"><g v="INTJ"></g></l></v><v><l t="а" id="53"><g v="PRCL"></g></l></v></tfr></token><token id="657110" text="секрет"><tfr rev_id="4093057" t="секрет"><v><l t="секрет" id="318031"><g v="NOUN"></g><g v="inan"></g><g v="masc"></g><g v="sing"></g><g v="nomn"></g></l></v></tfr></token><token id="657111" text="в"><tfr rev_id="1489219" t="в"><v><l t="в" id="37409"><g v="PREP"></g></l></v></tfr></token><token id="657112" text="том"><tfr rev_id="3774529" t="том"><v><l t="тот" id="348430"><g v="ADJF"></g><g v="Subx"></g><g v="Apro"></g><g v="Anph"></g><g v="neut"></g><g v="sing"></g><g v="loct"></g></l></v></tfr></token><token id="657113" text=","><tfr rev_id="1489221" t=","><v><l t="," id="0"><g v="PNCT"></g></l></v></tfr></token><token id="657114" text="что"><tfr rev_id="3197358" t="что"><v><l t="что" id="377004"><g v="CONJ"></g></l></v><v><l t="что" id="377005"><g v="NPRO"></g><g v="neut"></g><g v="sing"></g><g v="nomn"></g></l></v><v><l t="что" id="377005"><g v="NPRO"></g><g v="neut"></g><g v="sing"></g><g v="accs"></g></l></v><v><l t="что" id="377006"><g v="ADVB"></g><g v="Ques"></g></l></v><v><l t="что" id="388695"><g v="PRCL"></g></l></v></tfr></token><token id="657115" text="в"><tfr rev_id="1489223" t="в"><v><l t="в" id="37409"><g v="PREP"></g></l></v></tfr></token><token id="657116" text="первых"><tfr rev_id="4428272" t="первых"><v><l t="первый" id="226359"><g v="ADJF"></g><g v="Anum"></g><g v="plur"></g><g v="loct"></g></l></v></tfr></token><token id="657117" text="числах"><tfr rev_id="1489225" t="числах"><v><l t="число" id="376585"><g v="NOUN"></g><g v="inan"></g><g v="neut"></g><g v="plur"></g><g v="loct"></g></l></v></tfr></token><token id="657118" text="декабря"><tfr rev_id="1489226" t="декабря"><v><l t="декабрь" id="80133"><g v="NOUN"></g><g v="inan"></g><g v="masc"></g><g v="sing"></g><g v="gent"></g></l></v></tfr></token><token id="657119" text="я"><tfr rev_id="1489227" t="я"><v><l t="я" id="387317"><g v="NPRO"></g><g v="1per"></g><g v="sing"></g><g v="nomn"></g></l></v></tfr></token><token id="657120" text="купил"><tfr rev_id="1489228" t="купил"><v><l t="купил" id="145083"><g v="VERB"></g><g v="perf"></g><g v="tran"></g><g v="masc"></g><g v="sing"></g><g v="past"></g><g v="indc"></g></l></v></tfr></token><token id="657121" text="вот"><tfr rev_id="3363386" t="вот"><v><l t="вот" id="52157"><g v="PRCL"></g></l></v></tfr></token><token id="657122" text="эту"><tfr rev_id="4438933" t="эту"><v><l t="этот" id="386581"><g v="ADJF"></g><g v="Subx"></g><g v="Apro"></g><g v="Anph"></g><g v="femn"></g><g v="sing"></g><g v="accs"></g></l></v></tfr></token><token id="657123" text="штуку"><tfr rev_id="1489231" t="штуку"><v><l t="штука" id="381579"><g v="NOUN"></g><g v="inan"></g><g v="femn"></g><g v="sing"></g><g v="accs"></g></l></v></tfr></token><token id="657124" text="."><tfr rev_id="1489232" t="."><v><l t="." id="0"><g v="PNCT"></g></l></v></tfr></token></tokens></sentence><sentence id="36713"><source>и сразу же полюбил холод и зиму.</source><tokens><token id="657125" text="и"><tfr rev_id="1489233" t="и"><v><l t="и" id="116949"><g v="CONJ"></g></l></v><v><l t="и" id="116950"><g v="INTJ"></g></l></v></tfr></token><token id="657126" text="сразу"><tfr rev_id="1489234" t="сразу"><v><l t="сразу" id="333375"><g v="ADVB"></g></l></v></tfr></token><token id="657127" text="же"><tfr rev_id="1489235" t="же"><v><l t="же" id="96208"><g v="CONJ"></g></l></v><v><l t="же" id="96209"><g v="PRCL"></g></l></v></tfr></token><token id="657128" text="полюбил"><tfr rev_id="1489236" t="полюбил"><v><l t="полюбил" id="257116"><g v="VERB"></g><g v="perf"></g><g v="tran"></g><g v="masc"></g><g v="sing"></g><g v="past"></g><g v="indc"></g></l></v></tfr></token><token id="657129" text="холод"><tfr rev_id="3503427" t="холод"><v><l t="холод" id="371319"><g v="NOUN"></g><g v="inan"></g><g v="masc"></g><g v="sing"></g><g v="accs"></g></l></v></tfr></token><token id="657130" text="и"><tfr rev_id="1489238" t="и"><v><l t="и" id="116949"><g v="CONJ"></g></l></v><v><l t="и" id="116950"><g v="INTJ"></g></l></v></tfr></token><token id="657131" text="зиму"><tfr rev_id="1489239" t="зиму"><v><l t="зима" id="115412"><g v="NOUN"></g><g v="inan"></g><g v="femn"></g><g v="sing"></g><g v="accs"></g></l></v></tfr></token><token id="657132" text="."><tfr rev_id="1489240" t="."><v><l t="." id="0"><g v="PNCT"></g></l></v></tfr></token></tokens></sentence><sentence id="36714"><source>Все-таки приятно находить в жизни вещи, которые очень сильно ее облегчают.</source><tokens><token id="657133" text="Все-таки"><tfr rev_id="4137445" t="Все-таки"><v><l t="всё-таки" id="53261"><g v="PRCL"></g></l></v></tfr></token><token id="657134" text="приятно"><tfr rev_id="1489242" t="приятно"><v><l t="приятно" id="277010"><g v="ADVB"></g><g v="Prdx"></g></l></v><v><l t="приятен" id="277015"><g v="ADJS"></g><g v="Qual"></g><g v="neut"></g><g v="sing"></g></l></v></tfr></token><token id="657135" text="находить"><tfr rev_id="1489243" t="находить"><v><l t="находить" id="177886"><g v="INFN"></g><g v="impf"></g><g v="tran"></g></l></v><v><l t="находить" id="177893"><g v="INFN"></g><g v="perf"></g><g v="tran"></g></l></v></tfr></token><token id="657136" text="в"><tfr rev_id="1489244" t="в"><v><l t="в" id="37409"><g v="PREP"></g></l></v></tfr></token><token id="657137" text="жизни"><tfr rev_id="4101793" t="жизни"><v><l t="жизнь" id="97314"><g v="NOUN"></g><g v="inan"></g><g v="femn"></g><g v="sing"></g><g v="loct"></g></l></v></tfr></token><token id="657138" text="вещи"><tfr rev_id="4227385" t="вещи"><v><l t="вещь" id="42514"><g v="NOUN"></g><g v="inan"></g><g v="femn"></g><g v="plur"></g><g v="nomn"></g></l></v><v><l t="вещь" id="42514"><g v="NOUN"></g><g v="inan"></g><g v="femn"></g><g v="plur"></g><g v="accs"></g></l></v></tfr></token><token id="657139" text=","><tfr rev_id="1489247" t=","><v><l t="," id="0"><g v="PNCT"></g></l></v></tfr></token><token id="657140" text="которые"><tfr rev_id="4084838" t="которые"><v><l t="который" id="141203"><g v="ADJF"></g><g v="Apro"></g><g v="Subx"></g><g v="Anph"></g><g v="plur"></g><g v="nomn"></g></l></v></tfr></token><token id="657141" text="очень"><tfr rev_id="1489249" t="очень"><v><l t="очень" id="221681"><g v="ADVB"></g></l></v></tfr></token><token id="657142" text="сильно"><tfr rev_id="3724099" t="сильно"><v><l t="сильно" id="320515"><g v="ADVB"></g></l></v><v><l t="силён" id="320612"><g v="ADJS"></g><g v="Qual"></g><g v="neut"></g><g v="sing"></g></l></v></tfr></token><token id="657143" text="ее"><tfr rev_id="3588184" t="ее"><v><l t="она" id="206544"><g v="NPRO"></g><g v="femn"></g><g v="3per"></g><g v="Anph"></g><g v="sing"></g><g v="gent"></g></l></v><v><l t="она" id="206544"><g v="NPRO"></g><g v="femn"></g><g v="3per"></g><g v="Anph"></g><g v="sing"></g><g v="accs"></g></l></v></tfr></token><token id="657144" text="облегчают"><tfr rev_id="1489252" t="облегчают"><v><l t="облегчаю" id="196295"><g v="VERB"></g><g v="impf"></g><g v="tran"></g><g v="plur"></g><g v="3per"></g><g v="pres"></g><g v="indc"></g></l></v></tfr></token><token id="657145" text="."><tfr rev_id="1489253" t="."><v><l t="." id="0"><g v="PNCT"></g></l></v></tfr></token></tokens></sentence></paragraph><paragraph id="11709"><sentence id="36715"><source>P.S. elada , выздоравливай! :)</source><tokens><token id="657146" text="P"><tfr rev_id="2475078" t="P"><v><l t="P" id="0"><g v="LATN"></g></l></v></tfr></token><token id="657147" text="."><tfr rev_id="1489255" t="."><v><l t="." id="0"><g v="PNCT"></g></l></v></tfr></token><token id="657148" text="S"><tfr rev_id="2475079" t="S"><v><l t="S" id="0"><g v="LATN"></g></l></v></tfr></token><token id="657149" text="."><tfr rev_id="1489257" t="."><v><l t="." id="0"><g v="PNCT"></g></l></v></tfr></token><token id="657150" text="elada"><tfr rev_id="2475080" t="elada"><v><l t="elada" id="0"><g v="LATN"></g></l></v></tfr></token><token id="657151" text=","><tfr rev_id="1489259" t=","><v><l t="," id="0"><g v="PNCT"></g></l></v></tfr></token><token id="657152" text="выздоравливай"><tfr rev_id="1489260" t="выздоравливай"><v><l t="выздоравливаю" id="57568"><g v="VERB"></g><g v="impf"></g><g v="intr"></g><g v="sing"></g><g v="impr"></g><g v="excl"></g></l></v></tfr></token><token id="657153" text="!"><tfr rev_id="1489261" t="!"><v><l t="!" id="0"><g v="PNCT"></g></l></v></tfr></token><token id="657154" text=":)"><tfr rev_id="1489262" t=":)"><v><l t=":)" id="0"><g v="PNCT"></g></l></v></tfr></token></tokens></sentence></paragraph></paragraphs></text>