<?xml version="1.0" encoding="utf-8"?><text id="1288" parent="602" name="0060657 вяловятое"><tags><tag>url:http://l-i-d-y-a.livejournal.com/60657.html</tag><tag>Год:2008</tag><tag>Дата:09/09</tag><tag>Время:17:52</tag><tag>ЖЖ:Метка:russir</tag><tag>ЖЖ:Метка:внутр и внеш</tag><tag>ЖЖ:Метка:педагогическое</tag></tags><paragraphs><paragraph id="11813"><sentence id="36938"><source>вяловятое</source><tokens><token id="660700" text="вяловятое"><tfr rev_id="1492798" t="вяловятое"><v><l t="вяловятое" id="0"><g v="UNKN"></g></l></v></tfr></token></tokens></sentence></paragraph><paragraph id="11814"><sentence id="36939"><source>Вернулась из Таганрога.</source><tokens><token id="660701" text="Вернулась"><tfr rev_id="1492799" t="Вернулась"><v><l t="вернулся" id="41483"><g v="VERB"></g><g v="perf"></g><g v="intr"></g><g v="femn"></g><g v="sing"></g><g v="past"></g><g v="indc"></g></l></v></tfr></token><token id="660702" text="из"><tfr rev_id="2603772" t="из"><v><l t="из" id="117677"><g v="PREP"></g></l></v></tfr></token><token id="660703" text="Таганрога"><tfr rev_id="1492801" t="Таганрога"><v><l t="таганрог" id="342262"><g v="NOUN"></g><g v="inan"></g><g v="masc"></g><g v="Geox"></g><g v="sing"></g><g v="gent"></g></l></v></tfr></token><token id="660704" text="."><tfr rev_id="1492802" t="."><v><l t="." id="0"><g v="PNCT"></g></l></v></tfr></token></tokens></sentence><sentence id="111347"><source>Позавчера.</source><tokens><token id="660705" text="Позавчера"><tfr rev_id="1492803" t="Позавчера"><v><l t="позавчера" id="253345"><g v="ADVB"></g></l></v></tfr></token><token id="660706" text="."><tfr rev_id="1492804" t="."><v><l t="." id="0"><g v="PNCT"></g></l></v></tfr></token></tokens></sentence><sentence id="111348"><source>Довольная.</source><tokens><token id="660707" text="Довольная"><tfr rev_id="1492805" t="Довольная"><v><l t="довольный" id="86036"><g v="ADJF"></g><g v="Qual"></g><g v="femn"></g><g v="sing"></g><g v="nomn"></g></l></v></tfr></token><token id="660708" text="."><tfr rev_id="1492806" t="."><v><l t="." id="0"><g v="PNCT"></g></l></v></tfr></token></tokens></sentence></paragraph><paragraph id="11815"><sentence id="36940"><source>Фотографий не будет, потому что фотоаппарат я сломала прежде, чем он успел хоть что-нибудь разглядеть.</source><tokens><token id="660709" text="Фотографий"><tfr rev_id="1492807" t="Фотографий"><v><l t="фотография" id="367492"><g v="NOUN"></g><g v="inan"></g><g v="femn"></g><g v="plur"></g><g v="gent"></g></l></v></tfr></token><token id="660710" text="не"><tfr rev_id="1492808" t="не"><v><l t="не" id="178876"><g v="PRCL"></g></l></v></tfr></token><token id="660711" text="будет"><tfr rev_id="1492809" t="будет"><v><l t="есть" id="37265"><g v="VERB"></g><g v="impf"></g><g v="intr"></g><g v="sing"></g><g v="3per"></g><g v="futr"></g><g v="indc"></g></l></v></tfr></token><token id="660712" text=","><tfr rev_id="1492810" t=","><v><l t="," id="0"><g v="PNCT"></g></l></v></tfr></token><token id="660713" text="потому"><tfr rev_id="1492811" t="потому"><v><l t="потому" id="263335"><g v="ADVB"></g><g v="Dmns"></g></l></v></tfr></token><token id="660714" text="что"><tfr rev_id="3197401" t="что"><v><l t="что" id="377004"><g v="CONJ"></g></l></v><v><l t="что" id="377005"><g v="NPRO"></g><g v="neut"></g><g v="sing"></g><g v="nomn"></g></l></v><v><l t="что" id="377005"><g v="NPRO"></g><g v="neut"></g><g v="sing"></g><g v="accs"></g></l></v><v><l t="что" id="377006"><g v="ADVB"></g><g v="Ques"></g></l></v><v><l t="что" id="388695"><g v="PRCL"></g></l></v></tfr></token><token id="660715" text="фотоаппарат"><tfr rev_id="3555927" t="фотоаппарат"><v><l t="фотоаппарат" id="367433"><g v="NOUN"></g><g v="inan"></g><g v="masc"></g><g v="sing"></g><g v="accs"></g></l></v></tfr></token><token id="660716" text="я"><tfr rev_id="1492814" t="я"><v><l t="я" id="387317"><g v="NPRO"></g><g v="1per"></g><g v="sing"></g><g v="nomn"></g></l></v></tfr></token><token id="660717" text="сломала"><tfr rev_id="1492815" t="сломала"><v><l t="сломал" id="325310"><g v="VERB"></g><g v="perf"></g><g v="tran"></g><g v="femn"></g><g v="sing"></g><g v="past"></g><g v="indc"></g></l></v></tfr></token><token id="660718" text="прежде"><tfr rev_id="4231555" t="прежде"><v><l t="прежде" id="267401"><g v="ADVB"></g></l></v></tfr></token><token id="660719" text=","><tfr rev_id="1492817" t=","><v><l t="," id="0"><g v="PNCT"></g></l></v></tfr></token><token id="660720" text="чем"><tfr rev_id="4331926" t="чем"><v><l t="чем" id="375161"><g v="CONJ"></g></l></v></tfr></token><token id="660721" text="он"><tfr rev_id="3575751" t="он"><v><l t="он" id="206541"><g v="NPRO"></g><g v="masc"></g><g v="3per"></g><g v="Anph"></g><g v="sing"></g><g v="nomn"></g></l></v></tfr></token><token id="660722" text="успел"><tfr rev_id="1492820" t="успел"><v><l t="успел" id="360832"><g v="VERB"></g><g v="perf"></g><g v="intr"></g><g v="masc"></g><g v="sing"></g><g v="past"></g><g v="indc"></g></l></v></tfr></token><token id="660723" text="хоть"><tfr rev_id="1492821" t="хоть"><v><l t="хоть" id="371728"><g v="PRCL"></g></l></v><v><l t="хоть" id="371729"><g v="CONJ"></g></l></v></tfr></token><token id="660724" text="что-нибудь"><tfr rev_id="2699486" t="что-нибудь"><v><l t="что-нибудь" id="377008"><g v="NPRO"></g><g v="neut"></g><g v="sing"></g><g v="accs"></g></l></v></tfr></token><token id="660725" text="разглядеть"><tfr rev_id="1492823" t="разглядеть"><v><l t="разглядеть" id="292975"><g v="INFN"></g><g v="perf"></g><g v="tran"></g></l></v></tfr></token><token id="660726" text="."><tfr rev_id="1492824" t="."><v><l t="." id="0"><g v="PNCT"></g></l></v></tfr></token></tokens></sentence><sentence id="36941"><source>Или я охладела к фотографированию, а он это почувствовал и решил не тратить на меня батареек.</source><tokens><token id="660727" text="Или"><tfr rev_id="3787295" t="Или"><v><l t="или" id="121146"><g v="CONJ"></g></l></v></tfr></token><token id="660728" text="я"><tfr rev_id="1492826" t="я"><v><l t="я" id="387317"><g v="NPRO"></g><g v="1per"></g><g v="sing"></g><g v="nomn"></g></l></v></tfr></token><token id="660729" text="охладела"><tfr rev_id="4495712" t="охладела"><v><l t="охладел" id="221143"><g v="VERB"></g><g v="perf"></g><g v="intr"></g><g v="femn"></g><g v="sing"></g><g v="past"></g><g v="indc"></g></l></v></tfr></token><token id="660730" text="к"><tfr rev_id="1492828" t="к"><v><l t="к" id="127460"><g v="PREP"></g></l></v></tfr></token><token id="660731" text="фотографированию"><tfr rev_id="1492829" t="фотографированию"><v><l t="фотографирование" id="367472"><g v="NOUN"></g><g v="inan"></g><g v="neut"></g><g v="sing"></g><g v="datv"></g></l></v></tfr></token><token id="660732" text=","><tfr rev_id="1492830" t=","><v><l t="," id="0"><g v="PNCT"></g></l></v></tfr></token><token id="660733" text="а"><tfr rev_id="1492831" t="а"><v><l t="а" id="51"><g v="CONJ"></g></l></v><v><l t="а" id="52"><g v="INTJ"></g></l></v><v><l t="а" id="53"><g v="PRCL"></g></l></v></tfr></token><token id="660734" text="он"><tfr rev_id="3575752" t="он"><v><l t="он" id="206541"><g v="NPRO"></g><g v="masc"></g><g v="3per"></g><g v="Anph"></g><g v="sing"></g><g v="nomn"></g></l></v></tfr></token><token id="660735" text="это"><tfr rev_id="4441746" t="это"><v><l t="это" id="386574"><g v="PRCL"></g></l></v><v><l t="это" id="386575"><g v="NPRO"></g><g v="neut"></g><g v="sing"></g><g v="nomn"></g></l></v><v><l t="это" id="386575"><g v="NPRO"></g><g v="neut"></g><g v="sing"></g><g v="accs"></g></l></v><v><l t="этот" id="386581"><g v="ADJF"></g><g v="Subx"></g><g v="Apro"></g><g v="Anph"></g><g v="neut"></g><g v="sing"></g><g v="nomn"></g></l></v><v><l t="этот" id="386581"><g v="ADJF"></g><g v="Subx"></g><g v="Apro"></g><g v="Anph"></g><g v="neut"></g><g v="sing"></g><g v="accs"></g></l></v></tfr></token><token id="660736" text="почувствовал"><tfr rev_id="1492834" t="почувствовал"><v><l t="почувствовал" id="265023"><g v="VERB"></g><g v="perf"></g><g v="tran"></g><g v="masc"></g><g v="sing"></g><g v="past"></g><g v="indc"></g></l></v></tfr></token><token id="660737" text="и"><tfr rev_id="1492835" t="и"><v><l t="и" id="116949"><g v="CONJ"></g></l></v><v><l t="и" id="116950"><g v="INTJ"></g></l></v></tfr></token><token id="660738" text="решил"><tfr rev_id="1492836" t="решил"><v><l t="решил" id="307396"><g v="VERB"></g><g v="perf"></g><g v="tran"></g><g v="masc"></g><g v="sing"></g><g v="past"></g><g v="indc"></g></l></v></tfr></token><token id="660739" text="не"><tfr rev_id="1492837" t="не"><v><l t="не" id="178876"><g v="PRCL"></g></l></v></tfr></token><token id="660740" text="тратить"><tfr rev_id="1492838" t="тратить"><v><l t="тратить" id="349348"><g v="INFN"></g><g v="impf"></g><g v="tran"></g></l></v></tfr></token><token id="660741" text="на"><tfr rev_id="3394487" t="на"><v><l t="на" id="166264"><g v="PREP"></g></l></v></tfr></token><token id="660742" text="меня"><tfr rev_id="2827357" t="меня"><v><l t="я" id="387317"><g v="NPRO"></g><g v="1per"></g><g v="sing"></g><g v="accs"></g></l></v></tfr></token><token id="660743" text="батареек"><tfr rev_id="1492841" t="батареек"><v><l t="батарейка" id="24489"><g v="NOUN"></g><g v="inan"></g><g v="femn"></g><g v="plur"></g><g v="gent"></g></l></v></tfr></token><token id="660744" text="."><tfr rev_id="1492842" t="."><v><l t="." id="0"><g v="PNCT"></g></l></v></tfr></token></tokens></sentence></paragraph><paragraph id="11816"><sentence id="36942"><source>Отчета тоже не будет, потому что его не может быть никогда.</source><tokens><token id="660745" text="Отчета"><tfr rev_id="1492843" t="Отчета"><v><l t="отчёт" id="219980"><g v="NOUN"></g><g v="inan"></g><g v="masc"></g><g v="sing"></g><g v="gent"></g></l></v></tfr></token><token id="660746" text="тоже"><tfr rev_id="4271147" t="тоже"><v><l t="тоже" id="346946"><g v="PRCL"></g></l></v></tfr></token><token id="660747" text="не"><tfr rev_id="1492845" t="не"><v><l t="не" id="178876"><g v="PRCL"></g></l></v></tfr></token><token id="660748" text="будет"><tfr rev_id="1492846" t="будет"><v><l t="есть" id="37265"><g v="VERB"></g><g v="impf"></g><g v="intr"></g><g v="sing"></g><g v="3per"></g><g v="futr"></g><g v="indc"></g></l></v></tfr></token><token id="660749" text=","><tfr rev_id="1492847" t=","><v><l t="," id="0"><g v="PNCT"></g></l></v></tfr></token><token id="660750" text="потому"><tfr rev_id="1492848" t="потому"><v><l t="потому" id="263335"><g v="ADVB"></g><g v="Dmns"></g></l></v></tfr></token><token id="660751" text="что"><tfr rev_id="3197402" t="что"><v><l t="что" id="377004"><g v="CONJ"></g></l></v><v><l t="что" id="377005"><g v="NPRO"></g><g v="neut"></g><g v="sing"></g><g v="nomn"></g></l></v><v><l t="что" id="377005"><g v="NPRO"></g><g v="neut"></g><g v="sing"></g><g v="accs"></g></l></v><v><l t="что" id="377006"><g v="ADVB"></g><g v="Ques"></g></l></v><v><l t="что" id="388695"><g v="PRCL"></g></l></v></tfr></token><token id="660752" text="его"><tfr rev_id="4527857" t="его"><v><l t="он" id="206541"><g v="NPRO"></g><g v="masc"></g><g v="3per"></g><g v="Anph"></g><g v="sing"></g><g v="gent"></g></l></v><v><l t="он" id="206541"><g v="NPRO"></g><g v="masc"></g><g v="3per"></g><g v="Anph"></g><g v="sing"></g><g v="accs"></g></l></v><v><l t="оно" id="206649"><g v="NPRO"></g><g v="neut"></g><g v="3per"></g><g v="Anph"></g><g v="sing"></g><g v="gent"></g></l></v><v><l t="оно" id="206649"><g v="NPRO"></g><g v="neut"></g><g v="3per"></g><g v="Anph"></g><g v="sing"></g><g v="accs"></g></l></v></tfr></token><token id="660753" text="не"><tfr rev_id="1492851" t="не"><v><l t="не" id="178876"><g v="PRCL"></g></l></v></tfr></token><token id="660754" text="может"><tfr rev_id="4229467" t="может"><v><l t="могу" id="164485"><g v="VERB"></g><g v="impf"></g><g v="intr"></g><g v="sing"></g><g v="3per"></g><g v="pres"></g><g v="indc"></g></l></v></tfr></token><token id="660755" text="быть"><tfr rev_id="1492853" t="быть"><v><l t="быть" id="37266"><g v="INFN"></g><g v="impf"></g><g v="intr"></g></l></v></tfr></token><token id="660756" text="никогда"><tfr rev_id="1492854" t="никогда"><v><l t="никогда" id="190941"><g v="ADVB"></g></l></v></tfr></token><token id="660757" text="."><tfr rev_id="1492855" t="."><v><l t="." id="0"><g v="PNCT"></g></l></v></tfr></token></tokens></sentence></paragraph><paragraph id="11817"><sentence id="36943"><source>Просто сразу по приезде пришлось вырабатывать стахановскую норму  по несению света в массы.</source><tokens><token id="660758" text="Просто"><tfr rev_id="1492856" t="Просто"><v><l t="просто" id="285025"><g v="ADVB"></g><g v="Prdx"></g></l></v><v><l t="просто" id="285026"><g v="PRCL"></g></l></v><v><l t="прост" id="285050"><g v="ADJS"></g><g v="Qual"></g><g v="neut"></g><g v="sing"></g></l></v></tfr></token><token id="660759" text="сразу"><tfr rev_id="1492857" t="сразу"><v><l t="сразу" id="333375"><g v="ADVB"></g></l></v></tfr></token><token id="660760" text="по"><tfr rev_id="1492858" t="по"><v><l t="по" id="241240"><g v="PREP"></g></l></v></tfr></token><token id="660761" text="приезде"><tfr rev_id="1492859" t="приезде"><v><l t="приезд" id="270332"><g v="NOUN"></g><g v="inan"></g><g v="masc"></g><g v="sing"></g><g v="loct"></g></l></v></tfr></token><token id="660762" text="пришлось"><tfr rev_id="1492860" t="пришлось"><v><l t="пришёлся" id="270741"><g v="VERB"></g><g v="perf"></g><g v="intr"></g><g v="neut"></g><g v="sing"></g><g v="past"></g><g v="indc"></g></l></v></tfr></token><token id="660763" text="вырабатывать"><tfr rev_id="1492861" t="вырабатывать"><v><l t="вырабатывать" id="61140"><g v="INFN"></g><g v="impf"></g><g v="tran"></g></l></v><v><l t="вырабатывать" id="61147"><g v="INFN"></g><g v="impf"></g><g v="intr"></g></l></v></tfr></token><token id="660764" text="стахановскую"><tfr rev_id="1492862" t="стахановскую"><v><l t="стахановский" id="335192"><g v="ADJF"></g><g v="femn"></g><g v="sing"></g><g v="accs"></g></l></v></tfr></token><token id="660765" text="норму"><tfr rev_id="1492863" t="норму"><v><l t="норма" id="192194"><g v="NOUN"></g><g v="inan"></g><g v="femn"></g><g v="sing"></g><g v="accs"></g></l></v></tfr></token><token id="660766" text="по"><tfr rev_id="1492864" t="по"><v><l t="по" id="241240"><g v="PREP"></g></l></v></tfr></token><token id="660767" text="несению"><tfr rev_id="1492865" t="несению"><v><l t="несение" id="188014"><g v="NOUN"></g><g v="inan"></g><g v="neut"></g><g v="sing"></g><g v="datv"></g></l></v></tfr></token><token id="660768" text="света"><tfr rev_id="4337530" t="света"><v><l t="свет" id="315472"><g v="NOUN"></g><g v="inan"></g><g v="masc"></g><g v="Sgtm"></g><g v="sing"></g><g v="gen1"></g></l></v></tfr></token><token id="660769" text="в"><tfr rev_id="1492867" t="в"><v><l t="в" id="37409"><g v="PREP"></g></l></v></tfr></token><token id="660770" text="массы"><tfr rev_id="3768658" t="массы"><v><l t="масса" id="155977"><g v="NOUN"></g><g v="inan"></g><g v="femn"></g><g v="plur"></g><g v="accs"></g></l></v></tfr></token><token id="660771" text="."><tfr rev_id="1492869" t="."><v><l t="." id="0"><g v="PNCT"></g></l></v></tfr></token></tokens></sentence><sentence id="36944"><source>Массы для вида отбиваются, но вроде довольны.</source><tokens><token id="660772" text="Массы"><tfr rev_id="3805209" t="Массы"><v><l t="масса" id="155977"><g v="NOUN"></g><g v="inan"></g><g v="femn"></g><g v="plur"></g><g v="nomn"></g></l></v></tfr></token><token id="660773" text="для"><tfr rev_id="3452982" t="для"><v><l t="для" id="85032"><g v="PREP"></g></l></v></tfr></token><token id="660774" text="вида"><tfr rev_id="1492872" t="вида"><v><l t="вид" id="44437"><g v="NOUN"></g><g v="inan"></g><g v="masc"></g><g v="sing"></g><g v="gen1"></g></l></v></tfr></token><token id="660775" text="отбиваются"><tfr rev_id="1492873" t="отбиваются"><v><l t="отбиваюсь" id="211819"><g v="VERB"></g><g v="impf"></g><g v="intr"></g><g v="plur"></g><g v="3per"></g><g v="pres"></g><g v="indc"></g></l></v></tfr></token><token id="660776" text=","><tfr rev_id="1492874" t=","><v><l t="," id="0"><g v="PNCT"></g></l></v></tfr></token><token id="660777" text="но"><tfr rev_id="3486523" t="но"><v><l t="но" id="191429"><g v="CONJ"></g></l></v></tfr></token><token id="660778" text="вроде"><tfr rev_id="1492876" t="вроде"><v><l t="вроде" id="53158"><g v="PREP"></g></l></v><v><l t="вроде" id="53159"><g v="PRCL"></g></l></v></tfr></token><token id="660779" text="довольны"><tfr rev_id="1492877" t="довольны"><v><l t="доволен" id="86038"><g v="ADJS"></g><g v="Qual"></g><g v="plur"></g></l></v></tfr></token><token id="660780" text="."><tfr rev_id="1492878" t="."><v><l t="." id="0"><g v="PNCT"></g></l></v></tfr></token></tokens></sentence></paragraph><paragraph id="11818"><sentence id="36945"><source>Что вполне согласуется с идеей о том, что информацией нельзя пользоваться безвозмездно, нужно обязательно привносить ее в мир.</source><tokens><token id="660781" text="Что"><tfr rev_id="3197403" t="Что"><v><l t="что" id="377004"><g v="CONJ"></g></l></v><v><l t="что" id="377005"><g v="NPRO"></g><g v="neut"></g><g v="sing"></g><g v="nomn"></g></l></v><v><l t="что" id="377005"><g v="NPRO"></g><g v="neut"></g><g v="sing"></g><g v="accs"></g></l></v><v><l t="что" id="377006"><g v="ADVB"></g><g v="Ques"></g></l></v><v><l t="что" id="388695"><g v="PRCL"></g></l></v></tfr></token><token id="660782" text="вполне"><tfr rev_id="1492880" t="вполне"><v><l t="вполне" id="52647"><g v="ADVB"></g></l></v></tfr></token><token id="660783" text="согласуется"><tfr rev_id="1492881" t="согласуется"><v><l t="согласуюсь" id="328269"><g v="VERB"></g><g v="impf"></g><g v="intr"></g><g v="sing"></g><g v="3per"></g><g v="pres"></g><g v="indc"></g></l></v></tfr></token><token id="660784" text="с"><tfr rev_id="1492882" t="с"><v><l t="с" id="311151"><g v="PREP"></g></l></v></tfr></token><token id="660785" text="идеей"><tfr rev_id="1492883" t="идеей"><v><l t="идея" id="117499"><g v="NOUN"></g><g v="inan"></g><g v="femn"></g><g v="sing"></g><g v="ablt"></g></l></v></tfr></token><token id="660786" text="о"><tfr rev_id="3326972" t="о"><v><l t="о" id="192977"><g v="PREP"></g></l></v></tfr></token><token id="660787" text="том"><tfr rev_id="4345344" t="том"><v><l t="тот" id="348430"><g v="ADJF"></g><g v="Subx"></g><g v="Apro"></g><g v="Anph"></g><g v="neut"></g><g v="sing"></g><g v="loct"></g></l></v></tfr></token><token id="660788" text=","><tfr rev_id="1492886" t=","><v><l t="," id="0"><g v="PNCT"></g></l></v></tfr></token><token id="660789" text="что"><tfr rev_id="3197404" t="что"><v><l t="что" id="377004"><g v="CONJ"></g></l></v><v><l t="что" id="377005"><g v="NPRO"></g><g v="neut"></g><g v="sing"></g><g v="nomn"></g></l></v><v><l t="что" id="377005"><g v="NPRO"></g><g v="neut"></g><g v="sing"></g><g v="accs"></g></l></v><v><l t="что" id="377006"><g v="ADVB"></g><g v="Ques"></g></l></v><v><l t="что" id="388695"><g v="PRCL"></g></l></v></tfr></token><token id="660790" text="информацией"><tfr rev_id="1492888" t="информацией"><v><l t="информация" id="123576"><g v="NOUN"></g><g v="inan"></g><g v="femn"></g><g v="sing"></g><g v="ablt"></g></l></v></tfr></token><token id="660791" text="нельзя"><tfr rev_id="1492889" t="нельзя"><v><l t="нельзя" id="183884"><g v="PRED"></g><g v="pres"></g></l></v></tfr></token><token id="660792" text="пользоваться"><tfr rev_id="1492890" t="пользоваться"><v><l t="пользоваться" id="257091"><g v="INFN"></g><g v="impf"></g><g v="intr"></g></l></v></tfr></token><token id="660793" text="безвозмездно"><tfr rev_id="3709861" t="безвозмездно"><v><l t="безвозмездно" id="25659"><g v="ADVB"></g></l></v></tfr></token><token id="660794" text=","><tfr rev_id="1492892" t=","><v><l t="," id="0"><g v="PNCT"></g></l></v></tfr></token><token id="660795" text="нужно"><tfr rev_id="1492893" t="нужно"><v><l t="нужно" id="192579"><g v="PRED"></g><g v="pres"></g></l></v><v><l t="нужен" id="192584"><g v="ADJS"></g><g v="Qual"></g><g v="neut"></g><g v="sing"></g></l></v></tfr></token><token id="660796" text="обязательно"><tfr rev_id="1492894" t="обязательно"><v><l t="обязательно" id="202085"><g v="ADVB"></g><g v="Prdx"></g></l></v><v><l t="обязателен" id="202089"><g v="ADJS"></g><g v="neut"></g><g v="sing"></g></l></v></tfr></token><token id="660797" text="привносить"><tfr rev_id="1492895" t="привносить"><v><l t="привносить" id="269393"><g v="INFN"></g><g v="impf"></g><g v="tran"></g></l></v></tfr></token><token id="660798" text="ее"><tfr rev_id="4470992" t="ее"><v><l t="она" id="206544"><g v="NPRO"></g><g v="femn"></g><g v="3per"></g><g v="Anph"></g><g v="sing"></g><g v="gent"></g></l></v><v><l t="она" id="206544"><g v="NPRO"></g><g v="femn"></g><g v="3per"></g><g v="Anph"></g><g v="sing"></g><g v="accs"></g></l></v></tfr></token><token id="660799" text="в"><tfr rev_id="1492897" t="в"><v><l t="в" id="37409"><g v="PREP"></g></l></v></tfr></token><token id="660800" text="мир"><tfr rev_id="3493587" t="мир"><v><l t="мир" id="160807"><g v="NOUN"></g><g v="inan"></g><g v="masc"></g><g v="sing"></g><g v="nomn"></g></l></v><v><l t="мир" id="160807"><g v="NOUN"></g><g v="inan"></g><g v="masc"></g><g v="sing"></g><g v="accs"></g></l></v></tfr></token><token id="660801" text="."><tfr rev_id="1492899" t="."><v><l t="." id="0"><g v="PNCT"></g></l></v></tfr></token></tokens></sentence><sentence id="36946"><source>Мысль попала мне через третьи руки, но импонирует.</source><tokens><token id="660802" text="Мысль"><tfr rev_id="1492900" t="Мысль"><v><l t="мысль" id="165873"><g v="NOUN"></g><g v="inan"></g><g v="femn"></g><g v="sing"></g><g v="nomn"></g></l></v><v><l t="мысль" id="165873"><g v="NOUN"></g><g v="inan"></g><g v="femn"></g><g v="sing"></g><g v="accs"></g></l></v></tfr></token><token id="660803" text="попала"><tfr rev_id="1492901" t="попала"><v><l t="попал" id="259025"><g v="VERB"></g><g v="perf"></g><g v="intr"></g><g v="femn"></g><g v="sing"></g><g v="past"></g><g v="indc"></g></l></v></tfr></token><token id="660804" text="мне"><tfr rev_id="4201526" t="мне"><v><l t="я" id="387317"><g v="NPRO"></g><g v="1per"></g><g v="sing"></g><g v="datv"></g></l></v></tfr></token><token id="660805" text="через"><tfr rev_id="1492903" t="через"><v><l t="через" id="375333"><g v="PREP"></g></l></v></tfr></token><token id="660806" text="третьи"><tfr rev_id="4234742" t="третьи"><v><l t="третий" id="349855"><g v="ADJF"></g><g v="Anum"></g><g v="plur"></g><g v="nomn"></g></l></v><v><l t="третий" id="349855"><g v="ADJF"></g><g v="Anum"></g><g v="inan"></g><g v="plur"></g><g v="accs"></g></l></v></tfr></token><token id="660807" text="руки"><tfr rev_id="3715301" t="руки"><v><l t="рука" id="309953"><g v="NOUN"></g><g v="inan"></g><g v="femn"></g><g v="plur"></g><g v="accs"></g></l></v></tfr></token><token id="660808" text=","><tfr rev_id="1492906" t=","><v><l t="," id="0"><g v="PNCT"></g></l></v></tfr></token><token id="660809" text="но"><tfr rev_id="1492907" t="но"><v><l t="но" id="191429"><g v="CONJ"></g></l></v><v><l t="но" id="191430"><g v="INTJ"></g></l></v></tfr></token><token id="660810" text="импонирует"><tfr rev_id="1492908" t="импонирует"><v><l t="импонирую" id="121822"><g v="VERB"></g><g v="impf"></g><g v="intr"></g><g v="sing"></g><g v="3per"></g><g v="pres"></g><g v="indc"></g></l></v></tfr></token><token id="660811" text="."><tfr rev_id="1492909" t="."><v><l t="." id="0"><g v="PNCT"></g></l></v></tfr></token></tokens></sentence><sentence id="36947"><source>Узнал как искать картинки по содержанию - расскажи детям про форматирование в ворде.</source><tokens><token id="660812" text="Узнал"><tfr rev_id="1492910" t="Узнал"><v><l t="узнал" id="355806"><g v="VERB"></g><g v="perf"></g><g v="tran"></g><g v="masc"></g><g v="sing"></g><g v="past"></g><g v="indc"></g></l></v></tfr></token><token id="660813" text="как"><tfr rev_id="1492911" t="как"><v><l t="как" id="128190"><g v="CONJ"></g></l></v><v><l t="как" id="128191"><g v="PRCL"></g></l></v><v><l t="как" id="128192"><g v="ADVB"></g><g v="Ques"></g></l></v></tfr></token><token id="660814" text="искать"><tfr rev_id="1492912" t="искать"><v><l t="искать" id="124300"><g v="INFN"></g><g v="impf"></g><g v="tran"></g></l></v></tfr></token><token id="660815" text="картинки"><tfr rev_id="3795029" t="картинки"><v><l t="картинка" id="130775"><g v="NOUN"></g><g v="inan"></g><g v="femn"></g><g v="plur"></g><g v="accs"></g></l></v></tfr></token><token id="660816" text="по"><tfr rev_id="1492914" t="по"><v><l t="по" id="241240"><g v="PREP"></g></l></v></tfr></token><token id="660817" text="содержанию"><tfr rev_id="1492915" t="содержанию"><v><l t="содержание" id="328404"><g v="NOUN"></g><g v="inan"></g><g v="neut"></g><g v="sing"></g><g v="datv"></g></l></v></tfr></token><token id="660818" text="-"><tfr rev_id="1492916" t="-"><v><l t="-" id="0"><g v="PNCT"></g></l></v></tfr></token><token id="660819" text="расскажи"><tfr rev_id="1492917" t="расскажи"><v><l t="рассказал" id="300965"><g v="VERB"></g><g v="perf"></g><g v="tran"></g><g v="sing"></g><g v="impr"></g><g v="excl"></g></l></v></tfr></token><token id="660820" text="детям"><tfr rev_id="1492918" t="детям"><v><l t="ребёнок" id="304488"><g v="NOUN"></g><g v="anim"></g><g v="masc"></g><g v="plur"></g><g v="datv"></g></l></v></tfr></token><token id="660821" text="про"><tfr rev_id="1492919" t="про"><v><l t="про" id="277024"><g v="PREP"></g></l></v></tfr></token><token id="660822" text="форматирование"><tfr rev_id="3549062" t="форматирование"><v><l t="форматирование" id="367140"><g v="NOUN"></g><g v="inan"></g><g v="neut"></g><g v="Sgtm"></g><g v="sing"></g><g v="accs"></g></l></v></tfr></token><token id="660823" text="в"><tfr rev_id="1492921" t="в"><v><l t="в" id="37409"><g v="PREP"></g></l></v></tfr></token><token id="660824" text="ворде"><tfr rev_id="1492922" t="ворде"><v><l t="ворде" id="0"><g v="UNKN"></g></l></v></tfr></token><token id="660825" text="."><tfr rev_id="1492923" t="."><v><l t="." id="0"><g v="PNCT"></g></l></v></tfr></token></tokens></sentence></paragraph><paragraph id="11819"><sentence id="36948"><source>Когда ночью спишь всего три часа, лекции получаются особенно зажигательные...</source><tokens><token id="660826" text="Когда"><tfr rev_id="1492924" t="Когда"><v><l t="когда" id="135239"><g v="CONJ"></g></l></v><v><l t="когда" id="135240"><g v="ADVB"></g><g v="Ques"></g></l></v></tfr></token><token id="660827" text="ночью"><tfr rev_id="4264492" t="ночью"><v><l t="ночью" id="192470"><g v="ADVB"></g></l></v></tfr></token><token id="660828" text="спишь"><tfr rev_id="1492926" t="спишь"><v><l t="сплю" id="331611"><g v="VERB"></g><g v="impf"></g><g v="intr"></g><g v="sing"></g><g v="2per"></g><g v="pres"></g><g v="indc"></g></l></v></tfr></token><token id="660829" text="всего"><tfr rev_id="4499256" t="всего"><v><l t="всего" id="53374"><g v="PRCL"></g></l></v></tfr></token><token id="660830" text="три"><tfr rev_id="2635335" t="три"><v><l t="три" id="349973"><g v="NUMR"></g><g v="nomn"></g></l></v><v><l t="три" id="349973"><g v="NUMR"></g><g v="inan"></g><g v="accs"></g></l></v></tfr></token><token id="660831" text="часа"><tfr rev_id="1492929" t="часа"><v><l t="час" id="374736"><g v="NOUN"></g><g v="inan"></g><g v="masc"></g><g v="sing"></g><g v="gen1"></g></l></v></tfr></token><token id="660832" text=","><tfr rev_id="1492930" t=","><v><l t="," id="0"><g v="PNCT"></g></l></v></tfr></token><token id="660833" text="лекции"><tfr rev_id="3793872" t="лекции"><v><l t="лекция" id="147944"><g v="NOUN"></g><g v="inan"></g><g v="femn"></g><g v="plur"></g><g v="nomn"></g></l></v></tfr></token><token id="660834" text="получаются"><tfr rev_id="1492932" t="получаются"><v><l t="получаюсь" id="256950"><g v="VERB"></g><g v="impf"></g><g v="intr"></g><g v="plur"></g><g v="3per"></g><g v="pres"></g><g v="indc"></g></l></v></tfr></token><token id="660835" text="особенно"><tfr rev_id="3426599" t="особенно"><v><l t="особенно" id="210627"><g v="ADVB"></g></l></v><v><l t="особен" id="210630"><g v="ADJS"></g><g v="Qual"></g><g v="neut"></g><g v="sing"></g></l></v><v><l t="особенно" id="388746"><g v="PRCL"></g></l></v></tfr></token><token id="660836" text="зажигательные"><tfr rev_id="3816302" t="зажигательные"><v><l t="зажигательный" id="102199"><g v="ADJF"></g><g v="Qual"></g><g v="plur"></g><g v="nomn"></g></l></v></tfr></token><token id="660837" text="..."><tfr rev_id="1492935" t="..."><v><l t="..." id="0"><g v="PNCT"></g></l></v></tfr></token></tokens></sentence></paragraph></paragraphs></text>