<?xml version="1.0" encoding="utf-8"?><text id="1301" parent="602" name="0092280 концерт в музыкальном училище"><tags><tag>url:http://l-i-d-y-a.livejournal.com/92280.html</tag><tag>Год:2009</tag><tag>Дата:10/06</tag><tag>Время:01:06</tag><tag>ЖЖ:Метка:впечатления</tag></tags><paragraphs><paragraph id="11874"><sentence id="37073"><source>концерт в музыкальном училище</source><tokens><token id="662675" text="концерт"><tfr rev_id="3530866" t="концерт"><v><l t="концерт" id="138954"><g v="NOUN"></g><g v="inan"></g><g v="masc"></g><g v="sing"></g><g v="nomn"></g></l></v></tfr></token><token id="662676" text="в"><tfr rev_id="1494773" t="в"><v><l t="в" id="37409"><g v="PREP"></g></l></v></tfr></token><token id="662677" text="музыкальном"><tfr rev_id="3823783" t="музыкальном"><v><l t="музыкальный" id="164805"><g v="ADJF"></g><g v="Qual"></g><g v="neut"></g><g v="sing"></g><g v="loct"></g></l></v></tfr></token><token id="662678" text="училище"><tfr rev_id="4458257" t="училище"><v><l t="училище" id="363259"><g v="NOUN"></g><g v="inan"></g><g v="neut"></g><g v="sing"></g><g v="loct"></g></l></v></tfr></token></tokens></sentence></paragraph><paragraph id="11875"><sentence id="37074"><source>На органе играют руками и ногами.</source><tokens><token id="662679" text="На"><tfr rev_id="3335715" t="На"><v><l t="на" id="166264"><g v="PREP"></g></l></v></tfr></token><token id="662680" text="органе"><tfr rev_id="1494777" t="органе"><v><l t="орган" id="208736"><g v="NOUN"></g><g v="inan"></g><g v="masc"></g><g v="sing"></g><g v="loct"></g></l></v></tfr></token><token id="662681" text="играют"><tfr rev_id="1494778" t="играют"><v><l t="играю" id="117311"><g v="VERB"></g><g v="impf"></g><g v="tran"></g><g v="plur"></g><g v="3per"></g><g v="pres"></g><g v="indc"></g></l></v></tfr></token><token id="662682" text="руками"><tfr rev_id="1494779" t="руками"><v><l t="рука" id="309953"><g v="NOUN"></g><g v="inan"></g><g v="femn"></g><g v="plur"></g><g v="ablt"></g></l></v></tfr></token><token id="662683" text="и"><tfr rev_id="1494780" t="и"><v><l t="и" id="116949"><g v="CONJ"></g></l></v><v><l t="и" id="116950"><g v="INTJ"></g></l></v></tfr></token><token id="662684" text="ногами"><tfr rev_id="1494781" t="ногами"><v><l t="нога" id="191924"><g v="NOUN"></g><g v="inan"></g><g v="femn"></g><g v="plur"></g><g v="ablt"></g></l></v></tfr></token><token id="662685" text="."><tfr rev_id="1494782" t="."><v><l t="." id="0"><g v="PNCT"></g></l></v></tfr></token></tokens></sentence><sentence id="37075"><source>И специально обученный человек переключает регистры и перелистывает ноты.</source><tokens><token id="662686" text="И"><tfr rev_id="3677791" t="И"><v><l t="и" id="116949"><g v="CONJ"></g></l></v></tfr></token><token id="662687" text="специально"><tfr rev_id="3880990" t="специально"><v><l t="специально" id="331873"><g v="ADVB"></g></l></v></tfr></token><token id="662688" text="обученный"><tfr rev_id="1494785" t="обученный"><v><l t="обученный" id="200863"><g v="ADJF"></g><g v="masc"></g><g v="sing"></g><g v="nomn"></g></l></v><v><l t="обученный" id="200863"><g v="ADJF"></g><g v="inan"></g><g v="masc"></g><g v="sing"></g><g v="accs"></g></l></v><v><l t="обученный" id="200867"><g v="PRTF"></g><g v="perf"></g><g v="tran"></g><g v="past"></g><g v="pssv"></g><g v="masc"></g><g v="sing"></g><g v="nomn"></g></l></v><v><l t="обученный" id="200867"><g v="PRTF"></g><g v="perf"></g><g v="tran"></g><g v="past"></g><g v="pssv"></g><g v="inan"></g><g v="masc"></g><g v="sing"></g><g v="accs"></g></l></v></tfr></token><token id="662689" text="человек"><tfr rev_id="3507006" t="человек"><v><l t="человек" id="375073"><g v="NOUN"></g><g v="anim"></g><g v="masc"></g><g v="sing"></g><g v="nomn"></g></l></v></tfr></token><token id="662690" text="переключает"><tfr rev_id="1494787" t="переключает"><v><l t="переключаю" id="229689"><g v="VERB"></g><g v="impf"></g><g v="tran"></g><g v="sing"></g><g v="3per"></g><g v="pres"></g><g v="indc"></g></l></v></tfr></token><token id="662691" text="регистры"><tfr rev_id="3756997" t="регистры"><v><l t="регистр" id="304840"><g v="NOUN"></g><g v="inan"></g><g v="masc"></g><g v="plur"></g><g v="accs"></g></l></v></tfr></token><token id="662692" text="и"><tfr rev_id="3538929" t="и"><v><l t="и" id="116949"><g v="CONJ"></g></l></v></tfr></token><token id="662693" text="перелистывает"><tfr rev_id="1494790" t="перелистывает"><v><l t="перелистываю" id="230645"><g v="VERB"></g><g v="impf"></g><g v="tran"></g><g v="sing"></g><g v="3per"></g><g v="pres"></g><g v="indc"></g></l></v></tfr></token><token id="662694" text="ноты"><tfr rev_id="3796279" t="ноты"><v><l t="нота" id="192377"><g v="NOUN"></g><g v="inan"></g><g v="femn"></g><g v="plur"></g><g v="accs"></g></l></v></tfr></token><token id="662695" text="."><tfr rev_id="1494792" t="."><v><l t="." id="0"><g v="PNCT"></g></l></v></tfr></token></tokens></sentence><sentence id="37076"><source>А в стародавние времена еще был третий, который раздувал мехи.</source><tokens><token id="662696" text="А"><tfr rev_id="4103630" t="А"><v><l t="а" id="51"><g v="CONJ"></g></l></v></tfr></token><token id="662697" text="в"><tfr rev_id="1494794" t="в"><v><l t="в" id="37409"><g v="PREP"></g></l></v></tfr></token><token id="662698" text="стародавние"><tfr rev_id="4085412" t="стародавние"><v><l t="стародавний" id="334855"><g v="ADJF"></g><g v="inan"></g><g v="plur"></g><g v="accs"></g></l></v></tfr></token><token id="662699" text="времена"><tfr rev_id="3752155" t="времена"><v><l t="время" id="53149"><g v="NOUN"></g><g v="inan"></g><g v="neut"></g><g v="plur"></g><g v="accs"></g></l></v></tfr></token><token id="662700" text="еще"><tfr rev_id="1494797" t="еще"><v><l t="ещё" id="95551"><g v="PRCL"></g></l></v><v><l t="ещё" id="95552"><g v="ADVB"></g></l></v></tfr></token><token id="662701" text="был"><tfr rev_id="1494798" t="был"><v><l t="есть" id="37265"><g v="VERB"></g><g v="impf"></g><g v="intr"></g><g v="masc"></g><g v="sing"></g><g v="past"></g><g v="indc"></g></l></v></tfr></token><token id="662702" text="третий"><tfr rev_id="3521289" t="третий"><v><l t="третий" id="349855"><g v="ADJF"></g><g v="Anum"></g><g v="masc"></g><g v="sing"></g><g v="nomn"></g></l></v><v><l t="третий" id="349855"><g v="ADJF"></g><g v="Anum"></g><g v="inan"></g><g v="masc"></g><g v="sing"></g><g v="accs"></g></l></v></tfr></token><token id="662703" text=","><tfr rev_id="1494800" t=","><v><l t="," id="0"><g v="PNCT"></g></l></v></tfr></token><token id="662704" text="который"><tfr rev_id="3637463" t="который"><v><l t="который" id="141203"><g v="ADJF"></g><g v="Apro"></g><g v="Subx"></g><g v="Anph"></g><g v="masc"></g><g v="sing"></g><g v="nomn"></g></l></v><v><l t="который" id="141203"><g v="ADJF"></g><g v="Apro"></g><g v="Subx"></g><g v="Anph"></g><g v="inan"></g><g v="masc"></g><g v="sing"></g><g v="accs"></g></l></v></tfr></token><token id="662705" text="раздувал"><tfr rev_id="1494802" t="раздувал"><v><l t="раздуваю" id="293854"><g v="VERB"></g><g v="impf"></g><g v="tran"></g><g v="masc"></g><g v="sing"></g><g v="past"></g><g v="indc"></g></l></v></tfr></token><token id="662706" text="мехи"><tfr rev_id="4473350" t="мехи"><v><l t="мех" id="159349"><g v="NOUN"></g><g v="inan"></g><g v="masc"></g><g v="plur"></g><g v="accs"></g></l></v></tfr></token><token id="662707" text="."><tfr rev_id="1494804" t="."><v><l t="." id="0"><g v="PNCT"></g></l></v></tfr></token></tokens></sentence></paragraph><paragraph id="11876"><sentence id="37077"><source>Органу явно тесно в концертном классе.</source><tokens><token id="662708" text="Органу"><tfr rev_id="1494805" t="Органу"><v><l t="орган" id="208736"><g v="NOUN"></g><g v="inan"></g><g v="masc"></g><g v="sing"></g><g v="datv"></g></l></v></tfr></token><token id="662709" text="явно"><tfr rev_id="1494806" t="явно"><v><l t="явно" id="387390"><g v="ADVB"></g></l></v><v><l t="явен" id="387394"><g v="ADJS"></g><g v="Qual"></g><g v="neut"></g><g v="sing"></g></l></v></tfr></token><token id="662710" text="тесно"><tfr rev_id="3881013" t="тесно"><v><l t="тесно" id="345734"><g v="ADVB"></g><g v="Prdx"></g></l></v></tfr></token><token id="662711" text="в"><tfr rev_id="1494808" t="в"><v><l t="в" id="37409"><g v="PREP"></g></l></v></tfr></token><token id="662712" text="концертном"><tfr rev_id="3464147" t="концертном"><v><l t="концертный" id="138966"><g v="ADJF"></g><g v="Qual"></g><g v="masc"></g><g v="sing"></g><g v="loct"></g></l></v></tfr></token><token id="662713" text="классе"><tfr rev_id="1494810" t="классе"><v><l t="класс" id="133889"><g v="NOUN"></g><g v="inan"></g><g v="masc"></g><g v="sing"></g><g v="loct"></g></l></v></tfr></token><token id="662714" text="."><tfr rev_id="1494811" t="."><v><l t="." id="0"><g v="PNCT"></g></l></v></tfr></token></tokens></sentence><sentence id="37078"><source>Очевидно, собор - резонатор - это часть инструмента.</source><tokens><token id="662715" text="Очевидно"><tfr rev_id="1494812" t="Очевидно"><v><l t="очевидно" id="221649"><g v="ADVB"></g><g v="Prdx"></g></l></v><v><l t="очевидно" id="221650"><g v="CONJ"></g><g v="Prnt"></g></l></v><v><l t="очевиден" id="221654"><g v="ADJS"></g><g v="Qual"></g><g v="neut"></g><g v="sing"></g></l></v></tfr></token><token id="662716" text=","><tfr rev_id="1494813" t=","><v><l t="," id="0"><g v="PNCT"></g></l></v></tfr></token><token id="662717" text="собор"><tfr rev_id="1494814" t="собор"><v><l t="собор" id="327772"><g v="NOUN"></g><g v="inan"></g><g v="masc"></g><g v="sing"></g><g v="nomn"></g></l></v><v><l t="собор" id="327772"><g v="NOUN"></g><g v="inan"></g><g v="masc"></g><g v="sing"></g><g v="accs"></g></l></v></tfr></token><token id="662718" text="-"><tfr rev_id="1494815" t="-"><v><l t="-" id="0"><g v="PNCT"></g></l></v></tfr></token><token id="662719" text="резонатор"><tfr rev_id="2560679" t="резонатор"><v><l t="резонатор" id="305367"><g v="NOUN"></g><g v="inan"></g><g v="masc"></g><g v="sing"></g><g v="nomn"></g></l></v></tfr></token><token id="662720" text="-"><tfr rev_id="1494817" t="-"><v><l t="-" id="0"><g v="PNCT"></g></l></v></tfr></token><token id="662721" text="это"><tfr rev_id="4441753" t="это"><v><l t="это" id="386574"><g v="PRCL"></g></l></v><v><l t="это" id="386575"><g v="NPRO"></g><g v="neut"></g><g v="sing"></g><g v="nomn"></g></l></v><v><l t="это" id="386575"><g v="NPRO"></g><g v="neut"></g><g v="sing"></g><g v="accs"></g></l></v><v><l t="этот" id="386581"><g v="ADJF"></g><g v="Subx"></g><g v="Apro"></g><g v="Anph"></g><g v="neut"></g><g v="sing"></g><g v="nomn"></g></l></v><v><l t="этот" id="386581"><g v="ADJF"></g><g v="Subx"></g><g v="Apro"></g><g v="Anph"></g><g v="neut"></g><g v="sing"></g><g v="accs"></g></l></v></tfr></token><token id="662722" text="часть"><tfr rev_id="4093054" t="часть"><v><l t="часть" id="374820"><g v="NOUN"></g><g v="inan"></g><g v="femn"></g><g v="sing"></g><g v="nomn"></g></l></v></tfr></token><token id="662723" text="инструмента"><tfr rev_id="1494820" t="инструмента"><v><l t="инструмент" id="122944"><g v="NOUN"></g><g v="inan"></g><g v="masc"></g><g v="sing"></g><g v="gent"></g></l></v></tfr></token><token id="662724" text="."><tfr rev_id="1494821" t="."><v><l t="." id="0"><g v="PNCT"></g></l></v></tfr></token></tokens></sentence></paragraph><paragraph id="11877"><sentence id="37079"><source>Один орган - это уже оркестр.</source><tokens><token id="662725" text="Один"><tfr rev_id="4299692" t="Один"><v><l t="один" id="203319"><g v="ADJF"></g><g v="Apro"></g><g v="Anum"></g><g v="masc"></g><g v="sing"></g><g v="nomn"></g></l></v><v><l t="один" id="203319"><g v="ADJF"></g><g v="Apro"></g><g v="Anum"></g><g v="inan"></g><g v="masc"></g><g v="sing"></g><g v="accs"></g></l></v></tfr></token><token id="662726" text="орган"><tfr rev_id="4104033" t="орган"><v><l t="орган" id="208736"><g v="NOUN"></g><g v="inan"></g><g v="masc"></g><g v="sing"></g><g v="nomn"></g></l></v></tfr></token><token id="662727" text="-"><tfr rev_id="1494824" t="-"><v><l t="-" id="0"><g v="PNCT"></g></l></v></tfr></token><token id="662728" text="это"><tfr rev_id="4342230" t="это"><v><l t="это" id="386575"><g v="NPRO"></g><g v="neut"></g><g v="sing"></g><g v="nomn"></g></l></v><v><l t="это" id="386575"><g v="NPRO"></g><g v="neut"></g><g v="sing"></g><g v="accs"></g></l></v></tfr></token><token id="662729" text="уже"><tfr rev_id="2692846" t="уже"><v><l t="уж" id="355422"><g v="NOUN"></g><g v="anim"></g><g v="masc"></g><g v="sing"></g><g v="loct"></g></l></v><v><l t="уже" id="355498"><g v="ADVB"></g></l></v><v><l t="уже" id="355674"><g v="COMP"></g><g v="Qual"></g></l></v><v><l t="уже" id="388673"><g v="PRCL"></g></l></v></tfr></token><token id="662730" text="оркестр"><tfr rev_id="1494827" t="оркестр"><v><l t="оркестр" id="209091"><g v="NOUN"></g><g v="inan"></g><g v="masc"></g><g v="sing"></g><g v="nomn"></g></l></v><v><l t="оркестр" id="209091"><g v="NOUN"></g><g v="inan"></g><g v="masc"></g><g v="sing"></g><g v="accs"></g></l></v></tfr></token><token id="662731" text="."><tfr rev_id="1494828" t="."><v><l t="." id="0"><g v="PNCT"></g></l></v></tfr></token></tokens></sentence></paragraph></paragraphs></text>