<?xml version="1.0" encoding="utf-8"?><text id="1339" parent="604" name="0156051 Borland и Oracle"><tags><tag>url:http://yakov-sirotkin.livejournal.com/156051.html</tag><tag>Год:2010</tag><tag>Дата:27/10</tag><tag>Время:12:03</tag></tags><paragraphs><paragraph id="12272"><sentence id="38331"><source>Borland и Oracle</source><tokens><token id="683383" text="Borland"><tfr rev_id="2475354" t="Borland"><v><l t="Borland" id="0"><g v="LATN"></g></l></v></tfr></token><token id="683384" text="и"><tfr rev_id="1515248" t="и"><v><l t="и" id="116949"><g v="CONJ"></g></l></v><v><l t="и" id="116950"><g v="INTJ"></g></l></v></tfr></token><token id="683385" text="Oracle"><tfr rev_id="2475355" t="Oracle"><v><l t="Oracle" id="0"><g v="LATN"></g></l></v></tfr></token></tokens></sentence></paragraph><paragraph id="12273"><sentence id="38332"><source>Была у нас уже компания, которая занимала лидирующее положение на рынке и активно покупала.</source><tokens><token id="683386" text="Была"><tfr rev_id="1515250" t="Была"><v><l t="есть" id="37265"><g v="VERB"></g><g v="impf"></g><g v="intr"></g><g v="femn"></g><g v="sing"></g><g v="past"></g><g v="indc"></g></l></v></tfr></token><token id="683387" text="у"><tfr rev_id="3230824" t="у"><v><l t="у" id="352818"><g v="PREP"></g></l></v></tfr></token><token id="683388" text="нас"><tfr rev_id="4199244" t="нас"><v><l t="мы" id="165750"><g v="NPRO"></g><g v="1per"></g><g v="plur"></g><g v="gent"></g></l></v></tfr></token><token id="683389" text="уже"><tfr rev_id="2692881" t="уже"><v><l t="уж" id="355422"><g v="NOUN"></g><g v="anim"></g><g v="masc"></g><g v="sing"></g><g v="loct"></g></l></v><v><l t="уже" id="355498"><g v="ADVB"></g></l></v><v><l t="уже" id="355674"><g v="COMP"></g><g v="Qual"></g></l></v><v><l t="уже" id="388673"><g v="PRCL"></g></l></v></tfr></token><token id="683390" text="компания"><tfr rev_id="1515254" t="компания"><v><l t="компания" id="137146"><g v="NOUN"></g><g v="inan"></g><g v="femn"></g><g v="sing"></g><g v="nomn"></g></l></v></tfr></token><token id="683391" text=","><tfr rev_id="1515255" t=","><v><l t="," id="0"><g v="PNCT"></g></l></v></tfr></token><token id="683392" text="которая"><tfr rev_id="3639850" t="которая"><v><l t="который" id="141203"><g v="ADJF"></g><g v="Apro"></g><g v="Subx"></g><g v="Anph"></g><g v="femn"></g><g v="sing"></g><g v="nomn"></g></l></v></tfr></token><token id="683393" text="занимала"><tfr rev_id="1515257" t="занимала"><v><l t="занимаю" id="106412"><g v="VERB"></g><g v="impf"></g><g v="tran"></g><g v="femn"></g><g v="sing"></g><g v="past"></g><g v="indc"></g></l></v></tfr></token><token id="683394" text="лидирующее"><tfr rev_id="1515258" t="лидирующее"><v><l t="лидирующий" id="149021"><g v="PRTF"></g><g v="impf"></g><g v="intr"></g><g v="pres"></g><g v="actv"></g><g v="neut"></g><g v="sing"></g><g v="nomn"></g></l></v><v><l t="лидирующий" id="149021"><g v="PRTF"></g><g v="impf"></g><g v="intr"></g><g v="pres"></g><g v="actv"></g><g v="neut"></g><g v="sing"></g><g v="accs"></g></l></v></tfr></token><token id="683395" text="положение"><tfr rev_id="4102060" t="положение"><v><l t="положение" id="256255"><g v="NOUN"></g><g v="inan"></g><g v="neut"></g><g v="sing"></g><g v="accs"></g></l></v></tfr></token><token id="683396" text="на"><tfr rev_id="3333903" t="на"><v><l t="на" id="166264"><g v="PREP"></g></l></v></tfr></token><token id="683397" text="рынке"><tfr rev_id="1515261" t="рынке"><v><l t="рынок" id="310781"><g v="NOUN"></g><g v="inan"></g><g v="masc"></g><g v="sing"></g><g v="loct"></g></l></v></tfr></token><token id="683398" text="и"><tfr rev_id="1515262" t="и"><v><l t="и" id="116949"><g v="CONJ"></g></l></v><v><l t="и" id="116950"><g v="INTJ"></g></l></v></tfr></token><token id="683399" text="активно"><tfr rev_id="4092382" t="активно"><v><l t="активно" id="7661"><g v="ADVB"></g></l></v></tfr></token><token id="683400" text="покупала"><tfr rev_id="1515264" t="покупала"><v><l t="покупаю" id="255002"><g v="VERB"></g><g v="impf"></g><g v="tran"></g><g v="femn"></g><g v="sing"></g><g v="past"></g><g v="indc"></g></l></v><v><l t="покупал" id="255009"><g v="VERB"></g><g v="perf"></g><g v="tran"></g><g v="femn"></g><g v="sing"></g><g v="past"></g><g v="indc"></g></l></v></tfr></token><token id="683401" text="."><tfr rev_id="1515265" t="."><v><l t="." id="0"><g v="PNCT"></g></l></v></tfr></token></tokens></sentence><sentence id="38333"><source>Но внезапно появилась IDEA и просто вынесла JBuilder с рынка, Borland даже не попытался ничего сделать.</source><tokens><token id="683402" text="Но"><tfr rev_id="1515266" t="Но"><v><l t="но" id="191429"><g v="CONJ"></g></l></v><v><l t="но" id="191430"><g v="INTJ"></g></l></v></tfr></token><token id="683403" text="внезапно"><tfr rev_id="3526014" t="внезапно"><v><l t="внезапно" id="47359"><g v="ADVB"></g></l></v></tfr></token><token id="683404" text="появилась"><tfr rev_id="1515268" t="появилась"><v><l t="появился" id="265507"><g v="VERB"></g><g v="perf"></g><g v="intr"></g><g v="femn"></g><g v="sing"></g><g v="past"></g><g v="indc"></g></l></v></tfr></token><token id="683405" text="IDEA"><tfr rev_id="2475356" t="IDEA"><v><l t="IDEA" id="0"><g v="LATN"></g></l></v></tfr></token><token id="683406" text="и"><tfr rev_id="1515270" t="и"><v><l t="и" id="116949"><g v="CONJ"></g></l></v><v><l t="и" id="116950"><g v="INTJ"></g></l></v></tfr></token><token id="683407" text="просто"><tfr rev_id="1515271" t="просто"><v><l t="просто" id="285025"><g v="ADVB"></g><g v="Prdx"></g></l></v><v><l t="просто" id="285026"><g v="PRCL"></g></l></v><v><l t="прост" id="285050"><g v="ADJS"></g><g v="Qual"></g><g v="neut"></g><g v="sing"></g></l></v></tfr></token><token id="683408" text="вынесла"><tfr rev_id="1515272" t="вынесла"><v><l t="вынес" id="59878"><g v="VERB"></g><g v="perf"></g><g v="tran"></g><g v="femn"></g><g v="sing"></g><g v="past"></g><g v="indc"></g></l></v></tfr></token><token id="683409" text="JBuilder"><tfr rev_id="2475357" t="JBuilder"><v><l t="JBuilder" id="0"><g v="LATN"></g></l></v></tfr></token><token id="683410" text="с"><tfr rev_id="1515274" t="с"><v><l t="с" id="311151"><g v="PREP"></g></l></v></tfr></token><token id="683411" text="рынка"><tfr rev_id="1515275" t="рынка"><v><l t="рынок" id="310781"><g v="NOUN"></g><g v="inan"></g><g v="masc"></g><g v="sing"></g><g v="gent"></g></l></v></tfr></token><token id="683412" text=","><tfr rev_id="1515276" t=","><v><l t="," id="0"><g v="PNCT"></g></l></v></tfr></token><token id="683413" text="Borland"><tfr rev_id="2475358" t="Borland"><v><l t="Borland" id="0"><g v="LATN"></g></l></v></tfr></token><token id="683414" text="даже"><tfr rev_id="4079186" t="даже"><v><l t="даже" id="77849"><g v="PRCL"></g></l></v></tfr></token><token id="683415" text="не"><tfr rev_id="1515279" t="не"><v><l t="не" id="178876"><g v="PRCL"></g></l></v></tfr></token><token id="683416" text="попытался"><tfr rev_id="1515280" t="попытался"><v><l t="попытался" id="259840"><g v="VERB"></g><g v="perf"></g><g v="intr"></g><g v="masc"></g><g v="sing"></g><g v="past"></g><g v="indc"></g></l></v></tfr></token><token id="683417" text="ничего"><tfr rev_id="4465672" t="ничего"><v><l t="ничего" id="191376"><g v="ADVB"></g></l></v><v><l t="ничего" id="191377"><g v="PRCL"></g></l></v><v><l t="ничто" id="191386"><g v="NPRO"></g><g v="neut"></g><g v="sing"></g><g v="gent"></g></l></v><v><l t="ничего" id="390659"><g v="NPRO"></g><g v="neut"></g><g v="sing"></g><g v="nomn"></g></l></v></tfr></token><token id="683418" text="сделать"><tfr rev_id="1515282" t="сделать"><v><l t="сделать" id="317247"><g v="INFN"></g><g v="perf"></g><g v="tran"></g></l></v></tfr></token><token id="683419" text="."><tfr rev_id="1515283" t="."><v><l t="." id="0"><g v="PNCT"></g></l></v></tfr></token></tokens></sentence></paragraph></paragraphs></text>