<?xml version="1.0" encoding="utf-8"?><text id="1354" parent="226" name="24485 Рабочих оправдали за рисование плитки в центре Москвы"><tags><tag>url:http://www.chaskor.ru/news/rabochih_opravdali_za_risovanie_plitki_v_tsentre_moskvy_24485</tag><tag>Год:2011</tag><tag>Дата:17/08</tag><tag>Тема:ЧасКор:Общество</tag><tag>Тема:ЧасКор:Общество/Инфраструктура</tag></tags><paragraphs><paragraph id="12340"><sentence id="38506"><source>Рабочих оправдали за рисование плитки в центре Москвы</source><tokens><token id="686553" text="Рабочих"><tfr rev_id="4490671" t="Рабочих"><v><l t="рабочий" id="290533"><g v="NOUN"></g><g v="anim"></g><g v="masc"></g><g v="plur"></g><g v="accs"></g></l></v></tfr></token><token id="686554" text="оправдали"><tfr rev_id="1518418" t="оправдали"><v><l t="оправдал" id="207913"><g v="VERB"></g><g v="perf"></g><g v="tran"></g><g v="plur"></g><g v="past"></g><g v="indc"></g></l></v></tfr></token><token id="686555" text="за"><tfr rev_id="1518419" t="за"><v><l t="за" id="98043"><g v="PREP"></g></l></v></tfr></token><token id="686556" text="рисование"><tfr rev_id="4107554" t="рисование"><v><l t="рисование" id="307788"><g v="NOUN"></g><g v="inan"></g><g v="neut"></g><g v="sing"></g><g v="accs"></g></l></v></tfr></token><token id="686557" text="плитки"><tfr rev_id="3437162" t="плитки"><v><l t="плитка" id="240518"><g v="NOUN"></g><g v="inan"></g><g v="femn"></g><g v="sing"></g><g v="gent"></g></l></v></tfr></token><token id="686558" text="в"><tfr rev_id="1518422" t="в"><v><l t="в" id="37409"><g v="PREP"></g></l></v></tfr></token><token id="686559" text="центре"><tfr rev_id="1518423" t="центре"><v><l t="центр" id="373369"><g v="NOUN"></g><g v="inan"></g><g v="masc"></g><g v="sing"></g><g v="loct"></g></l></v></tfr></token><token id="686560" text="Москвы"><tfr rev_id="1518424" t="Москвы"><v><l t="москва" id="163901"><g v="NOUN"></g><g v="inan"></g><g v="femn"></g><g v="Sgtm"></g><g v="Geox"></g><g v="sing"></g><g v="gent"></g></l></v></tfr></token></tokens></sentence><sentence id="38507"><source>Западные СМИ, комментируя скандалы вокруг «плиточного проекта», приравнивают его к стихийными бедствиям и катастрофам, которые происходят летом в России.</source><tokens><token id="686561" text="Западные"><tfr rev_id="4076182" t="Западные"><v><l t="западный" id="106682"><g v="ADJF"></g><g v="Qual"></g><g v="plur"></g><g v="nomn"></g></l></v></tfr></token><token id="686562" text="СМИ"><tfr rev_id="4489553" t="СМИ"><v><l t="сми" id="326341"><g v="NOUN"></g><g v="inan"></g><g v="GNdr"></g><g v="Pltm"></g><g v="Fixd"></g><g v="Abbr"></g><g v="plur"></g><g v="nomn"></g></l></v></tfr></token><token id="686563" text=","><tfr rev_id="1518427" t=","><v><l t="," id="0"><g v="PNCT"></g></l></v></tfr></token><token id="686564" text="комментируя"><tfr rev_id="1518428" t="комментируя"><v><l t="комментируя" id="136984"><g v="GRND"></g><g v="impf"></g><g v="tran"></g><g v="pres"></g></l></v></tfr></token><token id="686565" text="скандалы"><tfr rev_id="3727286" t="скандалы"><v><l t="скандал" id="321718"><g v="NOUN"></g><g v="inan"></g><g v="masc"></g><g v="plur"></g><g v="accs"></g></l></v></tfr></token><token id="686566" text="вокруг"><tfr rev_id="4456274" t="вокруг"><v><l t="вокруг" id="49813"><g v="PREP"></g></l></v></tfr></token><token id="686567" text="«"><tfr rev_id="2446741" t="«"><v><l t="«" id="0"><g v="PNCT"></g></l></v></tfr></token><token id="686568" text="плиточного"><tfr rev_id="3342706" t="плиточного"><v><l t="плиточный" id="240530"><g v="ADJF"></g><g v="Qual"></g><g v="masc"></g><g v="sing"></g><g v="gent"></g></l></v><v><l t="плиточный" id="240530"><g v="ADJF"></g><g v="Qual"></g><g v="anim"></g><g v="masc"></g><g v="sing"></g><g v="accs"></g></l></v></tfr></token><token id="686569" text="проекта"><tfr rev_id="1518433" t="проекта"><v><l t="проект" id="279545"><g v="NOUN"></g><g v="inan"></g><g v="masc"></g><g v="sing"></g><g v="gent"></g></l></v></tfr></token><token id="686570" text="»"><tfr rev_id="2446742" t="»"><v><l t="»" id="0"><g v="PNCT"></g></l></v></tfr></token><token id="686571" text=","><tfr rev_id="1518435" t=","><v><l t="," id="0"><g v="PNCT"></g></l></v></tfr></token><token id="686572" text="приравнивают"><tfr rev_id="1518436" t="приравнивают"><v><l t="приравниваю" id="273796"><g v="VERB"></g><g v="impf"></g><g v="tran"></g><g v="plur"></g><g v="3per"></g><g v="pres"></g><g v="indc"></g></l></v></tfr></token><token id="686573" text="его"><tfr rev_id="4531836" t="его"><v><l t="он" id="206541"><g v="NPRO"></g><g v="masc"></g><g v="3per"></g><g v="Anph"></g><g v="sing"></g><g v="gent"></g></l></v><v><l t="он" id="206541"><g v="NPRO"></g><g v="masc"></g><g v="3per"></g><g v="Anph"></g><g v="sing"></g><g v="accs"></g></l></v><v><l t="оно" id="206649"><g v="NPRO"></g><g v="neut"></g><g v="3per"></g><g v="Anph"></g><g v="sing"></g><g v="gent"></g></l></v><v><l t="оно" id="206649"><g v="NPRO"></g><g v="neut"></g><g v="3per"></g><g v="Anph"></g><g v="sing"></g><g v="accs"></g></l></v></tfr></token><token id="686574" text="к"><tfr rev_id="1518438" t="к"><v><l t="к" id="127460"><g v="PREP"></g></l></v></tfr></token><token id="686575" text="стихийными"><tfr rev_id="1518439" t="стихийными"><v><l t="стихийный" id="336320"><g v="ADJF"></g><g v="Qual"></g><g v="plur"></g><g v="ablt"></g></l></v></tfr></token><token id="686576" text="бедствиям"><tfr rev_id="1518440" t="бедствиям"><v><l t="бедствие" id="25423"><g v="NOUN"></g><g v="inan"></g><g v="neut"></g><g v="plur"></g><g v="datv"></g></l></v></tfr></token><token id="686577" text="и"><tfr rev_id="1518441" t="и"><v><l t="и" id="116949"><g v="CONJ"></g></l></v><v><l t="и" id="116950"><g v="INTJ"></g></l></v></tfr></token><token id="686578" text="катастрофам"><tfr rev_id="1518442" t="катастрофам"><v><l t="катастрофа" id="131282"><g v="NOUN"></g><g v="inan"></g><g v="femn"></g><g v="plur"></g><g v="datv"></g></l></v></tfr></token><token id="686579" text=","><tfr rev_id="1518443" t=","><v><l t="," id="0"><g v="PNCT"></g></l></v></tfr></token><token id="686580" text="которые"><tfr rev_id="3751422" t="которые"><v><l t="который" id="141203"><g v="ADJF"></g><g v="Apro"></g><g v="Subx"></g><g v="Anph"></g><g v="plur"></g><g v="nomn"></g></l></v></tfr></token><token id="686581" text="происходят"><tfr rev_id="1518445" t="происходят"><v><l t="происхожу" id="280286"><g v="VERB"></g><g v="impf"></g><g v="intr"></g><g v="plur"></g><g v="3per"></g><g v="pres"></g><g v="indc"></g></l></v></tfr></token><token id="686582" text="летом"><tfr rev_id="4265347" t="летом"><v><l t="летом" id="148696"><g v="ADVB"></g></l></v></tfr></token><token id="686583" text="в"><tfr rev_id="1518447" t="в"><v><l t="в" id="37409"><g v="PREP"></g></l></v></tfr></token><token id="686584" text="России"><tfr rev_id="2934773" t="России"><v><l t="россия" id="309322"><g v="NOUN"></g><g v="inan"></g><g v="femn"></g><g v="Sgtm"></g><g v="Geox"></g><g v="sing"></g><g v="loct"></g></l></v></tfr></token><token id="686585" text="."><tfr rev_id="1518449" t="."><v><l t="." id="0"><g v="PNCT"></g></l></v></tfr></token></tokens></sentence></paragraph><paragraph id="12341"><sentence id="38508"><source>Как пишут «Новые известия», комментирую скандал, с рисованием тротуарной плитки на бетоне рядом со станцией метро «Маяковская», рабочие это делали с ведома и по распоряжению начальства.</source><tokens><token id="686586" text="Как"><tfr rev_id="1518450" t="Как"><v><l t="как" id="128190"><g v="CONJ"></g></l></v><v><l t="как" id="128191"><g v="PRCL"></g></l></v><v><l t="как" id="128192"><g v="ADVB"></g><g v="Ques"></g></l></v></tfr></token><token id="686587" text="пишут"><tfr rev_id="1518451" t="пишут"><v><l t="пишу" id="239101"><g v="VERB"></g><g v="impf"></g><g v="tran"></g><g v="plur"></g><g v="3per"></g><g v="pres"></g><g v="indc"></g></l></v></tfr></token><token id="686588" text="«"><tfr rev_id="2446743" t="«"><v><l t="«" id="0"><g v="PNCT"></g></l></v></tfr></token><token id="686589" text="Новые"><tfr rev_id="4467958" t="Новые"><v><l t="новый" id="191918"><g v="ADJF"></g><g v="Qual"></g><g v="plur"></g><g v="nomn"></g></l></v></tfr></token><token id="686590" text="известия"><tfr rev_id="3794609" t="известия"><v><l t="известие" id="118103"><g v="NOUN"></g><g v="inan"></g><g v="neut"></g><g v="plur"></g><g v="nomn"></g></l></v></tfr></token><token id="686591" text="»"><tfr rev_id="2446744" t="»"><v><l t="»" id="0"><g v="PNCT"></g></l></v></tfr></token><token id="686592" text=","><tfr rev_id="1518456" t=","><v><l t="," id="0"><g v="PNCT"></g></l></v></tfr></token><token id="686593" text="комментирую"><tfr rev_id="1518457" t="комментирую"><v><l t="комментирую" id="136976"><g v="VERB"></g><g v="impf"></g><g v="tran"></g><g v="sing"></g><g v="1per"></g><g v="pres"></g><g v="indc"></g></l></v></tfr></token><token id="686594" text="скандал"><tfr rev_id="4097891" t="скандал"><v><l t="скандал" id="321718"><g v="NOUN"></g><g v="inan"></g><g v="masc"></g><g v="sing"></g><g v="accs"></g></l></v></tfr></token><token id="686595" text=","><tfr rev_id="1518459" t=","><v><l t="," id="0"><g v="PNCT"></g></l></v></tfr></token><token id="686596" text="с"><tfr rev_id="1518460" t="с"><v><l t="с" id="311151"><g v="PREP"></g></l></v></tfr></token><token id="686597" text="рисованием"><tfr rev_id="1518461" t="рисованием"><v><l t="рисование" id="307788"><g v="NOUN"></g><g v="inan"></g><g v="neut"></g><g v="sing"></g><g v="ablt"></g></l></v></tfr></token><token id="686598" text="тротуарной"><tfr rev_id="4161694" t="тротуарной"><v><l t="тротуарный" id="350539"><g v="ADJF"></g><g v="Qual"></g><g v="femn"></g><g v="sing"></g><g v="gent"></g></l></v></tfr></token><token id="686599" text="плитки"><tfr rev_id="3451497" t="плитки"><v><l t="плитка" id="240518"><g v="NOUN"></g><g v="inan"></g><g v="femn"></g><g v="sing"></g><g v="gent"></g></l></v></tfr></token><token id="686600" text="на"><tfr rev_id="3340347" t="на"><v><l t="на" id="166264"><g v="PREP"></g></l></v></tfr></token><token id="686601" text="бетоне"><tfr rev_id="1518465" t="бетоне"><v><l t="бетон" id="29152"><g v="NOUN"></g><g v="inan"></g><g v="masc"></g><g v="sing"></g><g v="loct"></g></l></v></tfr></token><token id="686602" text="рядом"><tfr rev_id="4264701" t="рядом"><v><l t="рядом" id="311076"><g v="ADVB"></g><g v="Prdx"></g></l></v></tfr></token><token id="686603" text="со"><tfr rev_id="2919274" t="со"><v><l t="с" id="311151"><g v="PREP"></g><g v="Vpre"></g></l></v></tfr></token><token id="686604" text="станцией"><tfr rev_id="1518468" t="станцией"><v><l t="станция" id="334704"><g v="NOUN"></g><g v="inan"></g><g v="femn"></g><g v="sing"></g><g v="ablt"></g></l></v></tfr></token><token id="686605" text="метро"><tfr rev_id="3807320" t="метро"><v><l t="метро" id="159307"><g v="NOUN"></g><g v="inan"></g><g v="neut"></g><g v="Fixd"></g><g v="sing"></g><g v="gent"></g></l></v></tfr></token><token id="686606" text="«"><tfr rev_id="2446745" t="«"><v><l t="«" id="0"><g v="PNCT"></g></l></v></tfr></token><token id="686607" text="Маяковская"><tfr rev_id="1518471" t="Маяковская"><v><l t="маяковская" id="156802"><g v="NOUN"></g><g v="anim"></g><g v="femn"></g><g v="Sgtm"></g><g v="Surn"></g><g v="sing"></g><g v="nomn"></g></l></v></tfr></token><token id="686608" text="»"><tfr rev_id="2446746" t="»"><v><l t="»" id="0"><g v="PNCT"></g></l></v></tfr></token><token id="686609" text=","><tfr rev_id="1518473" t=","><v><l t="," id="0"><g v="PNCT"></g></l></v></tfr></token><token id="686610" text="рабочие"><tfr rev_id="4264253" t="рабочие"><v><l t="рабочий" id="290533"><g v="NOUN"></g><g v="anim"></g><g v="masc"></g><g v="plur"></g><g v="nomn"></g></l></v></tfr></token><token id="686611" text="это"><tfr rev_id="4441828" t="это"><v><l t="это" id="386574"><g v="PRCL"></g></l></v><v><l t="это" id="386575"><g v="NPRO"></g><g v="neut"></g><g v="sing"></g><g v="nomn"></g></l></v><v><l t="это" id="386575"><g v="NPRO"></g><g v="neut"></g><g v="sing"></g><g v="accs"></g></l></v><v><l t="этот" id="386581"><g v="ADJF"></g><g v="Subx"></g><g v="Apro"></g><g v="Anph"></g><g v="neut"></g><g v="sing"></g><g v="nomn"></g></l></v><v><l t="этот" id="386581"><g v="ADJF"></g><g v="Subx"></g><g v="Apro"></g><g v="Anph"></g><g v="neut"></g><g v="sing"></g><g v="accs"></g></l></v></tfr></token><token id="686612" text="делали"><tfr rev_id="1518476" t="делали"><v><l t="делаю" id="80526"><g v="VERB"></g><g v="impf"></g><g v="tran"></g><g v="plur"></g><g v="past"></g><g v="indc"></g></l></v></tfr></token><token id="686613" text="с"><tfr rev_id="1518477" t="с"><v><l t="с" id="311151"><g v="PREP"></g></l></v></tfr></token><token id="686614" text="ведома"><tfr rev_id="4279448" t="ведома"><v><l t="ведомо" id="40346"><g v="NOUN"></g><g v="inan"></g><g v="neut"></g><g v="sing"></g><g v="gent"></g></l></v></tfr></token><token id="686615" text="и"><tfr rev_id="3488581" t="и"><v><l t="и" id="116949"><g v="CONJ"></g></l></v></tfr></token><token id="686616" text="по"><tfr rev_id="1518480" t="по"><v><l t="по" id="241240"><g v="PREP"></g></l></v></tfr></token><token id="686617" text="распоряжению"><tfr rev_id="1518481" t="распоряжению"><v><l t="распоряжение" id="300175"><g v="NOUN"></g><g v="inan"></g><g v="neut"></g><g v="sing"></g><g v="datv"></g></l></v></tfr></token><token id="686618" text="начальства"><tfr rev_id="3283070" t="начальства"><v><l t="начальство" id="178209"><g v="NOUN"></g><g v="inan"></g><g v="neut"></g><g v="sing"></g><g v="gent"></g></l></v></tfr></token><token id="686619" text="."><tfr rev_id="1518483" t="."><v><l t="." id="0"><g v="PNCT"></g></l></v></tfr></token></tokens></sentence><sentence id="38509"><source>Как оказалось, во время ремонтных работ рабочие обнаружили под тротуаром лоток с электрическими кабелями.</source><tokens><token id="686620" text="Как"><tfr rev_id="1518484" t="Как"><v><l t="как" id="128190"><g v="CONJ"></g></l></v><v><l t="как" id="128191"><g v="PRCL"></g></l></v><v><l t="как" id="128192"><g v="ADVB"></g><g v="Ques"></g></l></v></tfr></token><token id="686621" text="оказалось"><tfr rev_id="1518485" t="оказалось"><v><l t="оказался" id="204462"><g v="VERB"></g><g v="perf"></g><g v="intr"></g><g v="neut"></g><g v="sing"></g><g v="past"></g><g v="indc"></g></l></v></tfr></token><token id="686622" text=","><tfr rev_id="1518486" t=","><v><l t="," id="0"><g v="PNCT"></g></l></v></tfr></token><token id="686623" text="во"><tfr rev_id="2920318" t="во"><v><l t="в" id="37409"><g v="PREP"></g><g v="Vpre"></g></l></v></tfr></token><token id="686624" text="время"><tfr rev_id="4107570" t="время"><v><l t="время" id="53149"><g v="NOUN"></g><g v="inan"></g><g v="neut"></g><g v="sing"></g><g v="accs"></g></l></v></tfr></token><token id="686625" text="ремонтных"><tfr rev_id="4198140" t="ремонтных"><v><l t="ремонтный" id="306215"><g v="ADJF"></g><g v="Qual"></g><g v="plur"></g><g v="gent"></g></l></v></tfr></token><token id="686626" text="работ"><tfr rev_id="1518490" t="работ"><v><l t="работа" id="290501"><g v="NOUN"></g><g v="inan"></g><g v="femn"></g><g v="plur"></g><g v="gent"></g></l></v></tfr></token><token id="686627" text="рабочие"><tfr rev_id="4264254" t="рабочие"><v><l t="рабочий" id="290533"><g v="NOUN"></g><g v="anim"></g><g v="masc"></g><g v="plur"></g><g v="nomn"></g></l></v></tfr></token><token id="686628" text="обнаружили"><tfr rev_id="1518492" t="обнаружили"><v><l t="обнаружил" id="197779"><g v="VERB"></g><g v="perf"></g><g v="tran"></g><g v="plur"></g><g v="past"></g><g v="indc"></g></l></v></tfr></token><token id="686629" text="под"><tfr rev_id="2604149" t="под"><v><l t="под" id="243755"><g v="PREP"></g></l></v></tfr></token><token id="686630" text="тротуаром"><tfr rev_id="1518494" t="тротуаром"><v><l t="тротуар" id="350538"><g v="NOUN"></g><g v="inan"></g><g v="masc"></g><g v="sing"></g><g v="ablt"></g></l></v></tfr></token><token id="686631" text="лоток"><tfr rev_id="1518495" t="лоток"><v><l t="лоток" id="151086"><g v="NOUN"></g><g v="inan"></g><g v="masc"></g><g v="sing"></g><g v="nomn"></g></l></v><v><l t="лоток" id="151086"><g v="NOUN"></g><g v="inan"></g><g v="masc"></g><g v="sing"></g><g v="accs"></g></l></v></tfr></token><token id="686632" text="с"><tfr rev_id="1518496" t="с"><v><l t="с" id="311151"><g v="PREP"></g></l></v></tfr></token><token id="686633" text="электрическими"><tfr rev_id="1518497" t="электрическими"><v><l t="электрический" id="384064"><g v="ADJF"></g><g v="plur"></g><g v="ablt"></g></l></v></tfr></token><token id="686634" text="кабелями"><tfr rev_id="1518498" t="кабелями"><v><l t="кабель" id="127569"><g v="NOUN"></g><g v="inan"></g><g v="masc"></g><g v="plur"></g><g v="ablt"></g></l></v></tfr></token><token id="686635" text="."><tfr rev_id="1518499" t="."><v><l t="." id="0"><g v="PNCT"></g></l></v></tfr></token></tokens></sentence><sentence id="38510"><source>До решения проблемы с их безопасным размещением рабочим инженер приказал залить этот участок бетоном.</source><tokens><token id="686636" text="До"><tfr rev_id="1518500" t="До"><v><l t="до" id="85153"><g v="PREP"></g></l></v></tfr></token><token id="686637" text="решения"><tfr rev_id="3470021" t="решения"><v><l t="решение" id="307350"><g v="NOUN"></g><g v="inan"></g><g v="neut"></g><g v="sing"></g><g v="gent"></g></l></v></tfr></token><token id="686638" text="проблемы"><tfr rev_id="3474905" t="проблемы"><v><l t="проблема" id="277255"><g v="NOUN"></g><g v="inan"></g><g v="femn"></g><g v="sing"></g><g v="gent"></g></l></v></tfr></token><token id="686639" text="с"><tfr rev_id="1518503" t="с"><v><l t="с" id="311151"><g v="PREP"></g></l></v></tfr></token><token id="686640" text="их"><tfr rev_id="4473047" t="их"><v><l t="их" id="127205"><g v="ADJF"></g><g v="Fixd"></g><g v="Apro"></g><g v="Anph"></g><g v="masc"></g><g v="sing"></g><g v="nomn"></g></l></v><v><l t="их" id="127205"><g v="ADJF"></g><g v="Fixd"></g><g v="Apro"></g><g v="Anph"></g><g v="masc"></g><g v="sing"></g><g v="gent"></g></l></v><v><l t="их" id="127205"><g v="ADJF"></g><g v="Fixd"></g><g v="Apro"></g><g v="Anph"></g><g v="masc"></g><g v="sing"></g><g v="datv"></g></l></v><v><l t="их" id="127205"><g v="ADJF"></g><g v="Fixd"></g><g v="Apro"></g><g v="Anph"></g><g v="masc"></g><g v="sing"></g><g v="accs"></g></l></v><v><l t="их" id="127205"><g v="ADJF"></g><g v="Fixd"></g><g v="Apro"></g><g v="Anph"></g><g v="masc"></g><g v="sing"></g><g v="ablt"></g></l></v><v><l t="их" id="127205"><g v="ADJF"></g><g v="Fixd"></g><g v="Apro"></g><g v="Anph"></g><g v="masc"></g><g v="sing"></g><g v="loct"></g></l></v><v><l t="их" id="127205"><g v="ADJF"></g><g v="Fixd"></g><g v="Apro"></g><g v="Anph"></g><g v="femn"></g><g v="sing"></g><g v="nomn"></g></l></v><v><l t="их" id="127205"><g v="ADJF"></g><g v="Fixd"></g><g v="Apro"></g><g v="Anph"></g><g v="femn"></g><g v="sing"></g><g v="gent"></g></l></v><v><l t="их" id="127205"><g v="ADJF"></g><g v="Fixd"></g><g v="Apro"></g><g v="Anph"></g><g v="femn"></g><g v="sing"></g><g v="datv"></g></l></v><v><l t="их" id="127205"><g v="ADJF"></g><g v="Fixd"></g><g v="Apro"></g><g v="Anph"></g><g v="femn"></g><g v="sing"></g><g v="accs"></g></l></v><v><l t="их" id="127205"><g v="ADJF"></g><g v="Fixd"></g><g v="Apro"></g><g v="Anph"></g><g v="femn"></g><g v="sing"></g><g v="ablt"></g></l></v><v><l t="их" id="127205"><g v="ADJF"></g><g v="Fixd"></g><g v="Apro"></g><g v="Anph"></g><g v="femn"></g><g v="sing"></g><g v="loct"></g></l></v><v><l t="их" id="127205"><g v="ADJF"></g><g v="Fixd"></g><g v="Apro"></g><g v="Anph"></g><g v="neut"></g><g v="sing"></g><g v="nomn"></g></l></v><v><l t="их" id="127205"><g v="ADJF"></g><g v="Fixd"></g><g v="Apro"></g><g v="Anph"></g><g v="neut"></g><g v="sing"></g><g v="gent"></g></l></v><v><l t="их" id="127205"><g v="ADJF"></g><g v="Fixd"></g><g v="Apro"></g><g v="Anph"></g><g v="neut"></g><g v="sing"></g><g v="datv"></g></l></v><v><l t="их" id="127205"><g v="ADJF"></g><g v="Fixd"></g><g v="Apro"></g><g v="Anph"></g><g v="neut"></g><g v="sing"></g><g v="accs"></g></l></v><v><l t="их" id="127205"><g v="ADJF"></g><g v="Fixd"></g><g v="Apro"></g><g v="Anph"></g><g v="neut"></g><g v="sing"></g><g v="ablt"></g></l></v><v><l t="их" id="127205"><g v="ADJF"></g><g v="Fixd"></g><g v="Apro"></g><g v="Anph"></g><g v="neut"></g><g v="sing"></g><g v="loct"></g></l></v></tfr></token><token id="686641" text="безопасным"><tfr rev_id="4351738" t="безопасным"><v><l t="безопасный" id="26216"><g v="ADJF"></g><g v="Qual"></g><g v="neut"></g><g v="sing"></g><g v="ablt"></g></l></v></tfr></token><token id="686642" text="размещением"><tfr rev_id="1518506" t="размещением"><v><l t="размещение" id="295140"><g v="NOUN"></g><g v="inan"></g><g v="neut"></g><g v="sing"></g><g v="ablt"></g></l></v></tfr></token><token id="686643" text="рабочим"><tfr rev_id="4283753" t="рабочим"><v><l t="рабочий" id="290533"><g v="NOUN"></g><g v="anim"></g><g v="masc"></g><g v="plur"></g><g v="datv"></g></l></v></tfr></token><token id="686644" text="инженер"><tfr rev_id="1518508" t="инженер"><v><l t="инженер" id="122439"><g v="NOUN"></g><g v="anim"></g><g v="masc"></g><g v="sing"></g><g v="nomn"></g></l></v></tfr></token><token id="686645" text="приказал"><tfr rev_id="1518509" t="приказал"><v><l t="приказал" id="270748"><g v="VERB"></g><g v="perf"></g><g v="tran"></g><g v="masc"></g><g v="sing"></g><g v="past"></g><g v="indc"></g></l></v></tfr></token><token id="686646" text="залить"><tfr rev_id="1518510" t="залить"><v><l t="залить" id="104800"><g v="INFN"></g><g v="perf"></g><g v="tran"></g></l></v></tfr></token><token id="686647" text="этот"><tfr rev_id="4432151" t="этот"><v><l t="этот" id="386581"><g v="ADJF"></g><g v="Subx"></g><g v="Apro"></g><g v="Anph"></g><g v="masc"></g><g v="sing"></g><g v="nomn"></g></l></v><v><l t="этот" id="386581"><g v="ADJF"></g><g v="Subx"></g><g v="Apro"></g><g v="Anph"></g><g v="inan"></g><g v="masc"></g><g v="sing"></g><g v="accs"></g></l></v></tfr></token><token id="686648" text="участок"><tfr rev_id="4096822" t="участок"><v><l t="участок" id="363153"><g v="NOUN"></g><g v="inan"></g><g v="masc"></g><g v="sing"></g><g v="accs"></g></l></v></tfr></token><token id="686649" text="бетоном"><tfr rev_id="1518513" t="бетоном"><v><l t="бетон" id="29152"><g v="NOUN"></g><g v="inan"></g><g v="masc"></g><g v="sing"></g><g v="ablt"></g></l></v></tfr></token><token id="686650" text="."><tfr rev_id="1518514" t="."><v><l t="." id="0"><g v="PNCT"></g></l></v></tfr></token></tokens></sentence><sentence id="38511"><source>Чтобы не портить городской пейзаж, укладчики аккуратно и очень правдоподобно нарисовали на бетоне плитку.</source><tokens><token id="686651" text="Чтобы"><tfr rev_id="1518515" t="Чтобы"><v><l t="чтобы" id="377013"><g v="CONJ"></g></l></v><v><l t="чтобы" id="377014"><g v="PRCL"></g></l></v></tfr></token><token id="686652" text="не"><tfr rev_id="1518516" t="не"><v><l t="не" id="178876"><g v="PRCL"></g></l></v></tfr></token><token id="686653" text="портить"><tfr rev_id="1518517" t="портить"><v><l t="портить" id="260565"><g v="INFN"></g><g v="impf"></g><g v="tran"></g></l></v></tfr></token><token id="686654" text="городской"><tfr rev_id="4278560" t="городской"><v><l t="городской" id="73611"><g v="ADJF"></g><g v="masc"></g><g v="sing"></g><g v="nomn"></g></l></v><v><l t="городской" id="73611"><g v="ADJF"></g><g v="inan"></g><g v="masc"></g><g v="sing"></g><g v="accs"></g></l></v></tfr></token><token id="686655" text="пейзаж"><tfr rev_id="1518519" t="пейзаж"><v><l t="пейзаж" id="225716"><g v="NOUN"></g><g v="inan"></g><g v="masc"></g><g v="sing"></g><g v="nomn"></g></l></v><v><l t="пейзаж" id="225716"><g v="NOUN"></g><g v="inan"></g><g v="masc"></g><g v="sing"></g><g v="accs"></g></l></v></tfr></token><token id="686656" text=","><tfr rev_id="1518520" t=","><v><l t="," id="0"><g v="PNCT"></g></l></v></tfr></token><token id="686657" text="укладчики"><tfr rev_id="1518521" t="укладчики"><v><l t="укладчик" id="356099"><g v="NOUN"></g><g v="anim"></g><g v="masc"></g><g v="plur"></g><g v="nomn"></g></l></v></tfr></token><token id="686658" text="аккуратно"><tfr rev_id="3526510" t="аккуратно"><v><l t="аккуратно" id="7257"><g v="ADVB"></g></l></v></tfr></token><token id="686659" text="и"><tfr rev_id="4208526" t="и"><v><l t="и" id="116949"><g v="CONJ"></g></l></v></tfr></token><token id="686660" text="очень"><tfr rev_id="1518524" t="очень"><v><l t="очень" id="221681"><g v="ADVB"></g></l></v></tfr></token><token id="686661" text="правдоподобно"><tfr rev_id="3647722" t="правдоподобно"><v><l t="правдоподобен" id="265601"><g v="ADJS"></g><g v="Qual"></g><g v="neut"></g><g v="sing"></g></l></v><v><l t="правдоподобно" id="389398"><g v="ADVB"></g></l></v></tfr></token><token id="686662" text="нарисовали"><tfr rev_id="1518526" t="нарисовали"><v><l t="нарисовал" id="174630"><g v="VERB"></g><g v="perf"></g><g v="tran"></g><g v="plur"></g><g v="past"></g><g v="indc"></g></l></v></tfr></token><token id="686663" text="на"><tfr rev_id="3334443" t="на"><v><l t="на" id="166264"><g v="PREP"></g></l></v></tfr></token><token id="686664" text="бетоне"><tfr rev_id="1518528" t="бетоне"><v><l t="бетон" id="29152"><g v="NOUN"></g><g v="inan"></g><g v="masc"></g><g v="sing"></g><g v="loct"></g></l></v></tfr></token><token id="686665" text="плитку"><tfr rev_id="1518529" t="плитку"><v><l t="плитка" id="240518"><g v="NOUN"></g><g v="inan"></g><g v="femn"></g><g v="sing"></g><g v="accs"></g></l></v></tfr></token><token id="686666" text="."><tfr rev_id="1518530" t="."><v><l t="." id="0"><g v="PNCT"></g></l></v></tfr></token></tokens></sentence></paragraph><paragraph id="12342"><sentence id="38512"><source>Между тем плиточный проект и скандалы вокруг него вызывают ироничные замечания со стороны западных наблюдателей, которые сравнивают происходящее со стихийными бедствиями, по традиции поражающими Россию летом.</source><tokens><token id="686667" text="Между"><tfr rev_id="1518531" t="Между"><v><l t="между" id="157306"><g v="PREP"></g></l></v></tfr></token><token id="686668" text="тем"><tfr rev_id="4502898" t="тем"><v><l t="тот" id="348430"><g v="ADJF"></g><g v="Subx"></g><g v="Apro"></g><g v="Anph"></g><g v="masc"></g><g v="sing"></g><g v="ablt"></g></l></v><v><l t="тот" id="348430"><g v="ADJF"></g><g v="Subx"></g><g v="Apro"></g><g v="Anph"></g><g v="neut"></g><g v="sing"></g><g v="ablt"></g></l></v></tfr></token><token id="686669" text="плиточный"><tfr rev_id="1518533" t="плиточный"><v><l t="плиточный" id="240530"><g v="ADJF"></g><g v="Qual"></g><g v="masc"></g><g v="sing"></g><g v="nomn"></g></l></v><v><l t="плиточный" id="240530"><g v="ADJF"></g><g v="Qual"></g><g v="inan"></g><g v="masc"></g><g v="sing"></g><g v="accs"></g></l></v></tfr></token><token id="686670" text="проект"><tfr rev_id="4083613" t="проект"><v><l t="проект" id="279545"><g v="NOUN"></g><g v="inan"></g><g v="masc"></g><g v="sing"></g><g v="nomn"></g></l></v></tfr></token><token id="686671" text="и"><tfr rev_id="1518535" t="и"><v><l t="и" id="116949"><g v="CONJ"></g></l></v><v><l t="и" id="116950"><g v="INTJ"></g></l></v></tfr></token><token id="686672" text="скандалы"><tfr rev_id="2757411" t="скандалы"><v><l t="скандал" id="321718"><g v="NOUN"></g><g v="inan"></g><g v="masc"></g><g v="plur"></g><g v="nomn"></g></l></v></tfr></token><token id="686673" text="вокруг"><tfr rev_id="4321226" t="вокруг"><v><l t="вокруг" id="49813"><g v="PREP"></g></l></v></tfr></token><token id="686674" text="него"><tfr rev_id="4528210" t="него"><v><l t="он" id="206541"><g v="NPRO"></g><g v="masc"></g><g v="3per"></g><g v="Anph"></g><g v="sing"></g><g v="gent"></g><g v="Af-p"></g></l></v><v><l t="оно" id="206649"><g v="NPRO"></g><g v="neut"></g><g v="3per"></g><g v="Anph"></g><g v="sing"></g><g v="gent"></g><g v="Af-p"></g></l></v></tfr></token><token id="686675" text="вызывают"><tfr rev_id="1518539" t="вызывают"><v><l t="вызываю" id="57671"><g v="VERB"></g><g v="impf"></g><g v="tran"></g><g v="plur"></g><g v="3per"></g><g v="pres"></g><g v="indc"></g></l></v></tfr></token><token id="686676" text="ироничные"><tfr rev_id="3808542" t="ироничные"><v><l t="ироничный" id="124080"><g v="ADJF"></g><g v="Qual"></g><g v="inan"></g><g v="plur"></g><g v="accs"></g></l></v></tfr></token><token id="686677" text="замечания"><tfr rev_id="3801871" t="замечания"><v><l t="замечание" id="105546"><g v="NOUN"></g><g v="inan"></g><g v="neut"></g><g v="plur"></g><g v="accs"></g></l></v></tfr></token><token id="686678" text="со"><tfr rev_id="2919275" t="со"><v><l t="с" id="311151"><g v="PREP"></g><g v="Vpre"></g></l></v></tfr></token><token id="686679" text="стороны"><tfr rev_id="3441258" t="стороны"><v><l t="сторона" id="336894"><g v="NOUN"></g><g v="inan"></g><g v="femn"></g><g v="sing"></g><g v="gent"></g></l></v></tfr></token><token id="686680" text="западных"><tfr rev_id="4408853" t="западных"><v><l t="западный" id="106682"><g v="ADJF"></g><g v="Qual"></g><g v="plur"></g><g v="gent"></g></l></v></tfr></token><token id="686681" text="наблюдателей"><tfr rev_id="3538157" t="наблюдателей"><v><l t="наблюдатель" id="166525"><g v="NOUN"></g><g v="anim"></g><g v="masc"></g><g v="plur"></g><g v="gent"></g></l></v></tfr></token><token id="686682" text=","><tfr rev_id="1518546" t=","><v><l t="," id="0"><g v="PNCT"></g></l></v></tfr></token><token id="686683" text="которые"><tfr rev_id="4085490" t="которые"><v><l t="который" id="141203"><g v="ADJF"></g><g v="Apro"></g><g v="Subx"></g><g v="Anph"></g><g v="plur"></g><g v="nomn"></g></l></v></tfr></token><token id="686684" text="сравнивают"><tfr rev_id="1518548" t="сравнивают"><v><l t="сравниваю" id="333310"><g v="VERB"></g><g v="impf"></g><g v="tran"></g><g v="plur"></g><g v="3per"></g><g v="pres"></g><g v="indc"></g></l></v></tfr></token><token id="686685" text="происходящее"><tfr rev_id="4353806" t="происходящее"><v><l t="происходящий" id="280288"><g v="PRTF"></g><g v="impf"></g><g v="intr"></g><g v="pres"></g><g v="actv"></g><g v="neut"></g><g v="sing"></g><g v="accs"></g></l></v></tfr></token><token id="686686" text="со"><tfr rev_id="2919276" t="со"><v><l t="с" id="311151"><g v="PREP"></g><g v="Vpre"></g></l></v></tfr></token><token id="686687" text="стихийными"><tfr rev_id="1518551" t="стихийными"><v><l t="стихийный" id="336320"><g v="ADJF"></g><g v="Qual"></g><g v="plur"></g><g v="ablt"></g></l></v></tfr></token><token id="686688" text="бедствиями"><tfr rev_id="1518552" t="бедствиями"><v><l t="бедствие" id="25423"><g v="NOUN"></g><g v="inan"></g><g v="neut"></g><g v="plur"></g><g v="ablt"></g></l></v></tfr></token><token id="686689" text=","><tfr rev_id="1518553" t=","><v><l t="," id="0"><g v="PNCT"></g></l></v></tfr></token><token id="686690" text="по"><tfr rev_id="1518554" t="по"><v><l t="по" id="241240"><g v="PREP"></g></l></v></tfr></token><token id="686691" text="традиции"><tfr rev_id="4344293" t="традиции"><v><l t="традиция" id="348771"><g v="NOUN"></g><g v="inan"></g><g v="femn"></g><g v="sing"></g><g v="datv"></g></l></v></tfr></token><token id="686692" text="поражающими"><tfr rev_id="1518556" t="поражающими"><v><l t="поражающий" id="259929"><g v="PRTF"></g><g v="impf"></g><g v="tran"></g><g v="pres"></g><g v="actv"></g><g v="plur"></g><g v="ablt"></g></l></v><v><l t="поражающий" id="259939"><g v="ADJF"></g><g v="plur"></g><g v="ablt"></g></l></v></tfr></token><token id="686693" text="Россию"><tfr rev_id="1518557" t="Россию"><v><l t="россия" id="309322"><g v="NOUN"></g><g v="inan"></g><g v="femn"></g><g v="Sgtm"></g><g v="Geox"></g><g v="sing"></g><g v="accs"></g></l></v></tfr></token><token id="686694" text="летом"><tfr rev_id="4277900" t="летом"><v><l t="летом" id="148696"><g v="ADVB"></g></l></v></tfr></token><token id="686695" text="."><tfr rev_id="1518559" t="."><v><l t="." id="0"><g v="PNCT"></g></l></v></tfr></token></tokens></sentence><sentence id="38513"><source>«Москвичи привыкли ожидать от лета самого худшего: пожаров, переворотов, дефолтов.</source><tokens><token id="686696" text="«"><tfr rev_id="2446747" t="«"><v><l t="«" id="0"><g v="PNCT"></g></l></v></tfr></token><token id="686697" text="Москвичи"><tfr rev_id="4282625" t="Москвичи"><v><l t="москвич" id="163910"><g v="NOUN"></g><g v="anim"></g><g v="masc"></g><g v="plur"></g><g v="nomn"></g></l></v></tfr></token><token id="686698" text="привыкли"><tfr rev_id="1518562" t="привыкли"><v><l t="привык" id="269592"><g v="VERB"></g><g v="perf"></g><g v="intr"></g><g v="plur"></g><g v="past"></g><g v="indc"></g></l></v></tfr></token><token id="686699" text="ожидать"><tfr rev_id="1518563" t="ожидать"><v><l t="ожидать" id="203946"><g v="INFN"></g><g v="impf"></g><g v="tran"></g></l></v></tfr></token><token id="686700" text="от"><tfr rev_id="1518564" t="от"><v><l t="от" id="211644"><g v="PREP"></g></l></v></tfr></token><token id="686701" text="лета"><tfr rev_id="3718667" t="лета"><v><l t="лето" id="148693"><g v="NOUN"></g><g v="inan"></g><g v="neut"></g><g v="Sgtm"></g><g v="sing"></g><g v="gent"></g></l></v></tfr></token><token id="686702" text="самого"><tfr rev_id="4205209" t="самого"><v><l t="сам" id="312034"><g v="ADJF"></g><g v="Apro"></g><g v="neut"></g><g v="sing"></g><g v="gent"></g></l></v><v><l t="самый" id="313174"><g v="ADJF"></g><g v="Apro"></g><g v="neut"></g><g v="sing"></g><g v="gent"></g></l></v></tfr></token><token id="686703" text="худшего"><tfr rev_id="4161386" t="худшего"><v><l t="худший" id="240916"><g v="ADJF"></g><g v="Supr"></g><g v="Qual"></g><g v="neut"></g><g v="sing"></g><g v="gent"></g></l></v></tfr></token><token id="686704" text=":"><tfr rev_id="1518568" t=":"><v><l t=":" id="0"><g v="PNCT"></g></l></v></tfr></token><token id="686705" text="пожаров"><tfr rev_id="1518569" t="пожаров"><v><l t="пожар" id="253036"><g v="NOUN"></g><g v="inan"></g><g v="masc"></g><g v="plur"></g><g v="gent"></g></l></v></tfr></token><token id="686706" text=","><tfr rev_id="1518570" t=","><v><l t="," id="0"><g v="PNCT"></g></l></v></tfr></token><token id="686707" text="переворотов"><tfr rev_id="1518571" t="переворотов"><v><l t="переворот" id="227459"><g v="NOUN"></g><g v="inan"></g><g v="masc"></g><g v="plur"></g><g v="gent"></g></l></v></tfr></token><token id="686708" text=","><tfr rev_id="1518572" t=","><v><l t="," id="0"><g v="PNCT"></g></l></v></tfr></token><token id="686709" text="дефолтов"><tfr rev_id="1518573" t="дефолтов"><v><l t="дефолт" id="82346"><g v="NOUN"></g><g v="inan"></g><g v="masc"></g><g v="plur"></g><g v="gent"></g></l></v></tfr></token><token id="686710" text="."><tfr rev_id="1518574" t="."><v><l t="." id="0"><g v="PNCT"></g></l></v></tfr></token></tokens></sentence><sentence id="38514"><source>Но в этом году город подвергся другой напасти - массовому переустройству тротуаров»,</source><tokens><token id="686711" text="Но"><tfr rev_id="3724302" t="Но"><v><l t="но" id="191429"><g v="CONJ"></g></l></v></tfr></token><token id="686712" text="в"><tfr rev_id="1518576" t="в"><v><l t="в" id="37409"><g v="PREP"></g></l></v></tfr></token><token id="686713" text="этом"><tfr rev_id="4486918" t="этом"><v><l t="этот" id="386581"><g v="ADJF"></g><g v="Subx"></g><g v="Apro"></g><g v="Anph"></g><g v="masc"></g><g v="sing"></g><g v="loct"></g></l></v></tfr></token><token id="686714" text="году"><tfr rev_id="3045685" t="году"><v><l t="год" id="72149"><g v="NOUN"></g><g v="inan"></g><g v="masc"></g><g v="sing"></g><g v="loc2"></g></l></v></tfr></token><token id="686715" text="город"><tfr rev_id="4213353" t="город"><v><l t="город" id="73547"><g v="NOUN"></g><g v="inan"></g><g v="masc"></g><g v="sing"></g><g v="nomn"></g></l></v></tfr></token><token id="686716" text="подвергся"><tfr rev_id="1518580" t="подвергся"><v><l t="подвергнулся" id="244359"><g v="VERB"></g><g v="perf"></g><g v="intr"></g><g v="masc"></g><g v="sing"></g><g v="past"></g><g v="indc"></g></l></v></tfr></token><token id="686717" text="другой"><tfr rev_id="4317099" t="другой"><v><l t="другой" id="92342"><g v="ADJF"></g><g v="Apro"></g><g v="Subx"></g><g v="femn"></g><g v="sing"></g><g v="datv"></g></l></v></tfr></token><token id="686718" text="напасти"><tfr rev_id="4344294" t="напасти"><v><l t="напасть" id="173210"><g v="NOUN"></g><g v="inan"></g><g v="femn"></g><g v="sing"></g><g v="datv"></g></l></v></tfr></token><token id="686719" text="-"><tfr rev_id="1518583" t="-"><v><l t="-" id="0"><g v="PNCT"></g></l></v></tfr></token><token id="686720" text="массовому"><tfr rev_id="3449603" t="массовому"><v><l t="массовый" id="156047"><g v="ADJF"></g><g v="neut"></g><g v="sing"></g><g v="datv"></g></l></v></tfr></token><token id="686721" text="переустройству"><tfr rev_id="1518585" t="переустройству"><v><l t="переустройство" id="235993"><g v="NOUN"></g><g v="inan"></g><g v="neut"></g><g v="sing"></g><g v="datv"></g></l></v></tfr></token><token id="686722" text="тротуаров"><tfr rev_id="1518586" t="тротуаров"><v><l t="тротуар" id="350538"><g v="NOUN"></g><g v="inan"></g><g v="masc"></g><g v="plur"></g><g v="gent"></g></l></v></tfr></token><token id="686723" text="»"><tfr rev_id="2446748" t="»"><v><l t="»" id="0"><g v="PNCT"></g></l></v></tfr></token><token id="686724" text=","><tfr rev_id="1518588" t=","><v><l t="," id="0"><g v="PNCT"></g></l></v></tfr></token></tokens></sentence><sentence id="38515"><source>- написала Кортни Уивер в блоге The Financial Times.</source><tokens><token id="686725" text="-"><tfr rev_id="1518589" t="-"><v><l t="-" id="0"><g v="PNCT"></g></l></v></tfr></token><token id="686726" text="написала"><tfr rev_id="1518590" t="написала"><v><l t="написал" id="173434"><g v="VERB"></g><g v="perf"></g><g v="tran"></g><g v="femn"></g><g v="sing"></g><g v="past"></g><g v="indc"></g></l></v></tfr></token><token id="686727" text="Кортни"><tfr rev_id="3484378" t="Кортни"><v><l t="кортни" id="140373"><g v="NOUN"></g><g v="anim"></g><g v="femn"></g><g v="Sgtm"></g><g v="Fixd"></g><g v="Name"></g><g v="sing"></g><g v="nomn"></g></l></v></tfr></token><token id="686728" text="Уивер"><tfr rev_id="1518592" t="Уивер"><v><l t="уивер" id="0"><g v="UNKN"></g></l></v></tfr></token><token id="686729" text="в"><tfr rev_id="1518593" t="в"><v><l t="в" id="37409"><g v="PREP"></g></l></v></tfr></token><token id="686730" text="блоге"><tfr rev_id="2922087" t="блоге"><v><l t="блог" id="388678"><g v="NOUN"></g><g v="inan"></g><g v="masc"></g><g v="sing"></g><g v="loct"></g></l></v></tfr></token><token id="686731" text="The"><tfr rev_id="2475392" t="The"><v><l t="The" id="0"><g v="LATN"></g></l></v></tfr></token><token id="686732" text="Financial"><tfr rev_id="2475393" t="Financial"><v><l t="Financial" id="0"><g v="LATN"></g></l></v></tfr></token><token id="686733" text="Times"><tfr rev_id="2475394" t="Times"><v><l t="Times" id="0"><g v="LATN"></g></l></v></tfr></token><token id="686734" text="."><tfr rev_id="1518598" t="."><v><l t="." id="0"><g v="PNCT"></g></l></v></tfr></token></tokens></sentence><sentence id="38516"><source>Как отмечает автор материала, пешеходов реконструкция вынуждает решать сложную дилемму - маневрировать между кучами грязи и песка или рисковать жизнью, выходя на проезжую часть.</source><tokens><token id="686735" text="Как"><tfr rev_id="1518599" t="Как"><v><l t="как" id="128190"><g v="CONJ"></g></l></v><v><l t="как" id="128191"><g v="PRCL"></g></l></v><v><l t="как" id="128192"><g v="ADVB"></g><g v="Ques"></g></l></v></tfr></token><token id="686736" text="отмечает"><tfr rev_id="1518600" t="отмечает"><v><l t="отмечаю" id="215600"><g v="VERB"></g><g v="impf"></g><g v="tran"></g><g v="sing"></g><g v="3per"></g><g v="pres"></g><g v="indc"></g></l></v></tfr></token><token id="686737" text="автор"><tfr rev_id="1518601" t="автор"><v><l t="автор" id="3371"><g v="NOUN"></g><g v="anim"></g><g v="masc"></g><g v="sing"></g><g v="nomn"></g></l></v></tfr></token><token id="686738" text="материала"><tfr rev_id="1518602" t="материала"><v><l t="материал" id="156200"><g v="NOUN"></g><g v="inan"></g><g v="masc"></g><g v="sing"></g><g v="gen1"></g></l></v></tfr></token><token id="686739" text=","><tfr rev_id="1518603" t=","><v><l t="," id="0"><g v="PNCT"></g></l></v></tfr></token><token id="686740" text="пешеходов"><tfr rev_id="4382855" t="пешеходов"><v><l t="пешеход" id="238304"><g v="NOUN"></g><g v="anim"></g><g v="masc"></g><g v="plur"></g><g v="accs"></g></l></v></tfr></token><token id="686741" text="реконструкция"><tfr rev_id="1518605" t="реконструкция"><v><l t="реконструкция" id="305795"><g v="NOUN"></g><g v="inan"></g><g v="femn"></g><g v="sing"></g><g v="nomn"></g></l></v></tfr></token><token id="686742" text="вынуждает"><tfr rev_id="1518606" t="вынуждает"><v><l t="вынуждаю" id="59956"><g v="VERB"></g><g v="impf"></g><g v="tran"></g><g v="sing"></g><g v="3per"></g><g v="pres"></g><g v="indc"></g></l></v></tfr></token><token id="686743" text="решать"><tfr rev_id="1518607" t="решать"><v><l t="решать" id="307336"><g v="INFN"></g><g v="impf"></g><g v="tran"></g></l></v></tfr></token><token id="686744" text="сложную"><tfr rev_id="1518608" t="сложную"><v><l t="сложный" id="325278"><g v="ADJF"></g><g v="Qual"></g><g v="femn"></g><g v="sing"></g><g v="accs"></g></l></v></tfr></token><token id="686745" text="дилемму"><tfr rev_id="1518609" t="дилемму"><v><l t="дилемма" id="83876"><g v="NOUN"></g><g v="inan"></g><g v="femn"></g><g v="sing"></g><g v="accs"></g></l></v></tfr></token><token id="686746" text="-"><tfr rev_id="1518610" t="-"><v><l t="-" id="0"><g v="PNCT"></g></l></v></tfr></token><token id="686747" text="маневрировать"><tfr rev_id="1518611" t="маневрировать"><v><l t="маневрировать" id="154658"><g v="INFN"></g><g v="impf"></g><g v="intr"></g></l></v></tfr></token><token id="686748" text="между"><tfr rev_id="1518612" t="между"><v><l t="между" id="157306"><g v="PREP"></g></l></v></tfr></token><token id="686749" text="кучами"><tfr rev_id="1518613" t="кучами"><v><l t="куча" id="145830"><g v="NOUN"></g><g v="inan"></g><g v="femn"></g><g v="plur"></g><g v="ablt"></g></l></v></tfr></token><token id="686750" text="грязи"><tfr rev_id="4470152" t="грязи"><v><l t="грязь" id="76326"><g v="NOUN"></g><g v="inan"></g><g v="femn"></g><g v="sing"></g><g v="gent"></g></l></v></tfr></token><token id="686751" text="и"><tfr rev_id="3462541" t="и"><v><l t="и" id="116949"><g v="CONJ"></g></l></v></tfr></token><token id="686752" text="песка"><tfr rev_id="1518616" t="песка"><v><l t="песок" id="237709"><g v="NOUN"></g><g v="inan"></g><g v="masc"></g><g v="sing"></g><g v="gen1"></g></l></v></tfr></token><token id="686753" text="или"><tfr rev_id="3787344" t="или"><v><l t="или" id="121146"><g v="CONJ"></g></l></v></tfr></token><token id="686754" text="рисковать"><tfr rev_id="1518618" t="рисковать"><v><l t="рисковать" id="307773"><g v="INFN"></g><g v="impf"></g><g v="intr"></g></l></v></tfr></token><token id="686755" text="жизнью"><tfr rev_id="1518619" t="жизнью"><v><l t="жизнь" id="97314"><g v="NOUN"></g><g v="inan"></g><g v="femn"></g><g v="sing"></g><g v="ablt"></g></l></v></tfr></token><token id="686756" text=","><tfr rev_id="1518620" t=","><v><l t="," id="0"><g v="PNCT"></g></l></v></tfr></token><token id="686757" text="выходя"><tfr rev_id="1518621" t="выходя"><v><l t="выходя" id="63966"><g v="GRND"></g><g v="impf"></g><g v="intr"></g><g v="pres"></g></l></v></tfr></token><token id="686758" text="на"><tfr rev_id="3336971" t="на"><v><l t="на" id="166264"><g v="PREP"></g></l></v></tfr></token><token id="686759" text="проезжую"><tfr rev_id="1518623" t="проезжую"><v><l t="проезжий" id="279543"><g v="ADJF"></g><g v="femn"></g><g v="sing"></g><g v="accs"></g></l></v></tfr></token><token id="686760" text="часть"><tfr rev_id="1518624" t="часть"><v><l t="часть" id="374820"><g v="NOUN"></g><g v="inan"></g><g v="femn"></g><g v="sing"></g><g v="nomn"></g></l></v><v><l t="часть" id="374820"><g v="NOUN"></g><g v="inan"></g><g v="femn"></g><g v="sing"></g><g v="accs"></g></l></v></tfr></token><token id="686761" text="."><tfr rev_id="1518625" t="."><v><l t="." id="0"><g v="PNCT"></g></l></v></tfr></token></tokens></sentence></paragraph></paragraphs></text>