<?xml version="1.0" encoding="utf-8"?><text id="1358" parent="586" name="0008040 Грядет война народная, гражданская война"><tags><tag>url:http://tarbozaurus.livejournal.com/8040.html</tag><tag>Год:2004</tag><tag>Дата:22/06</tag><tag>Время:09:31</tag><tag>ЖЖ:Настроение:angry</tag><tag>ЖЖ:Метка:Израиль</tag><tag>ЖЖ:Метка:Политика</tag></tags><paragraphs><paragraph id="12355"><sentence id="38561"><source>Опрос хайфского университета показал, что 45% евреев-израильтян выступают за лишение арабов избирательных прав.</source><tokens><token id="687685" text="Опрос"><tfr rev_id="3523675" t="Опрос"><v><l t="опрос" id="208143"><g v="NOUN"></g><g v="inan"></g><g v="masc"></g><g v="sing"></g><g v="nomn"></g></l></v></tfr></token><token id="687686" text="хайфского"><tfr rev_id="1519550" t="хайфского"><v><l t="хайфского" id="0"><g v="UNKN"></g></l></v></tfr></token><token id="687687" text="университета"><tfr rev_id="1519551" t="университета"><v><l t="университет" id="358281"><g v="NOUN"></g><g v="inan"></g><g v="masc"></g><g v="sing"></g><g v="gent"></g></l></v></tfr></token><token id="687688" text="показал"><tfr rev_id="1519552" t="показал"><v><l t="показал" id="253982"><g v="VERB"></g><g v="perf"></g><g v="tran"></g><g v="masc"></g><g v="sing"></g><g v="past"></g><g v="indc"></g></l></v></tfr></token><token id="687689" text=","><tfr rev_id="1519553" t=","><v><l t="," id="0"><g v="PNCT"></g></l></v></tfr></token><token id="687690" text="что"><tfr rev_id="3197666" t="что"><v><l t="что" id="377004"><g v="CONJ"></g></l></v><v><l t="что" id="377005"><g v="NPRO"></g><g v="neut"></g><g v="sing"></g><g v="nomn"></g></l></v><v><l t="что" id="377005"><g v="NPRO"></g><g v="neut"></g><g v="sing"></g><g v="accs"></g></l></v><v><l t="что" id="377006"><g v="ADVB"></g><g v="Ques"></g></l></v><v><l t="что" id="388695"><g v="PRCL"></g></l></v></tfr></token><token id="687691" text="45"><tfr rev_id="2462765" t="45"><v><l t="45" id="0"><g v="NUMB"></g></l></v></tfr></token><token id="687692" text="%"><tfr rev_id="2446758" t="%"><v><l t="%" id="0"><g v="PNCT"></g></l></v></tfr></token><token id="687693" text="евреев"><tfr rev_id="3704657" t="евреев"><v><l t="еврей" id="93994"><g v="NOUN"></g><g v="anim"></g><g v="masc"></g><g v="plur"></g><g v="gent"></g></l></v></tfr></token><token id="687694" text="-"><tfr rev_id="1519558" t="-"><v><l t="-" id="0"><g v="PNCT"></g></l></v></tfr></token><token id="687695" text="израильтян"><tfr rev_id="3540917" t="израильтян"><v><l t="израильтянин" id="120476"><g v="NOUN"></g><g v="anim"></g><g v="masc"></g><g v="plur"></g><g v="gent"></g></l></v></tfr></token><token id="687696" text="выступают"><tfr rev_id="1519560" t="выступают"><v><l t="выступаю" id="62880"><g v="VERB"></g><g v="impf"></g><g v="intr"></g><g v="plur"></g><g v="3per"></g><g v="pres"></g><g v="indc"></g></l></v></tfr></token><token id="687697" text="за"><tfr rev_id="1519561" t="за"><v><l t="за" id="98043"><g v="PREP"></g></l></v></tfr></token><token id="687698" text="лишение"><tfr rev_id="4103329" t="лишение"><v><l t="лишение" id="150243"><g v="NOUN"></g><g v="inan"></g><g v="neut"></g><g v="sing"></g><g v="accs"></g></l></v></tfr></token><token id="687699" text="арабов"><tfr rev_id="4358848" t="арабов"><v><l t="араб" id="15588"><g v="NOUN"></g><g v="anim"></g><g v="masc"></g><g v="plur"></g><g v="gent"></g></l></v></tfr></token><token id="687700" text="избирательных"><tfr rev_id="4312883" t="избирательных"><v><l t="избирательный" id="117814"><g v="ADJF"></g><g v="Qual"></g><g v="plur"></g><g v="gent"></g></l></v></tfr></token><token id="687701" text="прав"><tfr rev_id="3704999" t="прав"><v><l t="право" id="265680"><g v="NOUN"></g><g v="inan"></g><g v="neut"></g><g v="plur"></g><g v="gent"></g></l></v></tfr></token><token id="687702" text="."><tfr rev_id="1519566" t="."><v><l t="." id="0"><g v="PNCT"></g></l></v></tfr></token></tokens></sentence><sentence id="38562"><source>Больше 60% хотят, чтобы правительство выдавливало арабов из страны (моледетовская идея"добровольного трансфера"наконец завладела умами - или что у них там между ушей? - миллионов израильтян).</source><tokens><token id="687703" text="Больше"><tfr rev_id="2558518" t="Больше"><v><l t="больше" id="32325"><g v="ADVB"></g></l></v><v><l t="больше" id="32447"><g v="COMP"></g><g v="Qual"></g></l></v></tfr></token><token id="687704" text="60"><tfr rev_id="2462766" t="60"><v><l t="60" id="0"><g v="NUMB"></g></l></v></tfr></token><token id="687705" text="%"><tfr rev_id="2446759" t="%"><v><l t="%" id="0"><g v="PNCT"></g></l></v></tfr></token><token id="687706" text="хотят"><tfr rev_id="1519570" t="хотят"><v><l t="хочу" id="371713"><g v="VERB"></g><g v="impf"></g><g v="tran"></g><g v="plur"></g><g v="3per"></g><g v="pres"></g><g v="indc"></g></l></v></tfr></token><token id="687707" text=","><tfr rev_id="1519571" t=","><v><l t="," id="0"><g v="PNCT"></g></l></v></tfr></token><token id="687708" text="чтобы"><tfr rev_id="1519572" t="чтобы"><v><l t="чтобы" id="377013"><g v="CONJ"></g></l></v><v><l t="чтобы" id="377014"><g v="PRCL"></g></l></v></tfr></token><token id="687709" text="правительство"><tfr rev_id="3720280" t="правительство"><v><l t="правительство" id="265638"><g v="NOUN"></g><g v="inan"></g><g v="neut"></g><g v="sing"></g><g v="nomn"></g></l></v></tfr></token><token id="687710" text="выдавливало"><tfr rev_id="1519574" t="выдавливало"><v><l t="выдавливаю" id="56919"><g v="VERB"></g><g v="impf"></g><g v="tran"></g><g v="neut"></g><g v="sing"></g><g v="past"></g><g v="indc"></g></l></v></tfr></token><token id="687711" text="арабов"><tfr rev_id="4459018" t="арабов"><v><l t="араб" id="15588"><g v="NOUN"></g><g v="anim"></g><g v="masc"></g><g v="plur"></g><g v="accs"></g></l></v></tfr></token><token id="687712" text="из"><tfr rev_id="1671263" t="из"><v><l t="из" id="117677"><g v="PREP"></g></l></v></tfr></token><token id="687713" text="страны"><tfr rev_id="3457191" t="страны"><v><l t="страна" id="337100"><g v="NOUN"></g><g v="inan"></g><g v="femn"></g><g v="sing"></g><g v="gent"></g></l></v></tfr></token><token id="687714" text="("><tfr rev_id="1519578" t="("><v><l t="(" id="0"><g v="PNCT"></g></l></v></tfr></token><token id="687715" text="моледетовская"><tfr rev_id="1519579" t="моледетовская"><v><l t="моледетовская" id="0"><g v="UNKN"></g></l></v></tfr></token><token id="687716" text="идея"><tfr rev_id="1519580" t="идея"><v><l t="идея" id="117499"><g v="NOUN"></g><g v="inan"></g><g v="femn"></g><g v="sing"></g><g v="nomn"></g></l></v></tfr></token><token id="687717" text="&quot;"><tfr rev_id="1519581" t="&quot;"><v><l t="&quot;" id="0"><g v="PNCT"></g></l></v></tfr></token><token id="687718" text="добровольного"><tfr rev_id="4205716" t="добровольного"><v><l t="добровольный" id="85398"><g v="ADJF"></g><g v="masc"></g><g v="sing"></g><g v="gent"></g></l></v><v><l t="добровольный" id="85398"><g v="ADJF"></g><g v="anim"></g><g v="masc"></g><g v="sing"></g><g v="accs"></g></l></v></tfr></token><token id="687719" text="трансфера"><tfr rev_id="1519583" t="трансфера"><v><l t="трансфер" id="349209"><g v="NOUN"></g><g v="inan"></g><g v="masc"></g><g v="sing"></g><g v="gent"></g></l></v></tfr></token><token id="687720" text="&quot;"><tfr rev_id="1519584" t="&quot;"><v><l t="&quot;" id="0"><g v="PNCT"></g></l></v></tfr></token><token id="687721" text="наконец"><tfr rev_id="1519585" t="наконец"><v><l t="наконец" id="171303"><g v="ADVB"></g></l></v><v><l t="наконец" id="171304"><g v="CONJ"></g><g v="Prnt"></g></l></v></tfr></token><token id="687722" text="завладела"><tfr rev_id="1519586" t="завладела"><v><l t="завладел" id="99746"><g v="VERB"></g><g v="perf"></g><g v="intr"></g><g v="femn"></g><g v="sing"></g><g v="past"></g><g v="indc"></g></l></v></tfr></token><token id="687723" text="умами"><tfr rev_id="1519587" t="умами"><v><l t="ум" id="357206"><g v="NOUN"></g><g v="inan"></g><g v="masc"></g><g v="plur"></g><g v="ablt"></g></l></v></tfr></token><token id="687724" text="-"><tfr rev_id="1519588" t="-"><v><l t="-" id="0"><g v="PNCT"></g></l></v></tfr></token><token id="687725" text="или"><tfr rev_id="3787347" t="или"><v><l t="или" id="121146"><g v="CONJ"></g></l></v></tfr></token><token id="687726" text="что"><tfr rev_id="3197667" t="что"><v><l t="что" id="377004"><g v="CONJ"></g></l></v><v><l t="что" id="377005"><g v="NPRO"></g><g v="neut"></g><g v="sing"></g><g v="nomn"></g></l></v><v><l t="что" id="377005"><g v="NPRO"></g><g v="neut"></g><g v="sing"></g><g v="accs"></g></l></v><v><l t="что" id="377006"><g v="ADVB"></g><g v="Ques"></g></l></v><v><l t="что" id="388695"><g v="PRCL"></g></l></v></tfr></token><token id="687727" text="у"><tfr rev_id="1519591" t="у"><v><l t="у" id="352818"><g v="PREP"></g></l></v><v><l t="у" id="352819"><g v="INTJ"></g></l></v></tfr></token><token id="687728" text="них"><tfr rev_id="3945963" t="них"><v><l t="они" id="206619"><g v="NPRO"></g><g v="3per"></g><g v="Anph"></g><g v="plur"></g><g v="gent"></g><g v="Af-p"></g></l></v></tfr></token><token id="687729" text="там"><tfr rev_id="1519593" t="там"><v><l t="там" id="342752"><g v="PRCL"></g></l></v><v><l t="там" id="342753"><g v="ADVB"></g><g v="Dmns"></g></l></v></tfr></token><token id="687730" text="между"><tfr rev_id="1519594" t="между"><v><l t="между" id="157306"><g v="PREP"></g></l></v></tfr></token><token id="687731" text="ушей"><tfr rev_id="1714588" t="ушей"><v><l t="ухо" id="362933"><g v="NOUN"></g><g v="inan"></g><g v="neut"></g><g v="plur"></g><g v="gent"></g></l></v></tfr></token><token id="687732" text="?"><tfr rev_id="1519596" t="?"><v><l t="?" id="0"><g v="PNCT"></g></l></v></tfr></token><token id="687733" text="-"><tfr rev_id="1519597" t="-"><v><l t="-" id="0"><g v="PNCT"></g></l></v></tfr></token><token id="687734" text="миллионов"><tfr rev_id="1519598" t="миллионов"><v><l t="миллион" id="160260"><g v="NOUN"></g><g v="inan"></g><g v="masc"></g><g v="plur"></g><g v="gent"></g></l></v></tfr></token><token id="687735" text="израильтян"><tfr rev_id="3716905" t="израильтян"><v><l t="израильтянин" id="120476"><g v="NOUN"></g><g v="anim"></g><g v="masc"></g><g v="plur"></g><g v="gent"></g></l></v></tfr></token><token id="687736" text=")"><tfr rev_id="1519600" t=")"><v><l t=")" id="0"><g v="PNCT"></g></l></v></tfr></token><token id="687737" text="."><tfr rev_id="1519601" t="."><v><l t="." id="0"><g v="PNCT"></g></l></v></tfr></token></tokens></sentence></paragraph><paragraph id="12356"><sentence id="38563"><source>Допустим, что опрос неточен на 4% - это предельно допустимая ошибка при определенном количестве опрошенных, если соблюдать базовые методологические ограничения.</source><tokens><token id="687738" text="Допустим"><tfr rev_id="3407772" t="Допустим"><v><l t="допустим" id="89495"><g v="ADJS"></g><g v="Qual"></g><g v="masc"></g><g v="sing"></g></l></v><v><l t="допустил" id="89497"><g v="VERB"></g><g v="perf"></g><g v="tran"></g><g v="plur"></g><g v="1per"></g><g v="futr"></g><g v="indc"></g></l></v><v><l t="допустил" id="89497"><g v="VERB"></g><g v="perf"></g><g v="tran"></g><g v="sing"></g><g v="impr"></g><g v="incl"></g></l></v><v><l t="допустим" id="388699"><g v="CONJ"></g><g v="Prnt"></g></l></v></tfr></token><token id="687739" text=","><tfr rev_id="1519603" t=","><v><l t="," id="0"><g v="PNCT"></g></l></v></tfr></token><token id="687740" text="что"><tfr rev_id="3197668" t="что"><v><l t="что" id="377004"><g v="CONJ"></g></l></v><v><l t="что" id="377005"><g v="NPRO"></g><g v="neut"></g><g v="sing"></g><g v="nomn"></g></l></v><v><l t="что" id="377005"><g v="NPRO"></g><g v="neut"></g><g v="sing"></g><g v="accs"></g></l></v><v><l t="что" id="377006"><g v="ADVB"></g><g v="Ques"></g></l></v><v><l t="что" id="388695"><g v="PRCL"></g></l></v></tfr></token><token id="687741" text="опрос"><tfr rev_id="4107928" t="опрос"><v><l t="опрос" id="208143"><g v="NOUN"></g><g v="inan"></g><g v="masc"></g><g v="sing"></g><g v="nomn"></g></l></v></tfr></token><token id="687742" text="неточен"><tfr rev_id="1519606" t="неточен"><v><l t="неточен" id="189018"><g v="ADJS"></g><g v="masc"></g><g v="sing"></g></l></v></tfr></token><token id="687743" text="на"><tfr rev_id="3395506" t="на"><v><l t="на" id="166264"><g v="PREP"></g></l></v></tfr></token><token id="687744" text="4"><tfr rev_id="2462767" t="4"><v><l t="4" id="0"><g v="NUMB"></g></l></v></tfr></token><token id="687745" text="%"><tfr rev_id="2446760" t="%"><v><l t="%" id="0"><g v="PNCT"></g></l></v></tfr></token><token id="687746" text="-"><tfr rev_id="1519610" t="-"><v><l t="-" id="0"><g v="PNCT"></g></l></v></tfr></token><token id="687747" text="это"><tfr rev_id="4441832" t="это"><v><l t="это" id="386574"><g v="PRCL"></g></l></v><v><l t="это" id="386575"><g v="NPRO"></g><g v="neut"></g><g v="sing"></g><g v="nomn"></g></l></v><v><l t="это" id="386575"><g v="NPRO"></g><g v="neut"></g><g v="sing"></g><g v="accs"></g></l></v><v><l t="этот" id="386581"><g v="ADJF"></g><g v="Subx"></g><g v="Apro"></g><g v="Anph"></g><g v="neut"></g><g v="sing"></g><g v="nomn"></g></l></v><v><l t="этот" id="386581"><g v="ADJF"></g><g v="Subx"></g><g v="Apro"></g><g v="Anph"></g><g v="neut"></g><g v="sing"></g><g v="accs"></g></l></v></tfr></token><token id="687748" text="предельно"><tfr rev_id="3526820" t="предельно"><v><l t="предельно" id="266449"><g v="ADVB"></g></l></v></tfr></token><token id="687749" text="допустимая"><tfr rev_id="1519613" t="допустимая"><v><l t="допустимый" id="89494"><g v="ADJF"></g><g v="Qual"></g><g v="femn"></g><g v="sing"></g><g v="nomn"></g></l></v></tfr></token><token id="687750" text="ошибка"><tfr rev_id="1519614" t="ошибка"><v><l t="ошибка" id="222054"><g v="NOUN"></g><g v="inan"></g><g v="femn"></g><g v="sing"></g><g v="nomn"></g></l></v></tfr></token><token id="687751" text="при"><tfr rev_id="2601349" t="при"><v><l t="при" id="268625"><g v="PREP"></g></l></v></tfr></token><token id="687752" text="определенном"><tfr rev_id="1519616" t="определенном"><v><l t="определённый" id="207988"><g v="ADJF"></g><g v="Qual"></g><g v="masc"></g><g v="sing"></g><g v="loct"></g></l></v><v><l t="определённый" id="207988"><g v="ADJF"></g><g v="Qual"></g><g v="neut"></g><g v="sing"></g><g v="loct"></g></l></v><v><l t="определённый" id="208005"><g v="PRTF"></g><g v="perf"></g><g v="tran"></g><g v="past"></g><g v="pssv"></g><g v="masc"></g><g v="sing"></g><g v="loct"></g></l></v><v><l t="определённый" id="208005"><g v="PRTF"></g><g v="perf"></g><g v="tran"></g><g v="past"></g><g v="pssv"></g><g v="neut"></g><g v="sing"></g><g v="loct"></g></l></v></tfr></token><token id="687753" text="количестве"><tfr rev_id="1519617" t="количестве"><v><l t="количество" id="135983"><g v="NOUN"></g><g v="inan"></g><g v="neut"></g><g v="sing"></g><g v="loct"></g></l></v></tfr></token><token id="687754" text="опрошенных"><tfr rev_id="4427312" t="опрошенных"><v><l t="опрошенный" id="208147"><g v="PRTF"></g><g v="perf"></g><g v="tran"></g><g v="past"></g><g v="pssv"></g><g v="plur"></g><g v="gent"></g></l></v></tfr></token><token id="687755" text=","><tfr rev_id="1519619" t=","><v><l t="," id="0"><g v="PNCT"></g></l></v></tfr></token><token id="687756" text="если"><tfr rev_id="1519620" t="если"><v><l t="если" id="95365"><g v="CONJ"></g></l></v></tfr></token><token id="687757" text="соблюдать"><tfr rev_id="1519621" t="соблюдать"><v><l t="соблюдать" id="327728"><g v="INFN"></g><g v="impf"></g><g v="tran"></g></l></v></tfr></token><token id="687758" text="базовые"><tfr rev_id="3443876" t="базовые"><v><l t="базовый" id="22258"><g v="ADJF"></g><g v="Qual"></g><g v="inan"></g><g v="plur"></g><g v="accs"></g></l></v></tfr></token><token id="687759" text="методологические"><tfr rev_id="3768128" t="методологические"><v><l t="методологический" id="159281"><g v="ADJF"></g><g v="inan"></g><g v="plur"></g><g v="accs"></g></l></v></tfr></token><token id="687760" text="ограничения"><tfr rev_id="3794518" t="ограничения"><v><l t="ограничение" id="202915"><g v="NOUN"></g><g v="inan"></g><g v="neut"></g><g v="plur"></g><g v="accs"></g></l></v></tfr></token><token id="687761" text="."><tfr rev_id="1519625" t="."><v><l t="." id="0"><g v="PNCT"></g></l></v></tfr></token></tokens></sentence><sentence id="38564"><source>Это все равно не очень изменяет картину страны победившей ксенофобии.</source><tokens><token id="687762" text="Это"><tfr rev_id="4342253" t="Это"><v><l t="это" id="386575"><g v="NPRO"></g><g v="neut"></g><g v="sing"></g><g v="nomn"></g></l></v><v><l t="это" id="386575"><g v="NPRO"></g><g v="neut"></g><g v="sing"></g><g v="accs"></g></l></v></tfr></token><token id="687763" text="все"><tfr rev_id="4500069" t="все"><v><l t="весь" id="42156"><g v="ADJF"></g><g v="Subx"></g><g v="Apro"></g><g v="neut"></g><g v="sing"></g><g v="accs"></g></l></v><v><l t="весь" id="42156"><g v="ADJF"></g><g v="Subx"></g><g v="Apro"></g><g v="neut"></g><g v="sing"></g><g v="nomn"></g></l></v></tfr></token><token id="687764" text="равно"><tfr rev_id="4501672" t="равно"><v><l t="равно" id="290596"><g v="ADVB"></g><g v="Prdx"></g></l></v><v><l t="равно" id="290597"><g v="CONJ"></g></l></v><v><l t="равен" id="290755"><g v="ADJS"></g><g v="Qual"></g><g v="neut"></g><g v="sing"></g></l></v></tfr></token><token id="687765" text="не"><tfr rev_id="1519629" t="не"><v><l t="не" id="178876"><g v="PRCL"></g></l></v></tfr></token><token id="687766" text="очень"><tfr rev_id="1519630" t="очень"><v><l t="очень" id="221681"><g v="ADVB"></g></l></v></tfr></token><token id="687767" text="изменяет"><tfr rev_id="1519631" t="изменяет"><v><l t="изменяю" id="119516"><g v="VERB"></g><g v="impf"></g><g v="tran"></g><g v="sing"></g><g v="3per"></g><g v="pres"></g><g v="indc"></g></l></v><v><l t="изменяю" id="119523"><g v="VERB"></g><g v="impf"></g><g v="intr"></g><g v="sing"></g><g v="3per"></g><g v="pres"></g><g v="indc"></g></l></v></tfr></token><token id="687768" text="картину"><tfr rev_id="1519632" t="картину"><v><l t="картина" id="130773"><g v="NOUN"></g><g v="inan"></g><g v="femn"></g><g v="sing"></g><g v="accs"></g></l></v></tfr></token><token id="687769" text="страны"><tfr rev_id="3327769" t="страны"><v><l t="страна" id="337100"><g v="NOUN"></g><g v="inan"></g><g v="femn"></g><g v="sing"></g><g v="gent"></g></l></v></tfr></token><token id="687770" text="победившей"><tfr rev_id="4341995" t="победившей"><v><l t="победивший" id="241492"><g v="PRTF"></g><g v="perf"></g><g v="tran"></g><g v="past"></g><g v="actv"></g><g v="femn"></g><g v="sing"></g><g v="gent"></g></l></v></tfr></token><token id="687771" text="ксенофобии"><tfr rev_id="4174675" t="ксенофобии"><v><l t="ксенофобия" id="144154"><g v="NOUN"></g><g v="inan"></g><g v="femn"></g><g v="sing"></g><g v="gent"></g></l></v></tfr></token><token id="687772" text="."><tfr rev_id="1519636" t="."><v><l t="." id="0"><g v="PNCT"></g></l></v></tfr></token></tokens></sentence><sentence id="38565"><source>Тот же опрос показал, что к гастарбайтерам отношение столь же негативное.</source><tokens><token id="687773" text="Тот"><tfr rev_id="3769785" t="Тот"><v><l t="тот" id="348430"><g v="ADJF"></g><g v="Subx"></g><g v="Apro"></g><g v="Anph"></g><g v="masc"></g><g v="sing"></g><g v="nomn"></g></l></v><v><l t="тот" id="348430"><g v="ADJF"></g><g v="Subx"></g><g v="Apro"></g><g v="Anph"></g><g v="inan"></g><g v="masc"></g><g v="sing"></g><g v="accs"></g></l></v></tfr></token><token id="687774" text="же"><tfr rev_id="1519638" t="же"><v><l t="же" id="96208"><g v="CONJ"></g></l></v><v><l t="же" id="96209"><g v="PRCL"></g></l></v></tfr></token><token id="687775" text="опрос"><tfr rev_id="4096690" t="опрос"><v><l t="опрос" id="208143"><g v="NOUN"></g><g v="inan"></g><g v="masc"></g><g v="sing"></g><g v="nomn"></g></l></v></tfr></token><token id="687776" text="показал"><tfr rev_id="1519640" t="показал"><v><l t="показал" id="253982"><g v="VERB"></g><g v="perf"></g><g v="tran"></g><g v="masc"></g><g v="sing"></g><g v="past"></g><g v="indc"></g></l></v></tfr></token><token id="687777" text=","><tfr rev_id="1519641" t=","><v><l t="," id="0"><g v="PNCT"></g></l></v></tfr></token><token id="687778" text="что"><tfr rev_id="3197669" t="что"><v><l t="что" id="377004"><g v="CONJ"></g></l></v><v><l t="что" id="377005"><g v="NPRO"></g><g v="neut"></g><g v="sing"></g><g v="nomn"></g></l></v><v><l t="что" id="377005"><g v="NPRO"></g><g v="neut"></g><g v="sing"></g><g v="accs"></g></l></v><v><l t="что" id="377006"><g v="ADVB"></g><g v="Ques"></g></l></v><v><l t="что" id="388695"><g v="PRCL"></g></l></v></tfr></token><token id="687779" text="к"><tfr rev_id="1519643" t="к"><v><l t="к" id="127460"><g v="PREP"></g></l></v></tfr></token><token id="687780" text="гастарбайтерам"><tfr rev_id="3757757" t="гастарбайтерам"><v><l t="гастарбайтер" id="390002"><g v="NOUN"></g><g v="anim"></g><g v="masc"></g><g v="plur"></g><g v="datv"></g></l></v></tfr></token><token id="687781" text="отношение"><tfr rev_id="1519645" t="отношение"><v><l t="отношение" id="215944"><g v="NOUN"></g><g v="inan"></g><g v="neut"></g><g v="sing"></g><g v="nomn"></g></l></v><v><l t="отношение" id="215944"><g v="NOUN"></g><g v="inan"></g><g v="neut"></g><g v="sing"></g><g v="accs"></g></l></v></tfr></token><token id="687782" text="столь"><tfr rev_id="1519646" t="столь"><v><l t="столь" id="336669"><g v="ADVB"></g></l></v></tfr></token><token id="687783" text="же"><tfr rev_id="1519647" t="же"><v><l t="же" id="96208"><g v="CONJ"></g></l></v><v><l t="же" id="96209"><g v="PRCL"></g></l></v></tfr></token><token id="687784" text="негативное"><tfr rev_id="1519648" t="негативное"><v><l t="негативный" id="180350"><g v="ADJF"></g><g v="Qual"></g><g v="neut"></g><g v="sing"></g><g v="nomn"></g></l></v><v><l t="негативный" id="180350"><g v="ADJF"></g><g v="Qual"></g><g v="neut"></g><g v="sing"></g><g v="accs"></g></l></v></tfr></token><token id="687785" text="."><tfr rev_id="1519649" t="."><v><l t="." id="0"><g v="PNCT"></g></l></v></tfr></token></tokens></sentence><sentence id="38566"><source>На следующем этапе, видимо, ожидается раскол по этническому и религиозному принципам среди самих евреев.</source><tokens><token id="687786" text="На"><tfr rev_id="3338109" t="На"><v><l t="на" id="166264"><g v="PREP"></g></l></v></tfr></token><token id="687787" text="следующем"><tfr rev_id="1519651" t="следующем"><v><l t="следующий" id="324749"><g v="PRTF"></g><g v="impf"></g><g v="intr"></g><g v="pres"></g><g v="actv"></g><g v="masc"></g><g v="sing"></g><g v="loct"></g></l></v><v><l t="следующий" id="324749"><g v="PRTF"></g><g v="impf"></g><g v="intr"></g><g v="pres"></g><g v="actv"></g><g v="neut"></g><g v="sing"></g><g v="loct"></g></l></v><v><l t="следующий" id="324769"><g v="ADJF"></g><g v="masc"></g><g v="sing"></g><g v="loct"></g></l></v><v><l t="следующий" id="324769"><g v="ADJF"></g><g v="neut"></g><g v="sing"></g><g v="loct"></g></l></v></tfr></token><token id="687788" text="этапе"><tfr rev_id="1519652" t="этапе"><v><l t="этап" id="386427"><g v="NOUN"></g><g v="inan"></g><g v="masc"></g><g v="sing"></g><g v="loct"></g></l></v></tfr></token><token id="687789" text=","><tfr rev_id="1519653" t=","><v><l t="," id="0"><g v="PNCT"></g></l></v></tfr></token><token id="687790" text="видимо"><tfr rev_id="1519654" t="видимо"><v><l t="видим" id="44570"><g v="PRTS"></g><g v="impf"></g><g v="pres"></g><g v="pssv"></g><g v="neut"></g><g v="sing"></g></l></v><v><l t="видимо" id="44584"><g v="ADVB"></g></l></v><v><l t="видимо" id="44585"><g v="CONJ"></g><g v="Prnt"></g></l></v><v><l t="видим" id="44589"><g v="ADJS"></g><g v="Qual"></g><g v="neut"></g><g v="sing"></g></l></v></tfr></token><token id="687791" text=","><tfr rev_id="1519655" t=","><v><l t="," id="0"><g v="PNCT"></g></l></v></tfr></token><token id="687792" text="ожидается"><tfr rev_id="1519656" t="ожидается"><v><l t="ожидаюсь" id="203952"><g v="VERB"></g><g v="impf"></g><g v="intr"></g><g v="sing"></g><g v="3per"></g><g v="pres"></g><g v="indc"></g></l></v></tfr></token><token id="687793" text="раскол"><tfr rev_id="3689227" t="раскол"><v><l t="раскол" id="298601"><g v="NOUN"></g><g v="inan"></g><g v="masc"></g><g v="sing"></g><g v="nomn"></g></l></v></tfr></token><token id="687794" text="по"><tfr rev_id="1519658" t="по"><v><l t="по" id="241240"><g v="PREP"></g></l></v></tfr></token><token id="687795" text="этническому"><tfr rev_id="3464159" t="этническому"><v><l t="этнический" id="386538"><g v="ADJF"></g><g v="masc"></g><g v="sing"></g><g v="datv"></g></l></v></tfr></token><token id="687796" text="и"><tfr rev_id="1519660" t="и"><v><l t="и" id="116949"><g v="CONJ"></g></l></v><v><l t="и" id="116950"><g v="INTJ"></g></l></v></tfr></token><token id="687797" text="религиозному"><tfr rev_id="4097045" t="религиозному"><v><l t="религиозный" id="305978"><g v="ADJF"></g><g v="masc"></g><g v="sing"></g><g v="datv"></g></l></v></tfr></token><token id="687798" text="принципам"><tfr rev_id="1519662" t="принципам"><v><l t="принцип" id="272678"><g v="NOUN"></g><g v="inan"></g><g v="masc"></g><g v="plur"></g><g v="datv"></g></l></v></tfr></token><token id="687799" text="среди"><tfr rev_id="1519663" t="среди"><v><l t="среди" id="333473"><g v="PREP"></g></l></v></tfr></token><token id="687800" text="самих"><tfr rev_id="4403167" t="самих"><v><l t="сам" id="312034"><g v="ADJF"></g><g v="Apro"></g><g v="plur"></g><g v="gent"></g></l></v></tfr></token><token id="687801" text="евреев"><tfr rev_id="3540942" t="евреев"><v><l t="еврей" id="93994"><g v="NOUN"></g><g v="anim"></g><g v="masc"></g><g v="plur"></g><g v="gent"></g></l></v></tfr></token><token id="687802" text="."><tfr rev_id="1519666" t="."><v><l t="." id="0"><g v="PNCT"></g></l></v></tfr></token></tokens></sentence><sentence id="38567"><source>Чем закончилась очередная вспышка ксенофобии во времена Веспасиана, уже забыли?</source><tokens><token id="687803" text="Чем"><tfr rev_id="4307412" t="Чем"><v><l t="что" id="377005"><g v="NPRO"></g><g v="neut"></g><g v="sing"></g><g v="ablt"></g></l></v></tfr></token><token id="687804" text="закончилась"><tfr rev_id="1519668" t="закончилась"><v><l t="закончился" id="103837"><g v="VERB"></g><g v="perf"></g><g v="intr"></g><g v="femn"></g><g v="sing"></g><g v="past"></g><g v="indc"></g></l></v></tfr></token><token id="687805" text="очередная"><tfr rev_id="1519669" t="очередная"><v><l t="очередной" id="221690"><g v="ADJF"></g><g v="femn"></g><g v="sing"></g><g v="nomn"></g></l></v></tfr></token><token id="687806" text="вспышка"><tfr rev_id="1519670" t="вспышка"><v><l t="вспышка" id="54378"><g v="NOUN"></g><g v="inan"></g><g v="femn"></g><g v="sing"></g><g v="nomn"></g></l></v></tfr></token><token id="687807" text="ксенофобии"><tfr rev_id="4101809" t="ксенофобии"><v><l t="ксенофобия" id="144154"><g v="NOUN"></g><g v="inan"></g><g v="femn"></g><g v="sing"></g><g v="gent"></g></l></v></tfr></token><token id="687808" text="во"><tfr rev_id="2920319" t="во"><v><l t="в" id="37409"><g v="PREP"></g><g v="Vpre"></g></l></v></tfr></token><token id="687809" text="времена"><tfr rev_id="3752035" t="времена"><v><l t="время" id="53149"><g v="NOUN"></g><g v="inan"></g><g v="neut"></g><g v="plur"></g><g v="accs"></g></l></v></tfr></token><token id="687810" text="Веспасиана"><tfr rev_id="1519674" t="Веспасиана"><v><l t="веспасиана" id="0"><g v="UNKN"></g></l></v></tfr></token><token id="687811" text=","><tfr rev_id="1519675" t=","><v><l t="," id="0"><g v="PNCT"></g></l></v></tfr></token><token id="687812" text="уже"><tfr rev_id="2692885" t="уже"><v><l t="уж" id="355422"><g v="NOUN"></g><g v="anim"></g><g v="masc"></g><g v="sing"></g><g v="loct"></g></l></v><v><l t="уже" id="355498"><g v="ADVB"></g></l></v><v><l t="уже" id="355674"><g v="COMP"></g><g v="Qual"></g></l></v><v><l t="уже" id="388673"><g v="PRCL"></g></l></v></tfr></token><token id="687813" text="забыли"><tfr rev_id="1519677" t="забыли"><v><l t="забыл" id="99143"><g v="VERB"></g><g v="perf"></g><g v="tran"></g><g v="plur"></g><g v="past"></g><g v="indc"></g></l></v></tfr></token><token id="687814" text="?"><tfr rev_id="1519678" t="?"><v><l t="?" id="0"><g v="PNCT"></g></l></v></tfr></token></tokens></sentence></paragraph></paragraphs></text>