<?xml version="1.0" encoding="utf-8"?><text id="1366" parent="226" name="11112 Интеллектуальный эликсир долголетия"><tags><tag>url:http://www.chaskor.ru/news/intellektualnyj_eliksir_dolgoletiya_11112</tag><tag>Год:2009</tag><tag>Дата:07/10</tag><tag>Тема:ЧасКор:Здоровье</tag><tag>Тема:ЧасКор:Здоровье/ЗОЖ</tag></tags><paragraphs><paragraph id="12401"><sentence id="38736"><source>Интеллектуальный эликсир долголетия</source><tokens><token id="690987" text="Интеллектуальный"><tfr rev_id="1522851" t="Интеллектуальный"><v><l t="интеллектуальный" id="123066"><g v="ADJF"></g><g v="Qual"></g><g v="masc"></g><g v="sing"></g><g v="nomn"></g></l></v><v><l t="интеллектуальный" id="123066"><g v="ADJF"></g><g v="Qual"></g><g v="inan"></g><g v="masc"></g><g v="sing"></g><g v="accs"></g></l></v></tfr></token><token id="690988" text="эликсир"><tfr rev_id="1522852" t="эликсир"><v><l t="эликсир" id="384768"><g v="NOUN"></g><g v="inan"></g><g v="masc"></g><g v="sing"></g><g v="nomn"></g></l></v><v><l t="эликсир" id="384768"><g v="NOUN"></g><g v="inan"></g><g v="masc"></g><g v="sing"></g><g v="accs"></g></l></v></tfr></token><token id="690989" text="долголетия"><tfr rev_id="2722145" t="долголетия"><v><l t="долголетие" id="87791"><g v="NOUN"></g><g v="inan"></g><g v="neut"></g><g v="sing"></g><g v="gent"></g></l></v></tfr></token></tokens></sentence><sentence id="38737"><source>Учёные выяснили: чем умнее жена, тем дольше живёт её супруг.</source><tokens><token id="690990" text="Учёные"><tfr rev_id="4260160" t="Учёные"><v><l t="учёный" id="363100"><g v="NOUN"></g><g v="anim"></g><g v="masc"></g><g v="plur"></g><g v="nomn"></g></l></v></tfr></token><token id="690991" text="выяснили"><tfr rev_id="1522855" t="выяснили"><v><l t="выяснил" id="64901"><g v="VERB"></g><g v="perf"></g><g v="tran"></g><g v="plur"></g><g v="past"></g><g v="indc"></g></l></v></tfr></token><token id="690992" text=":"><tfr rev_id="1522856" t=":"><v><l t=":" id="0"><g v="PNCT"></g></l></v></tfr></token><token id="690993" text="чем"><tfr rev_id="4285006" t="чем"><v><l t="чем" id="375161"><g v="CONJ"></g></l></v></tfr></token><token id="690994" text="умнее"><tfr rev_id="1522858" t="умнее"><v><l t="умнее" id="357866"><g v="COMP"></g><g v="Qual"></g></l></v></tfr></token><token id="690995" text="жена"><tfr rev_id="1522859" t="жена"><v><l t="жена" id="96662"><g v="NOUN"></g><g v="anim"></g><g v="femn"></g><g v="sing"></g><g v="nomn"></g></l></v></tfr></token><token id="690996" text=","><tfr rev_id="1522860" t=","><v><l t="," id="0"><g v="PNCT"></g></l></v></tfr></token><token id="690997" text="тем"><tfr rev_id="3772888" t="тем"><v><l t="тем" id="344449"><g v="CONJ"></g></l></v><v><l t="тема" id="344450"><g v="NOUN"></g><g v="inan"></g><g v="femn"></g><g v="plur"></g><g v="gent"></g></l></v><v><l t="тот" id="348430"><g v="ADJF"></g><g v="Subx"></g><g v="Apro"></g><g v="Anph"></g><g v="masc"></g><g v="sing"></g><g v="ablt"></g></l></v><v><l t="тот" id="348430"><g v="ADJF"></g><g v="Subx"></g><g v="Apro"></g><g v="Anph"></g><g v="neut"></g><g v="sing"></g><g v="ablt"></g></l></v><v><l t="тот" id="348430"><g v="ADJF"></g><g v="Subx"></g><g v="Apro"></g><g v="Anph"></g><g v="plur"></g><g v="datv"></g></l></v><v><l t="тьма" id="352311"><g v="NOUN"></g><g v="inan"></g><g v="femn"></g><g v="plur"></g><g v="gent"></g></l></v></tfr></token><token id="690998" text="дольше"><tfr rev_id="1522862" t="дольше"><v><l t="дольше" id="87738"><g v="COMP"></g><g v="Qual"></g></l></v></tfr></token><token id="690999" text="живёт"><tfr rev_id="1522863" t="живёт"><v><l t="живу" id="97603"><g v="VERB"></g><g v="impf"></g><g v="intr"></g><g v="sing"></g><g v="3per"></g><g v="pres"></g><g v="indc"></g></l></v></tfr></token><token id="691000" text="её"><tfr rev_id="4515011" t="её"><v><l t="её" id="94433"><g v="ADJF"></g><g v="Fixd"></g><g v="Apro"></g><g v="Anph"></g><g v="masc"></g><g v="sing"></g><g v="nomn"></g></l></v><v><l t="её" id="94433"><g v="ADJF"></g><g v="Fixd"></g><g v="Apro"></g><g v="Anph"></g><g v="masc"></g><g v="sing"></g><g v="gent"></g></l></v><v><l t="её" id="94433"><g v="ADJF"></g><g v="Fixd"></g><g v="Apro"></g><g v="Anph"></g><g v="masc"></g><g v="sing"></g><g v="datv"></g></l></v><v><l t="её" id="94433"><g v="ADJF"></g><g v="Fixd"></g><g v="Apro"></g><g v="Anph"></g><g v="masc"></g><g v="sing"></g><g v="accs"></g></l></v><v><l t="её" id="94433"><g v="ADJF"></g><g v="Fixd"></g><g v="Apro"></g><g v="Anph"></g><g v="masc"></g><g v="sing"></g><g v="ablt"></g></l></v><v><l t="её" id="94433"><g v="ADJF"></g><g v="Fixd"></g><g v="Apro"></g><g v="Anph"></g><g v="masc"></g><g v="sing"></g><g v="loct"></g></l></v></tfr></token><token id="691001" text="супруг"><tfr rev_id="3474146" t="супруг"><v><l t="супруг" id="339818"><g v="NOUN"></g><g v="anim"></g><g v="masc"></g><g v="sing"></g><g v="nomn"></g></l></v></tfr></token><token id="691002" text="."><tfr rev_id="1522866" t="."><v><l t="." id="0"><g v="PNCT"></g></l></v></tfr></token></tokens></sentence></paragraph><paragraph id="12402"><sentence id="38738"><source>Учёные из Стокгольмского университета убеждены: умная жена продлевает жизнь своему мужчине.</source><tokens><token id="691003" text="Учёные"><tfr rev_id="4260161" t="Учёные"><v><l t="учёный" id="363100"><g v="NOUN"></g><g v="anim"></g><g v="masc"></g><g v="plur"></g><g v="nomn"></g></l></v></tfr></token><token id="691004" text="из"><tfr rev_id="2603719" t="из"><v><l t="из" id="117677"><g v="PREP"></g></l></v></tfr></token><token id="691005" text="Стокгольмского"><tfr rev_id="3881247" t="Стокгольмского"><v><l t="стокгольмский" id="336501"><g v="ADJF"></g><g v="Geox"></g><g v="masc"></g><g v="sing"></g><g v="gent"></g></l></v><v><l t="стокгольмский" id="336501"><g v="ADJF"></g><g v="Geox"></g><g v="anim"></g><g v="masc"></g><g v="sing"></g><g v="accs"></g></l></v></tfr></token><token id="691006" text="университета"><tfr rev_id="1522870" t="университета"><v><l t="университет" id="358281"><g v="NOUN"></g><g v="inan"></g><g v="masc"></g><g v="sing"></g><g v="gent"></g></l></v></tfr></token><token id="691007" text="убеждены"><tfr rev_id="1522871" t="убеждены"><v><l t="убеждён" id="352903"><g v="PRTS"></g><g v="perf"></g><g v="past"></g><g v="pssv"></g><g v="plur"></g></l></v></tfr></token><token id="691008" text=":"><tfr rev_id="1522872" t=":"><v><l t=":" id="0"><g v="PNCT"></g></l></v></tfr></token><token id="691009" text="умная"><tfr rev_id="1522873" t="умная"><v><l t="умный" id="357862"><g v="ADJF"></g><g v="Qual"></g><g v="femn"></g><g v="sing"></g><g v="nomn"></g></l></v></tfr></token><token id="691010" text="жена"><tfr rev_id="1522874" t="жена"><v><l t="жена" id="96662"><g v="NOUN"></g><g v="anim"></g><g v="femn"></g><g v="sing"></g><g v="nomn"></g></l></v></tfr></token><token id="691011" text="продлевает"><tfr rev_id="1522875" t="продлевает"><v><l t="продлеваю" id="279147"><g v="VERB"></g><g v="impf"></g><g v="tran"></g><g v="sing"></g><g v="3per"></g><g v="pres"></g><g v="indc"></g></l></v></tfr></token><token id="691012" text="жизнь"><tfr rev_id="4101992" t="жизнь"><v><l t="жизнь" id="97314"><g v="NOUN"></g><g v="inan"></g><g v="femn"></g><g v="sing"></g><g v="accs"></g></l></v></tfr></token><token id="691013" text="своему"><tfr rev_id="4094332" t="своему"><v><l t="свой" id="316379"><g v="ADJF"></g><g v="Apro"></g><g v="Anph"></g><g v="masc"></g><g v="sing"></g><g v="datv"></g></l></v></tfr></token><token id="691014" text="мужчине"><tfr rev_id="3226417" t="мужчине"><v><l t="мужчина" id="164766"><g v="NOUN"></g><g v="anim"></g><g v="masc"></g><g v="sing"></g><g v="datv"></g></l></v></tfr></token><token id="691015" text="."><tfr rev_id="1522879" t="."><v><l t="." id="0"><g v="PNCT"></g></l></v></tfr></token></tokens></sentence><sentence id="38739"><source>К этому выводу специалисты пришли, обследовав полтора миллиона семейных пар в возрасте от 30 до 59 лет.</source><tokens><token id="691016" text="К"><tfr rev_id="1522880" t="К"><v><l t="к" id="127460"><g v="PREP"></g></l></v></tfr></token><token id="691017" text="этому"><tfr rev_id="4434543" t="этому"><v><l t="этот" id="386581"><g v="ADJF"></g><g v="Subx"></g><g v="Apro"></g><g v="Anph"></g><g v="masc"></g><g v="sing"></g><g v="datv"></g></l></v></tfr></token><token id="691018" text="выводу"><tfr rev_id="1522882" t="выводу"><v><l t="вывод" id="56345"><g v="NOUN"></g><g v="inan"></g><g v="masc"></g><g v="sing"></g><g v="datv"></g></l></v></tfr></token><token id="691019" text="специалисты"><tfr rev_id="1522883" t="специалисты"><v><l t="специалист" id="331871"><g v="NOUN"></g><g v="anim"></g><g v="masc"></g><g v="plur"></g><g v="nomn"></g></l></v></tfr></token><token id="691020" text="пришли"><tfr rev_id="1522884" t="пришли"><v><l t="пришёл" id="270737"><g v="VERB"></g><g v="perf"></g><g v="intr"></g><g v="plur"></g><g v="past"></g><g v="indc"></g></l></v><v><l t="прислал" id="274244"><g v="VERB"></g><g v="perf"></g><g v="tran"></g><g v="sing"></g><g v="impr"></g><g v="excl"></g></l></v></tfr></token><token id="691021" text=","><tfr rev_id="1522885" t=","><v><l t="," id="0"><g v="PNCT"></g></l></v></tfr></token><token id="691022" text="обследовав"><tfr rev_id="1522886" t="обследовав"><v><l t="обследовав" id="199753"><g v="GRND"></g><g v="perf"></g><g v="tran"></g><g v="past"></g></l></v><v><l t="обследуя" id="199754"><g v="GRND"></g><g v="impf"></g><g v="tran"></g><g v="past"></g></l></v></tfr></token><token id="691023" text="полтора"><tfr rev_id="1522887" t="полтора"><v><l t="полтора" id="256572"><g v="NUMR"></g><g v="masc"></g><g v="nomn"></g></l></v><v><l t="полтора" id="256572"><g v="NUMR"></g><g v="masc"></g><g v="accs"></g></l></v><v><l t="полтора" id="256572"><g v="NUMR"></g><g v="neut"></g><g v="nomn"></g></l></v><v><l t="полтора" id="256572"><g v="NUMR"></g><g v="neut"></g><g v="accs"></g></l></v></tfr></token><token id="691024" text="миллиона"><tfr rev_id="1522888" t="миллиона"><v><l t="миллион" id="160260"><g v="NOUN"></g><g v="inan"></g><g v="masc"></g><g v="sing"></g><g v="gent"></g></l></v></tfr></token><token id="691025" text="семейных"><tfr rev_id="3824203" t="семейных"><v><l t="семейный" id="318495"><g v="ADJF"></g><g v="Qual"></g><g v="plur"></g><g v="gent"></g></l></v></tfr></token><token id="691026" text="пар"><tfr rev_id="3440546" t="пар"><v><l t="пара" id="223626"><g v="NOUN"></g><g v="inan"></g><g v="femn"></g><g v="plur"></g><g v="gent"></g></l></v></tfr></token><token id="691027" text="в"><tfr rev_id="1522891" t="в"><v><l t="в" id="37409"><g v="PREP"></g></l></v></tfr></token><token id="691028" text="возрасте"><tfr rev_id="1522892" t="возрасте"><v><l t="возраст" id="49611"><g v="NOUN"></g><g v="inan"></g><g v="masc"></g><g v="sing"></g><g v="loct"></g></l></v></tfr></token><token id="691029" text="от"><tfr rev_id="1522893" t="от"><v><l t="от" id="211644"><g v="PREP"></g></l></v></tfr></token><token id="691030" text="30"><tfr rev_id="2462809" t="30"><v><l t="30" id="0"><g v="NUMB"></g></l></v></tfr></token><token id="691031" text="до"><tfr rev_id="1522895" t="до"><v><l t="до" id="85153"><g v="PREP"></g></l></v></tfr></token><token id="691032" text="59"><tfr rev_id="2462810" t="59"><v><l t="59" id="0"><g v="NUMB"></g></l></v></tfr></token><token id="691033" text="лет"><tfr rev_id="3469581" t="лет"><v><l t="год" id="72149"><g v="NOUN"></g><g v="inan"></g><g v="masc"></g><g v="plur"></g><g v="gent"></g></l></v></tfr></token><token id="691034" text="."><tfr rev_id="1522898" t="."><v><l t="." id="0"><g v="PNCT"></g></l></v></tfr></token></tokens></sentence><sentence id="38740"><source>Для исследования были использованы статистические данные, собранные на протяжении 13 лет.</source><tokens><token id="691035" text="Для"><tfr rev_id="3452850" t="Для"><v><l t="для" id="85032"><g v="PREP"></g></l></v></tfr></token><token id="691036" text="исследования"><tfr rev_id="3504808" t="исследования"><v><l t="исследование" id="125799"><g v="NOUN"></g><g v="inan"></g><g v="neut"></g><g v="sing"></g><g v="gent"></g></l></v></tfr></token><token id="691037" text="были"><tfr rev_id="1715637" t="были"><v><l t="есть" id="37265"><g v="VERB"></g><g v="impf"></g><g v="intr"></g><g v="plur"></g><g v="past"></g><g v="indc"></g></l></v></tfr></token><token id="691038" text="использованы"><tfr rev_id="1522902" t="использованы"><v><l t="использован" id="125429"><g v="PRTS"></g><g v="perf"></g><g v="past"></g><g v="pssv"></g><g v="plur"></g></l></v><v><l t="использован" id="125430"><g v="PRTS"></g><g v="impf"></g><g v="past"></g><g v="pssv"></g><g v="plur"></g></l></v></tfr></token><token id="691039" text="статистические"><tfr rev_id="3767307" t="статистические"><v><l t="статистический" id="335115"><g v="ADJF"></g><g v="plur"></g><g v="nomn"></g></l></v></tfr></token><token id="691040" text="данные"><tfr rev_id="4535765" t="данные"><v><l t="данные" id="78302"><g v="NOUN"></g><g v="inan"></g><g v="GNdr"></g><g v="Pltm"></g><g v="plur"></g><g v="nomn"></g></l></v><v><l t="данные" id="78302"><g v="NOUN"></g><g v="inan"></g><g v="GNdr"></g><g v="Pltm"></g><g v="plur"></g><g v="accs"></g></l></v></tfr></token><token id="691041" text=","><tfr rev_id="1522905" t=","><v><l t="," id="0"><g v="PNCT"></g></l></v></tfr></token><token id="691042" text="собранные"><tfr rev_id="1522906" t="собранные"><v><l t="собранный" id="327810"><g v="ADJF"></g><g v="Qual"></g><g v="plur"></g><g v="nomn"></g></l></v><v><l t="собранный" id="327810"><g v="ADJF"></g><g v="Qual"></g><g v="inan"></g><g v="plur"></g><g v="accs"></g></l></v><v><l t="собранный" id="327820"><g v="PRTF"></g><g v="perf"></g><g v="tran"></g><g v="past"></g><g v="pssv"></g><g v="plur"></g><g v="nomn"></g></l></v><v><l t="собранный" id="327820"><g v="PRTF"></g><g v="perf"></g><g v="tran"></g><g v="past"></g><g v="pssv"></g><g v="inan"></g><g v="plur"></g><g v="accs"></g></l></v></tfr></token><token id="691043" text="на"><tfr rev_id="2913101" t="на"><v><l t="на" id="166264"><g v="PREP"></g></l></v><v><l t="на" id="388676"><g v="INTJ"></g></l></v></tfr></token><token id="691044" text="протяжении"><tfr rev_id="1522908" t="протяжении"><v><l t="протяжение" id="286786"><g v="NOUN"></g><g v="inan"></g><g v="neut"></g><g v="sing"></g><g v="loct"></g></l></v></tfr></token><token id="691045" text="13"><tfr rev_id="2462811" t="13"><v><l t="13" id="0"><g v="NUMB"></g></l></v></tfr></token><token id="691046" text="лет"><tfr rev_id="3264518" t="лет"><v><l t="год" id="72149"><g v="NOUN"></g><g v="inan"></g><g v="masc"></g><g v="plur"></g><g v="gent"></g></l></v></tfr></token><token id="691047" text="."><tfr rev_id="1522911" t="."><v><l t="." id="0"><g v="PNCT"></g></l></v></tfr></token></tokens></sentence><sentence id="38741"><source>Специалистов интересовали продолжительность жизни и причины смерти супругов.</source><tokens><token id="691048" text="Специалистов"><tfr rev_id="3540922" t="Специалистов"><v><l t="специалист" id="331871"><g v="NOUN"></g><g v="anim"></g><g v="masc"></g><g v="plur"></g><g v="accs"></g></l></v></tfr></token><token id="691049" text="интересовали"><tfr rev_id="1522913" t="интересовали"><v><l t="интересую" id="123176"><g v="VERB"></g><g v="impf"></g><g v="tran"></g><g v="plur"></g><g v="past"></g><g v="indc"></g></l></v><v><l t="интересую" id="123185"><g v="VERB"></g><g v="impf"></g><g v="intr"></g><g v="plur"></g><g v="past"></g><g v="indc"></g></l></v></tfr></token><token id="691050" text="продолжительность"><tfr rev_id="1522914" t="продолжительность"><v><l t="продолжительность" id="279228"><g v="NOUN"></g><g v="inan"></g><g v="femn"></g><g v="sing"></g><g v="nomn"></g></l></v><v><l t="продолжительность" id="279228"><g v="NOUN"></g><g v="inan"></g><g v="femn"></g><g v="sing"></g><g v="accs"></g></l></v></tfr></token><token id="691051" text="жизни"><tfr rev_id="3887763" t="жизни"><v><l t="жизнь" id="97314"><g v="NOUN"></g><g v="inan"></g><g v="femn"></g><g v="sing"></g><g v="gent"></g></l></v></tfr></token><token id="691052" text="и"><tfr rev_id="4092903" t="и"><v><l t="и" id="116949"><g v="CONJ"></g></l></v></tfr></token><token id="691053" text="причины"><tfr rev_id="3797911" t="причины"><v><l t="причина" id="276522"><g v="NOUN"></g><g v="inan"></g><g v="femn"></g><g v="plur"></g><g v="nomn"></g></l></v></tfr></token><token id="691054" text="смерти"><tfr rev_id="4179398" t="смерти"><v><l t="смерть" id="326158"><g v="NOUN"></g><g v="inan"></g><g v="femn"></g><g v="sing"></g><g v="gent"></g></l></v></tfr></token><token id="691055" text="супругов"><tfr rev_id="2928435" t="супругов"><v><l t="супруг" id="339818"><g v="NOUN"></g><g v="anim"></g><g v="masc"></g><g v="plur"></g><g v="gent"></g></l></v><v><l t="супруги" id="339820"><g v="NOUN"></g><g v="anim"></g><g v="GNdr"></g><g v="Pltm"></g><g v="plur"></g><g v="gent"></g></l></v></tfr></token><token id="691056" text="."><tfr rev_id="1522920" t="."><v><l t="." id="0"><g v="PNCT"></g></l></v></tfr></token></tokens></sentence><sentence id="38742"><source>Оказалось, что чем выше интеллект жены, тем дольше живёт муж.</source><tokens><token id="691057" text="Оказалось"><tfr rev_id="1522921" t="Оказалось"><v><l t="оказался" id="204462"><g v="VERB"></g><g v="perf"></g><g v="intr"></g><g v="neut"></g><g v="sing"></g><g v="past"></g><g v="indc"></g></l></v></tfr></token><token id="691058" text=","><tfr rev_id="1522922" t=","><v><l t="," id="0"><g v="PNCT"></g></l></v></tfr></token><token id="691059" text="что"><tfr rev_id="3197688" t="что"><v><l t="что" id="377004"><g v="CONJ"></g></l></v><v><l t="что" id="377005"><g v="NPRO"></g><g v="neut"></g><g v="sing"></g><g v="nomn"></g></l></v><v><l t="что" id="377005"><g v="NPRO"></g><g v="neut"></g><g v="sing"></g><g v="accs"></g></l></v><v><l t="что" id="377006"><g v="ADVB"></g><g v="Ques"></g></l></v><v><l t="что" id="388695"><g v="PRCL"></g></l></v></tfr></token><token id="691060" text="чем"><tfr rev_id="4331941" t="чем"><v><l t="чем" id="375161"><g v="CONJ"></g></l></v></tfr></token><token id="691061" text="выше"><tfr rev_id="1522925" t="выше"><v><l t="выше" id="62139"><g v="COMP"></g><g v="Qual"></g></l></v><v><l t="выша" id="64413"><g v="NOUN"></g><g v="inan"></g><g v="femn"></g><g v="Sgtm"></g><g v="Geox"></g><g v="sing"></g><g v="datv"></g></l></v><v><l t="выша" id="64413"><g v="NOUN"></g><g v="inan"></g><g v="femn"></g><g v="Sgtm"></g><g v="Geox"></g><g v="sing"></g><g v="loct"></g></l></v><v><l t="выше" id="64505"><g v="PREP"></g></l></v><v><l t="выше" id="64506"><g v="ADVB"></g></l></v></tfr></token><token id="691062" text="интеллект"><tfr rev_id="4209689" t="интеллект"><v><l t="интеллект" id="123058"><g v="NOUN"></g><g v="inan"></g><g v="masc"></g><g v="sing"></g><g v="nomn"></g></l></v></tfr></token><token id="691063" text="жены"><tfr rev_id="3503540" t="жены"><v><l t="жена" id="96662"><g v="NOUN"></g><g v="anim"></g><g v="femn"></g><g v="sing"></g><g v="gent"></g></l></v></tfr></token><token id="691064" text=","><tfr rev_id="1522928" t=","><v><l t="," id="0"><g v="PNCT"></g></l></v></tfr></token><token id="691065" text="тем"><tfr rev_id="4492619" t="тем"><v><l t="тем" id="344449"><g v="CONJ"></g></l></v></tfr></token><token id="691066" text="дольше"><tfr rev_id="1522930" t="дольше"><v><l t="дольше" id="87738"><g v="COMP"></g><g v="Qual"></g></l></v></tfr></token><token id="691067" text="живёт"><tfr rev_id="1522931" t="живёт"><v><l t="живу" id="97603"><g v="VERB"></g><g v="impf"></g><g v="intr"></g><g v="sing"></g><g v="3per"></g><g v="pres"></g><g v="indc"></g></l></v></tfr></token><token id="691068" text="муж"><tfr rev_id="4280323" t="муж"><v><l t="муж" id="164704"><g v="NOUN"></g><g v="anim"></g><g v="masc"></g><g v="sing"></g><g v="nomn"></g></l></v></tfr></token><token id="691069" text="."><tfr rev_id="1522933" t="."><v><l t="." id="0"><g v="PNCT"></g></l></v></tfr></token></tokens></sentence><sentence id="38743"><source>При этом его собственный интеллект на продолжительность жизни никакого влияния не оказывает.</source><tokens><token id="691070" text="При"><tfr rev_id="2601303" t="При"><v><l t="при" id="268625"><g v="PREP"></g></l></v></tfr></token><token id="691071" text="этом"><tfr rev_id="3272512" t="этом"><v><l t="это" id="386575"><g v="NPRO"></g><g v="neut"></g><g v="sing"></g><g v="loct"></g></l></v></tfr></token><token id="691072" text="его"><tfr rev_id="4511079" t="его"><v><l t="его" id="94208"><g v="ADJF"></g><g v="Fixd"></g><g v="Apro"></g><g v="Anph"></g><g v="masc"></g><g v="sing"></g><g v="nomn"></g></l></v><v><l t="его" id="94208"><g v="ADJF"></g><g v="Fixd"></g><g v="Apro"></g><g v="Anph"></g><g v="masc"></g><g v="sing"></g><g v="gent"></g></l></v><v><l t="его" id="94208"><g v="ADJF"></g><g v="Fixd"></g><g v="Apro"></g><g v="Anph"></g><g v="masc"></g><g v="sing"></g><g v="datv"></g></l></v><v><l t="его" id="94208"><g v="ADJF"></g><g v="Fixd"></g><g v="Apro"></g><g v="Anph"></g><g v="masc"></g><g v="sing"></g><g v="accs"></g></l></v><v><l t="его" id="94208"><g v="ADJF"></g><g v="Fixd"></g><g v="Apro"></g><g v="Anph"></g><g v="masc"></g><g v="sing"></g><g v="ablt"></g></l></v><v><l t="его" id="94208"><g v="ADJF"></g><g v="Fixd"></g><g v="Apro"></g><g v="Anph"></g><g v="masc"></g><g v="sing"></g><g v="loct"></g></l></v><v><l t="его" id="94208"><g v="ADJF"></g><g v="Fixd"></g><g v="Apro"></g><g v="Anph"></g><g v="femn"></g><g v="sing"></g><g v="nomn"></g></l></v><v><l t="его" id="94208"><g v="ADJF"></g><g v="Fixd"></g><g v="Apro"></g><g v="Anph"></g><g v="femn"></g><g v="sing"></g><g v="gent"></g></l></v><v><l t="его" id="94208"><g v="ADJF"></g><g v="Fixd"></g><g v="Apro"></g><g v="Anph"></g><g v="femn"></g><g v="sing"></g><g v="datv"></g></l></v><v><l t="его" id="94208"><g v="ADJF"></g><g v="Fixd"></g><g v="Apro"></g><g v="Anph"></g><g v="femn"></g><g v="sing"></g><g v="accs"></g></l></v><v><l t="его" id="94208"><g v="ADJF"></g><g v="Fixd"></g><g v="Apro"></g><g v="Anph"></g><g v="femn"></g><g v="sing"></g><g v="ablt"></g></l></v><v><l t="его" id="94208"><g v="ADJF"></g><g v="Fixd"></g><g v="Apro"></g><g v="Anph"></g><g v="femn"></g><g v="sing"></g><g v="loct"></g></l></v><v><l t="его" id="94208"><g v="ADJF"></g><g v="Fixd"></g><g v="Apro"></g><g v="Anph"></g><g v="neut"></g><g v="sing"></g><g v="nomn"></g></l></v><v><l t="его" id="94208"><g v="ADJF"></g><g v="Fixd"></g><g v="Apro"></g><g v="Anph"></g><g v="neut"></g><g v="sing"></g><g v="gent"></g></l></v><v><l t="его" id="94208"><g v="ADJF"></g><g v="Fixd"></g><g v="Apro"></g><g v="Anph"></g><g v="neut"></g><g v="sing"></g><g v="datv"></g></l></v><v><l t="его" id="94208"><g v="ADJF"></g><g v="Fixd"></g><g v="Apro"></g><g v="Anph"></g><g v="neut"></g><g v="sing"></g><g v="accs"></g></l></v><v><l t="его" id="94208"><g v="ADJF"></g><g v="Fixd"></g><g v="Apro"></g><g v="Anph"></g><g v="neut"></g><g v="sing"></g><g v="ablt"></g></l></v><v><l t="его" id="94208"><g v="ADJF"></g><g v="Fixd"></g><g v="Apro"></g><g v="Anph"></g><g v="neut"></g><g v="sing"></g><g v="loct"></g></l></v></tfr></token><token id="691073" text="собственный"><tfr rev_id="1522937" t="собственный"><v><l t="собственный" id="327840"><g v="ADJF"></g><g v="masc"></g><g v="sing"></g><g v="nomn"></g></l></v><v><l t="собственный" id="327840"><g v="ADJF"></g><g v="inan"></g><g v="masc"></g><g v="sing"></g><g v="accs"></g></l></v></tfr></token><token id="691074" text="интеллект"><tfr rev_id="4379948" t="интеллект"><v><l t="интеллект" id="123058"><g v="NOUN"></g><g v="inan"></g><g v="masc"></g><g v="sing"></g><g v="nomn"></g></l></v></tfr></token><token id="691075" text="на"><tfr rev_id="3334414" t="на"><v><l t="на" id="166264"><g v="PREP"></g></l></v></tfr></token><token id="691076" text="продолжительность"><tfr rev_id="2782380" t="продолжительность"><v><l t="продолжительность" id="279228"><g v="NOUN"></g><g v="inan"></g><g v="femn"></g><g v="sing"></g><g v="accs"></g></l></v></tfr></token><token id="691077" text="жизни"><tfr rev_id="4288143" t="жизни"><v><l t="жизнь" id="97314"><g v="NOUN"></g><g v="inan"></g><g v="femn"></g><g v="sing"></g><g v="gent"></g></l></v></tfr></token><token id="691078" text="никакого"><tfr rev_id="4204973" t="никакого"><v><l t="никакой" id="190841"><g v="ADJF"></g><g v="Apro"></g><g v="neut"></g><g v="sing"></g><g v="gent"></g></l></v></tfr></token><token id="691079" text="влияния"><tfr rev_id="3434835" t="влияния"><v><l t="влияние" id="46951"><g v="NOUN"></g><g v="inan"></g><g v="neut"></g><g v="sing"></g><g v="gent"></g></l></v></tfr></token><token id="691080" text="не"><tfr rev_id="1522944" t="не"><v><l t="не" id="178876"><g v="PRCL"></g></l></v></tfr></token><token id="691081" text="оказывает"><tfr rev_id="1522945" t="оказывает"><v><l t="оказываю" id="204467"><g v="VERB"></g><g v="impf"></g><g v="tran"></g><g v="sing"></g><g v="3per"></g><g v="pres"></g><g v="indc"></g></l></v></tfr></token><token id="691082" text="."><tfr rev_id="1522946" t="."><v><l t="." id="0"><g v="PNCT"></g></l></v></tfr></token></tokens></sentence></paragraph><paragraph id="12403"><sentence id="38744"><source>Сами учёные объяснили это следующим образом:</source><tokens><token id="691083" text="Сами"><tfr rev_id="4082769" t="Сами"><v><l t="сам" id="312034"><g v="ADJF"></g><g v="Apro"></g><g v="plur"></g><g v="nomn"></g></l></v></tfr></token><token id="691084" text="учёные"><tfr rev_id="4260162" t="учёные"><v><l t="учёный" id="363100"><g v="NOUN"></g><g v="anim"></g><g v="masc"></g><g v="plur"></g><g v="nomn"></g></l></v></tfr></token><token id="691085" text="объяснили"><tfr rev_id="1522949" t="объяснили"><v><l t="объяснил" id="201923"><g v="VERB"></g><g v="perf"></g><g v="tran"></g><g v="plur"></g><g v="past"></g><g v="indc"></g></l></v></tfr></token><token id="691086" text="это"><tfr rev_id="4441841" t="это"><v><l t="это" id="386574"><g v="PRCL"></g></l></v><v><l t="это" id="386575"><g v="NPRO"></g><g v="neut"></g><g v="sing"></g><g v="nomn"></g></l></v><v><l t="это" id="386575"><g v="NPRO"></g><g v="neut"></g><g v="sing"></g><g v="accs"></g></l></v><v><l t="этот" id="386581"><g v="ADJF"></g><g v="Subx"></g><g v="Apro"></g><g v="Anph"></g><g v="neut"></g><g v="sing"></g><g v="nomn"></g></l></v><v><l t="этот" id="386581"><g v="ADJF"></g><g v="Subx"></g><g v="Apro"></g><g v="Anph"></g><g v="neut"></g><g v="sing"></g><g v="accs"></g></l></v></tfr></token><token id="691087" text="следующим"><tfr rev_id="1522951" t="следующим"><v><l t="следующий" id="324749"><g v="PRTF"></g><g v="impf"></g><g v="intr"></g><g v="pres"></g><g v="actv"></g><g v="masc"></g><g v="sing"></g><g v="ablt"></g></l></v><v><l t="следующий" id="324749"><g v="PRTF"></g><g v="impf"></g><g v="intr"></g><g v="pres"></g><g v="actv"></g><g v="neut"></g><g v="sing"></g><g v="ablt"></g></l></v><v><l t="следующий" id="324749"><g v="PRTF"></g><g v="impf"></g><g v="intr"></g><g v="pres"></g><g v="actv"></g><g v="plur"></g><g v="datv"></g></l></v><v><l t="следующий" id="324769"><g v="ADJF"></g><g v="masc"></g><g v="sing"></g><g v="ablt"></g></l></v><v><l t="следующий" id="324769"><g v="ADJF"></g><g v="neut"></g><g v="sing"></g><g v="ablt"></g></l></v><v><l t="следующий" id="324769"><g v="ADJF"></g><g v="plur"></g><g v="datv"></g></l></v></tfr></token><token id="691088" text="образом"><tfr rev_id="1522952" t="образом"><v><l t="образ" id="198787"><g v="NOUN"></g><g v="inan"></g><g v="masc"></g><g v="sing"></g><g v="ablt"></g></l></v></tfr></token><token id="691089" text=":"><tfr rev_id="1522953" t=":"><v><l t=":" id="0"><g v="PNCT"></g></l></v></tfr></token></tokens></sentence><sentence id="38745"><source>«Традиционно женщина несёт значительно большую часть ответственности за дом, нежели мужчина.</source><tokens><token id="691090" text="«"><tfr rev_id="2446842" t="«"><v><l t="«" id="0"><g v="PNCT"></g></l></v></tfr></token><token id="691091" text="Традиционно"><tfr rev_id="3646884" t="Традиционно"><v><l t="традиционно" id="388629"><g v="ADVB"></g></l></v></tfr></token><token id="691092" text="женщина"><tfr rev_id="1522956" t="женщина"><v><l t="женщина" id="96749"><g v="NOUN"></g><g v="anim"></g><g v="femn"></g><g v="sing"></g><g v="nomn"></g></l></v></tfr></token><token id="691093" text="несёт"><tfr rev_id="1522957" t="несёт"><v><l t="несу" id="188677"><g v="VERB"></g><g v="impf"></g><g v="tran"></g><g v="sing"></g><g v="3per"></g><g v="pres"></g><g v="indc"></g></l></v></tfr></token><token id="691094" text="значительно"><tfr rev_id="1522958" t="значительно"><v><l t="значительно" id="116024"><g v="ADVB"></g></l></v><v><l t="значителен" id="116028"><g v="ADJS"></g><g v="Qual"></g><g v="neut"></g><g v="sing"></g></l></v></tfr></token><token id="691095" text="большую"><tfr rev_id="4534438" t="большую"><v><l t="больший" id="32439"><g v="ADJF"></g><g v="Qual"></g><g v="femn"></g><g v="sing"></g><g v="accs"></g></l></v><v><l t="большой" id="32445"><g v="ADJF"></g><g v="Qual"></g><g v="femn"></g><g v="sing"></g><g v="accs"></g></l></v></tfr></token><token id="691096" text="часть"><tfr rev_id="3949309" t="часть"><v><l t="часть" id="374820"><g v="NOUN"></g><g v="inan"></g><g v="femn"></g><g v="sing"></g><g v="accs"></g></l></v></tfr></token><token id="691097" text="ответственности"><tfr rev_id="4177318" t="ответственности"><v><l t="ответственность" id="212442"><g v="NOUN"></g><g v="inan"></g><g v="femn"></g><g v="sing"></g><g v="gent"></g></l></v></tfr></token><token id="691098" text="за"><tfr rev_id="1522962" t="за"><v><l t="за" id="98043"><g v="PREP"></g></l></v></tfr></token><token id="691099" text="дом"><tfr rev_id="1522963" t="дом"><v><l t="дом" id="88152"><g v="NOUN"></g><g v="inan"></g><g v="masc"></g><g v="sing"></g><g v="nomn"></g></l></v><v><l t="дом" id="88152"><g v="NOUN"></g><g v="inan"></g><g v="masc"></g><g v="sing"></g><g v="accs"></g></l></v></tfr></token><token id="691100" text=","><tfr rev_id="1522964" t=","><v><l t="," id="0"><g v="PNCT"></g></l></v></tfr></token><token id="691101" text="нежели"><tfr rev_id="1522965" t="нежели"><v><l t="нежели" id="182018"><g v="CONJ"></g></l></v></tfr></token><token id="691102" text="мужчина"><tfr rev_id="1522966" t="мужчина"><v><l t="мужчина" id="164766"><g v="NOUN"></g><g v="anim"></g><g v="masc"></g><g v="sing"></g><g v="nomn"></g></l></v></tfr></token><token id="691103" text="."><tfr rev_id="1522967" t="."><v><l t="." id="0"><g v="PNCT"></g></l></v></tfr></token></tokens></sentence><sentence id="38746"><source>В результате образовательный уровень женщины имеет более важное значение, так как именно она принимает решения относительно питания и образа жизни супругов».</source><tokens><token id="691104" text="В"><tfr rev_id="1522968" t="В"><v><l t="в" id="37409"><g v="PREP"></g></l></v></tfr></token><token id="691105" text="результате"><tfr rev_id="1522969" t="результате"><v><l t="результат" id="305391"><g v="NOUN"></g><g v="inan"></g><g v="masc"></g><g v="sing"></g><g v="loct"></g></l></v></tfr></token><token id="691106" text="образовательный"><tfr rev_id="1522970" t="образовательный"><v><l t="образовательный" id="198807"><g v="ADJF"></g><g v="masc"></g><g v="sing"></g><g v="nomn"></g></l></v><v><l t="образовательный" id="198807"><g v="ADJF"></g><g v="inan"></g><g v="masc"></g><g v="sing"></g><g v="accs"></g></l></v></tfr></token><token id="691107" text="уровень"><tfr rev_id="4097920" t="уровень"><v><l t="уровень" id="359953"><g v="NOUN"></g><g v="inan"></g><g v="masc"></g><g v="sing"></g><g v="nomn"></g></l></v></tfr></token><token id="691108" text="женщины"><tfr rev_id="3490855" t="женщины"><v><l t="женщина" id="96749"><g v="NOUN"></g><g v="anim"></g><g v="femn"></g><g v="sing"></g><g v="gent"></g></l></v></tfr></token><token id="691109" text="имеет"><tfr rev_id="1522973" t="имеет"><v><l t="имею" id="121610"><g v="VERB"></g><g v="impf"></g><g v="tran"></g><g v="sing"></g><g v="3per"></g><g v="pres"></g><g v="indc"></g></l></v></tfr></token><token id="691110" text="более"><tfr rev_id="1522974" t="более"><v><l t="более" id="32065"><g v="ADVB"></g></l></v></tfr></token><token id="691111" text="важное"><tfr rev_id="1522975" t="важное"><v><l t="важный" id="37722"><g v="ADJF"></g><g v="Qual"></g><g v="neut"></g><g v="sing"></g><g v="nomn"></g></l></v><v><l t="важный" id="37722"><g v="ADJF"></g><g v="Qual"></g><g v="neut"></g><g v="sing"></g><g v="accs"></g></l></v></tfr></token><token id="691112" text="значение"><tfr rev_id="1522976" t="значение"><v><l t="значение" id="116016"><g v="NOUN"></g><g v="inan"></g><g v="neut"></g><g v="sing"></g><g v="nomn"></g></l></v><v><l t="значение" id="116016"><g v="NOUN"></g><g v="inan"></g><g v="neut"></g><g v="sing"></g><g v="accs"></g></l></v></tfr></token><token id="691113" text=","><tfr rev_id="1522977" t=","><v><l t="," id="0"><g v="PNCT"></g></l></v></tfr></token><token id="691114" text="так"><tfr rev_id="1522978" t="так"><v><l t="так" id="342451"><g v="CONJ"></g></l></v><v><l t="так" id="342452"><g v="PRCL"></g></l></v><v><l t="так" id="342453"><g v="ADVB"></g><g v="Dmns"></g></l></v></tfr></token><token id="691115" text="как"><tfr rev_id="1522979" t="как"><v><l t="как" id="128190"><g v="CONJ"></g></l></v><v><l t="как" id="128191"><g v="PRCL"></g></l></v><v><l t="как" id="128192"><g v="ADVB"></g><g v="Ques"></g></l></v></tfr></token><token id="691116" text="именно"><tfr rev_id="1522980" t="именно"><v><l t="именно" id="121584"><g v="PRCL"></g></l></v></tfr></token><token id="691117" text="она"><tfr rev_id="3586574" t="она"><v><l t="она" id="206544"><g v="NPRO"></g><g v="femn"></g><g v="3per"></g><g v="Anph"></g><g v="sing"></g><g v="nomn"></g></l></v></tfr></token><token id="691118" text="принимает"><tfr rev_id="1522982" t="принимает"><v><l t="принимаю" id="272582"><g v="VERB"></g><g v="impf"></g><g v="tran"></g><g v="sing"></g><g v="3per"></g><g v="pres"></g><g v="indc"></g></l></v></tfr></token><token id="691119" text="решения"><tfr rev_id="3797919" t="решения"><v><l t="решение" id="307350"><g v="NOUN"></g><g v="inan"></g><g v="neut"></g><g v="plur"></g><g v="accs"></g></l></v></tfr></token><token id="691120" text="относительно"><tfr rev_id="4484663" t="относительно"><v><l t="относительно" id="215910"><g v="PREP"></g></l></v></tfr></token><token id="691121" text="питания"><tfr rev_id="3491068" t="питания"><v><l t="питание" id="239206"><g v="NOUN"></g><g v="inan"></g><g v="neut"></g><g v="sing"></g><g v="gent"></g></l></v></tfr></token><token id="691122" text="и"><tfr rev_id="3495549" t="и"><v><l t="и" id="116949"><g v="CONJ"></g></l></v></tfr></token><token id="691123" text="образа"><tfr rev_id="3492348" t="образа"><v><l t="образ" id="198787"><g v="NOUN"></g><g v="inan"></g><g v="masc"></g><g v="sing"></g><g v="gent"></g></l></v></tfr></token><token id="691124" text="жизни"><tfr rev_id="4314259" t="жизни"><v><l t="жизнь" id="97314"><g v="NOUN"></g><g v="inan"></g><g v="femn"></g><g v="sing"></g><g v="gent"></g></l></v></tfr></token><token id="691125" text="супругов"><tfr rev_id="2367431" t="супругов"><v><l t="супруг" id="339818"><g v="NOUN"></g><g v="anim"></g><g v="masc"></g><g v="plur"></g><g v="gent"></g></l></v><v><l t="супруги" id="339820"><g v="NOUN"></g><g v="anim"></g><g v="GNdr"></g><g v="Pltm"></g><g v="plur"></g><g v="gent"></g></l></v></tfr></token><token id="691126" text="»"><tfr rev_id="2446843" t="»"><v><l t="»" id="0"><g v="PNCT"></g></l></v></tfr></token><token id="691127" text="."><tfr rev_id="1522991" t="."><v><l t="." id="0"><g v="PNCT"></g></l></v></tfr></token></tokens></sentence></paragraph><paragraph id="12404"><sentence id="38747"><source>Между тем в России, как и во всём мире, всё чаще появляются новые формы взаимоотношений между супругами.</source><tokens><token id="691128" text="Между"><tfr rev_id="1522992" t="Между"><v><l t="между" id="157306"><g v="PREP"></g></l></v></tfr></token><token id="691129" text="тем"><tfr rev_id="4503037" t="тем"><v><l t="тот" id="348430"><g v="ADJF"></g><g v="Subx"></g><g v="Apro"></g><g v="Anph"></g><g v="neut"></g><g v="sing"></g><g v="ablt"></g></l></v></tfr></token><token id="691130" text="в"><tfr rev_id="1522994" t="в"><v><l t="в" id="37409"><g v="PREP"></g></l></v></tfr></token><token id="691131" text="России"><tfr rev_id="3455653" t="России"><v><l t="россия" id="309322"><g v="NOUN"></g><g v="inan"></g><g v="femn"></g><g v="Sgtm"></g><g v="Geox"></g><g v="sing"></g><g v="loct"></g></l></v></tfr></token><token id="691132" text=","><tfr rev_id="1522996" t=","><v><l t="," id="0"><g v="PNCT"></g></l></v></tfr></token><token id="691133" text="как"><tfr rev_id="1522997" t="как"><v><l t="как" id="128190"><g v="CONJ"></g></l></v><v><l t="как" id="128191"><g v="PRCL"></g></l></v><v><l t="как" id="128192"><g v="ADVB"></g><g v="Ques"></g></l></v></tfr></token><token id="691134" text="и"><tfr rev_id="1522998" t="и"><v><l t="и" id="116949"><g v="CONJ"></g></l></v><v><l t="и" id="116950"><g v="INTJ"></g></l></v></tfr></token><token id="691135" text="во"><tfr rev_id="2920329" t="во"><v><l t="в" id="37409"><g v="PREP"></g><g v="Vpre"></g></l></v></tfr></token><token id="691136" text="всём"><tfr rev_id="4390212" t="всём"><v><l t="весь" id="42156"><g v="ADJF"></g><g v="Subx"></g><g v="Apro"></g><g v="masc"></g><g v="sing"></g><g v="loct"></g></l></v></tfr></token><token id="691137" text="мире"><tfr rev_id="3723454" t="мире"><v><l t="мир" id="160807"><g v="NOUN"></g><g v="inan"></g><g v="masc"></g><g v="sing"></g><g v="loc1"></g></l></v></tfr></token><token id="691138" text=","><tfr rev_id="1523002" t=","><v><l t="," id="0"><g v="PNCT"></g></l></v></tfr></token><token id="691139" text="всё"><tfr rev_id="4419649" t="всё"><v><l t="всё" id="390209"><g v="PRCL"></g></l></v></tfr></token><token id="691140" text="чаще"><tfr rev_id="4224193" t="чаще"><v><l t="чаще" id="374819"><g v="COMP"></g><g v="Qual"></g></l></v></tfr></token><token id="691141" text="появляются"><tfr rev_id="1523005" t="появляются"><v><l t="появляюсь" id="265513"><g v="VERB"></g><g v="impf"></g><g v="intr"></g><g v="plur"></g><g v="3per"></g><g v="pres"></g><g v="indc"></g></l></v></tfr></token><token id="691142" text="новые"><tfr rev_id="4260163" t="новые"><v><l t="новый" id="191918"><g v="ADJF"></g><g v="Qual"></g><g v="plur"></g><g v="nomn"></g></l></v><v><l t="новый" id="191918"><g v="ADJF"></g><g v="Qual"></g><g v="inan"></g><g v="plur"></g><g v="accs"></g></l></v></tfr></token><token id="691143" text="формы"><tfr rev_id="3797841" t="формы"><v><l t="форма" id="367077"><g v="NOUN"></g><g v="inan"></g><g v="femn"></g><g v="plur"></g><g v="nomn"></g></l></v></tfr></token><token id="691144" text="взаимоотношений"><tfr rev_id="4473252" t="взаимоотношений"><v><l t="взаимоотношение" id="42662"><g v="NOUN"></g><g v="inan"></g><g v="neut"></g><g v="plur"></g><g v="gent"></g></l></v></tfr></token><token id="691145" text="между"><tfr rev_id="1523009" t="между"><v><l t="между" id="157306"><g v="PREP"></g></l></v></tfr></token><token id="691146" text="супругами"><tfr rev_id="4505761" t="супругами"><v><l t="супруги" id="339820"><g v="NOUN"></g><g v="anim"></g><g v="GNdr"></g><g v="Pltm"></g><g v="plur"></g><g v="ablt"></g></l></v></tfr></token><token id="691147" text="."><tfr rev_id="1523011" t="."><v><l t="." id="0"><g v="PNCT"></g></l></v></tfr></token></tokens></sentence><sentence id="38748"><source>Какие — читайте в статье «Семья с браком».</source><tokens><token id="691148" text="Какие"><tfr rev_id="3758052" t="Какие"><v><l t="какой" id="128224"><g v="ADJF"></g><g v="Apro"></g><g v="plur"></g><g v="nomn"></g></l></v></tfr></token><token id="691149" text="—"><tfr rev_id="2446844" t="—"><v><l t="—" id="0"><g v="PNCT"></g></l></v></tfr></token><token id="691150" text="читайте"><tfr rev_id="1523014" t="читайте"><v><l t="читаю" id="376719"><g v="VERB"></g><g v="impf"></g><g v="tran"></g><g v="plur"></g><g v="impr"></g><g v="excl"></g></l></v></tfr></token><token id="691151" text="в"><tfr rev_id="1523015" t="в"><v><l t="в" id="37409"><g v="PREP"></g></l></v></tfr></token><token id="691152" text="статье"><tfr rev_id="3551798" t="статье"><v><l t="статья" id="335173"><g v="NOUN"></g><g v="inan"></g><g v="femn"></g><g v="sing"></g><g v="loct"></g></l></v></tfr></token><token id="691153" text="«"><tfr rev_id="2446845" t="«"><v><l t="«" id="0"><g v="PNCT"></g></l></v></tfr></token><token id="691154" text="Семья"><tfr rev_id="1523018" t="Семья"><v><l t="семья" id="318660"><g v="NOUN"></g><g v="inan"></g><g v="femn"></g><g v="sing"></g><g v="nomn"></g></l></v></tfr></token><token id="691155" text="с"><tfr rev_id="1523019" t="с"><v><l t="с" id="311151"><g v="PREP"></g></l></v></tfr></token><token id="691156" text="браком"><tfr rev_id="1523020" t="браком"><v><l t="брак" id="33431"><g v="NOUN"></g><g v="inan"></g><g v="masc"></g><g v="sing"></g><g v="ablt"></g></l></v></tfr></token><token id="691157" text="»"><tfr rev_id="2446846" t="»"><v><l t="»" id="0"><g v="PNCT"></g></l></v></tfr></token><token id="691158" text="."><tfr rev_id="1523022" t="."><v><l t="." id="0"><g v="PNCT"></g></l></v></tfr></token></tokens></sentence></paragraph></paragraphs></text>