<?xml version="1.0" encoding="utf-8"?><text id="1398" parent="56" name="За последние сутки в Афганистане погибли 8 британских солдат"><tags><tag>Автор:http://ru.wikinews.org/wiki/Участник:Ruslik0</tag><tag>Дата:11/07</tag><tag>Год:2009</tag><tag>Гео:ВикиКатегория:Афганистан</tag><tag>Гео:ВикиКатегория:Великобритания</tag><tag>url:http://ru.wikinews.org/w/index.php?title=За_последние_сутки_в_Афганистане_погибли_8_британских_солдат&amp;oldid=56404</tag></tags><paragraphs><paragraph id="12633"><sentence id="39385"><source>За последние 24 часа в Афганистане погибло 8 британских солдат.</source><tokens><token id="701693" text="За"><tfr rev_id="1533552" t="За"><v><l t="за" id="98043"><g v="PREP"></g></l></v></tfr></token><token id="701694" text="последние"><tfr rev_id="3751461" t="последние"><v><l t="последний" id="261565"><g v="ADJF"></g><g v="inan"></g><g v="plur"></g><g v="accs"></g></l></v></tfr></token><token id="701695" text="24"><tfr rev_id="2462915" t="24"><v><l t="24" id="0"><g v="NUMB"></g></l></v></tfr></token><token id="701696" text="часа"><tfr rev_id="1533555" t="часа"><v><l t="час" id="374736"><g v="NOUN"></g><g v="inan"></g><g v="masc"></g><g v="sing"></g><g v="gen1"></g></l></v></tfr></token><token id="701697" text="в"><tfr rev_id="1533556" t="в"><v><l t="в" id="37409"><g v="PREP"></g></l></v></tfr></token><token id="701698" text="Афганистане"><tfr rev_id="1533557" t="Афганистане"><v><l t="афганистан" id="20112"><g v="NOUN"></g><g v="inan"></g><g v="masc"></g><g v="Geox"></g><g v="sing"></g><g v="loct"></g></l></v></tfr></token><token id="701699" text="погибло"><tfr rev_id="1533558" t="погибло"><v><l t="погиб" id="243191"><g v="VERB"></g><g v="perf"></g><g v="intr"></g><g v="neut"></g><g v="sing"></g><g v="past"></g><g v="indc"></g></l></v></tfr></token><token id="701700" text="8"><tfr rev_id="2462916" t="8"><v><l t="8" id="0"><g v="NUMB"></g></l></v></tfr></token><token id="701701" text="британских"><tfr rev_id="4356898" t="британских"><v><l t="британский" id="34021"><g v="ADJF"></g><g v="plur"></g><g v="gent"></g></l></v></tfr></token><token id="701702" text="солдат"><tfr rev_id="4384759" t="солдат"><v><l t="солдат" id="328908"><g v="NOUN"></g><g v="anim"></g><g v="masc"></g><g v="plur"></g><g v="gent"></g></l></v></tfr></token><token id="701703" text="."><tfr rev_id="1533562" t="."><v><l t="." id="0"><g v="PNCT"></g></l></v></tfr></token></tokens></sentence><sentence id="39386"><source>Это худшие потери для британских вооруженных сил с самого начала конфликта в этой стране.</source><tokens><token id="701704" text="Это"><tfr rev_id="4441889" t="Это"><v><l t="это" id="386574"><g v="PRCL"></g></l></v><v><l t="это" id="386575"><g v="NPRO"></g><g v="neut"></g><g v="sing"></g><g v="nomn"></g></l></v><v><l t="это" id="386575"><g v="NPRO"></g><g v="neut"></g><g v="sing"></g><g v="accs"></g></l></v><v><l t="этот" id="386581"><g v="ADJF"></g><g v="Subx"></g><g v="Apro"></g><g v="Anph"></g><g v="neut"></g><g v="sing"></g><g v="nomn"></g></l></v><v><l t="этот" id="386581"><g v="ADJF"></g><g v="Subx"></g><g v="Apro"></g><g v="Anph"></g><g v="neut"></g><g v="sing"></g><g v="accs"></g></l></v></tfr></token><token id="701705" text="худшие"><tfr rev_id="3860352" t="худшие"><v><l t="худший" id="240916"><g v="ADJF"></g><g v="Supr"></g><g v="Qual"></g><g v="plur"></g><g v="nomn"></g></l></v></tfr></token><token id="701706" text="потери"><tfr rev_id="3796527" t="потери"><v><l t="потеря" id="263142"><g v="NOUN"></g><g v="inan"></g><g v="femn"></g><g v="plur"></g><g v="nomn"></g></l></v></tfr></token><token id="701707" text="для"><tfr rev_id="3445626" t="для"><v><l t="для" id="85032"><g v="PREP"></g></l></v></tfr></token><token id="701708" text="британских"><tfr rev_id="3945602" t="британских"><v><l t="британский" id="34021"><g v="ADJF"></g><g v="plur"></g><g v="gent"></g></l></v></tfr></token><token id="701709" text="вооруженных"><tfr rev_id="1533568" t="вооруженных"><v><l t="вооружённый" id="50763"><g v="ADJF"></g><g v="plur"></g><g v="gent"></g></l></v><v><l t="вооружённый" id="50763"><g v="ADJF"></g><g v="anim"></g><g v="plur"></g><g v="accs"></g></l></v><v><l t="вооружённый" id="50763"><g v="ADJF"></g><g v="plur"></g><g v="loct"></g></l></v><v><l t="вооружённый" id="50781"><g v="PRTF"></g><g v="perf"></g><g v="tran"></g><g v="past"></g><g v="pssv"></g><g v="plur"></g><g v="gent"></g></l></v><v><l t="вооружённый" id="50781"><g v="PRTF"></g><g v="perf"></g><g v="tran"></g><g v="past"></g><g v="pssv"></g><g v="anim"></g><g v="plur"></g><g v="accs"></g></l></v><v><l t="вооружённый" id="50781"><g v="PRTF"></g><g v="perf"></g><g v="tran"></g><g v="past"></g><g v="pssv"></g><g v="plur"></g><g v="loct"></g></l></v></tfr></token><token id="701710" text="сил"><tfr rev_id="1533569" t="сил"><v><l t="сила" id="320333"><g v="NOUN"></g><g v="inan"></g><g v="femn"></g><g v="plur"></g><g v="gent"></g></l></v></tfr></token><token id="701711" text="с"><tfr rev_id="1533570" t="с"><v><l t="с" id="311151"><g v="PREP"></g></l></v></tfr></token><token id="701712" text="самого"><tfr rev_id="3454668" t="самого"><v><l t="сам" id="312034"><g v="ADJF"></g><g v="Apro"></g><g v="neut"></g><g v="sing"></g><g v="gent"></g></l></v><v><l t="самый" id="313174"><g v="ADJF"></g><g v="Apro"></g><g v="neut"></g><g v="sing"></g><g v="gent"></g></l></v></tfr></token><token id="701713" text="начала"><tfr rev_id="3545279" t="начала"><v><l t="начало" id="178196"><g v="NOUN"></g><g v="inan"></g><g v="neut"></g><g v="sing"></g><g v="gent"></g></l></v></tfr></token><token id="701714" text="конфликта"><tfr rev_id="1533573" t="конфликта"><v><l t="конфликт" id="138849"><g v="NOUN"></g><g v="inan"></g><g v="masc"></g><g v="sing"></g><g v="gent"></g></l></v></tfr></token><token id="701715" text="в"><tfr rev_id="1533574" t="в"><v><l t="в" id="37409"><g v="PREP"></g></l></v></tfr></token><token id="701716" text="этой"><tfr rev_id="4438049" t="этой"><v><l t="этот" id="386581"><g v="ADJF"></g><g v="Subx"></g><g v="Apro"></g><g v="Anph"></g><g v="femn"></g><g v="sing"></g><g v="loct"></g></l></v></tfr></token><token id="701717" text="стране"><tfr rev_id="2737557" t="стране"><v><l t="страна" id="337100"><g v="NOUN"></g><g v="inan"></g><g v="femn"></g><g v="sing"></g><g v="loct"></g></l></v></tfr></token><token id="701718" text="."><tfr rev_id="1533577" t="."><v><l t="." id="0"><g v="PNCT"></g></l></v></tfr></token></tokens></sentence><sentence id="39387"><source>Всего за последние десять дней в Афганистане погибло 15 британских солдат, в то время как общие невосполнимые потери британской армии составляют 184 человека.</source><tokens><token id="701719" text="Всего"><tfr rev_id="4499360" t="Всего"><v><l t="всего" id="53373"><g v="ADVB"></g></l></v></tfr></token><token id="701720" text="за"><tfr rev_id="1533579" t="за"><v><l t="за" id="98043"><g v="PREP"></g></l></v></tfr></token><token id="701721" text="последние"><tfr rev_id="3557333" t="последние"><v><l t="последний" id="261565"><g v="ADJF"></g><g v="inan"></g><g v="plur"></g><g v="accs"></g></l></v></tfr></token><token id="701722" text="десять"><tfr rev_id="1533581" t="десять"><v><l t="десять" id="82114"><g v="NUMR"></g><g v="nomn"></g></l></v><v><l t="десять" id="82114"><g v="NUMR"></g><g v="accs"></g></l></v></tfr></token><token id="701723" text="дней"><tfr rev_id="1533582" t="дней"><v><l t="день" id="81427"><g v="NOUN"></g><g v="inan"></g><g v="masc"></g><g v="plur"></g><g v="gent"></g></l></v></tfr></token><token id="701724" text="в"><tfr rev_id="1533583" t="в"><v><l t="в" id="37409"><g v="PREP"></g></l></v></tfr></token><token id="701725" text="Афганистане"><tfr rev_id="1533584" t="Афганистане"><v><l t="афганистан" id="20112"><g v="NOUN"></g><g v="inan"></g><g v="masc"></g><g v="Geox"></g><g v="sing"></g><g v="loct"></g></l></v></tfr></token><token id="701726" text="погибло"><tfr rev_id="1533585" t="погибло"><v><l t="погиб" id="243191"><g v="VERB"></g><g v="perf"></g><g v="intr"></g><g v="neut"></g><g v="sing"></g><g v="past"></g><g v="indc"></g></l></v></tfr></token><token id="701727" text="15"><tfr rev_id="2462917" t="15"><v><l t="15" id="0"><g v="NUMB"></g></l></v></tfr></token><token id="701728" text="британских"><tfr rev_id="4197084" t="британских"><v><l t="британский" id="34021"><g v="ADJF"></g><g v="plur"></g><g v="gent"></g></l></v></tfr></token><token id="701729" text="солдат"><tfr rev_id="4200298" t="солдат"><v><l t="солдат" id="328908"><g v="NOUN"></g><g v="anim"></g><g v="masc"></g><g v="plur"></g><g v="gent"></g></l></v></tfr></token><token id="701730" text=","><tfr rev_id="1533589" t=","><v><l t="," id="0"><g v="PNCT"></g></l></v></tfr></token><token id="701731" text="в"><tfr rev_id="1533590" t="в"><v><l t="в" id="37409"><g v="PREP"></g></l></v></tfr></token><token id="701732" text="то"><tfr rev_id="4347785" t="то"><v><l t="тот" id="348430"><g v="ADJF"></g><g v="Subx"></g><g v="Apro"></g><g v="Anph"></g><g v="neut"></g><g v="sing"></g><g v="nomn"></g></l></v><v><l t="тот" id="348430"><g v="ADJF"></g><g v="Subx"></g><g v="Apro"></g><g v="Anph"></g><g v="neut"></g><g v="sing"></g><g v="accs"></g></l></v></tfr></token><token id="701733" text="время"><tfr rev_id="3230315" t="время"><v><l t="время" id="53149"><g v="NOUN"></g><g v="inan"></g><g v="neut"></g><g v="sing"></g><g v="accs"></g></l></v></tfr></token><token id="701734" text="как"><tfr rev_id="1533593" t="как"><v><l t="как" id="128190"><g v="CONJ"></g></l></v><v><l t="как" id="128191"><g v="PRCL"></g></l></v><v><l t="как" id="128192"><g v="ADVB"></g><g v="Ques"></g></l></v></tfr></token><token id="701735" text="общие"><tfr rev_id="4085539" t="общие"><v><l t="общий" id="201663"><g v="ADJF"></g><g v="plur"></g><g v="nomn"></g></l></v></tfr></token><token id="701736" text="невосполнимые"><tfr rev_id="3751855" t="невосполнимые"><v><l t="невосполнимый" id="180034"><g v="ADJF"></g><g v="plur"></g><g v="nomn"></g></l></v></tfr></token><token id="701737" text="потери"><tfr rev_id="3805795" t="потери"><v><l t="потеря" id="263142"><g v="NOUN"></g><g v="inan"></g><g v="femn"></g><g v="plur"></g><g v="nomn"></g></l></v></tfr></token><token id="701738" text="британской"><tfr rev_id="3431356" t="британской"><v><l t="британский" id="34021"><g v="ADJF"></g><g v="femn"></g><g v="sing"></g><g v="gent"></g></l></v></tfr></token><token id="701739" text="армии"><tfr rev_id="4174658" t="армии"><v><l t="армия" id="16905"><g v="NOUN"></g><g v="inan"></g><g v="femn"></g><g v="sing"></g><g v="gent"></g></l></v></tfr></token><token id="701740" text="составляют"><tfr rev_id="1533599" t="составляют"><v><l t="составляю" id="330494"><g v="VERB"></g><g v="impf"></g><g v="tran"></g><g v="plur"></g><g v="3per"></g><g v="pres"></g><g v="indc"></g></l></v></tfr></token><token id="701741" text="184"><tfr rev_id="2462918" t="184"><v><l t="184" id="0"><g v="NUMB"></g></l></v></tfr></token><token id="701742" text="человека"><tfr rev_id="4216703" t="человека"><v><l t="человек" id="375073"><g v="NOUN"></g><g v="anim"></g><g v="masc"></g><g v="sing"></g><g v="gent"></g></l></v></tfr></token><token id="701743" text="."><tfr rev_id="1533602" t="."><v><l t="." id="0"><g v="PNCT"></g></l></v></tfr></token></tokens></sentence></paragraph><paragraph id="12634"><sentence id="39388"><source>К наибольшему числу потерь привел взрыв заложенной бомбы, который убил 5 солдат осуществлявших пешее патрулирование.</source><tokens><token id="701744" text="К"><tfr rev_id="1533603" t="К"><v><l t="к" id="127460"><g v="PREP"></g></l></v></tfr></token><token id="701745" text="наибольшему"><tfr rev_id="4085906" t="наибольшему"><v><l t="наибольший" id="32448"><g v="ADJF"></g><g v="Supr"></g><g v="Qual"></g><g v="neut"></g><g v="sing"></g><g v="datv"></g></l></v></tfr></token><token id="701746" text="числу"><tfr rev_id="1533605" t="числу"><v><l t="число" id="376585"><g v="NOUN"></g><g v="inan"></g><g v="neut"></g><g v="sing"></g><g v="datv"></g></l></v></tfr></token><token id="701747" text="потерь"><tfr rev_id="1533606" t="потерь"><v><l t="потеря" id="263142"><g v="NOUN"></g><g v="inan"></g><g v="femn"></g><g v="plur"></g><g v="gent"></g></l></v></tfr></token><token id="701748" text="привел"><tfr rev_id="1533607" t="привел"><v><l t="привёл" id="269205"><g v="VERB"></g><g v="perf"></g><g v="tran"></g><g v="masc"></g><g v="sing"></g><g v="past"></g><g v="indc"></g></l></v></tfr></token><token id="701749" text="взрыв"><tfr rev_id="4359203" t="взрыв"><v><l t="взрыв" id="44102"><g v="NOUN"></g><g v="inan"></g><g v="masc"></g><g v="sing"></g><g v="nomn"></g></l></v></tfr></token><token id="701750" text="заложенной"><tfr rev_id="2560991" t="заложенной"><v><l t="заложенный" id="104847"><g v="PRTF"></g><g v="perf"></g><g v="tran"></g><g v="past"></g><g v="pssv"></g><g v="femn"></g><g v="sing"></g><g v="gent"></g></l></v></tfr></token><token id="701751" text="бомбы"><tfr rev_id="1717108" t="бомбы"><v><l t="бомба" id="32469"><g v="NOUN"></g><g v="inan"></g><g v="femn"></g><g v="sing"></g><g v="gent"></g></l></v></tfr></token><token id="701752" text=","><tfr rev_id="1533611" t=","><v><l t="," id="0"><g v="PNCT"></g></l></v></tfr></token><token id="701753" text="который"><tfr rev_id="3637495" t="который"><v><l t="который" id="141203"><g v="ADJF"></g><g v="Apro"></g><g v="Subx"></g><g v="Anph"></g><g v="masc"></g><g v="sing"></g><g v="nomn"></g></l></v><v><l t="который" id="141203"><g v="ADJF"></g><g v="Apro"></g><g v="Subx"></g><g v="Anph"></g><g v="inan"></g><g v="masc"></g><g v="sing"></g><g v="accs"></g></l></v></tfr></token><token id="701754" text="убил"><tfr rev_id="1533613" t="убил"><v><l t="убил" id="353020"><g v="VERB"></g><g v="perf"></g><g v="tran"></g><g v="masc"></g><g v="sing"></g><g v="past"></g><g v="indc"></g></l></v></tfr></token><token id="701755" text="5"><tfr rev_id="2462919" t="5"><v><l t="5" id="0"><g v="NUMB"></g></l></v></tfr></token><token id="701756" text="солдат"><tfr rev_id="4384757" t="солдат"><v><l t="солдат" id="328908"><g v="NOUN"></g><g v="anim"></g><g v="masc"></g><g v="plur"></g><g v="gent"></g></l></v></tfr></token><token id="701757" text="осуществлявших"><tfr rev_id="1533616" t="осуществлявших"><v><l t="осуществлявший" id="211542"><g v="PRTF"></g><g v="impf"></g><g v="tran"></g><g v="past"></g><g v="actv"></g><g v="plur"></g><g v="gent"></g></l></v><v><l t="осуществлявший" id="211542"><g v="PRTF"></g><g v="impf"></g><g v="tran"></g><g v="past"></g><g v="actv"></g><g v="anim"></g><g v="plur"></g><g v="accs"></g></l></v><v><l t="осуществлявший" id="211542"><g v="PRTF"></g><g v="impf"></g><g v="tran"></g><g v="past"></g><g v="actv"></g><g v="plur"></g><g v="loct"></g></l></v></tfr></token><token id="701758" text="пешее"><tfr rev_id="3812467" t="пешее"><v><l t="пеший" id="238313"><g v="ADJF"></g><g v="neut"></g><g v="sing"></g><g v="nomn"></g></l></v><v><l t="пеший" id="238313"><g v="ADJF"></g><g v="neut"></g><g v="sing"></g><g v="accs"></g></l></v></tfr></token><token id="701759" text="патрулирование"><tfr rev_id="1533618" t="патрулирование"><v><l t="патрулирование" id="225189"><g v="NOUN"></g><g v="inan"></g><g v="neut"></g><g v="sing"></g><g v="nomn"></g></l></v><v><l t="патрулирование" id="225189"><g v="NOUN"></g><g v="inan"></g><g v="neut"></g><g v="sing"></g><g v="accs"></g></l></v></tfr></token><token id="701760" text="."><tfr rev_id="1533619" t="."><v><l t="." id="0"><g v="PNCT"></g></l></v></tfr></token></tokens></sentence><sentence id="39389"><source>Еще один военнослужащий погиб при взрыве другой бомбы.</source><tokens><token id="701761" text="Еще"><tfr rev_id="1533620" t="Еще"><v><l t="ещё" id="95551"><g v="PRCL"></g></l></v><v><l t="ещё" id="95552"><g v="ADVB"></g></l></v></tfr></token><token id="701762" text="один"><tfr rev_id="4299725" t="один"><v><l t="один" id="203319"><g v="ADJF"></g><g v="Apro"></g><g v="Anum"></g><g v="masc"></g><g v="sing"></g><g v="nomn"></g></l></v><v><l t="один" id="203319"><g v="ADJF"></g><g v="Apro"></g><g v="Anum"></g><g v="inan"></g><g v="masc"></g><g v="sing"></g><g v="accs"></g></l></v></tfr></token><token id="701763" text="военнослужащий"><tfr rev_id="4234401" t="военнослужащий"><v><l t="военнослужащий" id="48613"><g v="NOUN"></g><g v="anim"></g><g v="masc"></g><g v="sing"></g><g v="nomn"></g></l></v></tfr></token><token id="701764" text="погиб"><tfr rev_id="1715307" t="погиб"><v><l t="погиб" id="243191"><g v="VERB"></g><g v="perf"></g><g v="intr"></g><g v="masc"></g><g v="sing"></g><g v="past"></g><g v="indc"></g></l></v></tfr></token><token id="701765" text="при"><tfr rev_id="2604533" t="при"><v><l t="при" id="268625"><g v="PREP"></g></l></v></tfr></token><token id="701766" text="взрыве"><tfr rev_id="1533625" t="взрыве"><v><l t="взрыв" id="44102"><g v="NOUN"></g><g v="inan"></g><g v="masc"></g><g v="sing"></g><g v="loct"></g></l></v></tfr></token><token id="701767" text="другой"><tfr rev_id="4294133" t="другой"><v><l t="другой" id="92342"><g v="ADJF"></g><g v="Apro"></g><g v="Subx"></g><g v="femn"></g><g v="sing"></g><g v="gent"></g></l></v></tfr></token><token id="701768" text="бомбы"><tfr rev_id="3489617" t="бомбы"><v><l t="бомба" id="32469"><g v="NOUN"></g><g v="inan"></g><g v="femn"></g><g v="sing"></g><g v="gent"></g></l></v></tfr></token><token id="701769" text="."><tfr rev_id="1533628" t="."><v><l t="." id="0"><g v="PNCT"></g></l></v></tfr></token></tokens></sentence><sentence id="39390"><source>Бой вблизи города Лашкар Гах привел к гибели еще одного солдата.</source><tokens><token id="701770" text="Бой"><tfr rev_id="1533629" t="Бой"><v><l t="бой" id="31905"><g v="NOUN"></g><g v="anim"></g><g v="masc"></g><g v="sing"></g><g v="nomn"></g></l></v><v><l t="бой" id="31906"><g v="NOUN"></g><g v="inan"></g><g v="masc"></g><g v="sing"></g><g v="nomn"></g></l></v><v><l t="бой" id="31906"><g v="NOUN"></g><g v="inan"></g><g v="masc"></g><g v="sing"></g><g v="accs"></g></l></v></tfr></token><token id="701771" text="вблизи"><tfr rev_id="4421775" t="вблизи"><v><l t="вблизи" id="39495"><g v="PREP"></g></l></v></tfr></token><token id="701772" text="города"><tfr rev_id="3505669" t="города"><v><l t="город" id="73547"><g v="NOUN"></g><g v="inan"></g><g v="masc"></g><g v="sing"></g><g v="gent"></g></l></v></tfr></token><token id="701773" text="Лашкар"><tfr rev_id="1533632" t="Лашкар"><v><l t="лашкар" id="0"><g v="UNKN"></g></l></v></tfr></token><token id="701774" text="Гах"><tfr rev_id="1533633" t="Гах"><v><l t="гах" id="0"><g v="UNKN"></g></l></v></tfr></token><token id="701775" text="привел"><tfr rev_id="1533634" t="привел"><v><l t="привёл" id="269205"><g v="VERB"></g><g v="perf"></g><g v="tran"></g><g v="masc"></g><g v="sing"></g><g v="past"></g><g v="indc"></g></l></v></tfr></token><token id="701776" text="к"><tfr rev_id="1533635" t="к"><v><l t="к" id="127460"><g v="PREP"></g></l></v></tfr></token><token id="701777" text="гибели"><tfr rev_id="3548526" t="гибели"><v><l t="гибель" id="69488"><g v="NOUN"></g><g v="inan"></g><g v="femn"></g><g v="sing"></g><g v="datv"></g></l></v></tfr></token><token id="701778" text="еще"><tfr rev_id="1533637" t="еще"><v><l t="ещё" id="95551"><g v="PRCL"></g></l></v><v><l t="ещё" id="95552"><g v="ADVB"></g></l></v></tfr></token><token id="701779" text="одного"><tfr rev_id="4300636" t="одного"><v><l t="один" id="203319"><g v="ADJF"></g><g v="Apro"></g><g v="Anum"></g><g v="masc"></g><g v="sing"></g><g v="gent"></g></l></v><v><l t="один" id="203319"><g v="ADJF"></g><g v="Apro"></g><g v="Anum"></g><g v="anim"></g><g v="masc"></g><g v="sing"></g><g v="accs"></g></l></v></tfr></token><token id="701780" text="солдата"><tfr rev_id="3701831" t="солдата"><v><l t="солдат" id="328908"><g v="NOUN"></g><g v="anim"></g><g v="masc"></g><g v="sing"></g><g v="gent"></g></l></v></tfr></token><token id="701781" text="."><tfr rev_id="1533640" t="."><v><l t="." id="0"><g v="PNCT"></g></l></v></tfr></token></tokens></sentence><sentence id="39391"><source>Последний восьмой солдат погиб, когда бронемашина в которой он ехал была поражена из гранатомета.</source><tokens><token id="701782" text="Последний"><tfr rev_id="1533641" t="Последний"><v><l t="последний" id="261565"><g v="ADJF"></g><g v="masc"></g><g v="sing"></g><g v="nomn"></g></l></v><v><l t="последний" id="261565"><g v="ADJF"></g><g v="inan"></g><g v="masc"></g><g v="sing"></g><g v="accs"></g></l></v></tfr></token><token id="701783" text="восьмой"><tfr rev_id="2635727" t="восьмой"><v><l t="восьмой" id="52155"><g v="ADJF"></g><g v="Anum"></g><g v="masc"></g><g v="sing"></g><g v="nomn"></g></l></v><v><l t="восьмой" id="52155"><g v="ADJF"></g><g v="Anum"></g><g v="inan"></g><g v="masc"></g><g v="sing"></g><g v="accs"></g></l></v></tfr></token><token id="701784" text="солдат"><tfr rev_id="2693714" t="солдат"><v><l t="солдат" id="328908"><g v="NOUN"></g><g v="anim"></g><g v="masc"></g><g v="sing"></g><g v="nomn"></g></l></v></tfr></token><token id="701785" text="погиб"><tfr rev_id="1716313" t="погиб"><v><l t="погиб" id="243191"><g v="VERB"></g><g v="perf"></g><g v="intr"></g><g v="masc"></g><g v="sing"></g><g v="past"></g><g v="indc"></g></l></v></tfr></token><token id="701786" text=","><tfr rev_id="1533645" t=","><v><l t="," id="0"><g v="PNCT"></g></l></v></tfr></token><token id="701787" text="когда"><tfr rev_id="1533646" t="когда"><v><l t="когда" id="135239"><g v="CONJ"></g></l></v><v><l t="когда" id="135240"><g v="ADVB"></g><g v="Ques"></g></l></v></tfr></token><token id="701788" text="бронемашина"><tfr rev_id="1533647" t="бронемашина"><v><l t="бронемашина" id="34201"><g v="NOUN"></g><g v="inan"></g><g v="femn"></g><g v="sing"></g><g v="nomn"></g></l></v></tfr></token><token id="701789" text="в"><tfr rev_id="1533648" t="в"><v><l t="в" id="37409"><g v="PREP"></g></l></v></tfr></token><token id="701790" text="которой"><tfr rev_id="4076472" t="которой"><v><l t="который" id="141203"><g v="ADJF"></g><g v="Apro"></g><g v="Subx"></g><g v="Anph"></g><g v="femn"></g><g v="sing"></g><g v="loct"></g></l></v></tfr></token><token id="701791" text="он"><tfr rev_id="3575832" t="он"><v><l t="он" id="206541"><g v="NPRO"></g><g v="masc"></g><g v="3per"></g><g v="Anph"></g><g v="sing"></g><g v="nomn"></g></l></v></tfr></token><token id="701792" text="ехал"><tfr rev_id="1533651" t="ехал"><v><l t="еду" id="95524"><g v="VERB"></g><g v="impf"></g><g v="intr"></g><g v="masc"></g><g v="sing"></g><g v="past"></g><g v="indc"></g></l></v></tfr></token><token id="701793" text="была"><tfr rev_id="1533652" t="была"><v><l t="есть" id="37265"><g v="VERB"></g><g v="impf"></g><g v="intr"></g><g v="femn"></g><g v="sing"></g><g v="past"></g><g v="indc"></g></l></v></tfr></token><token id="701794" text="поражена"><tfr rev_id="1533653" t="поражена"><v><l t="поражён" id="260010"><g v="PRTS"></g><g v="perf"></g><g v="past"></g><g v="pssv"></g><g v="femn"></g><g v="sing"></g></l></v></tfr></token><token id="701795" text="из"><tfr rev_id="2602819" t="из"><v><l t="из" id="117677"><g v="PREP"></g></l></v></tfr></token><token id="701796" text="гранатомета"><tfr rev_id="1533655" t="гранатомета"><v><l t="гранатомёт" id="74623"><g v="NOUN"></g><g v="inan"></g><g v="masc"></g><g v="sing"></g><g v="gent"></g></l></v></tfr></token><token id="701797" text="."><tfr rev_id="1533656" t="."><v><l t="." id="0"><g v="PNCT"></g></l></v></tfr></token></tokens></sentence></paragraph><paragraph id="12635"><sentence id="39392"><source>Несмотря на потери министр обороны Соединенного Королевства Боб Айнсворц уверен, что войну в Афганистане еще можно выиграть, хотя он считает, что победа будет нелегкой.</source><tokens><token id="701798" text="Несмотря"><tfr rev_id="1533657" t="Несмотря"><v><l t="несмотря" id="188286"><g v="PREP"></g></l></v></tfr></token><token id="701799" text="на"><tfr rev_id="3330275" t="на"><v><l t="на" id="166264"><g v="PREP"></g></l></v></tfr></token><token id="701800" text="потери"><tfr rev_id="3807284" t="потери"><v><l t="потеря" id="263142"><g v="NOUN"></g><g v="inan"></g><g v="femn"></g><g v="plur"></g><g v="accs"></g></l></v></tfr></token><token id="701801" text="министр"><tfr rev_id="1533660" t="министр"><v><l t="министр" id="160614"><g v="NOUN"></g><g v="anim"></g><g v="masc"></g><g v="sing"></g><g v="nomn"></g></l></v></tfr></token><token id="701802" text="обороны"><tfr rev_id="3501463" t="обороны"><v><l t="оборона" id="198479"><g v="NOUN"></g><g v="inan"></g><g v="femn"></g><g v="sing"></g><g v="gent"></g></l></v></tfr></token><token id="701803" text="Соединенного"><tfr rev_id="3685292" t="Соединенного"><v><l t="соединённый" id="328493"><g v="PRTF"></g><g v="perf"></g><g v="tran"></g><g v="past"></g><g v="pssv"></g><g v="Adjx"></g><g v="neut"></g><g v="sing"></g><g v="gent"></g></l></v></tfr></token><token id="701804" text="Королевства"><tfr rev_id="3457221" t="Королевства"><v><l t="королевство" id="139925"><g v="NOUN"></g><g v="inan"></g><g v="neut"></g><g v="sing"></g><g v="gent"></g></l></v></tfr></token><token id="701805" text="Боб"><tfr rev_id="1533664" t="Боб"><v><l t="боб" id="31173"><g v="NOUN"></g><g v="anim"></g><g v="masc"></g><g v="Name"></g><g v="sing"></g><g v="nomn"></g></l></v><v><l t="боб" id="31176"><g v="NOUN"></g><g v="inan"></g><g v="masc"></g><g v="sing"></g><g v="nomn"></g></l></v><v><l t="боб" id="31176"><g v="NOUN"></g><g v="inan"></g><g v="masc"></g><g v="sing"></g><g v="accs"></g></l></v></tfr></token><token id="701806" text="Айнсворц"><tfr rev_id="1533665" t="Айнсворц"><v><l t="айнсворц" id="0"><g v="UNKN"></g></l></v></tfr></token><token id="701807" text="уверен"><tfr rev_id="1533666" t="уверен"><v><l t="уверен" id="353438"><g v="ADJS"></g><g v="Qual"></g><g v="masc"></g><g v="sing"></g></l></v><v><l t="уверен" id="353446"><g v="PRTS"></g><g v="perf"></g><g v="past"></g><g v="pssv"></g><g v="masc"></g><g v="sing"></g></l></v></tfr></token><token id="701808" text=","><tfr rev_id="1533667" t=","><v><l t="," id="0"><g v="PNCT"></g></l></v></tfr></token><token id="701809" text="что"><tfr rev_id="3197786" t="что"><v><l t="что" id="377004"><g v="CONJ"></g></l></v><v><l t="что" id="377005"><g v="NPRO"></g><g v="neut"></g><g v="sing"></g><g v="nomn"></g></l></v><v><l t="что" id="377005"><g v="NPRO"></g><g v="neut"></g><g v="sing"></g><g v="accs"></g></l></v><v><l t="что" id="377006"><g v="ADVB"></g><g v="Ques"></g></l></v><v><l t="что" id="388695"><g v="PRCL"></g></l></v></tfr></token><token id="701810" text="войну"><tfr rev_id="1533669" t="войну"><v><l t="война" id="49721"><g v="NOUN"></g><g v="inan"></g><g v="femn"></g><g v="sing"></g><g v="accs"></g></l></v></tfr></token><token id="701811" text="в"><tfr rev_id="1533670" t="в"><v><l t="в" id="37409"><g v="PREP"></g></l></v></tfr></token><token id="701812" text="Афганистане"><tfr rev_id="1533671" t="Афганистане"><v><l t="афганистан" id="20112"><g v="NOUN"></g><g v="inan"></g><g v="masc"></g><g v="Geox"></g><g v="sing"></g><g v="loct"></g></l></v></tfr></token><token id="701813" text="еще"><tfr rev_id="1533672" t="еще"><v><l t="ещё" id="95551"><g v="PRCL"></g></l></v><v><l t="ещё" id="95552"><g v="ADVB"></g></l></v></tfr></token><token id="701814" text="можно"><tfr rev_id="1533673" t="можно"><v><l t="можно" id="162467"><g v="PRED"></g><g v="pres"></g></l></v></tfr></token><token id="701815" text="выиграть"><tfr rev_id="1533674" t="выиграть"><v><l t="выиграть" id="57699"><g v="INFN"></g><g v="perf"></g><g v="tran"></g></l></v></tfr></token><token id="701816" text=","><tfr rev_id="1533675" t=","><v><l t="," id="0"><g v="PNCT"></g></l></v></tfr></token><token id="701817" text="хотя"><tfr rev_id="3947793" t="хотя"><v><l t="хотя" id="371732"><g v="CONJ"></g></l></v></tfr></token><token id="701818" text="он"><tfr rev_id="3575833" t="он"><v><l t="он" id="206541"><g v="NPRO"></g><g v="masc"></g><g v="3per"></g><g v="Anph"></g><g v="sing"></g><g v="nomn"></g></l></v></tfr></token><token id="701819" text="считает"><tfr rev_id="1533678" t="считает"><v><l t="считаю" id="341320"><g v="VERB"></g><g v="impf"></g><g v="tran"></g><g v="sing"></g><g v="3per"></g><g v="pres"></g><g v="indc"></g></l></v><v><l t="считал" id="341329"><g v="VERB"></g><g v="perf"></g><g v="tran"></g><g v="sing"></g><g v="3per"></g><g v="futr"></g><g v="indc"></g></l></v></tfr></token><token id="701820" text=","><tfr rev_id="1533679" t=","><v><l t="," id="0"><g v="PNCT"></g></l></v></tfr></token><token id="701821" text="что"><tfr rev_id="3197787" t="что"><v><l t="что" id="377004"><g v="CONJ"></g></l></v><v><l t="что" id="377005"><g v="NPRO"></g><g v="neut"></g><g v="sing"></g><g v="nomn"></g></l></v><v><l t="что" id="377005"><g v="NPRO"></g><g v="neut"></g><g v="sing"></g><g v="accs"></g></l></v><v><l t="что" id="377006"><g v="ADVB"></g><g v="Ques"></g></l></v><v><l t="что" id="388695"><g v="PRCL"></g></l></v></tfr></token><token id="701822" text="победа"><tfr rev_id="1533681" t="победа"><v><l t="победа" id="241476"><g v="NOUN"></g><g v="inan"></g><g v="femn"></g><g v="sing"></g><g v="nomn"></g></l></v></tfr></token><token id="701823" text="будет"><tfr rev_id="1533682" t="будет"><v><l t="есть" id="37265"><g v="VERB"></g><g v="impf"></g><g v="intr"></g><g v="sing"></g><g v="3per"></g><g v="futr"></g><g v="indc"></g></l></v></tfr></token><token id="701824" text="нелегкой"><tfr rev_id="4404351" t="нелегкой"><v><l t="нелёгкий" id="183702"><g v="ADJF"></g><g v="femn"></g><g v="sing"></g><g v="ablt"></g></l></v></tfr></token><token id="701825" text="."><tfr rev_id="1533684" t="."><v><l t="." id="0"><g v="PNCT"></g></l></v></tfr></token></tokens></sentence><sentence id="39393"><source>В последнее время в Британии усилилась критика Афганской политики правительства.</source><tokens><token id="701826" text="В"><tfr rev_id="1533685" t="В"><v><l t="в" id="37409"><g v="PREP"></g></l></v></tfr></token><token id="701827" text="последнее"><tfr rev_id="3809311" t="последнее"><v><l t="последний" id="261565"><g v="ADJF"></g><g v="neut"></g><g v="sing"></g><g v="nomn"></g></l></v><v><l t="последний" id="261565"><g v="ADJF"></g><g v="neut"></g><g v="sing"></g><g v="accs"></g></l></v></tfr></token><token id="701828" text="время"><tfr rev_id="3547543" t="время"><v><l t="время" id="53149"><g v="NOUN"></g><g v="inan"></g><g v="neut"></g><g v="sing"></g><g v="accs"></g></l></v></tfr></token><token id="701829" text="в"><tfr rev_id="1533688" t="в"><v><l t="в" id="37409"><g v="PREP"></g></l></v></tfr></token><token id="701830" text="Британии"><tfr rev_id="2627731" t="Британии"><v><l t="британия" id="34018"><g v="NOUN"></g><g v="inan"></g><g v="femn"></g><g v="Sgtm"></g><g v="Geox"></g><g v="sing"></g><g v="loct"></g></l></v></tfr></token><token id="701831" text="усилилась"><tfr rev_id="1533690" t="усилилась"><v><l t="усилился" id="360417"><g v="VERB"></g><g v="perf"></g><g v="intr"></g><g v="femn"></g><g v="sing"></g><g v="past"></g><g v="indc"></g></l></v></tfr></token><token id="701832" text="критика"><tfr rev_id="4221971" t="критика"><v><l t="критика" id="142954"><g v="NOUN"></g><g v="inan"></g><g v="femn"></g><g v="sing"></g><g v="nomn"></g></l></v></tfr></token><token id="701833" text="Афганской"><tfr rev_id="4378708" t="Афганской"><v><l t="афганский" id="20117"><g v="ADJF"></g><g v="femn"></g><g v="sing"></g><g v="gent"></g></l></v></tfr></token><token id="701834" text="политики"><tfr rev_id="4374677" t="политики"><v><l t="политика" id="255853"><g v="NOUN"></g><g v="inan"></g><g v="femn"></g><g v="sing"></g><g v="gent"></g></l></v></tfr></token><token id="701835" text="правительства"><tfr rev_id="3434148" t="правительства"><v><l t="правительство" id="265638"><g v="NOUN"></g><g v="inan"></g><g v="neut"></g><g v="sing"></g><g v="gent"></g></l></v></tfr></token><token id="701836" text="."><tfr rev_id="1533695" t="."><v><l t="." id="0"><g v="PNCT"></g></l></v></tfr></token></tokens></sentence><sentence id="39394"><source>Так лидер Либерально-демократической партии Ник Клегг впервые нарушил ранее существовавшее негласное соглашение не критиковать политику правительства в этой стране.</source><tokens><token id="701837" text="Так"><tfr rev_id="1533696" t="Так"><v><l t="так" id="342451"><g v="CONJ"></g></l></v><v><l t="так" id="342452"><g v="PRCL"></g></l></v><v><l t="так" id="342453"><g v="ADVB"></g><g v="Dmns"></g></l></v></tfr></token><token id="701838" text="лидер"><tfr rev_id="1533697" t="лидер"><v><l t="лидер" id="149007"><g v="NOUN"></g><g v="anim"></g><g v="masc"></g><g v="sing"></g><g v="nomn"></g></l></v></tfr></token><token id="701839" text="Либерально-демократической"><tfr rev_id="4394836" t="Либерально-демократической"><v><l t="либерально-демократический" id="390110"><g v="ADJF"></g><g v="femn"></g><g v="sing"></g><g v="gent"></g></l></v></tfr></token><token id="701840" text="партии"><tfr rev_id="4345562" t="партии"><v><l t="партия" id="224431"><g v="NOUN"></g><g v="inan"></g><g v="femn"></g><g v="sing"></g><g v="gent"></g></l></v></tfr></token><token id="701841" text="Ник"><tfr rev_id="3429511" t="Ник"><v><l t="ник" id="388743"><g v="NOUN"></g><g v="anim"></g><g v="masc"></g><g v="Name"></g><g v="sing"></g><g v="nomn"></g></l></v></tfr></token><token id="701842" text="Клегг"><tfr rev_id="1533701" t="Клегг"><v><l t="клегг" id="0"><g v="UNKN"></g></l></v></tfr></token><token id="701843" text="впервые"><tfr rev_id="1533702" t="впервые"><v><l t="впервые" id="52345"><g v="ADVB"></g></l></v></tfr></token><token id="701844" text="нарушил"><tfr rev_id="1533703" t="нарушил"><v><l t="нарушил" id="174887"><g v="VERB"></g><g v="perf"></g><g v="tran"></g><g v="masc"></g><g v="sing"></g><g v="past"></g><g v="indc"></g></l></v></tfr></token><token id="701845" text="ранее"><tfr rev_id="1533704" t="ранее"><v><l t="ранее" id="297884"><g v="ADVB"></g></l></v></tfr></token><token id="701846" text="существовавшее"><tfr rev_id="1533705" t="существовавшее"><v><l t="существовавший" id="340487"><g v="PRTF"></g><g v="impf"></g><g v="intr"></g><g v="past"></g><g v="actv"></g><g v="neut"></g><g v="sing"></g><g v="nomn"></g></l></v><v><l t="существовавший" id="340487"><g v="PRTF"></g><g v="impf"></g><g v="intr"></g><g v="past"></g><g v="actv"></g><g v="neut"></g><g v="sing"></g><g v="accs"></g></l></v></tfr></token><token id="701847" text="негласное"><tfr rev_id="1533706" t="негласное"><v><l t="негласный" id="180428"><g v="ADJF"></g><g v="Qual"></g><g v="neut"></g><g v="sing"></g><g v="nomn"></g></l></v><v><l t="негласный" id="180428"><g v="ADJF"></g><g v="Qual"></g><g v="neut"></g><g v="sing"></g><g v="accs"></g></l></v></tfr></token><token id="701848" text="соглашение"><tfr rev_id="1533707" t="соглашение"><v><l t="соглашение" id="328305"><g v="NOUN"></g><g v="inan"></g><g v="neut"></g><g v="sing"></g><g v="nomn"></g></l></v><v><l t="соглашение" id="328305"><g v="NOUN"></g><g v="inan"></g><g v="neut"></g><g v="sing"></g><g v="accs"></g></l></v></tfr></token><token id="701849" text="не"><tfr rev_id="1533708" t="не"><v><l t="не" id="178876"><g v="PRCL"></g></l></v></tfr></token><token id="701850" text="критиковать"><tfr rev_id="1533709" t="критиковать"><v><l t="критиковать" id="142967"><g v="INFN"></g><g v="impf"></g><g v="tran"></g></l></v></tfr></token><token id="701851" text="политику"><tfr rev_id="3523935" t="политику"><v><l t="политика" id="255853"><g v="NOUN"></g><g v="inan"></g><g v="femn"></g><g v="sing"></g><g v="accs"></g></l></v></tfr></token><token id="701852" text="правительства"><tfr rev_id="3431909" t="правительства"><v><l t="правительство" id="265638"><g v="NOUN"></g><g v="inan"></g><g v="neut"></g><g v="sing"></g><g v="gent"></g></l></v></tfr></token><token id="701853" text="в"><tfr rev_id="1533712" t="в"><v><l t="в" id="37409"><g v="PREP"></g></l></v></tfr></token><token id="701854" text="этой"><tfr rev_id="4438050" t="этой"><v><l t="этот" id="386581"><g v="ADJF"></g><g v="Subx"></g><g v="Apro"></g><g v="Anph"></g><g v="femn"></g><g v="sing"></g><g v="loct"></g></l></v></tfr></token><token id="701855" text="стране"><tfr rev_id="3534672" t="стране"><v><l t="страна" id="337100"><g v="NOUN"></g><g v="inan"></g><g v="femn"></g><g v="sing"></g><g v="loct"></g></l></v></tfr></token><token id="701856" text="."><tfr rev_id="1533715" t="."><v><l t="." id="0"><g v="PNCT"></g></l></v></tfr></token></tokens></sentence><sentence id="39395"><source>Критики правительства считают, что армия не должна вести полномасштабную войну при военном бюджете больше подходящем для мирного времени.</source><tokens><token id="701857" text="Критики"><tfr rev_id="4282642" t="Критики"><v><l t="критик" id="142953"><g v="NOUN"></g><g v="anim"></g><g v="masc"></g><g v="plur"></g><g v="nomn"></g></l></v></tfr></token><token id="701858" text="правительства"><tfr rev_id="3501203" t="правительства"><v><l t="правительство" id="265638"><g v="NOUN"></g><g v="inan"></g><g v="neut"></g><g v="sing"></g><g v="gent"></g></l></v></tfr></token><token id="701859" text="считают"><tfr rev_id="1533718" t="считают"><v><l t="считаю" id="341320"><g v="VERB"></g><g v="impf"></g><g v="tran"></g><g v="plur"></g><g v="3per"></g><g v="pres"></g><g v="indc"></g></l></v><v><l t="считал" id="341329"><g v="VERB"></g><g v="perf"></g><g v="tran"></g><g v="plur"></g><g v="3per"></g><g v="futr"></g><g v="indc"></g></l></v></tfr></token><token id="701860" text=","><tfr rev_id="1533719" t=","><v><l t="," id="0"><g v="PNCT"></g></l></v></tfr></token><token id="701861" text="что"><tfr rev_id="3197788" t="что"><v><l t="что" id="377004"><g v="CONJ"></g></l></v><v><l t="что" id="377005"><g v="NPRO"></g><g v="neut"></g><g v="sing"></g><g v="nomn"></g></l></v><v><l t="что" id="377005"><g v="NPRO"></g><g v="neut"></g><g v="sing"></g><g v="accs"></g></l></v><v><l t="что" id="377006"><g v="ADVB"></g><g v="Ques"></g></l></v><v><l t="что" id="388695"><g v="PRCL"></g></l></v></tfr></token><token id="701862" text="армия"><tfr rev_id="1533721" t="армия"><v><l t="армия" id="16905"><g v="NOUN"></g><g v="inan"></g><g v="femn"></g><g v="sing"></g><g v="nomn"></g></l></v></tfr></token><token id="701863" text="не"><tfr rev_id="1533722" t="не"><v><l t="не" id="178876"><g v="PRCL"></g></l></v></tfr></token><token id="701864" text="должна"><tfr rev_id="2558957" t="должна"><v><l t="должен" id="87975"><g v="ADJS"></g><g v="femn"></g><g v="sing"></g></l></v></tfr></token><token id="701865" text="вести"><tfr rev_id="1712987" t="вести"><v><l t="вести" id="42111"><g v="INFN"></g><g v="impf"></g><g v="tran"></g></l></v></tfr></token><token id="701866" text="полномасштабную"><tfr rev_id="1533725" t="полномасштабную"><v><l t="полномасштабный" id="256113"><g v="ADJF"></g><g v="femn"></g><g v="sing"></g><g v="accs"></g></l></v></tfr></token><token id="701867" text="войну"><tfr rev_id="1533726" t="войну"><v><l t="война" id="49721"><g v="NOUN"></g><g v="inan"></g><g v="femn"></g><g v="sing"></g><g v="accs"></g></l></v></tfr></token><token id="701868" text="при"><tfr rev_id="2628928" t="при"><v><l t="при" id="268625"><g v="PREP"></g></l></v></tfr></token><token id="701869" text="военном"><tfr rev_id="4493974" t="военном"><v><l t="военный" id="48619"><g v="ADJF"></g><g v="masc"></g><g v="sing"></g><g v="loct"></g></l></v></tfr></token><token id="701870" text="бюджете"><tfr rev_id="1533729" t="бюджете"><v><l t="бюджет" id="37326"><g v="NOUN"></g><g v="inan"></g><g v="masc"></g><g v="sing"></g><g v="loct"></g></l></v></tfr></token><token id="701871" text="больше"><tfr rev_id="2558529" t="больше"><v><l t="больше" id="32325"><g v="ADVB"></g></l></v><v><l t="больше" id="32447"><g v="COMP"></g><g v="Qual"></g></l></v></tfr></token><token id="701872" text="подходящем"><tfr rev_id="1533731" t="подходящем"><v><l t="подходящий" id="252175"><g v="PRTF"></g><g v="impf"></g><g v="intr"></g><g v="pres"></g><g v="actv"></g><g v="masc"></g><g v="sing"></g><g v="loct"></g></l></v><v><l t="подходящий" id="252175"><g v="PRTF"></g><g v="impf"></g><g v="intr"></g><g v="pres"></g><g v="actv"></g><g v="neut"></g><g v="sing"></g><g v="loct"></g></l></v><v><l t="подходящий" id="252183"><g v="ADJF"></g><g v="masc"></g><g v="sing"></g><g v="loct"></g></l></v><v><l t="подходящий" id="252183"><g v="ADJF"></g><g v="neut"></g><g v="sing"></g><g v="loct"></g></l></v></tfr></token><token id="701873" text="для"><tfr rev_id="2707420" t="для"><v><l t="для" id="85032"><g v="PREP"></g></l></v></tfr></token><token id="701874" text="мирного"><tfr rev_id="1533733" t="мирного"><v><l t="мирный" id="160882"><g v="NOUN"></g><g v="inan"></g><g v="masc"></g><g v="Sgtm"></g><g v="Geox"></g><g v="sing"></g><g v="gent"></g></l></v><v><l t="мирный" id="160883"><g v="ADJF"></g><g v="Qual"></g><g v="masc"></g><g v="sing"></g><g v="gent"></g></l></v><v><l t="мирный" id="160883"><g v="ADJF"></g><g v="Qual"></g><g v="anim"></g><g v="masc"></g><g v="sing"></g><g v="accs"></g></l></v><v><l t="мирный" id="160883"><g v="ADJF"></g><g v="Qual"></g><g v="neut"></g><g v="sing"></g><g v="gent"></g></l></v></tfr></token><token id="701875" text="времени"><tfr rev_id="3548520" t="времени"><v><l t="время" id="53149"><g v="NOUN"></g><g v="inan"></g><g v="neut"></g><g v="sing"></g><g v="gent"></g></l></v></tfr></token><token id="701876" text="."><tfr rev_id="1533735" t="."><v><l t="." id="0"><g v="PNCT"></g></l></v></tfr></token></tokens></sentence></paragraph></paragraphs></text>