<?xml version="1.0" encoding="utf-8"?><text id="1409" parent="1" name="21857 «Бог ненавидит нас всех»"><tags><tag>url:http://www.chaskor.ru/article/bog_nenavidit_nas_vseh_21857</tag><tag>Автор:Анна Ворфоломеева</tag><tag>Тема:ЧасКор:Книги</tag><tag>Год:2011</tag><tag>Дата:18/01</tag></tags><paragraphs><paragraph id="12785"><sentence id="39758"><source>«Бог ненавидит нас всех»</source><tokens><token id="706983" text="«"><tfr rev_id="2447477" t="«"><v><l t="«" id="0"><g v="PNCT"></g></l></v></tfr></token><token id="706984" text="Бог"><tfr rev_id="1538841" t="Бог"><v><l t="бог" id="31350"><g v="NOUN"></g><g v="anim"></g><g v="masc"></g><g v="sing"></g><g v="nomn"></g></l></v></tfr></token><token id="706985" text="ненавидит"><tfr rev_id="1538842" t="ненавидит"><v><l t="ненавижу" id="184340"><g v="VERB"></g><g v="impf"></g><g v="tran"></g><g v="sing"></g><g v="3per"></g><g v="pres"></g><g v="indc"></g></l></v></tfr></token><token id="706986" text="нас"><tfr rev_id="4199192" t="нас"><v><l t="мы" id="165750"><g v="NPRO"></g><g v="1per"></g><g v="plur"></g><g v="accs"></g></l></v></tfr></token><token id="706987" text="всех"><tfr rev_id="4135879" t="всех"><v><l t="весь" id="42156"><g v="ADJF"></g><g v="Subx"></g><g v="Apro"></g><g v="anim"></g><g v="plur"></g><g v="accs"></g></l></v></tfr></token><token id="706988" text="»"><tfr rev_id="2447478" t="»"><v><l t="»" id="0"><g v="PNCT"></g></l></v></tfr></token></tokens></sentence><sentence id="39759"><source>Что общего у Дэвида Духовны с Чарльзом Буковски?</source><tokens><token id="706989" text="Что"><tfr rev_id="3197829" t="Что"><v><l t="что" id="377004"><g v="CONJ"></g></l></v><v><l t="что" id="377005"><g v="NPRO"></g><g v="neut"></g><g v="sing"></g><g v="nomn"></g></l></v><v><l t="что" id="377005"><g v="NPRO"></g><g v="neut"></g><g v="sing"></g><g v="accs"></g></l></v><v><l t="что" id="377006"><g v="ADVB"></g><g v="Ques"></g></l></v><v><l t="что" id="388695"><g v="PRCL"></g></l></v></tfr></token><token id="706990" text="общего"><tfr rev_id="3468623" t="общего"><v><l t="общий" id="201663"><g v="ADJF"></g><g v="neut"></g><g v="sing"></g><g v="gent"></g></l></v></tfr></token><token id="706991" text="у"><tfr rev_id="3230538" t="у"><v><l t="у" id="352818"><g v="PREP"></g></l></v></tfr></token><token id="706992" text="Дэвида"><tfr rev_id="4216705" t="Дэвида"><v><l t="дэвид" id="93657"><g v="NOUN"></g><g v="anim"></g><g v="masc"></g><g v="Name"></g><g v="sing"></g><g v="gent"></g></l></v></tfr></token><token id="706993" text="Духовны"><tfr rev_id="4504531" t="Духовны"><v><l t="Духовны" id="0"><g v="UNKN"></g></l></v></tfr></token><token id="706994" text="с"><tfr rev_id="1538851" t="с"><v><l t="с" id="311151"><g v="PREP"></g></l></v></tfr></token><token id="706995" text="Чарльзом"><tfr rev_id="1538852" t="Чарльзом"><v><l t="чарльз" id="374680"><g v="NOUN"></g><g v="anim"></g><g v="masc"></g><g v="Name"></g><g v="sing"></g><g v="ablt"></g></l></v></tfr></token><token id="706996" text="Буковски"><tfr rev_id="1538853" t="Буковски"><v><l t="буковски" id="0"><g v="UNKN"></g></l></v></tfr></token><token id="706997" text="?"><tfr rev_id="1538854" t="?"><v><l t="?" id="0"><g v="PNCT"></g></l></v></tfr></token></tokens></sentence></paragraph><paragraph id="12786"><sentence id="39760"><source>Издательство «Азбука» выпускает настоящий роман вымышленного автора — «Бог ненавидит нас всех».</source><tokens><token id="706998" text="Издательство"><tfr rev_id="1538855" t="Издательство"><v><l t="издательство" id="118747"><g v="NOUN"></g><g v="inan"></g><g v="neut"></g><g v="sing"></g><g v="nomn"></g></l></v><v><l t="издательство" id="118747"><g v="NOUN"></g><g v="inan"></g><g v="neut"></g><g v="sing"></g><g v="accs"></g></l></v></tfr></token><token id="706999" text="«"><tfr rev_id="2447479" t="«"><v><l t="«" id="0"><g v="PNCT"></g></l></v></tfr></token><token id="707000" text="Азбука"><tfr rev_id="1538857" t="Азбука"><v><l t="азбука" id="5624"><g v="NOUN"></g><g v="inan"></g><g v="femn"></g><g v="sing"></g><g v="nomn"></g></l></v></tfr></token><token id="707001" text="»"><tfr rev_id="2447480" t="»"><v><l t="»" id="0"><g v="PNCT"></g></l></v></tfr></token><token id="707002" text="выпускает"><tfr rev_id="1538859" t="выпускает"><v><l t="выпускаю" id="60998"><g v="VERB"></g><g v="impf"></g><g v="tran"></g><g v="sing"></g><g v="3per"></g><g v="pres"></g><g v="indc"></g></l></v></tfr></token><token id="707003" text="настоящий"><tfr rev_id="2782819" t="настоящий"><v><l t="настоящий" id="176151"><g v="ADJF"></g><g v="inan"></g><g v="masc"></g><g v="sing"></g><g v="accs"></g></l></v></tfr></token><token id="707004" text="роман"><tfr rev_id="4454983" t="роман"><v><l t="роман" id="308825"><g v="NOUN"></g><g v="inan"></g><g v="masc"></g><g v="sing"></g><g v="accs"></g></l></v></tfr></token><token id="707005" text="вымышленного"><tfr rev_id="1538862" t="вымышленного"><v><l t="вымышленный" id="59826"><g v="PRTF"></g><g v="perf"></g><g v="tran"></g><g v="past"></g><g v="pssv"></g><g v="masc"></g><g v="sing"></g><g v="gent"></g></l></v><v><l t="вымышленный" id="59826"><g v="PRTF"></g><g v="perf"></g><g v="tran"></g><g v="past"></g><g v="pssv"></g><g v="anim"></g><g v="masc"></g><g v="sing"></g><g v="accs"></g></l></v><v><l t="вымышленный" id="59826"><g v="PRTF"></g><g v="perf"></g><g v="tran"></g><g v="past"></g><g v="pssv"></g><g v="neut"></g><g v="sing"></g><g v="gent"></g></l></v><v><l t="вымышленный" id="59840"><g v="ADJF"></g><g v="masc"></g><g v="sing"></g><g v="gent"></g></l></v><v><l t="вымышленный" id="59840"><g v="ADJF"></g><g v="anim"></g><g v="masc"></g><g v="sing"></g><g v="accs"></g></l></v><v><l t="вымышленный" id="59840"><g v="ADJF"></g><g v="neut"></g><g v="sing"></g><g v="gent"></g></l></v></tfr></token><token id="707006" text="автора"><tfr rev_id="4215116" t="автора"><v><l t="автор" id="3371"><g v="NOUN"></g><g v="anim"></g><g v="masc"></g><g v="sing"></g><g v="gent"></g></l></v></tfr></token><token id="707007" text="—"><tfr rev_id="2447481" t="—"><v><l t="—" id="0"><g v="PNCT"></g></l></v></tfr></token><token id="707008" text="«"><tfr rev_id="2447482" t="«"><v><l t="«" id="0"><g v="PNCT"></g></l></v></tfr></token><token id="707009" text="Бог"><tfr rev_id="1538866" t="Бог"><v><l t="бог" id="31350"><g v="NOUN"></g><g v="anim"></g><g v="masc"></g><g v="sing"></g><g v="nomn"></g></l></v></tfr></token><token id="707010" text="ненавидит"><tfr rev_id="1538867" t="ненавидит"><v><l t="ненавижу" id="184340"><g v="VERB"></g><g v="impf"></g><g v="tran"></g><g v="sing"></g><g v="3per"></g><g v="pres"></g><g v="indc"></g></l></v></tfr></token><token id="707011" text="нас"><tfr rev_id="4175189" t="нас"><v><l t="мы" id="165750"><g v="NPRO"></g><g v="1per"></g><g v="plur"></g><g v="accs"></g></l></v></tfr></token><token id="707012" text="всех"><tfr rev_id="4356794" t="всех"><v><l t="весь" id="42156"><g v="ADJF"></g><g v="Subx"></g><g v="Apro"></g><g v="anim"></g><g v="plur"></g><g v="accs"></g></l></v></tfr></token><token id="707013" text="»"><tfr rev_id="2447483" t="»"><v><l t="»" id="0"><g v="PNCT"></g></l></v></tfr></token><token id="707014" text="."><tfr rev_id="1538871" t="."><v><l t="." id="0"><g v="PNCT"></g></l></v></tfr></token></tokens></sentence><sentence id="39761"><source>В Америке он был опубликован ещё в позапрошлом году, и тамошние читатели уже сравнили Хэнка Муди и с Чарльзом Буковски, и с Бретом Истоном Эллисом и в целом, кажется, остались довольны.</source><tokens><token id="707015" text="В"><tfr rev_id="1538872" t="В"><v><l t="в" id="37409"><g v="PREP"></g></l></v></tfr></token><token id="707016" text="Америке"><tfr rev_id="3447519" t="Америке"><v><l t="америка" id="11393"><g v="NOUN"></g><g v="inan"></g><g v="femn"></g><g v="Sgtm"></g><g v="Geox"></g><g v="sing"></g><g v="loct"></g></l></v></tfr></token><token id="707017" text="он"><tfr rev_id="3575880" t="он"><v><l t="он" id="206541"><g v="NPRO"></g><g v="masc"></g><g v="3per"></g><g v="Anph"></g><g v="sing"></g><g v="nomn"></g></l></v></tfr></token><token id="707018" text="был"><tfr rev_id="1538875" t="был"><v><l t="есть" id="37265"><g v="VERB"></g><g v="impf"></g><g v="intr"></g><g v="masc"></g><g v="sing"></g><g v="past"></g><g v="indc"></g></l></v></tfr></token><token id="707019" text="опубликован"><tfr rev_id="1538876" t="опубликован"><v><l t="опубликован" id="208373"><g v="PRTS"></g><g v="perf"></g><g v="past"></g><g v="pssv"></g><g v="masc"></g><g v="sing"></g></l></v></tfr></token><token id="707020" text="ещё"><tfr rev_id="1538877" t="ещё"><v><l t="ещё" id="95551"><g v="PRCL"></g></l></v><v><l t="ещё" id="95552"><g v="ADVB"></g></l></v></tfr></token><token id="707021" text="в"><tfr rev_id="1538878" t="в"><v><l t="в" id="37409"><g v="PREP"></g></l></v></tfr></token><token id="707022" text="позапрошлом"><tfr rev_id="3454719" t="позапрошлом"><v><l t="позапрошлый" id="253393"><g v="ADJF"></g><g v="masc"></g><g v="sing"></g><g v="loct"></g></l></v></tfr></token><token id="707023" text="году"><tfr rev_id="3045747" t="году"><v><l t="год" id="72149"><g v="NOUN"></g><g v="inan"></g><g v="masc"></g><g v="sing"></g><g v="loc2"></g></l></v></tfr></token><token id="707024" text=","><tfr rev_id="1538881" t=","><v><l t="," id="0"><g v="PNCT"></g></l></v></tfr></token><token id="707025" text="и"><tfr rev_id="1538882" t="и"><v><l t="и" id="116949"><g v="CONJ"></g></l></v><v><l t="и" id="116950"><g v="INTJ"></g></l></v></tfr></token><token id="707026" text="тамошние"><tfr rev_id="4083674" t="тамошние"><v><l t="тамошний" id="342854"><g v="ADJF"></g><g v="plur"></g><g v="nomn"></g></l></v></tfr></token><token id="707027" text="читатели"><tfr rev_id="1538884" t="читатели"><v><l t="читатель" id="376715"><g v="NOUN"></g><g v="anim"></g><g v="masc"></g><g v="plur"></g><g v="nomn"></g></l></v></tfr></token><token id="707028" text="уже"><tfr rev_id="2692928" t="уже"><v><l t="уж" id="355422"><g v="NOUN"></g><g v="anim"></g><g v="masc"></g><g v="sing"></g><g v="loct"></g></l></v><v><l t="уже" id="355498"><g v="ADVB"></g></l></v><v><l t="уже" id="355674"><g v="COMP"></g><g v="Qual"></g></l></v><v><l t="уже" id="388673"><g v="PRCL"></g></l></v></tfr></token><token id="707029" text="сравнили"><tfr rev_id="1538886" t="сравнили"><v><l t="сравнил" id="333331"><g v="VERB"></g><g v="perf"></g><g v="tran"></g><g v="plur"></g><g v="past"></g><g v="indc"></g></l></v></tfr></token><token id="707030" text="Хэнка"><tfr rev_id="1538887" t="Хэнка"><v><l t="хэнка" id="0"><g v="UNKN"></g></l></v></tfr></token><token id="707031" text="Муди"><tfr rev_id="1538888" t="Муди"><v><l t="муди" id="0"><g v="UNKN"></g></l></v></tfr></token><token id="707032" text="и"><tfr rev_id="3411179" t="и"><v><l t="и" id="116949"><g v="CONJ"></g></l></v></tfr></token><token id="707033" text="с"><tfr rev_id="1538890" t="с"><v><l t="с" id="311151"><g v="PREP"></g></l></v></tfr></token><token id="707034" text="Чарльзом"><tfr rev_id="1538891" t="Чарльзом"><v><l t="чарльз" id="374680"><g v="NOUN"></g><g v="anim"></g><g v="masc"></g><g v="Name"></g><g v="sing"></g><g v="ablt"></g></l></v></tfr></token><token id="707035" text="Буковски"><tfr rev_id="1538892" t="Буковски"><v><l t="буковски" id="0"><g v="UNKN"></g></l></v></tfr></token><token id="707036" text=","><tfr rev_id="1538893" t=","><v><l t="," id="0"><g v="PNCT"></g></l></v></tfr></token><token id="707037" text="и"><tfr rev_id="1538894" t="и"><v><l t="и" id="116949"><g v="CONJ"></g></l></v><v><l t="и" id="116950"><g v="INTJ"></g></l></v></tfr></token><token id="707038" text="с"><tfr rev_id="1538895" t="с"><v><l t="с" id="311151"><g v="PREP"></g></l></v></tfr></token><token id="707039" text="Бретом"><tfr rev_id="1538896" t="Бретом"><v><l t="бретом" id="0"><g v="UNKN"></g></l></v></tfr></token><token id="707040" text="Истоном"><tfr rev_id="1538897" t="Истоном"><v><l t="истоном" id="0"><g v="UNKN"></g></l></v></tfr></token><token id="707041" text="Эллисом"><tfr rev_id="1538898" t="Эллисом"><v><l t="эллисом" id="0"><g v="UNKN"></g></l></v></tfr></token><token id="707042" text="и"><tfr rev_id="3880570" t="и"><v><l t="и" id="116949"><g v="CONJ"></g></l></v></tfr></token><token id="707043" text="в"><tfr rev_id="1538900" t="в"><v><l t="в" id="37409"><g v="PREP"></g></l></v></tfr></token><token id="707044" text="целом"><tfr rev_id="4262562" t="целом"><v><l t="целое" id="373197"><g v="NOUN"></g><g v="inan"></g><g v="neut"></g><g v="sing"></g><g v="loct"></g></l></v></tfr></token><token id="707045" text=","><tfr rev_id="1538902" t=","><v><l t="," id="0"><g v="PNCT"></g></l></v></tfr></token><token id="707046" text="кажется"><tfr rev_id="3797611" t="кажется"><v><l t="кажется" id="127876"><g v="CONJ"></g><g v="Prnt"></g></l></v></tfr></token><token id="707047" text=","><tfr rev_id="1538904" t=","><v><l t="," id="0"><g v="PNCT"></g></l></v></tfr></token><token id="707048" text="остались"><tfr rev_id="1538905" t="остались"><v><l t="остался" id="210896"><g v="VERB"></g><g v="perf"></g><g v="intr"></g><g v="plur"></g><g v="past"></g><g v="indc"></g></l></v></tfr></token><token id="707049" text="довольны"><tfr rev_id="1538906" t="довольны"><v><l t="доволен" id="86038"><g v="ADJS"></g><g v="Qual"></g><g v="plur"></g></l></v></tfr></token><token id="707050" text="."><tfr rev_id="1538907" t="."><v><l t="." id="0"><g v="PNCT"></g></l></v></tfr></token></tokens></sentence></paragraph><paragraph id="12787"><sentence id="39762"><source>Автор книги — персонаж американского телесериала.</source><tokens><token id="707051" text="Автор"><tfr rev_id="1538908" t="Автор"><v><l t="автор" id="3371"><g v="NOUN"></g><g v="anim"></g><g v="masc"></g><g v="sing"></g><g v="nomn"></g></l></v></tfr></token><token id="707052" text="книги"><tfr rev_id="3445123" t="книги"><v><l t="книга" id="134823"><g v="NOUN"></g><g v="inan"></g><g v="femn"></g><g v="sing"></g><g v="gent"></g></l></v></tfr></token><token id="707053" text="—"><tfr rev_id="2447484" t="—"><v><l t="—" id="0"><g v="PNCT"></g></l></v></tfr></token><token id="707054" text="персонаж"><tfr rev_id="4331767" t="персонаж"><v><l t="персонаж" id="237445"><g v="NOUN"></g><g v="anim"></g><g v="masc"></g><g v="Inmx"></g><g v="sing"></g><g v="nomn"></g></l></v></tfr></token><token id="707055" text="американского"><tfr rev_id="4486526" t="американского"><v><l t="американский" id="11429"><g v="ADJF"></g><g v="masc"></g><g v="sing"></g><g v="gent"></g></l></v></tfr></token><token id="707056" text="телесериала"><tfr rev_id="1538913" t="телесериала"><v><l t="телесериал" id="344283"><g v="NOUN"></g><g v="inan"></g><g v="masc"></g><g v="sing"></g><g v="gent"></g></l></v></tfr></token><token id="707057" text="."><tfr rev_id="1538914" t="."><v><l t="." id="0"><g v="PNCT"></g></l></v></tfr></token></tokens></sentence></paragraph><paragraph id="12788"><sentence id="39763"><source>Сериал Californication под разными названиями («Калифрения», «Блудливая Калифорния», «Плейбой из Калифорнии») в разное время шёл на Первом, MTV и ДТВ.</source><tokens><token id="707058" text="Сериал"><tfr rev_id="1538915" t="Сериал"><v><l t="сериал" id="319271"><g v="NOUN"></g><g v="inan"></g><g v="masc"></g><g v="sing"></g><g v="nomn"></g></l></v><v><l t="сериал" id="319271"><g v="NOUN"></g><g v="inan"></g><g v="masc"></g><g v="sing"></g><g v="accs"></g></l></v></tfr></token><token id="707059" text="Californication"><tfr rev_id="2475554" t="Californication"><v><l t="Californication" id="0"><g v="LATN"></g></l></v></tfr></token><token id="707060" text="под"><tfr rev_id="2603837" t="под"><v><l t="под" id="243755"><g v="PREP"></g></l></v></tfr></token><token id="707061" text="разными"><tfr rev_id="1538918" t="разными"><v><l t="разный" id="296007"><g v="ADJF"></g><g v="Qual"></g><g v="plur"></g><g v="ablt"></g></l></v></tfr></token><token id="707062" text="названиями"><tfr rev_id="1538919" t="названиями"><v><l t="название" id="170336"><g v="NOUN"></g><g v="inan"></g><g v="neut"></g><g v="plur"></g><g v="ablt"></g></l></v></tfr></token><token id="707063" text="("><tfr rev_id="1538920" t="("><v><l t="(" id="0"><g v="PNCT"></g></l></v></tfr></token><token id="707064" text="«"><tfr rev_id="2447485" t="«"><v><l t="«" id="0"><g v="PNCT"></g></l></v></tfr></token><token id="707065" text="Калифрения"><tfr rev_id="1538922" t="Калифрения"><v><l t="калифрения" id="0"><g v="UNKN"></g></l></v></tfr></token><token id="707066" text="»"><tfr rev_id="2447486" t="»"><v><l t="»" id="0"><g v="PNCT"></g></l></v></tfr></token><token id="707067" text=","><tfr rev_id="1538924" t=","><v><l t="," id="0"><g v="PNCT"></g></l></v></tfr></token><token id="707068" text="«"><tfr rev_id="2447487" t="«"><v><l t="«" id="0"><g v="PNCT"></g></l></v></tfr></token><token id="707069" text="Блудливая"><tfr rev_id="1538926" t="Блудливая"><v><l t="блудливый" id="31080"><g v="ADJF"></g><g v="Qual"></g><g v="femn"></g><g v="sing"></g><g v="nomn"></g></l></v></tfr></token><token id="707070" text="Калифорния"><tfr rev_id="4175979" t="Калифорния"><v><l t="калифорния" id="128581"><g v="NOUN"></g><g v="inan"></g><g v="femn"></g><g v="Sgtm"></g><g v="Geox"></g><g v="sing"></g><g v="nomn"></g></l></v></tfr></token><token id="707071" text="»"><tfr rev_id="2447488" t="»"><v><l t="»" id="0"><g v="PNCT"></g></l></v></tfr></token><token id="707072" text=","><tfr rev_id="1538929" t=","><v><l t="," id="0"><g v="PNCT"></g></l></v></tfr></token><token id="707073" text="«"><tfr rev_id="2447489" t="«"><v><l t="«" id="0"><g v="PNCT"></g></l></v></tfr></token><token id="707074" text="Плейбой"><tfr rev_id="1538931" t="Плейбой"><v><l t="плейбой" id="240217"><g v="NOUN"></g><g v="anim"></g><g v="masc"></g><g v="sing"></g><g v="nomn"></g></l></v></tfr></token><token id="707075" text="из"><tfr rev_id="2560579" t="из"><v><l t="из" id="117677"><g v="PREP"></g></l></v></tfr></token><token id="707076" text="Калифорнии"><tfr rev_id="4314079" t="Калифорнии"><v><l t="калифорния" id="128581"><g v="NOUN"></g><g v="inan"></g><g v="femn"></g><g v="Sgtm"></g><g v="Geox"></g><g v="sing"></g><g v="gent"></g></l></v></tfr></token><token id="707077" text="»"><tfr rev_id="2447490" t="»"><v><l t="»" id="0"><g v="PNCT"></g></l></v></tfr></token><token id="707078" text=")"><tfr rev_id="1538935" t=")"><v><l t=")" id="0"><g v="PNCT"></g></l></v></tfr></token><token id="707079" text="в"><tfr rev_id="1538936" t="в"><v><l t="в" id="37409"><g v="PREP"></g></l></v></tfr></token><token id="707080" text="разное"><tfr rev_id="3667553" t="разное"><v><l t="разный" id="296007"><g v="ADJF"></g><g v="Qual"></g><g v="neut"></g><g v="sing"></g><g v="accs"></g></l></v></tfr></token><token id="707081" text="время"><tfr rev_id="1538938" t="время"><v><l t="время" id="53149"><g v="NOUN"></g><g v="inan"></g><g v="neut"></g><g v="sing"></g><g v="nomn"></g></l></v><v><l t="время" id="53149"><g v="NOUN"></g><g v="inan"></g><g v="neut"></g><g v="sing"></g><g v="accs"></g></l></v></tfr></token><token id="707082" text="шёл"><tfr rev_id="1538939" t="шёл"><v><l t="иду" id="117566"><g v="VERB"></g><g v="impf"></g><g v="intr"></g><g v="masc"></g><g v="sing"></g><g v="past"></g><g v="indc"></g></l></v></tfr></token><token id="707083" text="на"><tfr rev_id="3343240" t="на"><v><l t="на" id="166264"><g v="PREP"></g></l></v></tfr></token><token id="707084" text="Первом"><tfr rev_id="4373305" t="Первом"><v><l t="первый" id="226359"><g v="ADJF"></g><g v="Anum"></g><g v="masc"></g><g v="sing"></g><g v="loct"></g></l></v></tfr></token><token id="707085" text=","><tfr rev_id="1538942" t=","><v><l t="," id="0"><g v="PNCT"></g></l></v></tfr></token><token id="707086" text="MTV"><tfr rev_id="2475555" t="MTV"><v><l t="MTV" id="0"><g v="LATN"></g></l></v></tfr></token><token id="707087" text="и"><tfr rev_id="1538944" t="и"><v><l t="и" id="116949"><g v="CONJ"></g></l></v><v><l t="и" id="116950"><g v="INTJ"></g></l></v></tfr></token><token id="707088" text="ДТВ"><tfr rev_id="1538945" t="ДТВ"><v><l t="дтв" id="0"><g v="UNKN"></g></l></v></tfr></token><token id="707089" text="."><tfr rev_id="1538946" t="."><v><l t="." id="0"><g v="PNCT"></g></l></v></tfr></token></tokens></sentence><sentence id="39764"><source>А несколько дней назад в Америке (и, конечно, на торрентах) прошла премьера первой серии четвёртого сезона.</source><tokens><token id="707090" text="А"><tfr rev_id="1538947" t="А"><v><l t="а" id="51"><g v="CONJ"></g></l></v><v><l t="а" id="52"><g v="INTJ"></g></l></v><v><l t="а" id="53"><g v="PRCL"></g></l></v></tfr></token><token id="707091" text="несколько"><tfr rev_id="4176728" t="несколько"><v><l t="несколько" id="188126"><g v="NUMR"></g><g v="nomn"></g></l></v><v><l t="несколько" id="188126"><g v="NUMR"></g><g v="inan"></g><g v="accs"></g></l></v></tfr></token><token id="707092" text="дней"><tfr rev_id="1538949" t="дней"><v><l t="день" id="81427"><g v="NOUN"></g><g v="inan"></g><g v="masc"></g><g v="plur"></g><g v="gent"></g></l></v></tfr></token><token id="707093" text="назад"><tfr rev_id="1538950" t="назад"><v><l t="назад" id="170252"><g v="ADVB"></g></l></v></tfr></token><token id="707094" text="в"><tfr rev_id="1538951" t="в"><v><l t="в" id="37409"><g v="PREP"></g></l></v></tfr></token><token id="707095" text="Америке"><tfr rev_id="3446901" t="Америке"><v><l t="америка" id="11393"><g v="NOUN"></g><g v="inan"></g><g v="femn"></g><g v="Sgtm"></g><g v="Geox"></g><g v="sing"></g><g v="loct"></g></l></v></tfr></token><token id="707096" text="("><tfr rev_id="1538953" t="("><v><l t="(" id="0"><g v="PNCT"></g></l></v></tfr></token><token id="707097" text="и"><tfr rev_id="1538954" t="и"><v><l t="и" id="116949"><g v="CONJ"></g></l></v><v><l t="и" id="116950"><g v="INTJ"></g></l></v></tfr></token><token id="707098" text=","><tfr rev_id="1538955" t=","><v><l t="," id="0"><g v="PNCT"></g></l></v></tfr></token><token id="707099" text="конечно"><tfr rev_id="1538956" t="конечно"><v><l t="конечно" id="137817"><g v="CONJ"></g><g v="Prnt"></g></l></v><v><l t="конечно" id="137818"><g v="PRCL"></g></l></v><v><l t="конечен" id="137822"><g v="ADJS"></g><g v="Qual"></g><g v="neut"></g><g v="sing"></g></l></v></tfr></token><token id="707100" text=","><tfr rev_id="1538957" t=","><v><l t="," id="0"><g v="PNCT"></g></l></v></tfr></token><token id="707101" text="на"><tfr rev_id="3397951" t="на"><v><l t="на" id="166264"><g v="PREP"></g></l></v></tfr></token><token id="707102" text="торрентах"><tfr rev_id="2508682" t="торрентах"><v><l t="торрент" id="388602"><g v="NOUN"></g><g v="inan"></g><g v="masc"></g><g v="plur"></g><g v="loct"></g></l></v></tfr></token><token id="707103" text=")"><tfr rev_id="1538960" t=")"><v><l t=")" id="0"><g v="PNCT"></g></l></v></tfr></token><token id="707104" text="прошла"><tfr rev_id="4328260" t="прошла"><v><l t="прошёл" id="280310"><g v="VERB"></g><g v="perf"></g><g v="tran"></g><g v="femn"></g><g v="sing"></g><g v="past"></g><g v="indc"></g></l></v></tfr></token><token id="707105" text="премьера"><tfr rev_id="4337513" t="премьера"><v><l t="премьера" id="267777"><g v="NOUN"></g><g v="inan"></g><g v="femn"></g><g v="sing"></g><g v="nomn"></g></l></v></tfr></token><token id="707106" text="первой"><tfr rev_id="4417536" t="первой"><v><l t="первый" id="226359"><g v="ADJF"></g><g v="Anum"></g><g v="femn"></g><g v="sing"></g><g v="gent"></g></l></v></tfr></token><token id="707107" text="серии"><tfr rev_id="3557549" t="серии"><v><l t="серия" id="319321"><g v="NOUN"></g><g v="inan"></g><g v="femn"></g><g v="sing"></g><g v="gent"></g></l></v></tfr></token><token id="707108" text="четвёртого"><tfr rev_id="3454109" t="четвёртого"><v><l t="четвёртый" id="376074"><g v="ADJF"></g><g v="Anum"></g><g v="masc"></g><g v="sing"></g><g v="gent"></g></l></v><v><l t="четвёртый" id="376074"><g v="ADJF"></g><g v="Anum"></g><g v="anim"></g><g v="masc"></g><g v="sing"></g><g v="accs"></g></l></v></tfr></token><token id="707109" text="сезона"><tfr rev_id="1538966" t="сезона"><v><l t="сезон" id="317857"><g v="NOUN"></g><g v="inan"></g><g v="masc"></g><g v="sing"></g><g v="gent"></g></l></v></tfr></token><token id="707110" text="."><tfr rev_id="1538967" t="."><v><l t="." id="0"><g v="PNCT"></g></l></v></tfr></token></tokens></sentence></paragraph><paragraph id="12789"><sentence id="39765"><source>Главный герой этого сериала — Хэнк Муди в исполнении Дэвида Духовны — известный писатель, автор романа «Бог ненавидит нас всех».</source><tokens><token id="707111" text="Главный"><tfr rev_id="1538968" t="Главный"><v><l t="главный" id="70842"><g v="ADJF"></g><g v="Qual"></g><g v="masc"></g><g v="sing"></g><g v="nomn"></g></l></v><v><l t="главный" id="70842"><g v="ADJF"></g><g v="Qual"></g><g v="inan"></g><g v="masc"></g><g v="sing"></g><g v="accs"></g></l></v></tfr></token><token id="707112" text="герой"><tfr rev_id="4177710" t="герой"><v><l t="герой" id="69212"><g v="NOUN"></g><g v="anim"></g><g v="masc"></g><g v="sing"></g><g v="nomn"></g></l></v></tfr></token><token id="707113" text="этого"><tfr rev_id="4486720" t="этого"><v><l t="этот" id="386581"><g v="ADJF"></g><g v="Subx"></g><g v="Apro"></g><g v="Anph"></g><g v="masc"></g><g v="sing"></g><g v="gent"></g></l></v><v><l t="этот" id="386581"><g v="ADJF"></g><g v="Subx"></g><g v="Apro"></g><g v="Anph"></g><g v="anim"></g><g v="masc"></g><g v="sing"></g><g v="accs"></g></l></v></tfr></token><token id="707114" text="сериала"><tfr rev_id="1538971" t="сериала"><v><l t="сериал" id="319271"><g v="NOUN"></g><g v="inan"></g><g v="masc"></g><g v="sing"></g><g v="gent"></g></l></v></tfr></token><token id="707115" text="—"><tfr rev_id="2447491" t="—"><v><l t="—" id="0"><g v="PNCT"></g></l></v></tfr></token><token id="707116" text="Хэнк"><tfr rev_id="1538973" t="Хэнк"><v><l t="хэнк" id="0"><g v="UNKN"></g></l></v></tfr></token><token id="707117" text="Муди"><tfr rev_id="1538974" t="Муди"><v><l t="муди" id="0"><g v="UNKN"></g></l></v></tfr></token><token id="707118" text="в"><tfr rev_id="1538975" t="в"><v><l t="в" id="37409"><g v="PREP"></g></l></v></tfr></token><token id="707119" text="исполнении"><tfr rev_id="1538976" t="исполнении"><v><l t="исполнение" id="125355"><g v="NOUN"></g><g v="inan"></g><g v="neut"></g><g v="sing"></g><g v="loct"></g></l></v></tfr></token><token id="707120" text="Дэвида"><tfr rev_id="3676089" t="Дэвида"><v><l t="дэвид" id="93657"><g v="NOUN"></g><g v="anim"></g><g v="masc"></g><g v="Name"></g><g v="sing"></g><g v="gent"></g></l></v></tfr></token><token id="707121" text="Духовны"><tfr rev_id="4504532" t="Духовны"><v><l t="Духовны" id="0"><g v="UNKN"></g></l></v></tfr></token><token id="707122" text="—"><tfr rev_id="2447492" t="—"><v><l t="—" id="0"><g v="PNCT"></g></l></v></tfr></token><token id="707123" text="известный"><tfr rev_id="1538980" t="известный"><v><l t="известный" id="118144"><g v="ADJF"></g><g v="Qual"></g><g v="masc"></g><g v="sing"></g><g v="nomn"></g></l></v><v><l t="известный" id="118144"><g v="ADJF"></g><g v="Qual"></g><g v="inan"></g><g v="masc"></g><g v="sing"></g><g v="accs"></g></l></v></tfr></token><token id="707124" text="писатель"><tfr rev_id="1538981" t="писатель"><v><l t="писатель" id="239097"><g v="NOUN"></g><g v="anim"></g><g v="masc"></g><g v="sing"></g><g v="nomn"></g></l></v></tfr></token><token id="707125" text=","><tfr rev_id="1538982" t=","><v><l t="," id="0"><g v="PNCT"></g></l></v></tfr></token><token id="707126" text="автор"><tfr rev_id="1538983" t="автор"><v><l t="автор" id="3371"><g v="NOUN"></g><g v="anim"></g><g v="masc"></g><g v="sing"></g><g v="nomn"></g></l></v></tfr></token><token id="707127" text="романа"><tfr rev_id="4337454" t="романа"><v><l t="роман" id="308825"><g v="NOUN"></g><g v="inan"></g><g v="masc"></g><g v="sing"></g><g v="gent"></g></l></v></tfr></token><token id="707128" text="«"><tfr rev_id="2447493" t="«"><v><l t="«" id="0"><g v="PNCT"></g></l></v></tfr></token><token id="707129" text="Бог"><tfr rev_id="1538986" t="Бог"><v><l t="бог" id="31350"><g v="NOUN"></g><g v="anim"></g><g v="masc"></g><g v="sing"></g><g v="nomn"></g></l></v></tfr></token><token id="707130" text="ненавидит"><tfr rev_id="1538987" t="ненавидит"><v><l t="ненавижу" id="184340"><g v="VERB"></g><g v="impf"></g><g v="tran"></g><g v="sing"></g><g v="3per"></g><g v="pres"></g><g v="indc"></g></l></v></tfr></token><token id="707131" text="нас"><tfr rev_id="3499240" t="нас"><v><l t="мы" id="165750"><g v="NPRO"></g><g v="1per"></g><g v="plur"></g><g v="accs"></g></l></v></tfr></token><token id="707132" text="всех"><tfr rev_id="4135881" t="всех"><v><l t="весь" id="42156"><g v="ADJF"></g><g v="Subx"></g><g v="Apro"></g><g v="anim"></g><g v="plur"></g><g v="accs"></g></l></v></tfr></token><token id="707133" text="»"><tfr rev_id="2447494" t="»"><v><l t="»" id="0"><g v="PNCT"></g></l></v></tfr></token><token id="707134" text="."><tfr rev_id="1538991" t="."><v><l t="." id="0"><g v="PNCT"></g></l></v></tfr></token></tokens></sentence><sentence id="39766"><source>Нам предлагают сравнить его с Хэнком Чинаски — персонажем и альтер эго Чарльза Буковски.</source><tokens><token id="707135" text="Нам"><tfr rev_id="1538992" t="Нам"><v><l t="мы" id="165750"><g v="NPRO"></g><g v="1per"></g><g v="plur"></g><g v="datv"></g></l></v></tfr></token><token id="707136" text="предлагают"><tfr rev_id="1538993" t="предлагают"><v><l t="предлагаю" id="266518"><g v="VERB"></g><g v="impf"></g><g v="tran"></g><g v="plur"></g><g v="3per"></g><g v="pres"></g><g v="indc"></g></l></v></tfr></token><token id="707137" text="сравнить"><tfr rev_id="1538994" t="сравнить"><v><l t="сравнить" id="333332"><g v="INFN"></g><g v="perf"></g><g v="tran"></g></l></v></tfr></token><token id="707138" text="его"><tfr rev_id="4531682" t="его"><v><l t="он" id="206541"><g v="NPRO"></g><g v="masc"></g><g v="3per"></g><g v="Anph"></g><g v="sing"></g><g v="gent"></g></l></v><v><l t="он" id="206541"><g v="NPRO"></g><g v="masc"></g><g v="3per"></g><g v="Anph"></g><g v="sing"></g><g v="accs"></g></l></v><v><l t="оно" id="206649"><g v="NPRO"></g><g v="neut"></g><g v="3per"></g><g v="Anph"></g><g v="sing"></g><g v="gent"></g></l></v><v><l t="оно" id="206649"><g v="NPRO"></g><g v="neut"></g><g v="3per"></g><g v="Anph"></g><g v="sing"></g><g v="accs"></g></l></v></tfr></token><token id="707139" text="с"><tfr rev_id="1538996" t="с"><v><l t="с" id="311151"><g v="PREP"></g></l></v></tfr></token><token id="707140" text="Хэнком"><tfr rev_id="1538997" t="Хэнком"><v><l t="хэнком" id="0"><g v="UNKN"></g></l></v></tfr></token><token id="707141" text="Чинаски"><tfr rev_id="1538998" t="Чинаски"><v><l t="чинаски" id="0"><g v="UNKN"></g></l></v></tfr></token><token id="707142" text="—"><tfr rev_id="2447495" t="—"><v><l t="—" id="0"><g v="PNCT"></g></l></v></tfr></token><token id="707143" text="персонажем"><tfr rev_id="3467425" t="персонажем"><v><l t="персонаж" id="237445"><g v="NOUN"></g><g v="anim"></g><g v="masc"></g><g v="Inmx"></g><g v="sing"></g><g v="ablt"></g></l></v></tfr></token><token id="707144" text="и"><tfr rev_id="1539001" t="и"><v><l t="и" id="116949"><g v="CONJ"></g></l></v><v><l t="и" id="116950"><g v="INTJ"></g></l></v></tfr></token><token id="707145" text="альтер"><tfr rev_id="4555737" t="альтер"><v><l t="альтер" id="390577"><g v="ADJF"></g><g v="Fixd"></g><g v="femn"></g><g v="sing"></g><g v="ablt"></g></l></v><v><l t="альтер" id="390577"><g v="ADJF"></g><g v="Fixd"></g><g v="femn"></g><g v="sing"></g><g v="accs"></g></l></v><v><l t="альтер" id="390577"><g v="ADJF"></g><g v="Fixd"></g><g v="femn"></g><g v="sing"></g><g v="datv"></g></l></v><v><l t="альтер" id="390577"><g v="ADJF"></g><g v="Fixd"></g><g v="femn"></g><g v="sing"></g><g v="gent"></g></l></v><v><l t="альтер" id="390577"><g v="ADJF"></g><g v="Fixd"></g><g v="femn"></g><g v="sing"></g><g v="loct"></g></l></v><v><l t="альтер" id="390577"><g v="ADJF"></g><g v="Fixd"></g><g v="femn"></g><g v="sing"></g><g v="nomn"></g></l></v><v><l t="альтер" id="390577"><g v="ADJF"></g><g v="Fixd"></g><g v="masc"></g><g v="sing"></g><g v="ablt"></g></l></v><v><l t="альтер" id="390577"><g v="ADJF"></g><g v="Fixd"></g><g v="masc"></g><g v="sing"></g><g v="accs"></g></l></v><v><l t="альтер" id="390577"><g v="ADJF"></g><g v="Fixd"></g><g v="masc"></g><g v="sing"></g><g v="datv"></g></l></v><v><l t="альтер" id="390577"><g v="ADJF"></g><g v="Fixd"></g><g v="masc"></g><g v="sing"></g><g v="gent"></g></l></v><v><l t="альтер" id="390577"><g v="ADJF"></g><g v="Fixd"></g><g v="masc"></g><g v="sing"></g><g v="loct"></g></l></v><v><l t="альтер" id="390577"><g v="ADJF"></g><g v="Fixd"></g><g v="masc"></g><g v="sing"></g><g v="nomn"></g></l></v><v><l t="альтер" id="390577"><g v="ADJF"></g><g v="Fixd"></g><g v="neut"></g><g v="sing"></g><g v="ablt"></g></l></v><v><l t="альтер" id="390577"><g v="ADJF"></g><g v="Fixd"></g><g v="neut"></g><g v="sing"></g><g v="accs"></g></l></v><v><l t="альтер" id="390577"><g v="ADJF"></g><g v="Fixd"></g><g v="neut"></g><g v="sing"></g><g v="datv"></g></l></v><v><l t="альтер" id="390577"><g v="ADJF"></g><g v="Fixd"></g><g v="neut"></g><g v="sing"></g><g v="gent"></g></l></v><v><l t="альтер" id="390577"><g v="ADJF"></g><g v="Fixd"></g><g v="neut"></g><g v="sing"></g><g v="loct"></g></l></v><v><l t="альтер" id="390577"><g v="ADJF"></g><g v="Fixd"></g><g v="neut"></g><g v="sing"></g><g v="nomn"></g></l></v><v><l t="альтер" id="390577"><g v="ADJF"></g><g v="Fixd"></g><g v="plur"></g><g v="ablt"></g></l></v><v><l t="альтер" id="390577"><g v="ADJF"></g><g v="Fixd"></g><g v="plur"></g><g v="accs"></g></l></v><v><l t="альтер" id="390577"><g v="ADJF"></g><g v="Fixd"></g><g v="plur"></g><g v="datv"></g></l></v><v><l t="альтер" id="390577"><g v="ADJF"></g><g v="Fixd"></g><g v="plur"></g><g v="gent"></g></l></v><v><l t="альтер" id="390577"><g v="ADJF"></g><g v="Fixd"></g><g v="plur"></g><g v="loct"></g></l></v><v><l t="альтер" id="390577"><g v="ADJF"></g><g v="Fixd"></g><g v="plur"></g><g v="nomn"></g></l></v></tfr></token><token id="707146" text="эго"><tfr rev_id="3466473" t="эго"><v><l t="эго" id="382914"><g v="NOUN"></g><g v="inan"></g><g v="neut"></g><g v="Sgtm"></g><g v="Fixd"></g><g v="sing"></g><g v="ablt"></g></l></v></tfr></token><token id="707147" text="Чарльза"><tfr rev_id="4216551" t="Чарльза"><v><l t="чарльз" id="374680"><g v="NOUN"></g><g v="anim"></g><g v="masc"></g><g v="Name"></g><g v="sing"></g><g v="gent"></g></l></v></tfr></token><token id="707148" text="Буковски"><tfr rev_id="1539005" t="Буковски"><v><l t="буковски" id="0"><g v="UNKN"></g></l></v></tfr></token><token id="707149" text="."><tfr rev_id="1539006" t="."><v><l t="." id="0"><g v="PNCT"></g></l></v></tfr></token></tokens></sentence><sentence id="39767"><source>Муди много пьёт, бесчинствует, периодически попадает в тюрьму, спит с невероятным количеством женщин, при этом любит только одну.</source><tokens><token id="707150" text="Муди"><tfr rev_id="1539007" t="Муди"><v><l t="муди" id="0"><g v="UNKN"></g></l></v></tfr></token><token id="707151" text="много"><tfr rev_id="4181034" t="много"><v><l t="много" id="161428"><g v="ADVB"></g><g v="Prdx"></g></l></v></tfr></token><token id="707152" text="пьёт"><tfr rev_id="1539009" t="пьёт"><v><l t="пью" id="239290"><g v="VERB"></g><g v="impf"></g><g v="tran"></g><g v="sing"></g><g v="3per"></g><g v="pres"></g><g v="indc"></g></l></v></tfr></token><token id="707153" text=","><tfr rev_id="1539010" t=","><v><l t="," id="0"><g v="PNCT"></g></l></v></tfr></token><token id="707154" text="бесчинствует"><tfr rev_id="1539011" t="бесчинствует"><v><l t="бесчинствую" id="29090"><g v="VERB"></g><g v="impf"></g><g v="intr"></g><g v="sing"></g><g v="3per"></g><g v="pres"></g><g v="indc"></g></l></v></tfr></token><token id="707155" text=","><tfr rev_id="1539012" t=","><v><l t="," id="0"><g v="PNCT"></g></l></v></tfr></token><token id="707156" text="периодически"><tfr rev_id="1539013" t="периодически"><v><l t="периодически" id="237163"><g v="ADVB"></g></l></v></tfr></token><token id="707157" text="попадает"><tfr rev_id="1539014" t="попадает"><v><l t="попадаю" id="258942"><g v="VERB"></g><g v="impf"></g><g v="intr"></g><g v="sing"></g><g v="3per"></g><g v="pres"></g><g v="indc"></g></l></v><v><l t="попадал" id="258947"><g v="VERB"></g><g v="perf"></g><g v="intr"></g><g v="sing"></g><g v="3per"></g><g v="futr"></g><g v="indc"></g></l></v></tfr></token><token id="707158" text="в"><tfr rev_id="1539015" t="в"><v><l t="в" id="37409"><g v="PREP"></g></l></v></tfr></token><token id="707159" text="тюрьму"><tfr rev_id="1539016" t="тюрьму"><v><l t="тюрьма" id="352528"><g v="NOUN"></g><g v="inan"></g><g v="femn"></g><g v="sing"></g><g v="accs"></g></l></v></tfr></token><token id="707160" text=","><tfr rev_id="1539017" t=","><v><l t="," id="0"><g v="PNCT"></g></l></v></tfr></token><token id="707161" text="спит"><tfr rev_id="2825350" t="спит"><v><l t="сплю" id="331611"><g v="VERB"></g><g v="impf"></g><g v="intr"></g><g v="sing"></g><g v="3per"></g><g v="pres"></g><g v="indc"></g></l></v></tfr></token><token id="707162" text="с"><tfr rev_id="1539019" t="с"><v><l t="с" id="311151"><g v="PREP"></g></l></v></tfr></token><token id="707163" text="невероятным"><tfr rev_id="4405367" t="невероятным"><v><l t="невероятный" id="179678"><g v="ADJF"></g><g v="Qual"></g><g v="neut"></g><g v="sing"></g><g v="ablt"></g></l></v></tfr></token><token id="707164" text="количеством"><tfr rev_id="1539021" t="количеством"><v><l t="количество" id="135983"><g v="NOUN"></g><g v="inan"></g><g v="neut"></g><g v="sing"></g><g v="ablt"></g></l></v></tfr></token><token id="707165" text="женщин"><tfr rev_id="3434947" t="женщин"><v><l t="женщина" id="96749"><g v="NOUN"></g><g v="anim"></g><g v="femn"></g><g v="plur"></g><g v="gent"></g></l></v></tfr></token><token id="707166" text=","><tfr rev_id="1539023" t=","><v><l t="," id="0"><g v="PNCT"></g></l></v></tfr></token><token id="707167" text="при"><tfr rev_id="2605175" t="при"><v><l t="при" id="268625"><g v="PREP"></g></l></v></tfr></token><token id="707168" text="этом"><tfr rev_id="3282518" t="этом"><v><l t="это" id="386575"><g v="NPRO"></g><g v="neut"></g><g v="sing"></g><g v="loct"></g></l></v></tfr></token><token id="707169" text="любит"><tfr rev_id="1539026" t="любит"><v><l t="люблю" id="151971"><g v="VERB"></g><g v="impf"></g><g v="tran"></g><g v="sing"></g><g v="3per"></g><g v="pres"></g><g v="indc"></g></l></v></tfr></token><token id="707170" text="только"><tfr rev_id="3784229" t="только"><v><l t="только" id="347395"><g v="CONJ"></g></l></v><v><l t="только" id="347396"><g v="PRCL"></g></l></v><v><l t="только" id="390053"><g v="ADVB"></g></l></v></tfr></token><token id="707171" text="одну"><tfr rev_id="4302846" t="одну"><v><l t="один" id="203319"><g v="ADJF"></g><g v="Apro"></g><g v="Anum"></g><g v="femn"></g><g v="sing"></g><g v="accs"></g></l></v></tfr></token><token id="707172" text="."><tfr rev_id="1539029" t="."><v><l t="." id="0"><g v="PNCT"></g></l></v></tfr></token></tokens></sentence><sentence id="39768"><source>Тем не менее он производит впечатление благородного, талантливого парня с лёгким негодяйским душком.</source><tokens><token id="707173" text="Тем"><tfr rev_id="4492183" t="Тем"><v><l t="тем" id="344449"><g v="CONJ"></g></l></v></tfr></token><token id="707174" text="не"><tfr rev_id="1539031" t="не"><v><l t="не" id="178876"><g v="PRCL"></g></l></v></tfr></token><token id="707175" text="менее"><tfr rev_id="1539032" t="менее"><v><l t="менее" id="158343"><g v="ADVB"></g></l></v></tfr></token><token id="707176" text="он"><tfr rev_id="3575881" t="он"><v><l t="он" id="206541"><g v="NPRO"></g><g v="masc"></g><g v="3per"></g><g v="Anph"></g><g v="sing"></g><g v="nomn"></g></l></v></tfr></token><token id="707177" text="производит"><tfr rev_id="1539034" t="производит"><v><l t="произвожу" id="280103"><g v="VERB"></g><g v="impf"></g><g v="tran"></g><g v="sing"></g><g v="3per"></g><g v="pres"></g><g v="indc"></g></l></v></tfr></token><token id="707178" text="впечатление"><tfr rev_id="1539035" t="впечатление"><v><l t="впечатление" id="52404"><g v="NOUN"></g><g v="inan"></g><g v="neut"></g><g v="sing"></g><g v="nomn"></g></l></v><v><l t="впечатление" id="52404"><g v="NOUN"></g><g v="inan"></g><g v="neut"></g><g v="sing"></g><g v="accs"></g></l></v></tfr></token><token id="707179" text="благородного"><tfr rev_id="3431026" t="благородного"><v><l t="благородный" id="30546"><g v="ADJF"></g><g v="Qual"></g><g v="masc"></g><g v="sing"></g><g v="gent"></g></l></v><v><l t="благородный" id="30546"><g v="ADJF"></g><g v="Qual"></g><g v="anim"></g><g v="masc"></g><g v="sing"></g><g v="accs"></g></l></v></tfr></token><token id="707180" text=","><tfr rev_id="1539037" t=","><v><l t="," id="0"><g v="PNCT"></g></l></v></tfr></token><token id="707181" text="талантливого"><tfr rev_id="3454761" t="талантливого"><v><l t="талантливый" id="342611"><g v="ADJF"></g><g v="Qual"></g><g v="masc"></g><g v="sing"></g><g v="gent"></g></l></v><v><l t="талантливый" id="342611"><g v="ADJF"></g><g v="Qual"></g><g v="anim"></g><g v="masc"></g><g v="sing"></g><g v="accs"></g></l></v></tfr></token><token id="707182" text="парня"><tfr rev_id="2826958" t="парня"><v><l t="парень" id="224038"><g v="NOUN"></g><g v="anim"></g><g v="masc"></g><g v="sing"></g><g v="gent"></g></l></v></tfr></token><token id="707183" text="с"><tfr rev_id="1539040" t="с"><v><l t="с" id="311151"><g v="PREP"></g></l></v></tfr></token><token id="707184" text="лёгким"><tfr rev_id="4511955" t="лёгким"><v><l t="лёгкий" id="146051"><g v="ADJF"></g><g v="Qual"></g><g v="masc"></g><g v="sing"></g><g v="ablt"></g></l></v></tfr></token><token id="707185" text="негодяйским"><tfr rev_id="4414303" t="негодяйским"><v><l t="негодяйский" id="180480"><g v="ADJF"></g><g v="masc"></g><g v="sing"></g><g v="ablt"></g></l></v></tfr></token><token id="707186" text="душком"><tfr rev_id="1539043" t="душком"><v><l t="душок" id="93433"><g v="NOUN"></g><g v="inan"></g><g v="masc"></g><g v="sing"></g><g v="ablt"></g></l></v></tfr></token><token id="707187" text="."><tfr rev_id="1539044" t="."><v><l t="." id="0"><g v="PNCT"></g></l></v></tfr></token></tokens></sentence></paragraph><paragraph id="12790"><sentence id="39769"><source>И пусть автор произведения выдуман телеканалом Showtime, сам роман вполне реален.</source><tokens><token id="707188" text="И"><tfr rev_id="1539045" t="И"><v><l t="и" id="116949"><g v="CONJ"></g></l></v><v><l t="и" id="116950"><g v="INTJ"></g></l></v></tfr></token><token id="707189" text="пусть"><tfr rev_id="1539046" t="пусть"><v><l t="пусть" id="289478"><g v="CONJ"></g></l></v><v><l t="пусть" id="289479"><g v="PRCL"></g></l></v></tfr></token><token id="707190" text="автор"><tfr rev_id="1539047" t="автор"><v><l t="автор" id="3371"><g v="NOUN"></g><g v="anim"></g><g v="masc"></g><g v="sing"></g><g v="nomn"></g></l></v></tfr></token><token id="707191" text="произведения"><tfr rev_id="3097760" t="произведения"><v><l t="произведение" id="280082"><g v="NOUN"></g><g v="inan"></g><g v="neut"></g><g v="sing"></g><g v="gent"></g></l></v></tfr></token><token id="707192" text="выдуман"><tfr rev_id="1539049" t="выдуман"><v><l t="выдуман" id="57221"><g v="PRTS"></g><g v="perf"></g><g v="past"></g><g v="pssv"></g><g v="masc"></g><g v="sing"></g></l></v></tfr></token><token id="707193" text="телеканалом"><tfr rev_id="1539050" t="телеканалом"><v><l t="телеканал" id="344167"><g v="NOUN"></g><g v="inan"></g><g v="masc"></g><g v="sing"></g><g v="ablt"></g></l></v></tfr></token><token id="707194" text="Showtime"><tfr rev_id="2475556" t="Showtime"><v><l t="Showtime" id="0"><g v="LATN"></g></l></v></tfr></token><token id="707195" text=","><tfr rev_id="1539052" t=","><v><l t="," id="0"><g v="PNCT"></g></l></v></tfr></token><token id="707196" text="сам"><tfr rev_id="1539053" t="сам"><v><l t="сам" id="312034"><g v="ADJF"></g><g v="Apro"></g><g v="masc"></g><g v="sing"></g><g v="nomn"></g></l></v><v><l t="сам" id="312034"><g v="ADJF"></g><g v="Apro"></g><g v="inan"></g><g v="masc"></g><g v="sing"></g><g v="accs"></g></l></v></tfr></token><token id="707197" text="роман"><tfr rev_id="2722537" t="роман"><v><l t="роман" id="308825"><g v="NOUN"></g><g v="inan"></g><g v="masc"></g><g v="sing"></g><g v="nomn"></g></l></v><v><l t="роман" id="308825"><g v="NOUN"></g><g v="inan"></g><g v="masc"></g><g v="sing"></g><g v="accs"></g></l></v><v><l t="роман" id="308826"><g v="NOUN"></g><g v="anim"></g><g v="masc"></g><g v="Sgtm"></g><g v="Surn"></g><g v="sing"></g><g v="nomn"></g></l></v><v><l t="роман" id="308827"><g v="NOUN"></g><g v="anim"></g><g v="femn"></g><g v="Sgtm"></g><g v="Fixd"></g><g v="Surn"></g><g v="sing"></g><g v="nomn"></g></l></v><v><l t="роман" id="308827"><g v="NOUN"></g><g v="anim"></g><g v="femn"></g><g v="Sgtm"></g><g v="Fixd"></g><g v="Surn"></g><g v="sing"></g><g v="gent"></g></l></v><v><l t="роман" id="308827"><g v="NOUN"></g><g v="anim"></g><g v="femn"></g><g v="Sgtm"></g><g v="Fixd"></g><g v="Surn"></g><g v="sing"></g><g v="datv"></g></l></v><v><l t="роман" id="308827"><g v="NOUN"></g><g v="anim"></g><g v="femn"></g><g v="Sgtm"></g><g v="Fixd"></g><g v="Surn"></g><g v="sing"></g><g v="accs"></g></l></v><v><l t="роман" id="308827"><g v="NOUN"></g><g v="anim"></g><g v="femn"></g><g v="Sgtm"></g><g v="Fixd"></g><g v="Surn"></g><g v="sing"></g><g v="ablt"></g></l></v><v><l t="роман" id="308827"><g v="NOUN"></g><g v="anim"></g><g v="femn"></g><g v="Sgtm"></g><g v="Fixd"></g><g v="Surn"></g><g v="sing"></g><g v="loct"></g></l></v><v><l t="роман" id="308829"><g v="NOUN"></g><g v="anim"></g><g v="masc"></g><g v="Name"></g><g v="sing"></g><g v="nomn"></g></l></v></tfr></token><token id="707198" text="вполне"><tfr rev_id="1539055" t="вполне"><v><l t="вполне" id="52647"><g v="ADVB"></g></l></v></tfr></token><token id="707199" text="реален"><tfr rev_id="1539056" t="реален"><v><l t="реален" id="304460"><g v="ADJS"></g><g v="Qual"></g><g v="masc"></g><g v="sing"></g></l></v></tfr></token><token id="707200" text="."><tfr rev_id="1539057" t="."><v><l t="." id="0"><g v="PNCT"></g></l></v></tfr></token></tokens></sentence><sentence id="39770"><source>В Америке он был опубликован ещё в позапрошлом году, и тамошние читатели уже имели возможность сравнить Хэнка Муди и с Чарльзом Буковски, и с Бретом Истоном Эллисом.</source><tokens><token id="707201" text="В"><tfr rev_id="1539058" t="В"><v><l t="в" id="37409"><g v="PREP"></g></l></v></tfr></token><token id="707202" text="Америке"><tfr rev_id="3537355" t="Америке"><v><l t="америка" id="11393"><g v="NOUN"></g><g v="inan"></g><g v="femn"></g><g v="Sgtm"></g><g v="Geox"></g><g v="sing"></g><g v="loct"></g></l></v></tfr></token><token id="707203" text="он"><tfr rev_id="3575882" t="он"><v><l t="он" id="206541"><g v="NPRO"></g><g v="masc"></g><g v="3per"></g><g v="Anph"></g><g v="sing"></g><g v="nomn"></g></l></v></tfr></token><token id="707204" text="был"><tfr rev_id="1539061" t="был"><v><l t="есть" id="37265"><g v="VERB"></g><g v="impf"></g><g v="intr"></g><g v="masc"></g><g v="sing"></g><g v="past"></g><g v="indc"></g></l></v></tfr></token><token id="707205" text="опубликован"><tfr rev_id="1539062" t="опубликован"><v><l t="опубликован" id="208373"><g v="PRTS"></g><g v="perf"></g><g v="past"></g><g v="pssv"></g><g v="masc"></g><g v="sing"></g></l></v></tfr></token><token id="707206" text="ещё"><tfr rev_id="1539063" t="ещё"><v><l t="ещё" id="95551"><g v="PRCL"></g></l></v><v><l t="ещё" id="95552"><g v="ADVB"></g></l></v></tfr></token><token id="707207" text="в"><tfr rev_id="1539064" t="в"><v><l t="в" id="37409"><g v="PREP"></g></l></v></tfr></token><token id="707208" text="позапрошлом"><tfr rev_id="3408374" t="позапрошлом"><v><l t="позапрошлый" id="253393"><g v="ADJF"></g><g v="masc"></g><g v="sing"></g><g v="loct"></g></l></v></tfr></token><token id="707209" text="году"><tfr rev_id="3045878" t="году"><v><l t="год" id="72149"><g v="NOUN"></g><g v="inan"></g><g v="masc"></g><g v="sing"></g><g v="loc2"></g></l></v></tfr></token><token id="707210" text=","><tfr rev_id="1539067" t=","><v><l t="," id="0"><g v="PNCT"></g></l></v></tfr></token><token id="707211" text="и"><tfr rev_id="1539068" t="и"><v><l t="и" id="116949"><g v="CONJ"></g></l></v><v><l t="и" id="116950"><g v="INTJ"></g></l></v></tfr></token><token id="707212" text="тамошние"><tfr rev_id="3793607" t="тамошние"><v><l t="тамошний" id="342854"><g v="ADJF"></g><g v="plur"></g><g v="nomn"></g></l></v></tfr></token><token id="707213" text="читатели"><tfr rev_id="1539070" t="читатели"><v><l t="читатель" id="376715"><g v="NOUN"></g><g v="anim"></g><g v="masc"></g><g v="plur"></g><g v="nomn"></g></l></v></tfr></token><token id="707214" text="уже"><tfr rev_id="2692929" t="уже"><v><l t="уж" id="355422"><g v="NOUN"></g><g v="anim"></g><g v="masc"></g><g v="sing"></g><g v="loct"></g></l></v><v><l t="уже" id="355498"><g v="ADVB"></g></l></v><v><l t="уже" id="355674"><g v="COMP"></g><g v="Qual"></g></l></v><v><l t="уже" id="388673"><g v="PRCL"></g></l></v></tfr></token><token id="707215" text="имели"><tfr rev_id="1539072" t="имели"><v><l t="имею" id="121610"><g v="VERB"></g><g v="impf"></g><g v="tran"></g><g v="plur"></g><g v="past"></g><g v="indc"></g></l></v></tfr></token><token id="707216" text="возможность"><tfr rev_id="1539073" t="возможность"><v><l t="возможность" id="49410"><g v="NOUN"></g><g v="inan"></g><g v="femn"></g><g v="sing"></g><g v="nomn"></g></l></v><v><l t="возможность" id="49410"><g v="NOUN"></g><g v="inan"></g><g v="femn"></g><g v="sing"></g><g v="accs"></g></l></v></tfr></token><token id="707217" text="сравнить"><tfr rev_id="1539074" t="сравнить"><v><l t="сравнить" id="333332"><g v="INFN"></g><g v="perf"></g><g v="tran"></g></l></v></tfr></token><token id="707218" text="Хэнка"><tfr rev_id="1539075" t="Хэнка"><v><l t="хэнка" id="0"><g v="UNKN"></g></l></v></tfr></token><token id="707219" text="Муди"><tfr rev_id="1539076" t="Муди"><v><l t="муди" id="0"><g v="UNKN"></g></l></v></tfr></token><token id="707220" text="и"><tfr rev_id="1539077" t="и"><v><l t="и" id="116949"><g v="CONJ"></g></l></v><v><l t="и" id="116950"><g v="INTJ"></g></l></v></tfr></token><token id="707221" text="с"><tfr rev_id="1539078" t="с"><v><l t="с" id="311151"><g v="PREP"></g></l></v></tfr></token><token id="707222" text="Чарльзом"><tfr rev_id="1539079" t="Чарльзом"><v><l t="чарльз" id="374680"><g v="NOUN"></g><g v="anim"></g><g v="masc"></g><g v="Name"></g><g v="sing"></g><g v="ablt"></g></l></v></tfr></token><token id="707223" text="Буковски"><tfr rev_id="1539080" t="Буковски"><v><l t="буковски" id="0"><g v="UNKN"></g></l></v></tfr></token><token id="707224" text=","><tfr rev_id="1539081" t=","><v><l t="," id="0"><g v="PNCT"></g></l></v></tfr></token><token id="707225" text="и"><tfr rev_id="1539082" t="и"><v><l t="и" id="116949"><g v="CONJ"></g></l></v><v><l t="и" id="116950"><g v="INTJ"></g></l></v></tfr></token><token id="707226" text="с"><tfr rev_id="1539083" t="с"><v><l t="с" id="311151"><g v="PREP"></g></l></v></tfr></token><token id="707227" text="Бретом"><tfr rev_id="1539084" t="Бретом"><v><l t="бретом" id="0"><g v="UNKN"></g></l></v></tfr></token><token id="707228" text="Истоном"><tfr rev_id="1539085" t="Истоном"><v><l t="истоном" id="0"><g v="UNKN"></g></l></v></tfr></token><token id="707229" text="Эллисом"><tfr rev_id="1539086" t="Эллисом"><v><l t="эллисом" id="0"><g v="UNKN"></g></l></v></tfr></token><token id="707230" text="."><tfr rev_id="1539087" t="."><v><l t="." id="0"><g v="PNCT"></g></l></v></tfr></token></tokens></sentence><sentence id="39771"><source>И, кажется, остались довольны.</source><tokens><token id="707231" text="И"><tfr rev_id="3409135" t="И"><v><l t="и" id="116949"><g v="CONJ"></g></l></v></tfr></token><token id="707232" text=","><tfr rev_id="1539089" t=","><v><l t="," id="0"><g v="PNCT"></g></l></v></tfr></token><token id="707233" text="кажется"><tfr rev_id="4214588" t="кажется"><v><l t="кажется" id="127876"><g v="CONJ"></g><g v="Prnt"></g></l></v></tfr></token><token id="707234" text=","><tfr rev_id="1539091" t=","><v><l t="," id="0"><g v="PNCT"></g></l></v></tfr></token><token id="707235" text="остались"><tfr rev_id="1539092" t="остались"><v><l t="остался" id="210896"><g v="VERB"></g><g v="perf"></g><g v="intr"></g><g v="plur"></g><g v="past"></g><g v="indc"></g></l></v></tfr></token><token id="707236" text="довольны"><tfr rev_id="1539093" t="довольны"><v><l t="доволен" id="86038"><g v="ADJS"></g><g v="Qual"></g><g v="plur"></g></l></v></tfr></token><token id="707237" text="."><tfr rev_id="1539094" t="."><v><l t="." id="0"><g v="PNCT"></g></l></v></tfr></token></tokens></sentence></paragraph><paragraph id="12791"><sentence id="39772"><source>Главный герой — юноша, которого родственник отправляет в Нью-Йорк за порцией марихуаны.</source><tokens><token id="707238" text="Главный"><tfr rev_id="1539095" t="Главный"><v><l t="главный" id="70842"><g v="ADJF"></g><g v="Qual"></g><g v="masc"></g><g v="sing"></g><g v="nomn"></g></l></v><v><l t="главный" id="70842"><g v="ADJF"></g><g v="Qual"></g><g v="inan"></g><g v="masc"></g><g v="sing"></g><g v="accs"></g></l></v></tfr></token><token id="707239" text="герой"><tfr rev_id="4077280" t="герой"><v><l t="герой" id="69212"><g v="NOUN"></g><g v="anim"></g><g v="masc"></g><g v="sing"></g><g v="nomn"></g></l></v></tfr></token><token id="707240" text="—"><tfr rev_id="2447496" t="—"><v><l t="—" id="0"><g v="PNCT"></g></l></v></tfr></token><token id="707241" text="юноша"><tfr rev_id="1539098" t="юноша"><v><l t="юноша" id="387069"><g v="NOUN"></g><g v="anim"></g><g v="masc"></g><g v="sing"></g><g v="nomn"></g></l></v></tfr></token><token id="707242" text=","><tfr rev_id="1539099" t=","><v><l t="," id="0"><g v="PNCT"></g></l></v></tfr></token><token id="707243" text="которого"><tfr rev_id="4206040" t="которого"><v><l t="который" id="141203"><g v="ADJF"></g><g v="Apro"></g><g v="Subx"></g><g v="Anph"></g><g v="masc"></g><g v="sing"></g><g v="gent"></g></l></v><v><l t="который" id="141203"><g v="ADJF"></g><g v="Apro"></g><g v="Subx"></g><g v="Anph"></g><g v="anim"></g><g v="masc"></g><g v="sing"></g><g v="accs"></g></l></v></tfr></token><token id="707244" text="родственник"><tfr rev_id="1539101" t="родственник"><v><l t="родственник" id="308412"><g v="NOUN"></g><g v="anim"></g><g v="masc"></g><g v="sing"></g><g v="nomn"></g></l></v></tfr></token><token id="707245" text="отправляет"><tfr rev_id="1539102" t="отправляет"><v><l t="отправляю" id="216950"><g v="VERB"></g><g v="impf"></g><g v="tran"></g><g v="sing"></g><g v="3per"></g><g v="pres"></g><g v="indc"></g></l></v></tfr></token><token id="707246" text="в"><tfr rev_id="1539103" t="в"><v><l t="в" id="37409"><g v="PREP"></g></l></v></tfr></token><token id="707247" text="Нью-Йорк"><tfr rev_id="4105882" t="Нью-Йорк"><v><l t="нью-йорк" id="192831"><g v="NOUN"></g><g v="inan"></g><g v="masc"></g><g v="Geox"></g><g v="sing"></g><g v="accs"></g></l></v></tfr></token><token id="707248" text="за"><tfr rev_id="1539105" t="за"><v><l t="за" id="98043"><g v="PREP"></g></l></v></tfr></token><token id="707249" text="порцией"><tfr rev_id="1539106" t="порцией"><v><l t="порция" id="260878"><g v="NOUN"></g><g v="inan"></g><g v="femn"></g><g v="sing"></g><g v="ablt"></g></l></v></tfr></token><token id="707250" text="марихуаны"><tfr rev_id="2908669" t="марихуаны"><v><l t="марихуана" id="155248"><g v="NOUN"></g><g v="inan"></g><g v="femn"></g><g v="sing"></g><g v="gent"></g></l></v></tfr></token><token id="707251" text="."><tfr rev_id="1539108" t="."><v><l t="." id="0"><g v="PNCT"></g></l></v></tfr></token></tokens></sentence><sentence id="39773"><source>Парень же травы купить забыл, зато устроился на работу курьером к наркодилеру.</source><tokens><token id="707252" text="Парень"><tfr rev_id="1539109" t="Парень"><v><l t="парень" id="224038"><g v="NOUN"></g><g v="anim"></g><g v="masc"></g><g v="sing"></g><g v="nomn"></g></l></v></tfr></token><token id="707253" text="же"><tfr rev_id="1539110" t="же"><v><l t="же" id="96208"><g v="CONJ"></g></l></v><v><l t="же" id="96209"><g v="PRCL"></g></l></v></tfr></token><token id="707254" text="травы"><tfr rev_id="2761288" t="травы"><v><l t="трава" id="348602"><g v="NOUN"></g><g v="inan"></g><g v="femn"></g><g v="sing"></g><g v="gent"></g></l></v></tfr></token><token id="707255" text="купить"><tfr rev_id="1539112" t="купить"><v><l t="купить" id="145084"><g v="INFN"></g><g v="perf"></g><g v="tran"></g></l></v></tfr></token><token id="707256" text="забыл"><tfr rev_id="1539113" t="забыл"><v><l t="забыл" id="99143"><g v="VERB"></g><g v="perf"></g><g v="tran"></g><g v="masc"></g><g v="sing"></g><g v="past"></g><g v="indc"></g></l></v></tfr></token><token id="707257" text=","><tfr rev_id="1539114" t=","><v><l t="," id="0"><g v="PNCT"></g></l></v></tfr></token><token id="707258" text="зато"><tfr rev_id="1539115" t="зато"><v><l t="зато" id="111564"><g v="CONJ"></g></l></v></tfr></token><token id="707259" text="устроился"><tfr rev_id="1539116" t="устроился"><v><l t="устроился" id="361248"><g v="VERB"></g><g v="perf"></g><g v="intr"></g><g v="masc"></g><g v="sing"></g><g v="past"></g><g v="indc"></g></l></v></tfr></token><token id="707260" text="на"><tfr rev_id="3393901" t="на"><v><l t="на" id="166264"><g v="PREP"></g></l></v></tfr></token><token id="707261" text="работу"><tfr rev_id="1539118" t="работу"><v><l t="работа" id="290501"><g v="NOUN"></g><g v="inan"></g><g v="femn"></g><g v="sing"></g><g v="accs"></g></l></v></tfr></token><token id="707262" text="курьером"><tfr rev_id="1539119" t="курьером"><v><l t="курьер" id="145607"><g v="NOUN"></g><g v="anim"></g><g v="masc"></g><g v="sing"></g><g v="ablt"></g></l></v></tfr></token><token id="707263" text="к"><tfr rev_id="1539120" t="к"><v><l t="к" id="127460"><g v="PREP"></g></l></v></tfr></token><token id="707264" text="наркодилеру"><tfr rev_id="1539121" t="наркодилеру"><v><l t="наркодилер" id="174643"><g v="NOUN"></g><g v="anim"></g><g v="masc"></g><g v="sing"></g><g v="datv"></g></l></v></tfr></token><token id="707265" text="."><tfr rev_id="1539122" t="."><v><l t="." id="0"><g v="PNCT"></g></l></v></tfr></token></tokens></sentence><sentence id="39774"><source>И жизнь его тут же приняла интересный оборот.</source><tokens><token id="707266" text="И"><tfr rev_id="3542377" t="И"><v><l t="и" id="116949"><g v="CONJ"></g></l></v></tfr></token><token id="707267" text="жизнь"><tfr rev_id="1539124" t="жизнь"><v><l t="жизнь" id="97314"><g v="NOUN"></g><g v="inan"></g><g v="femn"></g><g v="sing"></g><g v="nomn"></g></l></v><v><l t="жизнь" id="97314"><g v="NOUN"></g><g v="inan"></g><g v="femn"></g><g v="sing"></g><g v="accs"></g></l></v></tfr></token><token id="707268" text="его"><tfr rev_id="4512974" t="его"><v><l t="его" id="94208"><g v="ADJF"></g><g v="Fixd"></g><g v="Apro"></g><g v="Anph"></g><g v="femn"></g><g v="sing"></g><g v="nomn"></g></l></v><v><l t="его" id="94208"><g v="ADJF"></g><g v="Fixd"></g><g v="Apro"></g><g v="Anph"></g><g v="femn"></g><g v="sing"></g><g v="gent"></g></l></v><v><l t="его" id="94208"><g v="ADJF"></g><g v="Fixd"></g><g v="Apro"></g><g v="Anph"></g><g v="femn"></g><g v="sing"></g><g v="datv"></g></l></v><v><l t="его" id="94208"><g v="ADJF"></g><g v="Fixd"></g><g v="Apro"></g><g v="Anph"></g><g v="femn"></g><g v="sing"></g><g v="accs"></g></l></v><v><l t="его" id="94208"><g v="ADJF"></g><g v="Fixd"></g><g v="Apro"></g><g v="Anph"></g><g v="femn"></g><g v="sing"></g><g v="ablt"></g></l></v><v><l t="его" id="94208"><g v="ADJF"></g><g v="Fixd"></g><g v="Apro"></g><g v="Anph"></g><g v="femn"></g><g v="sing"></g><g v="loct"></g></l></v></tfr></token><token id="707269" text="тут"><tfr rev_id="4278325" t="тут"><v><l t="тут" id="351923"><g v="ADVB"></g><g v="Dmns"></g></l></v></tfr></token><token id="707270" text="же"><tfr rev_id="1539127" t="же"><v><l t="же" id="96208"><g v="CONJ"></g></l></v><v><l t="же" id="96209"><g v="PRCL"></g></l></v></tfr></token><token id="707271" text="приняла"><tfr rev_id="1539128" t="приняла"><v><l t="принял" id="272700"><g v="VERB"></g><g v="perf"></g><g v="tran"></g><g v="femn"></g><g v="sing"></g><g v="past"></g><g v="indc"></g></l></v></tfr></token><token id="707272" text="интересный"><tfr rev_id="3806601" t="интересный"><v><l t="интересный" id="123172"><g v="ADJF"></g><g v="Qual"></g><g v="inan"></g><g v="masc"></g><g v="sing"></g><g v="accs"></g></l></v></tfr></token><token id="707273" text="оборот"><tfr rev_id="4212716" t="оборот"><v><l t="оборот" id="198522"><g v="NOUN"></g><g v="inan"></g><g v="masc"></g><g v="sing"></g><g v="accs"></g></l></v></tfr></token><token id="707274" text="."><tfr rev_id="1539131" t="."><v><l t="." id="0"><g v="PNCT"></g></l></v></tfr></token></tokens></sentence></paragraph><paragraph id="12792"><sentence id="39775"><source>Ситуации, когда под авторством выдуманных персонажей в свет выходят вполне реальные книги, уже бывали.</source><tokens><token id="707275" text="Ситуации"><tfr rev_id="3795422" t="Ситуации"><v><l t="ситуация" id="321441"><g v="NOUN"></g><g v="inan"></g><g v="femn"></g><g v="plur"></g><g v="nomn"></g></l></v></tfr></token><token id="707276" text=","><tfr rev_id="1539133" t=","><v><l t="," id="0"><g v="PNCT"></g></l></v></tfr></token><token id="707277" text="когда"><tfr rev_id="1539134" t="когда"><v><l t="когда" id="135239"><g v="CONJ"></g></l></v><v><l t="когда" id="135240"><g v="ADVB"></g><g v="Ques"></g></l></v></tfr></token><token id="707278" text="под"><tfr rev_id="2601584" t="под"><v><l t="под" id="243755"><g v="PREP"></g></l></v></tfr></token><token id="707279" text="авторством"><tfr rev_id="1539136" t="авторством"><v><l t="авторство" id="3437"><g v="NOUN"></g><g v="inan"></g><g v="neut"></g><g v="sing"></g><g v="ablt"></g></l></v></tfr></token><token id="707280" text="выдуманных"><tfr rev_id="3944106" t="выдуманных"><v><l t="выдуманный" id="57220"><g v="PRTF"></g><g v="perf"></g><g v="tran"></g><g v="past"></g><g v="pssv"></g><g v="plur"></g><g v="gent"></g></l></v></tfr></token><token id="707281" text="персонажей"><tfr rev_id="4355604" t="персонажей"><v><l t="персонаж" id="237445"><g v="NOUN"></g><g v="anim"></g><g v="masc"></g><g v="Inmx"></g><g v="plur"></g><g v="gent"></g></l></v></tfr></token><token id="707282" text="в"><tfr rev_id="1539139" t="в"><v><l t="в" id="37409"><g v="PREP"></g></l></v></tfr></token><token id="707283" text="свет"><tfr rev_id="3695640" t="свет"><v><l t="свет" id="315472"><g v="NOUN"></g><g v="inan"></g><g v="masc"></g><g v="Sgtm"></g><g v="sing"></g><g v="accs"></g></l></v></tfr></token><token id="707284" text="выходят"><tfr rev_id="1539141" t="выходят"><v><l t="выхожу" id="63962"><g v="VERB"></g><g v="impf"></g><g v="intr"></g><g v="plur"></g><g v="3per"></g><g v="pres"></g><g v="indc"></g></l></v><v><l t="выходил" id="63967"><g v="VERB"></g><g v="perf"></g><g v="tran"></g><g v="plur"></g><g v="3per"></g><g v="futr"></g><g v="indc"></g></l></v></tfr></token><token id="707285" text="вполне"><tfr rev_id="1539142" t="вполне"><v><l t="вполне" id="52647"><g v="ADVB"></g></l></v></tfr></token><token id="707286" text="реальные"><tfr rev_id="4083130" t="реальные"><v><l t="реальный" id="304458"><g v="ADJF"></g><g v="Qual"></g><g v="plur"></g><g v="nomn"></g></l></v></tfr></token><token id="707287" text="книги"><tfr rev_id="3741346" t="книги"><v><l t="книга" id="134823"><g v="NOUN"></g><g v="inan"></g><g v="femn"></g><g v="plur"></g><g v="nomn"></g></l></v></tfr></token><token id="707288" text=","><tfr rev_id="1539145" t=","><v><l t="," id="0"><g v="PNCT"></g></l></v></tfr></token><token id="707289" text="уже"><tfr rev_id="2692930" t="уже"><v><l t="уж" id="355422"><g v="NOUN"></g><g v="anim"></g><g v="masc"></g><g v="sing"></g><g v="loct"></g></l></v><v><l t="уже" id="355498"><g v="ADVB"></g></l></v><v><l t="уже" id="355674"><g v="COMP"></g><g v="Qual"></g></l></v><v><l t="уже" id="388673"><g v="PRCL"></g></l></v></tfr></token><token id="707290" text="бывали"><tfr rev_id="1539147" t="бывали"><v><l t="бываю" id="36997"><g v="VERB"></g><g v="impf"></g><g v="intr"></g><g v="plur"></g><g v="past"></g><g v="indc"></g></l></v></tfr></token><token id="707291" text="."><tfr rev_id="1539148" t="."><v><l t="." id="0"><g v="PNCT"></g></l></v></tfr></token></tokens></sentence><sentence id="39776"><source>Был «Тайный дневник Лоры Палмер» (который написала дочь Дэвида Линча), был роман пассажира 815-го рейса «Зловещий близнец», в котором поклонники сериала Lost тщетно надеялись найти хоть какие-то ключи к хитросплетению сценария, и было множество романов Джессики Флетчер (неутомимая героиня сериала «Она написала убийство»).</source><tokens><token id="707292" text="Был"><tfr rev_id="1539149" t="Был"><v><l t="есть" id="37265"><g v="VERB"></g><g v="impf"></g><g v="intr"></g><g v="masc"></g><g v="sing"></g><g v="past"></g><g v="indc"></g></l></v></tfr></token><token id="707293" text="«"><tfr rev_id="2447497" t="«"><v><l t="«" id="0"><g v="PNCT"></g></l></v></tfr></token><token id="707294" text="Тайный"><tfr rev_id="4159825" t="Тайный"><v><l t="тайный" id="342432"><g v="ADJF"></g><g v="masc"></g><g v="sing"></g><g v="nomn"></g></l></v></tfr></token><token id="707295" text="дневник"><tfr rev_id="1539152" t="дневник"><v><l t="дневник" id="85113"><g v="NOUN"></g><g v="inan"></g><g v="masc"></g><g v="sing"></g><g v="nomn"></g></l></v><v><l t="дневник" id="85113"><g v="NOUN"></g><g v="inan"></g><g v="masc"></g><g v="sing"></g><g v="accs"></g></l></v></tfr></token><token id="707296" text="Лоры"><tfr rev_id="3436803" t="Лоры"><v><l t="лора" id="150939"><g v="NOUN"></g><g v="anim"></g><g v="femn"></g><g v="Name"></g><g v="sing"></g><g v="gent"></g></l></v></tfr></token><token id="707297" text="Палмер"><tfr rev_id="1539154" t="Палмер"><v><l t="палмер" id="0"><g v="UNKN"></g></l></v></tfr></token><token id="707298" text="»"><tfr rev_id="2447498" t="»"><v><l t="»" id="0"><g v="PNCT"></g></l></v></tfr></token><token id="707299" text="("><tfr rev_id="1539156" t="("><v><l t="(" id="0"><g v="PNCT"></g></l></v></tfr></token><token id="707300" text="который"><tfr rev_id="3637497" t="который"><v><l t="который" id="141203"><g v="ADJF"></g><g v="Apro"></g><g v="Subx"></g><g v="Anph"></g><g v="masc"></g><g v="sing"></g><g v="nomn"></g></l></v><v><l t="который" id="141203"><g v="ADJF"></g><g v="Apro"></g><g v="Subx"></g><g v="Anph"></g><g v="inan"></g><g v="masc"></g><g v="sing"></g><g v="accs"></g></l></v></tfr></token><token id="707301" text="написала"><tfr rev_id="1539158" t="написала"><v><l t="написал" id="173434"><g v="VERB"></g><g v="perf"></g><g v="tran"></g><g v="femn"></g><g v="sing"></g><g v="past"></g><g v="indc"></g></l></v></tfr></token><token id="707302" text="дочь"><tfr rev_id="4099134" t="дочь"><v><l t="дочь" id="91414"><g v="NOUN"></g><g v="anim"></g><g v="femn"></g><g v="sing"></g><g v="nomn"></g></l></v></tfr></token><token id="707303" text="Дэвида"><tfr rev_id="3689803" t="Дэвида"><v><l t="дэвид" id="93657"><g v="NOUN"></g><g v="anim"></g><g v="masc"></g><g v="Name"></g><g v="sing"></g><g v="gent"></g></l></v></tfr></token><token id="707304" text="Линча"><tfr rev_id="4452843" t="Линча"><v><l t="линч" id="390696"><g v="NOUN"></g><g v="anim"></g><g v="masc"></g><g v="Sgtm"></g><g v="Surn"></g><g v="sing"></g><g v="accs"></g></l></v><v><l t="линч" id="390696"><g v="NOUN"></g><g v="anim"></g><g v="masc"></g><g v="Sgtm"></g><g v="Surn"></g><g v="sing"></g><g v="gent"></g></l></v></tfr></token><token id="707305" text=")"><tfr rev_id="1539162" t=")"><v><l t=")" id="0"><g v="PNCT"></g></l></v></tfr></token><token id="707306" text=","><tfr rev_id="1539163" t=","><v><l t="," id="0"><g v="PNCT"></g></l></v></tfr></token><token id="707307" text="был"><tfr rev_id="1539164" t="был"><v><l t="есть" id="37265"><g v="VERB"></g><g v="impf"></g><g v="intr"></g><g v="masc"></g><g v="sing"></g><g v="past"></g><g v="indc"></g></l></v></tfr></token><token id="707308" text="роман"><tfr rev_id="4454957" t="роман"><v><l t="роман" id="308825"><g v="NOUN"></g><g v="inan"></g><g v="masc"></g><g v="sing"></g><g v="nomn"></g></l></v></tfr></token><token id="707309" text="пассажира"><tfr rev_id="2826796" t="пассажира"><v><l t="пассажир" id="224760"><g v="NOUN"></g><g v="anim"></g><g v="masc"></g><g v="sing"></g><g v="gent"></g></l></v></tfr></token><token id="707310" text="815-го"><tfr rev_id="1539167" t="815-го"><v><l t="815-го" id="0"><g v="UNKN"></g></l></v></tfr></token><token id="707311" text="рейса"><tfr rev_id="1539168" t="рейса"><v><l t="рейс" id="305589"><g v="NOUN"></g><g v="inan"></g><g v="masc"></g><g v="sing"></g><g v="gent"></g></l></v></tfr></token><token id="707312" text="«"><tfr rev_id="2447499" t="«"><v><l t="«" id="0"><g v="PNCT"></g></l></v></tfr></token><token id="707313" text="Зловещий"><tfr rev_id="1539170" t="Зловещий"><v><l t="зловещий" id="115650"><g v="ADJF"></g><g v="Qual"></g><g v="masc"></g><g v="sing"></g><g v="nomn"></g></l></v><v><l t="зловещий" id="115650"><g v="ADJF"></g><g v="Qual"></g><g v="inan"></g><g v="masc"></g><g v="sing"></g><g v="accs"></g></l></v></tfr></token><token id="707314" text="близнец"><tfr rev_id="1539171" t="близнец"><v><l t="близнец" id="30873"><g v="NOUN"></g><g v="anim"></g><g v="masc"></g><g v="sing"></g><g v="nomn"></g></l></v></tfr></token><token id="707315" text="»"><tfr rev_id="2447500" t="»"><v><l t="»" id="0"><g v="PNCT"></g></l></v></tfr></token><token id="707316" text=","><tfr rev_id="1539173" t=","><v><l t="," id="0"><g v="PNCT"></g></l></v></tfr></token><token id="707317" text="в"><tfr rev_id="1539174" t="в"><v><l t="в" id="37409"><g v="PREP"></g></l></v></tfr></token><token id="707318" text="котором"><tfr rev_id="4372284" t="котором"><v><l t="который" id="141203"><g v="ADJF"></g><g v="Apro"></g><g v="Subx"></g><g v="Anph"></g><g v="masc"></g><g v="sing"></g><g v="loct"></g></l></v></tfr></token><token id="707319" text="поклонники"><tfr rev_id="1539176" t="поклонники"><v><l t="поклонник" id="254382"><g v="NOUN"></g><g v="anim"></g><g v="masc"></g><g v="plur"></g><g v="nomn"></g></l></v></tfr></token><token id="707320" text="сериала"><tfr rev_id="1539177" t="сериала"><v><l t="сериал" id="319271"><g v="NOUN"></g><g v="inan"></g><g v="masc"></g><g v="sing"></g><g v="gent"></g></l></v></tfr></token><token id="707321" text="Lost"><tfr rev_id="2475557" t="Lost"><v><l t="Lost" id="0"><g v="LATN"></g></l></v></tfr></token><token id="707322" text="тщетно"><tfr rev_id="4100944" t="тщетно"><v><l t="тщетно" id="352119"><g v="ADVB"></g></l></v></tfr></token><token id="707323" text="надеялись"><tfr rev_id="1539180" t="надеялись"><v><l t="надеюсь" id="168805"><g v="VERB"></g><g v="impf"></g><g v="intr"></g><g v="plur"></g><g v="past"></g><g v="indc"></g></l></v></tfr></token><token id="707324" text="найти"><tfr rev_id="1539181" t="найти"><v><l t="найти" id="170612"><g v="INFN"></g><g v="perf"></g><g v="tran"></g></l></v></tfr></token><token id="707325" text="хоть"><tfr rev_id="1539182" t="хоть"><v><l t="хоть" id="371728"><g v="PRCL"></g></l></v><v><l t="хоть" id="371729"><g v="CONJ"></g></l></v></tfr></token><token id="707326" text="какие-то"><tfr rev_id="3751813" t="какие-то"><v><l t="какой-то" id="128227"><g v="ADJF"></g><g v="Apro"></g><g v="inan"></g><g v="plur"></g><g v="accs"></g></l></v></tfr></token><token id="707327" text="ключи"><tfr rev_id="3716411" t="ключи"><v><l t="ключ" id="134733"><g v="NOUN"></g><g v="inan"></g><g v="masc"></g><g v="plur"></g><g v="accs"></g></l></v></tfr></token><token id="707328" text="к"><tfr rev_id="1539185" t="к"><v><l t="к" id="127460"><g v="PREP"></g></l></v></tfr></token><token id="707329" text="хитросплетению"><tfr rev_id="1539186" t="хитросплетению"><v><l t="хитросплетение" id="370333"><g v="NOUN"></g><g v="inan"></g><g v="neut"></g><g v="sing"></g><g v="datv"></g></l></v></tfr></token><token id="707330" text="сценария"><tfr rev_id="1539187" t="сценария"><v><l t="сценарий" id="341042"><g v="NOUN"></g><g v="inan"></g><g v="masc"></g><g v="sing"></g><g v="gent"></g></l></v></tfr></token><token id="707331" text=","><tfr rev_id="1539188" t=","><v><l t="," id="0"><g v="PNCT"></g></l></v></tfr></token><token id="707332" text="и"><tfr rev_id="1539189" t="и"><v><l t="и" id="116949"><g v="CONJ"></g></l></v><v><l t="и" id="116950"><g v="INTJ"></g></l></v></tfr></token><token id="707333" text="было"><tfr rev_id="2780924" t="было"><v><l t="есть" id="37265"><g v="VERB"></g><g v="impf"></g><g v="intr"></g><g v="neut"></g><g v="sing"></g><g v="past"></g><g v="indc"></g></l></v></tfr></token><token id="707334" text="множество"><tfr rev_id="4233474" t="множество"><v><l t="множество" id="162121"><g v="NOUN"></g><g v="inan"></g><g v="neut"></g><g v="sing"></g><g v="nomn"></g></l></v></tfr></token><token id="707335" text="романов"><tfr rev_id="4342750" t="романов"><v><l t="роман" id="308825"><g v="NOUN"></g><g v="inan"></g><g v="masc"></g><g v="plur"></g><g v="gent"></g></l></v></tfr></token><token id="707336" text="Джессики"><tfr rev_id="3445185" t="Джессики"><v><l t="джессика" id="82954"><g v="NOUN"></g><g v="anim"></g><g v="femn"></g><g v="Name"></g><g v="sing"></g><g v="gent"></g></l></v></tfr></token><token id="707337" text="Флетчер"><tfr rev_id="1539194" t="Флетчер"><v><l t="флетчер" id="0"><g v="UNKN"></g></l></v></tfr></token><token id="707338" text="("><tfr rev_id="1539195" t="("><v><l t="(" id="0"><g v="PNCT"></g></l></v></tfr></token><token id="707339" text="неутомимая"><tfr rev_id="1539196" t="неутомимая"><v><l t="неутомимый" id="189546"><g v="ADJF"></g><g v="Qual"></g><g v="femn"></g><g v="sing"></g><g v="nomn"></g></l></v></tfr></token><token id="707340" text="героиня"><tfr rev_id="1539197" t="героиня"><v><l t="героиня" id="69209"><g v="NOUN"></g><g v="anim"></g><g v="femn"></g><g v="sing"></g><g v="nomn"></g></l></v></tfr></token><token id="707341" text="сериала"><tfr rev_id="1539198" t="сериала"><v><l t="сериал" id="319271"><g v="NOUN"></g><g v="inan"></g><g v="masc"></g><g v="sing"></g><g v="gent"></g></l></v></tfr></token><token id="707342" text="«"><tfr rev_id="2447501" t="«"><v><l t="«" id="0"><g v="PNCT"></g></l></v></tfr></token><token id="707343" text="Она"><tfr rev_id="3586595" t="Она"><v><l t="она" id="206544"><g v="NPRO"></g><g v="femn"></g><g v="3per"></g><g v="Anph"></g><g v="sing"></g><g v="nomn"></g></l></v></tfr></token><token id="707344" text="написала"><tfr rev_id="1539201" t="написала"><v><l t="написал" id="173434"><g v="VERB"></g><g v="perf"></g><g v="tran"></g><g v="femn"></g><g v="sing"></g><g v="past"></g><g v="indc"></g></l></v></tfr></token><token id="707345" text="убийство"><tfr rev_id="1539202" t="убийство"><v><l t="убийство" id="352998"><g v="NOUN"></g><g v="inan"></g><g v="neut"></g><g v="sing"></g><g v="nomn"></g></l></v><v><l t="убийство" id="352998"><g v="NOUN"></g><g v="inan"></g><g v="neut"></g><g v="sing"></g><g v="accs"></g></l></v></tfr></token><token id="707346" text="»"><tfr rev_id="2447502" t="»"><v><l t="»" id="0"><g v="PNCT"></g></l></v></tfr></token><token id="707347" text=")"><tfr rev_id="1539204" t=")"><v><l t=")" id="0"><g v="PNCT"></g></l></v></tfr></token><token id="707348" text="."><tfr rev_id="1539205" t="."><v><l t="." id="0"><g v="PNCT"></g></l></v></tfr></token></tokens></sentence></paragraph><paragraph id="12793"><sentence id="39777"><source>Словом, зрители не хотят расставаться с героями любимых сериалов, а издатели охотно потакают их желаниям.</source><tokens><token id="707349" text="Словом"><tfr rev_id="4453988" t="Словом"><v><l t="словом" id="325181"><g v="CONJ"></g><g v="Prnt"></g></l></v></tfr></token><token id="707350" text=","><tfr rev_id="1539207" t=","><v><l t="," id="0"><g v="PNCT"></g></l></v></tfr></token><token id="707351" text="зрители"><tfr rev_id="1539208" t="зрители"><v><l t="зритель" id="116577"><g v="NOUN"></g><g v="anim"></g><g v="masc"></g><g v="plur"></g><g v="nomn"></g></l></v></tfr></token><token id="707352" text="не"><tfr rev_id="1539209" t="не"><v><l t="не" id="178876"><g v="PRCL"></g></l></v></tfr></token><token id="707353" text="хотят"><tfr rev_id="1539210" t="хотят"><v><l t="хочу" id="371713"><g v="VERB"></g><g v="impf"></g><g v="tran"></g><g v="plur"></g><g v="3per"></g><g v="pres"></g><g v="indc"></g></l></v></tfr></token><token id="707354" text="расставаться"><tfr rev_id="1539211" t="расставаться"><v><l t="расставаться" id="301386"><g v="INFN"></g><g v="impf"></g><g v="intr"></g></l></v></tfr></token><token id="707355" text="с"><tfr rev_id="1539212" t="с"><v><l t="с" id="311151"><g v="PREP"></g></l></v></tfr></token><token id="707356" text="героями"><tfr rev_id="1539213" t="героями"><v><l t="герой" id="69212"><g v="NOUN"></g><g v="anim"></g><g v="masc"></g><g v="plur"></g><g v="ablt"></g></l></v></tfr></token><token id="707357" text="любимых"><tfr rev_id="1539214" t="любимых"><v><l t="любимый" id="151959"><g v="ADJF"></g><g v="Subx"></g><g v="Qual"></g><g v="plur"></g><g v="gent"></g></l></v><v><l t="любимый" id="151959"><g v="ADJF"></g><g v="Subx"></g><g v="Qual"></g><g v="anim"></g><g v="plur"></g><g v="accs"></g></l></v><v><l t="любимый" id="151959"><g v="ADJF"></g><g v="Subx"></g><g v="Qual"></g><g v="plur"></g><g v="loct"></g></l></v><v><l t="любимый" id="151975"><g v="PRTF"></g><g v="Subx"></g><g v="impf"></g><g v="tran"></g><g v="pres"></g><g v="pssv"></g><g v="plur"></g><g v="gent"></g></l></v><v><l t="любимый" id="151975"><g v="PRTF"></g><g v="Subx"></g><g v="impf"></g><g v="tran"></g><g v="pres"></g><g v="pssv"></g><g v="anim"></g><g v="plur"></g><g v="accs"></g></l></v><v><l t="любимый" id="151975"><g v="PRTF"></g><g v="Subx"></g><g v="impf"></g><g v="tran"></g><g v="pres"></g><g v="pssv"></g><g v="plur"></g><g v="loct"></g></l></v></tfr></token><token id="707358" text="сериалов"><tfr rev_id="1539215" t="сериалов"><v><l t="сериал" id="319271"><g v="NOUN"></g><g v="inan"></g><g v="masc"></g><g v="plur"></g><g v="gent"></g></l></v></tfr></token><token id="707359" text=","><tfr rev_id="1539216" t=","><v><l t="," id="0"><g v="PNCT"></g></l></v></tfr></token><token id="707360" text="а"><tfr rev_id="1539217" t="а"><v><l t="а" id="51"><g v="CONJ"></g></l></v><v><l t="а" id="52"><g v="INTJ"></g></l></v><v><l t="а" id="53"><g v="PRCL"></g></l></v></tfr></token><token id="707361" text="издатели"><tfr rev_id="1539218" t="издатели"><v><l t="издатель" id="118744"><g v="NOUN"></g><g v="anim"></g><g v="masc"></g><g v="plur"></g><g v="nomn"></g></l></v></tfr></token><token id="707362" text="охотно"><tfr rev_id="3657039" t="охотно"><v><l t="охотно" id="221308"><g v="ADVB"></g></l></v></tfr></token><token id="707363" text="потакают"><tfr rev_id="1539220" t="потакают"><v><l t="потакаю" id="262893"><g v="VERB"></g><g v="impf"></g><g v="intr"></g><g v="plur"></g><g v="3per"></g><g v="pres"></g><g v="indc"></g></l></v></tfr></token><token id="707364" text="их"><tfr rev_id="4478594" t="их"><v><l t="их" id="127205"><g v="ADJF"></g><g v="Fixd"></g><g v="Apro"></g><g v="Anph"></g><g v="plur"></g><g v="nomn"></g></l></v><v><l t="их" id="127205"><g v="ADJF"></g><g v="Fixd"></g><g v="Apro"></g><g v="Anph"></g><g v="plur"></g><g v="gent"></g></l></v><v><l t="их" id="127205"><g v="ADJF"></g><g v="Fixd"></g><g v="Apro"></g><g v="Anph"></g><g v="plur"></g><g v="datv"></g></l></v><v><l t="их" id="127205"><g v="ADJF"></g><g v="Fixd"></g><g v="Apro"></g><g v="Anph"></g><g v="plur"></g><g v="accs"></g></l></v><v><l t="их" id="127205"><g v="ADJF"></g><g v="Fixd"></g><g v="Apro"></g><g v="Anph"></g><g v="plur"></g><g v="ablt"></g></l></v><v><l t="их" id="127205"><g v="ADJF"></g><g v="Fixd"></g><g v="Apro"></g><g v="Anph"></g><g v="plur"></g><g v="loct"></g></l></v></tfr></token><token id="707365" text="желаниям"><tfr rev_id="1539222" t="желаниям"><v><l t="желание" id="96267"><g v="NOUN"></g><g v="inan"></g><g v="neut"></g><g v="plur"></g><g v="datv"></g></l></v></tfr></token><token id="707366" text="."><tfr rev_id="1539223" t="."><v><l t="." id="0"><g v="PNCT"></g></l></v></tfr></token></tokens></sentence><sentence id="39778"><source>Мы только за!</source><tokens><token id="707367" text="Мы"><tfr rev_id="1539224" t="Мы"><v><l t="мы" id="165750"><g v="NPRO"></g><g v="1per"></g><g v="plur"></g><g v="nomn"></g></l></v></tfr></token><token id="707368" text="только"><tfr rev_id="3784230" t="только"><v><l t="только" id="347395"><g v="CONJ"></g></l></v><v><l t="только" id="347396"><g v="PRCL"></g></l></v><v><l t="только" id="390053"><g v="ADVB"></g></l></v></tfr></token><token id="707369" text="за"><tfr rev_id="1539226" t="за"><v><l t="за" id="98043"><g v="PREP"></g></l></v></tfr></token><token id="707370" text="!"><tfr rev_id="1539227" t="!"><v><l t="!" id="0"><g v="PNCT"></g></l></v></tfr></token></tokens></sentence><sentence id="39779"><source>Надо же как-то коротать время между сериями.</source><tokens><token id="707371" text="Надо"><tfr rev_id="4329136" t="Надо"><v><l t="надо" id="169144"><g v="PRED"></g><g v="pres"></g></l></v></tfr></token><token id="707372" text="же"><tfr rev_id="1539229" t="же"><v><l t="же" id="96208"><g v="CONJ"></g></l></v><v><l t="же" id="96209"><g v="PRCL"></g></l></v></tfr></token><token id="707373" text="как-то"><tfr rev_id="1539230" t="как-то"><v><l t="как-то" id="128196"><g v="ADVB"></g></l></v></tfr></token><token id="707374" text="коротать"><tfr rev_id="1539231" t="коротать"><v><l t="коротать" id="140021"><g v="INFN"></g><g v="impf"></g><g v="tran"></g></l></v></tfr></token><token id="707375" text="время"><tfr rev_id="1539232" t="время"><v><l t="время" id="53149"><g v="NOUN"></g><g v="inan"></g><g v="neut"></g><g v="sing"></g><g v="nomn"></g></l></v><v><l t="время" id="53149"><g v="NOUN"></g><g v="inan"></g><g v="neut"></g><g v="sing"></g><g v="accs"></g></l></v></tfr></token><token id="707376" text="между"><tfr rev_id="1539233" t="между"><v><l t="между" id="157306"><g v="PREP"></g></l></v></tfr></token><token id="707377" text="сериями"><tfr rev_id="1539234" t="сериями"><v><l t="серия" id="319321"><g v="NOUN"></g><g v="inan"></g><g v="femn"></g><g v="plur"></g><g v="ablt"></g></l></v></tfr></token><token id="707378" text="."><tfr rev_id="1539235" t="."><v><l t="." id="0"><g v="PNCT"></g></l></v></tfr></token></tokens></sentence></paragraph></paragraphs></text>