<?xml version="1.0" encoding="utf-8"?><text id="1411" parent="56" name="Во Франции продолжаются акции протеста"><tags><tag>Автор:http://ru.wikinews.org/wiki/Участник:Artem Korzhimanov</tag><tag>Дата:17/10</tag><tag>Год:2010</tag><tag>Тема:ВикиКатегория:Демонстрации</tag><tag>Тема:ВикиКатегория:Забастовки во Франции</tag><tag>Гео:ВикиКатегория:Европа</tag><tag>Гео:ВикиКатегория:Франция</tag><tag>url:http://ru.wikinews.org/w/index.php?title=Во_Франции_продолжаются_акции_протеста&amp;oldid=62524</tag></tags><paragraphs><paragraph id="12796"><sentence id="39789"><source>Десятки тысяч человек вышли 16 октября на улицы французских городов с новыми протестами против повышения пенсионного возраста.</source><tokens><token id="707520" text="Десятки"><tfr rev_id="4323912" t="Десятки"><v><l t="десятка" id="82098"><g v="NOUN"></g><g v="inan"></g><g v="femn"></g><g v="plur"></g><g v="accs"></g></l></v><v><l t="десятка" id="82098"><g v="NOUN"></g><g v="inan"></g><g v="femn"></g><g v="plur"></g><g v="nomn"></g></l></v><v><l t="десятка" id="82098"><g v="NOUN"></g><g v="inan"></g><g v="femn"></g><g v="sing"></g><g v="gent"></g></l></v><v><l t="десяток" id="82106"><g v="NOUN"></g><g v="inan"></g><g v="masc"></g><g v="plur"></g><g v="accs"></g></l></v><v><l t="десяток" id="82106"><g v="NOUN"></g><g v="inan"></g><g v="masc"></g><g v="plur"></g><g v="nomn"></g></l></v></tfr></token><token id="707521" text="тысяч"><tfr rev_id="1539378" t="тысяч"><v><l t="тысяча" id="352230"><g v="NOUN"></g><g v="inan"></g><g v="femn"></g><g v="plur"></g><g v="gent"></g></l></v></tfr></token><token id="707522" text="человек"><tfr rev_id="3469618" t="человек"><v><l t="человек" id="375073"><g v="NOUN"></g><g v="anim"></g><g v="masc"></g><g v="plur"></g><g v="gent"></g></l></v></tfr></token><token id="707523" text="вышли"><tfr rev_id="1539380" t="вышли"><v><l t="вышел" id="57749"><g v="VERB"></g><g v="perf"></g><g v="intr"></g><g v="plur"></g><g v="past"></g><g v="indc"></g></l></v><v><l t="выслал" id="61969"><g v="VERB"></g><g v="perf"></g><g v="tran"></g><g v="sing"></g><g v="impr"></g><g v="excl"></g></l></v></tfr></token><token id="707524" text="16"><tfr rev_id="2462968" t="16"><v><l t="16" id="0"><g v="NUMB"></g></l></v></tfr></token><token id="707525" text="октября"><tfr rev_id="1539382" t="октября"><v><l t="октябрь" id="205725"><g v="NOUN"></g><g v="inan"></g><g v="masc"></g><g v="sing"></g><g v="gent"></g></l></v></tfr></token><token id="707526" text="на"><tfr rev_id="2913313" t="на"><v><l t="на" id="166264"><g v="PREP"></g></l></v><v><l t="на" id="388676"><g v="INTJ"></g></l></v></tfr></token><token id="707527" text="улицы"><tfr rev_id="3794948" t="улицы"><v><l t="улица" id="356890"><g v="NOUN"></g><g v="inan"></g><g v="femn"></g><g v="plur"></g><g v="accs"></g></l></v></tfr></token><token id="707528" text="французских"><tfr rev_id="3709263" t="французских"><v><l t="французский" id="368078"><g v="ADJF"></g><g v="plur"></g><g v="gent"></g></l></v></tfr></token><token id="707529" text="городов"><tfr rev_id="3501347" t="городов"><v><l t="город" id="73547"><g v="NOUN"></g><g v="inan"></g><g v="masc"></g><g v="plur"></g><g v="gent"></g></l></v></tfr></token><token id="707530" text="с"><tfr rev_id="1539387" t="с"><v><l t="с" id="311151"><g v="PREP"></g></l></v></tfr></token><token id="707531" text="новыми"><tfr rev_id="4262566" t="новыми"><v><l t="новый" id="191918"><g v="ADJF"></g><g v="Qual"></g><g v="plur"></g><g v="ablt"></g></l></v></tfr></token><token id="707532" text="протестами"><tfr rev_id="1539389" t="протестами"><v><l t="протест" id="285757"><g v="NOUN"></g><g v="inan"></g><g v="masc"></g><g v="plur"></g><g v="ablt"></g></l></v></tfr></token><token id="707533" text="против"><tfr rev_id="4485096" t="против"><v><l t="против" id="285790"><g v="PREP"></g></l></v></tfr></token><token id="707534" text="повышения"><tfr rev_id="4100199" t="повышения"><v><l t="повышение" id="243063"><g v="NOUN"></g><g v="inan"></g><g v="neut"></g><g v="sing"></g><g v="gent"></g></l></v></tfr></token><token id="707535" text="пенсионного"><tfr rev_id="3454231" t="пенсионного"><v><l t="пенсионный" id="226077"><g v="ADJF"></g><g v="Qual"></g><g v="masc"></g><g v="sing"></g><g v="gent"></g></l></v><v><l t="пенсионный" id="226077"><g v="ADJF"></g><g v="Qual"></g><g v="anim"></g><g v="masc"></g><g v="sing"></g><g v="accs"></g></l></v></tfr></token><token id="707536" text="возраста"><tfr rev_id="1539393" t="возраста"><v><l t="возраст" id="49611"><g v="NOUN"></g><g v="inan"></g><g v="masc"></g><g v="sing"></g><g v="gent"></g></l></v></tfr></token><token id="707537" text="."><tfr rev_id="1539394" t="."><v><l t="." id="0"><g v="PNCT"></g></l></v></tfr></token></tokens></sentence><sentence id="39790"><source>Самый массовый митинг прошел в Париже.</source><tokens><token id="707538" text="Самый"><tfr rev_id="3806673" t="Самый"><v><l t="самый" id="313174"><g v="ADJF"></g><g v="Apro"></g><g v="masc"></g><g v="sing"></g><g v="nomn"></g></l></v></tfr></token><token id="707539" text="массовый"><tfr rev_id="1539396" t="массовый"><v><l t="массовый" id="156047"><g v="ADJF"></g><g v="masc"></g><g v="sing"></g><g v="nomn"></g></l></v><v><l t="массовый" id="156047"><g v="ADJF"></g><g v="inan"></g><g v="masc"></g><g v="sing"></g><g v="accs"></g></l></v></tfr></token><token id="707540" text="митинг"><tfr rev_id="4105925" t="митинг"><v><l t="митинг" id="161094"><g v="NOUN"></g><g v="inan"></g><g v="masc"></g><g v="sing"></g><g v="nomn"></g></l></v></tfr></token><token id="707541" text="прошел"><tfr rev_id="1539398" t="прошел"><v><l t="прошёл" id="280310"><g v="VERB"></g><g v="perf"></g><g v="tran"></g><g v="masc"></g><g v="sing"></g><g v="past"></g><g v="indc"></g></l></v></tfr></token><token id="707542" text="в"><tfr rev_id="1539399" t="в"><v><l t="в" id="37409"><g v="PREP"></g></l></v></tfr></token><token id="707543" text="Париже"><tfr rev_id="1539400" t="Париже"><v><l t="париж" id="224045"><g v="NOUN"></g><g v="inan"></g><g v="masc"></g><g v="Sgtm"></g><g v="Geox"></g><g v="sing"></g><g v="loct"></g></l></v></tfr></token><token id="707544" text="."><tfr rev_id="1539401" t="."><v><l t="." id="0"><g v="PNCT"></g></l></v></tfr></token></tokens></sentence></paragraph><paragraph id="12797"><sentence id="39791"><source>Суббота стала пятым днем забастовки, в результате которой остановились поезда и не летают самолеты — cтачка работников нефтеперерабатывающих предприятий привела к нехватке топлива в стране.</source><tokens><token id="707545" text="Суббота"><tfr rev_id="1539402" t="Суббота"><v><l t="суббота" id="338556"><g v="NOUN"></g><g v="inan"></g><g v="femn"></g><g v="sing"></g><g v="nomn"></g></l></v></tfr></token><token id="707546" text="стала"><tfr rev_id="1539403" t="стала"><v><l t="стал" id="335164"><g v="VERB"></g><g v="perf"></g><g v="intr"></g><g v="femn"></g><g v="sing"></g><g v="past"></g><g v="indc"></g></l></v></tfr></token><token id="707547" text="пятым"><tfr rev_id="4311132" t="пятым"><v><l t="пятый" id="290439"><g v="ADJF"></g><g v="Anum"></g><g v="masc"></g><g v="sing"></g><g v="ablt"></g></l></v></tfr></token><token id="707548" text="днем"><tfr rev_id="4264036" t="днем"><v><l t="день" id="81427"><g v="NOUN"></g><g v="inan"></g><g v="masc"></g><g v="sing"></g><g v="ablt"></g></l></v></tfr></token><token id="707549" text="забастовки"><tfr rev_id="3500639" t="забастовки"><v><l t="забастовка" id="98356"><g v="NOUN"></g><g v="inan"></g><g v="femn"></g><g v="sing"></g><g v="gent"></g></l></v></tfr></token><token id="707550" text=","><tfr rev_id="1539407" t=","><v><l t="," id="0"><g v="PNCT"></g></l></v></tfr></token><token id="707551" text="в"><tfr rev_id="1539408" t="в"><v><l t="в" id="37409"><g v="PREP"></g></l></v></tfr></token><token id="707552" text="результате"><tfr rev_id="1539409" t="результате"><v><l t="результат" id="305391"><g v="NOUN"></g><g v="inan"></g><g v="masc"></g><g v="sing"></g><g v="loct"></g></l></v></tfr></token><token id="707553" text="которой"><tfr rev_id="3640496" t="которой"><v><l t="который" id="141203"><g v="ADJF"></g><g v="Apro"></g><g v="Subx"></g><g v="Anph"></g><g v="femn"></g><g v="sing"></g><g v="gent"></g></l></v></tfr></token><token id="707554" text="остановились"><tfr rev_id="1539411" t="остановились"><v><l t="остановился" id="210865"><g v="VERB"></g><g v="perf"></g><g v="intr"></g><g v="plur"></g><g v="past"></g><g v="indc"></g></l></v></tfr></token><token id="707555" text="поезда"><tfr rev_id="3796910" t="поезда"><v><l t="поезд" id="252961"><g v="NOUN"></g><g v="inan"></g><g v="masc"></g><g v="plur"></g><g v="nomn"></g></l></v></tfr></token><token id="707556" text="и"><tfr rev_id="1539413" t="и"><v><l t="и" id="116949"><g v="CONJ"></g></l></v><v><l t="и" id="116950"><g v="INTJ"></g></l></v></tfr></token><token id="707557" text="не"><tfr rev_id="1539414" t="не"><v><l t="не" id="178876"><g v="PRCL"></g></l></v></tfr></token><token id="707558" text="летают"><tfr rev_id="1539415" t="летают"><v><l t="летаю" id="148669"><g v="VERB"></g><g v="impf"></g><g v="intr"></g><g v="plur"></g><g v="3per"></g><g v="pres"></g><g v="indc"></g></l></v></tfr></token><token id="707559" text="самолеты"><tfr rev_id="3749484" t="самолеты"><v><l t="самолёт" id="312513"><g v="NOUN"></g><g v="inan"></g><g v="masc"></g><g v="plur"></g><g v="nomn"></g></l></v></tfr></token><token id="707560" text="—"><tfr rev_id="2447505" t="—"><v><l t="—" id="0"><g v="PNCT"></g></l></v></tfr></token><token id="707561" text="cтачка"><tfr rev_id="1539418" t="cтачка"><v><l t="cтачка" id="0"><g v="UNKN"></g></l></v></tfr></token><token id="707562" text="работников"><tfr rev_id="4458981" t="работников"><v><l t="работник" id="290512"><g v="NOUN"></g><g v="anim"></g><g v="masc"></g><g v="plur"></g><g v="gent"></g></l></v></tfr></token><token id="707563" text="нефтеперерабатывающих"><tfr rev_id="3646543" t="нефтеперерабатывающих"><v><l t="нефтеперерабатывающий" id="189793"><g v="ADJF"></g><g v="plur"></g><g v="gent"></g></l></v></tfr></token><token id="707564" text="предприятий"><tfr rev_id="1539421" t="предприятий"><v><l t="предприятие" id="266920"><g v="NOUN"></g><g v="inan"></g><g v="neut"></g><g v="plur"></g><g v="gent"></g></l></v></tfr></token><token id="707565" text="привела"><tfr rev_id="1539422" t="привела"><v><l t="привёл" id="269205"><g v="VERB"></g><g v="perf"></g><g v="tran"></g><g v="femn"></g><g v="sing"></g><g v="past"></g><g v="indc"></g></l></v></tfr></token><token id="707566" text="к"><tfr rev_id="1539423" t="к"><v><l t="к" id="127460"><g v="PREP"></g></l></v></tfr></token><token id="707567" text="нехватке"><tfr rev_id="3309846" t="нехватке"><v><l t="нехватка" id="189883"><g v="NOUN"></g><g v="inan"></g><g v="femn"></g><g v="sing"></g><g v="datv"></g></l></v></tfr></token><token id="707568" text="топлива"><tfr rev_id="2372481" t="топлива"><v><l t="топливо" id="347847"><g v="NOUN"></g><g v="inan"></g><g v="neut"></g><g v="sing"></g><g v="gent"></g></l></v></tfr></token><token id="707569" text="в"><tfr rev_id="1539426" t="в"><v><l t="в" id="37409"><g v="PREP"></g></l></v></tfr></token><token id="707570" text="стране"><tfr rev_id="2737588" t="стране"><v><l t="страна" id="337100"><g v="NOUN"></g><g v="inan"></g><g v="femn"></g><g v="sing"></g><g v="loct"></g></l></v></tfr></token><token id="707571" text="."><tfr rev_id="1539428" t="."><v><l t="." id="0"><g v="PNCT"></g></l></v></tfr></token></tokens></sentence></paragraph><paragraph id="12798"><sentence id="39792"><source>Французские власти разрешили нефтяным компаниям использовать стратегический запас горючего.</source><tokens><token id="707572" text="Французские"><tfr rev_id="3794349" t="Французские"><v><l t="французский" id="368078"><g v="ADJF"></g><g v="plur"></g><g v="nomn"></g></l></v></tfr></token><token id="707573" text="власти"><tfr rev_id="3741423" t="власти"><v><l t="власть" id="46816"><g v="NOUN"></g><g v="inan"></g><g v="femn"></g><g v="plur"></g><g v="nomn"></g></l></v></tfr></token><token id="707574" text="разрешили"><tfr rev_id="1539431" t="разрешили"><v><l t="разрешил" id="296667"><g v="VERB"></g><g v="perf"></g><g v="tran"></g><g v="plur"></g><g v="past"></g><g v="indc"></g></l></v></tfr></token><token id="707575" text="нефтяным"><tfr rev_id="3459180" t="нефтяным"><v><l t="нефтяной" id="189860"><g v="ADJF"></g><g v="plur"></g><g v="datv"></g></l></v></tfr></token><token id="707576" text="компаниям"><tfr rev_id="1539433" t="компаниям"><v><l t="компания" id="137146"><g v="NOUN"></g><g v="inan"></g><g v="femn"></g><g v="plur"></g><g v="datv"></g></l></v></tfr></token><token id="707577" text="использовать"><tfr rev_id="1539434" t="использовать"><v><l t="использовать" id="125420"><g v="INFN"></g><g v="perf"></g><g v="tran"></g></l></v><v><l t="использовать" id="125421"><g v="INFN"></g><g v="impf"></g><g v="tran"></g></l></v></tfr></token><token id="707578" text="стратегический"><tfr rev_id="1539435" t="стратегический"><v><l t="стратегический" id="337167"><g v="ADJF"></g><g v="masc"></g><g v="sing"></g><g v="nomn"></g></l></v><v><l t="стратегический" id="337167"><g v="ADJF"></g><g v="inan"></g><g v="masc"></g><g v="sing"></g><g v="accs"></g></l></v></tfr></token><token id="707579" text="запас"><tfr rev_id="1716323" t="запас"><v><l t="запас" id="106867"><g v="NOUN"></g><g v="inan"></g><g v="masc"></g><g v="sing"></g><g v="nomn"></g></l></v><v><l t="запас" id="106867"><g v="NOUN"></g><g v="inan"></g><g v="masc"></g><g v="sing"></g><g v="accs"></g></l></v></tfr></token><token id="707580" text="горючего"><tfr rev_id="4262567" t="горючего"><v><l t="горючее" id="73829"><g v="NOUN"></g><g v="inan"></g><g v="neut"></g><g v="sing"></g><g v="gent"></g></l></v></tfr></token><token id="707581" text="."><tfr rev_id="1539438" t="."><v><l t="." id="0"><g v="PNCT"></g></l></v></tfr></token></tokens></sentence><sentence id="39793"><source>При этом власти подчеркивают, что причин опасаться нехватки бензина у водителей нет.</source><tokens><token id="707582" text="При"><tfr rev_id="2634195" t="При"><v><l t="при" id="268625"><g v="PREP"></g></l></v></tfr></token><token id="707583" text="этом"><tfr rev_id="3493317" t="этом"><v><l t="это" id="386575"><g v="NPRO"></g><g v="neut"></g><g v="sing"></g><g v="loct"></g></l></v></tfr></token><token id="707584" text="власти"><tfr rev_id="3763958" t="власти"><v><l t="власть" id="46816"><g v="NOUN"></g><g v="inan"></g><g v="femn"></g><g v="plur"></g><g v="nomn"></g></l></v></tfr></token><token id="707585" text="подчеркивают"><tfr rev_id="1539442" t="подчеркивают"><v><l t="подчёркиваю" id="252293"><g v="VERB"></g><g v="impf"></g><g v="tran"></g><g v="plur"></g><g v="3per"></g><g v="pres"></g><g v="indc"></g></l></v></tfr></token><token id="707586" text=","><tfr rev_id="1539443" t=","><v><l t="," id="0"><g v="PNCT"></g></l></v></tfr></token><token id="707587" text="что"><tfr rev_id="3197830" t="что"><v><l t="что" id="377004"><g v="CONJ"></g></l></v><v><l t="что" id="377005"><g v="NPRO"></g><g v="neut"></g><g v="sing"></g><g v="nomn"></g></l></v><v><l t="что" id="377005"><g v="NPRO"></g><g v="neut"></g><g v="sing"></g><g v="accs"></g></l></v><v><l t="что" id="377006"><g v="ADVB"></g><g v="Ques"></g></l></v><v><l t="что" id="388695"><g v="PRCL"></g></l></v></tfr></token><token id="707588" text="причин"><tfr rev_id="1539445" t="причин"><v><l t="причина" id="276522"><g v="NOUN"></g><g v="inan"></g><g v="femn"></g><g v="plur"></g><g v="gent"></g></l></v></tfr></token><token id="707589" text="опасаться"><tfr rev_id="1539446" t="опасаться"><v><l t="опасаться" id="206839"><g v="INFN"></g><g v="impf"></g><g v="intr"></g></l></v></tfr></token><token id="707590" text="нехватки"><tfr rev_id="3492205" t="нехватки"><v><l t="нехватка" id="189883"><g v="NOUN"></g><g v="inan"></g><g v="femn"></g><g v="sing"></g><g v="gent"></g></l></v></tfr></token><token id="707591" text="бензина"><tfr rev_id="1539448" t="бензина"><v><l t="бензин" id="27552"><g v="NOUN"></g><g v="inan"></g><g v="masc"></g><g v="sing"></g><g v="gen1"></g></l></v></tfr></token><token id="707592" text="у"><tfr rev_id="3326960" t="у"><v><l t="у" id="352818"><g v="PREP"></g></l></v></tfr></token><token id="707593" text="водителей"><tfr rev_id="3716904" t="водителей"><v><l t="водитель" id="48059"><g v="NOUN"></g><g v="anim"></g><g v="masc"></g><g v="plur"></g><g v="gent"></g></l></v></tfr></token><token id="707594" text="нет"><tfr rev_id="4139953" t="нет"><v><l t="нет" id="188868"><g v="PRCL"></g></l></v><v><l t="нет" id="188869"><g v="INTJ"></g></l></v><v><l t="нет" id="389552"><g v="PRED"></g><g v="pres"></g></l></v></tfr></token><token id="707595" text="."><tfr rev_id="1539452" t="."><v><l t="." id="0"><g v="PNCT"></g></l></v></tfr></token></tokens></sentence></paragraph><paragraph id="12799"><sentence id="39794"><source>В минувшую пятницу французские полицейские прорвали блокаду забастовщиков, чтобы открыть топливные хранилища на нефтеперерабатывающих предприятиях.</source><tokens><token id="707596" text="В"><tfr rev_id="1539453" t="В"><v><l t="в" id="37409"><g v="PREP"></g></l></v></tfr></token><token id="707597" text="минувшую"><tfr rev_id="1539454" t="минувшую"><v><l t="минувший" id="160723"><g v="ADJF"></g><g v="femn"></g><g v="sing"></g><g v="accs"></g></l></v><v><l t="минувший" id="160759"><g v="PRTF"></g><g v="perf"></g><g v="tran"></g><g v="past"></g><g v="actv"></g><g v="femn"></g><g v="sing"></g><g v="accs"></g></l></v></tfr></token><token id="707598" text="пятницу"><tfr rev_id="1539455" t="пятницу"><v><l t="пятница" id="290408"><g v="NOUN"></g><g v="inan"></g><g v="femn"></g><g v="sing"></g><g v="accs"></g></l></v></tfr></token><token id="707599" text="французские"><tfr rev_id="3742194" t="французские"><v><l t="французский" id="368078"><g v="ADJF"></g><g v="plur"></g><g v="nomn"></g></l></v></tfr></token><token id="707600" text="полицейские"><tfr rev_id="4262568" t="полицейские"><v><l t="полицейский" id="255964"><g v="NOUN"></g><g v="anim"></g><g v="masc"></g><g v="plur"></g><g v="nomn"></g></l></v></tfr></token><token id="707601" text="прорвали"><tfr rev_id="1539458" t="прорвали"><v><l t="прорвал" id="283575"><g v="VERB"></g><g v="perf"></g><g v="tran"></g><g v="plur"></g><g v="past"></g><g v="indc"></g></l></v></tfr></token><token id="707602" text="блокаду"><tfr rev_id="1539459" t="блокаду"><v><l t="блокада" id="30987"><g v="NOUN"></g><g v="inan"></g><g v="femn"></g><g v="sing"></g><g v="accs"></g></l></v></tfr></token><token id="707603" text="забастовщиков"><tfr rev_id="4358872" t="забастовщиков"><v><l t="забастовщик" id="98360"><g v="NOUN"></g><g v="anim"></g><g v="masc"></g><g v="plur"></g><g v="gent"></g></l></v></tfr></token><token id="707604" text=","><tfr rev_id="1539461" t=","><v><l t="," id="0"><g v="PNCT"></g></l></v></tfr></token><token id="707605" text="чтобы"><tfr rev_id="1539462" t="чтобы"><v><l t="чтобы" id="377013"><g v="CONJ"></g></l></v><v><l t="чтобы" id="377014"><g v="PRCL"></g></l></v></tfr></token><token id="707606" text="открыть"><tfr rev_id="1539463" t="открыть"><v><l t="открыть" id="214755"><g v="INFN"></g><g v="perf"></g><g v="tran"></g></l></v></tfr></token><token id="707607" text="топливные"><tfr rev_id="4542109" t="топливные"><v><l t="топливный" id="347844"><g v="ADJF"></g><g v="inan"></g><g v="plur"></g><g v="accs"></g></l></v></tfr></token><token id="707608" text="хранилища"><tfr rev_id="3741331" t="хранилища"><v><l t="хранилище" id="371858"><g v="NOUN"></g><g v="inan"></g><g v="neut"></g><g v="plur"></g><g v="accs"></g></l></v></tfr></token><token id="707609" text="на"><tfr rev_id="2913314" t="на"><v><l t="на" id="166264"><g v="PREP"></g></l></v><v><l t="на" id="388676"><g v="INTJ"></g></l></v></tfr></token><token id="707610" text="нефтеперерабатывающих"><tfr rev_id="4361309" t="нефтеперерабатывающих"><v><l t="нефтеперерабатывающий" id="189793"><g v="ADJF"></g><g v="plur"></g><g v="loct"></g></l></v></tfr></token><token id="707611" text="предприятиях"><tfr rev_id="1539468" t="предприятиях"><v><l t="предприятие" id="266920"><g v="NOUN"></g><g v="inan"></g><g v="neut"></g><g v="plur"></g><g v="loct"></g></l></v></tfr></token><token id="707612" text="."><tfr rev_id="1539469" t="."><v><l t="." id="0"><g v="PNCT"></g></l></v></tfr></token></tokens></sentence><sentence id="39795"><source>Ранее их сотрудники блокировали поставку топлива в Париж и его аэропорты.</source><tokens><token id="707613" text="Ранее"><tfr rev_id="1539470" t="Ранее"><v><l t="ранее" id="297884"><g v="ADVB"></g></l></v></tfr></token><token id="707614" text="их"><tfr rev_id="4511373" t="их"><v><l t="их" id="127205"><g v="ADJF"></g><g v="Fixd"></g><g v="Apro"></g><g v="Anph"></g><g v="plur"></g><g v="nomn"></g></l></v><v><l t="их" id="127205"><g v="ADJF"></g><g v="Fixd"></g><g v="Apro"></g><g v="Anph"></g><g v="plur"></g><g v="gent"></g></l></v><v><l t="их" id="127205"><g v="ADJF"></g><g v="Fixd"></g><g v="Apro"></g><g v="Anph"></g><g v="plur"></g><g v="datv"></g></l></v><v><l t="их" id="127205"><g v="ADJF"></g><g v="Fixd"></g><g v="Apro"></g><g v="Anph"></g><g v="plur"></g><g v="accs"></g></l></v><v><l t="их" id="127205"><g v="ADJF"></g><g v="Fixd"></g><g v="Apro"></g><g v="Anph"></g><g v="plur"></g><g v="ablt"></g></l></v><v><l t="их" id="127205"><g v="ADJF"></g><g v="Fixd"></g><g v="Apro"></g><g v="Anph"></g><g v="plur"></g><g v="loct"></g></l></v></tfr></token><token id="707615" text="сотрудники"><tfr rev_id="1539472" t="сотрудники"><v><l t="сотрудник" id="330867"><g v="NOUN"></g><g v="anim"></g><g v="masc"></g><g v="plur"></g><g v="nomn"></g></l></v></tfr></token><token id="707616" text="блокировали"><tfr rev_id="1539473" t="блокировали"><v><l t="блокировал" id="30998"><g v="VERB"></g><g v="perf"></g><g v="tran"></g><g v="plur"></g><g v="past"></g><g v="indc"></g></l></v><v><l t="блокирую" id="30999"><g v="VERB"></g><g v="impf"></g><g v="tran"></g><g v="plur"></g><g v="past"></g><g v="indc"></g></l></v></tfr></token><token id="707617" text="поставку"><tfr rev_id="1539474" t="поставку"><v><l t="поставка" id="262094"><g v="NOUN"></g><g v="inan"></g><g v="femn"></g><g v="sing"></g><g v="accs"></g></l></v></tfr></token><token id="707618" text="топлива"><tfr rev_id="3437537" t="топлива"><v><l t="топливо" id="347847"><g v="NOUN"></g><g v="inan"></g><g v="neut"></g><g v="sing"></g><g v="gent"></g></l></v></tfr></token><token id="707619" text="в"><tfr rev_id="1539476" t="в"><v><l t="в" id="37409"><g v="PREP"></g></l></v></tfr></token><token id="707620" text="Париж"><tfr rev_id="3555815" t="Париж"><v><l t="париж" id="224045"><g v="NOUN"></g><g v="inan"></g><g v="masc"></g><g v="Sgtm"></g><g v="Geox"></g><g v="sing"></g><g v="accs"></g></l></v></tfr></token><token id="707621" text="и"><tfr rev_id="1539478" t="и"><v><l t="и" id="116949"><g v="CONJ"></g></l></v><v><l t="и" id="116950"><g v="INTJ"></g></l></v></tfr></token><token id="707622" text="его"><tfr rev_id="4499754" t="его"><v><l t="его" id="94208"><g v="ADJF"></g><g v="Fixd"></g><g v="Apro"></g><g v="Anph"></g><g v="plur"></g><g v="nomn"></g></l></v><v><l t="его" id="94208"><g v="ADJF"></g><g v="Fixd"></g><g v="Apro"></g><g v="Anph"></g><g v="plur"></g><g v="gent"></g></l></v><v><l t="его" id="94208"><g v="ADJF"></g><g v="Fixd"></g><g v="Apro"></g><g v="Anph"></g><g v="plur"></g><g v="datv"></g></l></v><v><l t="его" id="94208"><g v="ADJF"></g><g v="Fixd"></g><g v="Apro"></g><g v="Anph"></g><g v="plur"></g><g v="accs"></g></l></v><v><l t="его" id="94208"><g v="ADJF"></g><g v="Fixd"></g><g v="Apro"></g><g v="Anph"></g><g v="plur"></g><g v="ablt"></g></l></v><v><l t="его" id="94208"><g v="ADJF"></g><g v="Fixd"></g><g v="Apro"></g><g v="Anph"></g><g v="plur"></g><g v="loct"></g></l></v></tfr></token><token id="707623" text="аэропорты"><tfr rev_id="2930961" t="аэропорты"><v><l t="аэропорт" id="21366"><g v="NOUN"></g><g v="inan"></g><g v="masc"></g><g v="plur"></g><g v="accs"></g></l></v></tfr></token><token id="707624" text="."><tfr rev_id="1539481" t="."><v><l t="." id="0"><g v="PNCT"></g></l></v></tfr></token></tokens></sentence></paragraph><paragraph id="12800"><sentence id="39796"><source>За последний месяц во Франции прошло множество демонстраций и забастовок, отразившихся на работе транспортных служб, больниц и школ по всей стране.</source><tokens><token id="707625" text="За"><tfr rev_id="1539482" t="За"><v><l t="за" id="98043"><g v="PREP"></g></l></v></tfr></token><token id="707626" text="последний"><tfr rev_id="3667562" t="последний"><v><l t="последний" id="261565"><g v="ADJF"></g><g v="inan"></g><g v="masc"></g><g v="sing"></g><g v="accs"></g></l></v></tfr></token><token id="707627" text="месяц"><tfr rev_id="1539484" t="месяц"><v><l t="месяц" id="158841"><g v="NOUN"></g><g v="inan"></g><g v="masc"></g><g v="sing"></g><g v="nomn"></g></l></v><v><l t="месяц" id="158841"><g v="NOUN"></g><g v="inan"></g><g v="masc"></g><g v="sing"></g><g v="accs"></g></l></v></tfr></token><token id="707628" text="во"><tfr rev_id="2920346" t="во"><v><l t="в" id="37409"><g v="PREP"></g><g v="Vpre"></g></l></v></tfr></token><token id="707629" text="Франции"><tfr rev_id="3948324" t="Франции"><v><l t="франция" id="368071"><g v="NOUN"></g><g v="inan"></g><g v="femn"></g><g v="Sgtm"></g><g v="Geox"></g><g v="sing"></g><g v="loct"></g></l></v></tfr></token><token id="707630" text="прошло"><tfr rev_id="4328320" t="прошло"><v><l t="прошёл" id="280310"><g v="VERB"></g><g v="perf"></g><g v="tran"></g><g v="neut"></g><g v="sing"></g><g v="past"></g><g v="indc"></g></l></v></tfr></token><token id="707631" text="множество"><tfr rev_id="4213436" t="множество"><v><l t="множество" id="162121"><g v="NOUN"></g><g v="inan"></g><g v="neut"></g><g v="sing"></g><g v="nomn"></g></l></v></tfr></token><token id="707632" text="демонстраций"><tfr rev_id="1539489" t="демонстраций"><v><l t="демонстрация" id="81024"><g v="NOUN"></g><g v="inan"></g><g v="femn"></g><g v="plur"></g><g v="gent"></g></l></v></tfr></token><token id="707633" text="и"><tfr rev_id="1539490" t="и"><v><l t="и" id="116949"><g v="CONJ"></g></l></v><v><l t="и" id="116950"><g v="INTJ"></g></l></v></tfr></token><token id="707634" text="забастовок"><tfr rev_id="1539491" t="забастовок"><v><l t="забастовка" id="98356"><g v="NOUN"></g><g v="inan"></g><g v="femn"></g><g v="plur"></g><g v="gent"></g></l></v></tfr></token><token id="707635" text=","><tfr rev_id="1539492" t=","><v><l t="," id="0"><g v="PNCT"></g></l></v></tfr></token><token id="707636" text="отразившихся"><tfr rev_id="1539493" t="отразившихся"><v><l t="отразившийся" id="217318"><g v="PRTF"></g><g v="perf"></g><g v="intr"></g><g v="past"></g><g v="actv"></g><g v="plur"></g><g v="gent"></g></l></v><v><l t="отразившийся" id="217318"><g v="PRTF"></g><g v="perf"></g><g v="intr"></g><g v="past"></g><g v="actv"></g><g v="anim"></g><g v="plur"></g><g v="accs"></g></l></v><v><l t="отразившийся" id="217318"><g v="PRTF"></g><g v="perf"></g><g v="intr"></g><g v="past"></g><g v="actv"></g><g v="plur"></g><g v="loct"></g></l></v></tfr></token><token id="707637" text="на"><tfr rev_id="3337033" t="на"><v><l t="на" id="166264"><g v="PREP"></g></l></v></tfr></token><token id="707638" text="работе"><tfr rev_id="3556366" t="работе"><v><l t="работа" id="290501"><g v="NOUN"></g><g v="inan"></g><g v="femn"></g><g v="sing"></g><g v="loct"></g></l></v></tfr></token><token id="707639" text="транспортных"><tfr rev_id="4196940" t="транспортных"><v><l t="транспортный" id="349185"><g v="ADJF"></g><g v="plur"></g><g v="gent"></g></l></v></tfr></token><token id="707640" text="служб"><tfr rev_id="1539497" t="служб"><v><l t="служба" id="325377"><g v="NOUN"></g><g v="inan"></g><g v="femn"></g><g v="plur"></g><g v="gent"></g></l></v></tfr></token><token id="707641" text=","><tfr rev_id="1539498" t=","><v><l t="," id="0"><g v="PNCT"></g></l></v></tfr></token><token id="707642" text="больниц"><tfr rev_id="1539499" t="больниц"><v><l t="больница" id="32305"><g v="NOUN"></g><g v="inan"></g><g v="femn"></g><g v="plur"></g><g v="gent"></g></l></v></tfr></token><token id="707643" text="и"><tfr rev_id="3538958" t="и"><v><l t="и" id="116949"><g v="CONJ"></g></l></v></tfr></token><token id="707644" text="школ"><tfr rev_id="1539501" t="школ"><v><l t="школа" id="380220"><g v="NOUN"></g><g v="inan"></g><g v="femn"></g><g v="plur"></g><g v="gent"></g></l></v></tfr></token><token id="707645" text="по"><tfr rev_id="1539502" t="по"><v><l t="по" id="241240"><g v="PREP"></g></l></v></tfr></token><token id="707646" text="всей"><tfr rev_id="4404378" t="всей"><v><l t="весь" id="42156"><g v="ADJF"></g><g v="Subx"></g><g v="Apro"></g><g v="femn"></g><g v="sing"></g><g v="datv"></g></l></v></tfr></token><token id="707647" text="стране"><tfr rev_id="3552754" t="стране"><v><l t="страна" id="337100"><g v="NOUN"></g><g v="inan"></g><g v="femn"></g><g v="sing"></g><g v="datv"></g></l></v></tfr></token><token id="707648" text="."><tfr rev_id="1539505" t="."><v><l t="." id="0"><g v="PNCT"></g></l></v></tfr></token></tokens></sentence></paragraph><paragraph id="12801"><sentence id="39797"><source>Несмотря на оказываемое давление.</source><tokens><token id="707649" text="Несмотря"><tfr rev_id="1539506" t="Несмотря"><v><l t="несмотря" id="188286"><g v="PREP"></g></l></v></tfr></token><token id="707650" text="на"><tfr rev_id="3345871" t="на"><v><l t="на" id="166264"><g v="PREP"></g></l></v></tfr></token><token id="707651" text="оказываемое"><tfr rev_id="1539508" t="оказываемое"><v><l t="оказываемый" id="204471"><g v="PRTF"></g><g v="impf"></g><g v="tran"></g><g v="pres"></g><g v="pssv"></g><g v="neut"></g><g v="sing"></g><g v="nomn"></g></l></v><v><l t="оказываемый" id="204471"><g v="PRTF"></g><g v="impf"></g><g v="tran"></g><g v="pres"></g><g v="pssv"></g><g v="neut"></g><g v="sing"></g><g v="accs"></g></l></v></tfr></token><token id="707652" text="давление"><tfr rev_id="1539509" t="давление"><v><l t="давление" id="77667"><g v="NOUN"></g><g v="inan"></g><g v="neut"></g><g v="sing"></g><g v="nomn"></g></l></v><v><l t="давление" id="77667"><g v="NOUN"></g><g v="inan"></g><g v="neut"></g><g v="sing"></g><g v="accs"></g></l></v></tfr></token><token id="707653" text="."><tfr rev_id="1539510" t="."><v><l t="." id="0"><g v="PNCT"></g></l></v></tfr></token></tokens></sentence><sentence id="39798"><source>Правительство Саркози отказалось менять свои планы по изменению пенсионного возраста с 60 до 62 лет.</source><tokens><token id="707654" text="Правительство"><tfr rev_id="1539511" t="Правительство"><v><l t="правительство" id="265638"><g v="NOUN"></g><g v="inan"></g><g v="neut"></g><g v="sing"></g><g v="nomn"></g></l></v><v><l t="правительство" id="265638"><g v="NOUN"></g><g v="inan"></g><g v="neut"></g><g v="sing"></g><g v="accs"></g></l></v></tfr></token><token id="707655" text="Саркози"><tfr rev_id="4327273" t="Саркози"><v><l t="саркози" id="388917"><g v="NOUN"></g><g v="anim"></g><g v="ms-f"></g><g v="Fixd"></g><g v="Surn"></g><g v="sing"></g><g v="gent"></g></l></v></tfr></token><token id="707656" text="отказалось"><tfr rev_id="1539513" t="отказалось"><v><l t="отказался" id="213938"><g v="VERB"></g><g v="perf"></g><g v="intr"></g><g v="neut"></g><g v="sing"></g><g v="past"></g><g v="indc"></g></l></v></tfr></token><token id="707657" text="менять"><tfr rev_id="1539514" t="менять"><v><l t="менять" id="158447"><g v="INFN"></g><g v="impf"></g><g v="tran"></g></l></v></tfr></token><token id="707658" text="свои"><tfr rev_id="4083209" t="свои"><v><l t="свой" id="316379"><g v="ADJF"></g><g v="Apro"></g><g v="Anph"></g><g v="inan"></g><g v="plur"></g><g v="accs"></g></l></v></tfr></token><token id="707659" text="планы"><tfr rev_id="3749880" t="планы"><v><l t="план" id="239677"><g v="NOUN"></g><g v="inan"></g><g v="masc"></g><g v="plur"></g><g v="accs"></g></l></v></tfr></token><token id="707660" text="по"><tfr rev_id="1539517" t="по"><v><l t="по" id="241240"><g v="PREP"></g></l></v></tfr></token><token id="707661" text="изменению"><tfr rev_id="1539518" t="изменению"><v><l t="изменение" id="119487"><g v="NOUN"></g><g v="inan"></g><g v="neut"></g><g v="sing"></g><g v="datv"></g></l></v></tfr></token><token id="707662" text="пенсионного"><tfr rev_id="3454542" t="пенсионного"><v><l t="пенсионный" id="226077"><g v="ADJF"></g><g v="Qual"></g><g v="masc"></g><g v="sing"></g><g v="gent"></g></l></v><v><l t="пенсионный" id="226077"><g v="ADJF"></g><g v="Qual"></g><g v="anim"></g><g v="masc"></g><g v="sing"></g><g v="accs"></g></l></v></tfr></token><token id="707663" text="возраста"><tfr rev_id="1539520" t="возраста"><v><l t="возраст" id="49611"><g v="NOUN"></g><g v="inan"></g><g v="masc"></g><g v="sing"></g><g v="gent"></g></l></v></tfr></token><token id="707664" text="с"><tfr rev_id="1539521" t="с"><v><l t="с" id="311151"><g v="PREP"></g></l></v></tfr></token><token id="707665" text="60"><tfr rev_id="2462969" t="60"><v><l t="60" id="0"><g v="NUMB"></g></l></v></tfr></token><token id="707666" text="до"><tfr rev_id="1539523" t="до"><v><l t="до" id="85153"><g v="PREP"></g></l></v></tfr></token><token id="707667" text="62"><tfr rev_id="2462970" t="62"><v><l t="62" id="0"><g v="NUMB"></g></l></v></tfr></token><token id="707668" text="лет"><tfr rev_id="3441364" t="лет"><v><l t="год" id="72149"><g v="NOUN"></g><g v="inan"></g><g v="masc"></g><g v="plur"></g><g v="gent"></g></l></v></tfr></token><token id="707669" text="."><tfr rev_id="1539526" t="."><v><l t="." id="0"><g v="PNCT"></g></l></v></tfr></token></tokens></sentence><sentence id="39799"><source>Сейчас во Франции, по сравнению с другими европейскими странами, уходят на пенсию довольно рано.</source><tokens><token id="707670" text="Сейчас"><tfr rev_id="1539527" t="Сейчас"><v><l t="сейчас" id="317975"><g v="ADVB"></g></l></v></tfr></token><token id="707671" text="во"><tfr rev_id="2920347" t="во"><v><l t="в" id="37409"><g v="PREP"></g><g v="Vpre"></g></l></v></tfr></token><token id="707672" text="Франции"><tfr rev_id="4077217" t="Франции"><v><l t="франция" id="368071"><g v="NOUN"></g><g v="inan"></g><g v="femn"></g><g v="Sgtm"></g><g v="Geox"></g><g v="sing"></g><g v="loct"></g></l></v></tfr></token><token id="707673" text=","><tfr rev_id="1539530" t=","><v><l t="," id="0"><g v="PNCT"></g></l></v></tfr></token><token id="707674" text="по"><tfr rev_id="1539531" t="по"><v><l t="по" id="241240"><g v="PREP"></g></l></v></tfr></token><token id="707675" text="сравнению"><tfr rev_id="1539532" t="сравнению"><v><l t="сравнение" id="333307"><g v="NOUN"></g><g v="inan"></g><g v="neut"></g><g v="sing"></g><g v="datv"></g></l></v></tfr></token><token id="707676" text="с"><tfr rev_id="1539533" t="с"><v><l t="с" id="311151"><g v="PREP"></g></l></v></tfr></token><token id="707677" text="другими"><tfr rev_id="3562729" t="другими"><v><l t="другой" id="92342"><g v="ADJF"></g><g v="Apro"></g><g v="Subx"></g><g v="plur"></g><g v="ablt"></g></l></v></tfr></token><token id="707678" text="европейскими"><tfr rev_id="1539535" t="европейскими"><v><l t="европейский" id="94034"><g v="ADJF"></g><g v="plur"></g><g v="ablt"></g></l></v></tfr></token><token id="707679" text="странами"><tfr rev_id="1539536" t="странами"><v><l t="страна" id="337100"><g v="NOUN"></g><g v="inan"></g><g v="femn"></g><g v="plur"></g><g v="ablt"></g></l></v></tfr></token><token id="707680" text=","><tfr rev_id="1539537" t=","><v><l t="," id="0"><g v="PNCT"></g></l></v></tfr></token><token id="707681" text="уходят"><tfr rev_id="1539538" t="уходят"><v><l t="ухожу" id="362937"><g v="VERB"></g><g v="impf"></g><g v="intr"></g><g v="plur"></g><g v="3per"></g><g v="pres"></g><g v="indc"></g></l></v><v><l t="уходил" id="362942"><g v="VERB"></g><g v="perf"></g><g v="tran"></g><g v="plur"></g><g v="3per"></g><g v="futr"></g><g v="indc"></g></l></v></tfr></token><token id="707682" text="на"><tfr rev_id="3343341" t="на"><v><l t="на" id="166264"><g v="PREP"></g></l></v></tfr></token><token id="707683" text="пенсию"><tfr rev_id="1539540" t="пенсию"><v><l t="пенсия" id="226080"><g v="NOUN"></g><g v="inan"></g><g v="femn"></g><g v="sing"></g><g v="accs"></g></l></v></tfr></token><token id="707684" text="довольно"><tfr rev_id="1539541" t="довольно"><v><l t="довольно" id="86034"><g v="ADVB"></g><g v="Prdx"></g></l></v><v><l t="доволен" id="86038"><g v="ADJS"></g><g v="Qual"></g><g v="neut"></g><g v="sing"></g></l></v></tfr></token><token id="707685" text="рано"><tfr rev_id="1539542" t="рано"><v><l t="рано" id="297969"><g v="ADVB"></g><g v="Prdx"></g></l></v></tfr></token><token id="707686" text="."><tfr rev_id="1539543" t="."><v><l t="." id="0"><g v="PNCT"></g></l></v></tfr></token></tokens></sentence><sentence id="39800"><source>В среду в парламенте страны состоится голосование по этому вопросу.</source><tokens><token id="707687" text="В"><tfr rev_id="1539544" t="В"><v><l t="в" id="37409"><g v="PREP"></g></l></v></tfr></token><token id="707688" text="среду"><tfr rev_id="1539545" t="среду"><v><l t="среда" id="333471"><g v="NOUN"></g><g v="inan"></g><g v="femn"></g><g v="sing"></g><g v="accs"></g></l></v></tfr></token><token id="707689" text="в"><tfr rev_id="1539546" t="в"><v><l t="в" id="37409"><g v="PREP"></g></l></v></tfr></token><token id="707690" text="парламенте"><tfr rev_id="1539547" t="парламенте"><v><l t="парламент" id="224156"><g v="NOUN"></g><g v="inan"></g><g v="masc"></g><g v="sing"></g><g v="loct"></g></l></v></tfr></token><token id="707691" text="страны"><tfr rev_id="3437366" t="страны"><v><l t="страна" id="337100"><g v="NOUN"></g><g v="inan"></g><g v="femn"></g><g v="sing"></g><g v="gent"></g></l></v></tfr></token><token id="707692" text="состоится"><tfr rev_id="1539549" t="состоится"><v><l t="состоялся" id="330568"><g v="VERB"></g><g v="perf"></g><g v="intr"></g><g v="sing"></g><g v="3per"></g><g v="futr"></g><g v="indc"></g></l></v></tfr></token><token id="707693" text="голосование"><tfr rev_id="1539550" t="голосование"><v><l t="голосование" id="72508"><g v="NOUN"></g><g v="inan"></g><g v="neut"></g><g v="sing"></g><g v="nomn"></g></l></v><v><l t="голосование" id="72508"><g v="NOUN"></g><g v="inan"></g><g v="neut"></g><g v="sing"></g><g v="accs"></g></l></v></tfr></token><token id="707694" text="по"><tfr rev_id="1539551" t="по"><v><l t="по" id="241240"><g v="PREP"></g></l></v></tfr></token><token id="707695" text="этому"><tfr rev_id="4434546" t="этому"><v><l t="этот" id="386581"><g v="ADJF"></g><g v="Subx"></g><g v="Apro"></g><g v="Anph"></g><g v="masc"></g><g v="sing"></g><g v="datv"></g></l></v></tfr></token><token id="707696" text="вопросу"><tfr rev_id="1539553" t="вопросу"><v><l t="вопрос" id="50830"><g v="NOUN"></g><g v="inan"></g><g v="masc"></g><g v="sing"></g><g v="datv"></g></l></v></tfr></token><token id="707697" text="."><tfr rev_id="1539554" t="."><v><l t="." id="0"><g v="PNCT"></g></l></v></tfr></token></tokens></sentence></paragraph></paragraphs></text>