<?xml version="1.0" encoding="utf-8"?><text id="1416" parent="226" name="21868 Основной документ россиян"><tags><tag>url:http://www.chaskor.ru/news/osnovnoj_dokument_rossiyan_21868</tag><tag>Год:2011</tag><tag>Дата:18/01</tag><tag>Тема:ЧасКор:Экономика</tag><tag>Тема:ЧасКор:Экономика/Экономика</tag></tags><paragraphs><paragraph id="12824"><sentence id="39856"><source>Основной документ россиян</source><tokens><token id="708746" text="Основной"><tfr rev_id="2635741" t="Основной"><v><l t="основной" id="210595"><g v="ADJF"></g><g v="masc"></g><g v="sing"></g><g v="nomn"></g></l></v><v><l t="основной" id="210595"><g v="ADJF"></g><g v="inan"></g><g v="masc"></g><g v="sing"></g><g v="accs"></g></l></v></tfr></token><token id="708747" text="документ"><tfr rev_id="1540604" t="документ"><v><l t="документ" id="87509"><g v="NOUN"></g><g v="inan"></g><g v="masc"></g><g v="sing"></g><g v="nomn"></g></l></v><v><l t="документ" id="87509"><g v="NOUN"></g><g v="inan"></g><g v="masc"></g><g v="sing"></g><g v="accs"></g></l></v></tfr></token><token id="708748" text="россиян"><tfr rev_id="3823167" t="россиян"><v><l t="россиянин" id="309323"><g v="NOUN"></g><g v="anim"></g><g v="masc"></g><g v="plur"></g><g v="gent"></g></l></v></tfr></token></tokens></sentence><sentence id="39857"><source>Россия с 2011 года переходит на универсальные электронные карты.</source><tokens><token id="708749" text="Россия"><tfr rev_id="1540606" t="Россия"><v><l t="россия" id="309322"><g v="NOUN"></g><g v="inan"></g><g v="femn"></g><g v="Sgtm"></g><g v="Geox"></g><g v="sing"></g><g v="nomn"></g></l></v></tfr></token><token id="708750" text="с"><tfr rev_id="1540607" t="с"><v><l t="с" id="311151"><g v="PREP"></g></l></v></tfr></token><token id="708751" text="2011"><tfr rev_id="2462989" t="2011"><v><l t="2011" id="0"><g v="NUMB"></g></l></v></tfr></token><token id="708752" text="года"><tfr rev_id="3415599" t="года"><v><l t="год" id="72149"><g v="NOUN"></g><g v="inan"></g><g v="masc"></g><g v="sing"></g><g v="gen1"></g></l></v></tfr></token><token id="708753" text="переходит"><tfr rev_id="2703958" t="переходит"><v><l t="перехожу" id="236374"><g v="VERB"></g><g v="impf"></g><g v="tran"></g><g v="sing"></g><g v="3per"></g><g v="pres"></g><g v="indc"></g></l></v></tfr></token><token id="708754" text="на"><tfr rev_id="3395722" t="на"><v><l t="на" id="166264"><g v="PREP"></g></l></v></tfr></token><token id="708755" text="универсальные"><tfr rev_id="3814768" t="универсальные"><v><l t="универсальный" id="358274"><g v="ADJF"></g><g v="Qual"></g><g v="inan"></g><g v="plur"></g><g v="accs"></g></l></v></tfr></token><token id="708756" text="электронные"><tfr rev_id="3768106" t="электронные"><v><l t="электронный" id="384368"><g v="ADJF"></g><g v="inan"></g><g v="plur"></g><g v="accs"></g></l></v></tfr></token><token id="708757" text="карты"><tfr rev_id="3796024" t="карты"><v><l t="карта" id="130719"><g v="NOUN"></g><g v="inan"></g><g v="femn"></g><g v="plur"></g><g v="accs"></g></l></v></tfr></token><token id="708758" text="."><tfr rev_id="1540615" t="."><v><l t="." id="0"><g v="PNCT"></g></l></v></tfr></token></tokens></sentence></paragraph><paragraph id="12825"><sentence id="39858"><source>Обнародован проект универсальной электронной карты (УЭК), которая в самое ближайшее время станет одним из основных документов россиян, заменив полис одновременно обязательного медицинского страхования, студенческий билет, проездные документы, сообщает NEWSru.com.</source><tokens><token id="708759" text="Обнародован"><tfr rev_id="1540616" t="Обнародован"><v><l t="обнародован" id="197757"><g v="PRTS"></g><g v="perf"></g><g v="past"></g><g v="pssv"></g><g v="masc"></g><g v="sing"></g></l></v></tfr></token><token id="708760" text="проект"><tfr rev_id="4094027" t="проект"><v><l t="проект" id="279545"><g v="NOUN"></g><g v="inan"></g><g v="masc"></g><g v="sing"></g><g v="nomn"></g></l></v></tfr></token><token id="708761" text="универсальной"><tfr rev_id="4167493" t="универсальной"><v><l t="универсальный" id="358274"><g v="ADJF"></g><g v="Qual"></g><g v="femn"></g><g v="sing"></g><g v="gent"></g></l></v></tfr></token><token id="708762" text="электронной"><tfr rev_id="2637300" t="электронной"><v><l t="электронный" id="384368"><g v="ADJF"></g><g v="femn"></g><g v="sing"></g><g v="gent"></g></l></v></tfr></token><token id="708763" text="карты"><tfr rev_id="3491057" t="карты"><v><l t="карта" id="130719"><g v="NOUN"></g><g v="inan"></g><g v="femn"></g><g v="sing"></g><g v="gent"></g></l></v></tfr></token><token id="708764" text="("><tfr rev_id="1540621" t="("><v><l t="(" id="0"><g v="PNCT"></g></l></v></tfr></token><token id="708765" text="УЭК"><tfr rev_id="1540622" t="УЭК"><v><l t="уэк" id="0"><g v="UNKN"></g></l></v></tfr></token><token id="708766" text=")"><tfr rev_id="1540623" t=")"><v><l t=")" id="0"><g v="PNCT"></g></l></v></tfr></token><token id="708767" text=","><tfr rev_id="1540624" t=","><v><l t="," id="0"><g v="PNCT"></g></l></v></tfr></token><token id="708768" text="которая"><tfr rev_id="3639864" t="которая"><v><l t="который" id="141203"><g v="ADJF"></g><g v="Apro"></g><g v="Subx"></g><g v="Anph"></g><g v="femn"></g><g v="sing"></g><g v="nomn"></g></l></v></tfr></token><token id="708769" text="в"><tfr rev_id="1540626" t="в"><v><l t="в" id="37409"><g v="PREP"></g></l></v></tfr></token><token id="708770" text="самое"><tfr rev_id="1540627" t="самое"><v><l t="сам" id="312034"><g v="ADJF"></g><g v="Apro"></g><g v="femn"></g><g v="sing"></g><g v="accs"></g><g v="Arch"></g></l></v><v><l t="самый" id="313174"><g v="ADJF"></g><g v="Apro"></g><g v="neut"></g><g v="sing"></g><g v="nomn"></g></l></v><v><l t="самый" id="313174"><g v="ADJF"></g><g v="Apro"></g><g v="neut"></g><g v="sing"></g><g v="accs"></g></l></v></tfr></token><token id="708771" text="ближайшее"><tfr rev_id="4430850" t="ближайшее"><v><l t="ближайший" id="30857"><g v="ADJF"></g><g v="Supr"></g><g v="Qual"></g><g v="neut"></g><g v="sing"></g><g v="nomn"></g></l></v><v><l t="ближайший" id="30857"><g v="ADJF"></g><g v="Supr"></g><g v="Qual"></g><g v="neut"></g><g v="sing"></g><g v="accs"></g></l></v></tfr></token><token id="708772" text="время"><tfr rev_id="3272640" t="время"><v><l t="время" id="53149"><g v="NOUN"></g><g v="inan"></g><g v="neut"></g><g v="sing"></g><g v="accs"></g></l></v></tfr></token><token id="708773" text="станет"><tfr rev_id="1540630" t="станет"><v><l t="стал" id="335164"><g v="VERB"></g><g v="perf"></g><g v="intr"></g><g v="sing"></g><g v="3per"></g><g v="futr"></g><g v="indc"></g></l></v></tfr></token><token id="708774" text="одним"><tfr rev_id="4352504" t="одним"><v><l t="один" id="203319"><g v="ADJF"></g><g v="Apro"></g><g v="Anum"></g><g v="masc"></g><g v="sing"></g><g v="ablt"></g></l></v></tfr></token><token id="708775" text="из"><tfr rev_id="2603057" t="из"><v><l t="из" id="117677"><g v="PREP"></g></l></v></tfr></token><token id="708776" text="основных"><tfr rev_id="4357526" t="основных"><v><l t="основной" id="210595"><g v="ADJF"></g><g v="plur"></g><g v="gent"></g></l></v><v><l t="основный" id="210598"><g v="ADJF"></g><g v="Qual"></g><g v="plur"></g><g v="gent"></g></l></v></tfr></token><token id="708777" text="документов"><tfr rev_id="1540634" t="документов"><v><l t="документ" id="87509"><g v="NOUN"></g><g v="inan"></g><g v="masc"></g><g v="plur"></g><g v="gent"></g></l></v></tfr></token><token id="708778" text="россиян"><tfr rev_id="3540832" t="россиян"><v><l t="россиянин" id="309323"><g v="NOUN"></g><g v="anim"></g><g v="masc"></g><g v="plur"></g><g v="gent"></g></l></v></tfr></token><token id="708779" text=","><tfr rev_id="1540636" t=","><v><l t="," id="0"><g v="PNCT"></g></l></v></tfr></token><token id="708780" text="заменив"><tfr rev_id="1540637" t="заменив"><v><l t="заменив" id="105407"><g v="GRND"></g><g v="perf"></g><g v="tran"></g><g v="past"></g></l></v></tfr></token><token id="708781" text="полис"><tfr rev_id="4209722" t="полис"><v><l t="полис" id="255763"><g v="NOUN"></g><g v="inan"></g><g v="masc"></g><g v="sing"></g><g v="accs"></g></l></v></tfr></token><token id="708782" text="одновременно"><tfr rev_id="1540639" t="одновременно"><v><l t="одновременно" id="203393"><g v="ADVB"></g></l></v><v><l t="одновременен" id="203396"><g v="ADJS"></g><g v="Qual"></g><g v="neut"></g><g v="sing"></g></l></v></tfr></token><token id="708783" text="обязательного"><tfr rev_id="4205211" t="обязательного"><v><l t="обязательный" id="202087"><g v="ADJF"></g><g v="neut"></g><g v="sing"></g><g v="gent"></g></l></v></tfr></token><token id="708784" text="медицинского"><tfr rev_id="3549220" t="медицинского"><v><l t="медицинский" id="157067"><g v="ADJF"></g><g v="neut"></g><g v="sing"></g><g v="gent"></g></l></v></tfr></token><token id="708785" text="страхования"><tfr rev_id="2695500" t="страхования"><v><l t="страхование" id="337217"><g v="NOUN"></g><g v="inan"></g><g v="neut"></g><g v="sing"></g><g v="gent"></g></l></v></tfr></token><token id="708786" text=","><tfr rev_id="1540643" t=","><v><l t="," id="0"><g v="PNCT"></g></l></v></tfr></token><token id="708787" text="студенческий"><tfr rev_id="1540644" t="студенческий"><v><l t="студенческий" id="338213"><g v="ADJF"></g><g v="masc"></g><g v="sing"></g><g v="nomn"></g></l></v><v><l t="студенческий" id="338213"><g v="ADJF"></g><g v="inan"></g><g v="masc"></g><g v="sing"></g><g v="accs"></g></l></v></tfr></token><token id="708788" text="билет"><tfr rev_id="4212693" t="билет"><v><l t="билет" id="29580"><g v="NOUN"></g><g v="inan"></g><g v="masc"></g><g v="sing"></g><g v="accs"></g></l></v></tfr></token><token id="708789" text=","><tfr rev_id="1540646" t=","><v><l t="," id="0"><g v="PNCT"></g></l></v></tfr></token><token id="708790" text="проездные"><tfr rev_id="3758092" t="проездные"><v><l t="проездной" id="279515"><g v="ADJF"></g><g v="inan"></g><g v="plur"></g><g v="accs"></g></l></v></tfr></token><token id="708791" text="документы"><tfr rev_id="3716116" t="документы"><v><l t="документ" id="87509"><g v="NOUN"></g><g v="inan"></g><g v="masc"></g><g v="plur"></g><g v="accs"></g></l></v></tfr></token><token id="708792" text=","><tfr rev_id="1540649" t=","><v><l t="," id="0"><g v="PNCT"></g></l></v></tfr></token><token id="708793" text="сообщает"><tfr rev_id="1540650" t="сообщает"><v><l t="сообщаю" id="329538"><g v="VERB"></g><g v="impf"></g><g v="tran"></g><g v="sing"></g><g v="3per"></g><g v="pres"></g><g v="indc"></g></l></v></tfr></token><token id="708794" text="NEWSru.com"><tfr rev_id="2475568" t="NEWSru.com"><v><l t="NEWSru.com" id="0"><g v="LATN"></g></l></v></tfr></token><token id="708795" text="."><tfr rev_id="1540652" t="."><v><l t="." id="0"><g v="PNCT"></g></l></v></tfr></token></tokens></sentence><sentence id="39859"><source>Москвичи будут обеспечены картами уже в этом году, а жители регионов смогут получить УЭК в 2012 году.</source><tokens><token id="708796" text="Москвичи"><tfr rev_id="4282647" t="Москвичи"><v><l t="москвич" id="163910"><g v="NOUN"></g><g v="anim"></g><g v="masc"></g><g v="plur"></g><g v="nomn"></g></l></v></tfr></token><token id="708797" text="будут"><tfr rev_id="1540654" t="будут"><v><l t="есть" id="37265"><g v="VERB"></g><g v="impf"></g><g v="intr"></g><g v="plur"></g><g v="3per"></g><g v="futr"></g><g v="indc"></g></l></v></tfr></token><token id="708798" text="обеспечены"><tfr rev_id="1540655" t="обеспечены"><v><l t="обеспечен" id="194766"><g v="PRTS"></g><g v="perf"></g><g v="past"></g><g v="pssv"></g><g v="plur"></g></l></v></tfr></token><token id="708799" text="картами"><tfr rev_id="1540656" t="картами"><v><l t="карта" id="130719"><g v="NOUN"></g><g v="inan"></g><g v="femn"></g><g v="plur"></g><g v="ablt"></g></l></v></tfr></token><token id="708800" text="уже"><tfr rev_id="2692933" t="уже"><v><l t="уж" id="355422"><g v="NOUN"></g><g v="anim"></g><g v="masc"></g><g v="sing"></g><g v="loct"></g></l></v><v><l t="уже" id="355498"><g v="ADVB"></g></l></v><v><l t="уже" id="355674"><g v="COMP"></g><g v="Qual"></g></l></v><v><l t="уже" id="388673"><g v="PRCL"></g></l></v></tfr></token><token id="708801" text="в"><tfr rev_id="1540658" t="в"><v><l t="в" id="37409"><g v="PREP"></g></l></v></tfr></token><token id="708802" text="этом"><tfr rev_id="4486898" t="этом"><v><l t="этот" id="386581"><g v="ADJF"></g><g v="Subx"></g><g v="Apro"></g><g v="Anph"></g><g v="masc"></g><g v="sing"></g><g v="loct"></g></l></v></tfr></token><token id="708803" text="году"><tfr rev_id="2850355" t="году"><v><l t="год" id="72149"><g v="NOUN"></g><g v="inan"></g><g v="masc"></g><g v="sing"></g><g v="loc2"></g></l></v></tfr></token><token id="708804" text=","><tfr rev_id="1540661" t=","><v><l t="," id="0"><g v="PNCT"></g></l></v></tfr></token><token id="708805" text="а"><tfr rev_id="3410759" t="а"><v><l t="а" id="51"><g v="CONJ"></g></l></v></tfr></token><token id="708806" text="жители"><tfr rev_id="1540663" t="жители"><v><l t="житель" id="97562"><g v="NOUN"></g><g v="anim"></g><g v="masc"></g><g v="plur"></g><g v="nomn"></g></l></v></tfr></token><token id="708807" text="регионов"><tfr rev_id="1540664" t="регионов"><v><l t="регион" id="304808"><g v="NOUN"></g><g v="inan"></g><g v="masc"></g><g v="plur"></g><g v="gent"></g></l></v></tfr></token><token id="708808" text="смогут"><tfr rev_id="1540665" t="смогут"><v><l t="смог" id="326830"><g v="VERB"></g><g v="perf"></g><g v="intr"></g><g v="plur"></g><g v="3per"></g><g v="futr"></g><g v="indc"></g></l></v></tfr></token><token id="708809" text="получить"><tfr rev_id="1540666" t="получить"><v><l t="получить" id="256960"><g v="INFN"></g><g v="perf"></g><g v="tran"></g></l></v></tfr></token><token id="708810" text="УЭК"><tfr rev_id="1540667" t="УЭК"><v><l t="уэк" id="0"><g v="UNKN"></g></l></v></tfr></token><token id="708811" text="в"><tfr rev_id="1540668" t="в"><v><l t="в" id="37409"><g v="PREP"></g></l></v></tfr></token><token id="708812" text="2012"><tfr rev_id="2462990" t="2012"><v><l t="2012" id="0"><g v="NUMB"></g></l></v></tfr></token><token id="708813" text="году"><tfr rev_id="3045782" t="году"><v><l t="год" id="72149"><g v="NOUN"></g><g v="inan"></g><g v="masc"></g><g v="sing"></g><g v="loc2"></g></l></v></tfr></token><token id="708814" text="."><tfr rev_id="1540671" t="."><v><l t="." id="0"><g v="PNCT"></g></l></v></tfr></token></tokens></sentence><sentence id="39860"><source>К концу 2014 года такими электронными документами будут снабжены все без исключения граждане РФ.</source><tokens><token id="708815" text="К"><tfr rev_id="1540672" t="К"><v><l t="к" id="127460"><g v="PREP"></g></l></v></tfr></token><token id="708816" text="концу"><tfr rev_id="1540673" t="концу"><v><l t="конец" id="137815"><g v="NOUN"></g><g v="inan"></g><g v="masc"></g><g v="sing"></g><g v="datv"></g></l></v></tfr></token><token id="708817" text="2014"><tfr rev_id="2462991" t="2014"><v><l t="2014" id="0"><g v="NUMB"></g></l></v></tfr></token><token id="708818" text="года"><tfr rev_id="3437513" t="года"><v><l t="год" id="72149"><g v="NOUN"></g><g v="inan"></g><g v="masc"></g><g v="sing"></g><g v="gen1"></g></l></v></tfr></token><token id="708819" text="такими"><tfr rev_id="1540676" t="такими"><v><l t="такой" id="342491"><g v="ADJF"></g><g v="Apro"></g><g v="plur"></g><g v="ablt"></g></l></v></tfr></token><token id="708820" text="электронными"><tfr rev_id="1540677" t="электронными"><v><l t="электронный" id="384368"><g v="ADJF"></g><g v="plur"></g><g v="ablt"></g></l></v></tfr></token><token id="708821" text="документами"><tfr rev_id="1540678" t="документами"><v><l t="документ" id="87509"><g v="NOUN"></g><g v="inan"></g><g v="masc"></g><g v="plur"></g><g v="ablt"></g></l></v></tfr></token><token id="708822" text="будут"><tfr rev_id="1540679" t="будут"><v><l t="есть" id="37265"><g v="VERB"></g><g v="impf"></g><g v="intr"></g><g v="plur"></g><g v="3per"></g><g v="futr"></g><g v="indc"></g></l></v></tfr></token><token id="708823" text="снабжены"><tfr rev_id="1540680" t="снабжены"><v><l t="снабжён" id="327114"><g v="PRTS"></g><g v="perf"></g><g v="past"></g><g v="pssv"></g><g v="plur"></g></l></v></tfr></token><token id="708824" text="все"><tfr rev_id="4512126" t="все"><v><l t="весь" id="42156"><g v="ADJF"></g><g v="Subx"></g><g v="Apro"></g><g v="inan"></g><g v="plur"></g><g v="accs"></g></l></v><v><l t="весь" id="42156"><g v="ADJF"></g><g v="Subx"></g><g v="Apro"></g><g v="plur"></g><g v="nomn"></g></l></v></tfr></token><token id="708825" text="без"><tfr rev_id="1540682" t="без"><v><l t="без" id="25481"><g v="PREP"></g></l></v></tfr></token><token id="708826" text="исключения"><tfr rev_id="3467052" t="исключения"><v><l t="исключение" id="124356"><g v="NOUN"></g><g v="inan"></g><g v="neut"></g><g v="sing"></g><g v="gent"></g></l></v></tfr></token><token id="708827" text="граждане"><tfr rev_id="1540684" t="граждане"><v><l t="гражданин" id="74521"><g v="NOUN"></g><g v="anim"></g><g v="masc"></g><g v="plur"></g><g v="nomn"></g></l></v></tfr></token><token id="708828" text="РФ"><tfr rev_id="3491223" t="РФ"><v><l t="рф" id="310486"><g v="NOUN"></g><g v="inan"></g><g v="femn"></g><g v="Sgtm"></g><g v="Fixd"></g><g v="Abbr"></g><g v="Geox"></g><g v="sing"></g><g v="gent"></g></l></v></tfr></token><token id="708829" text="."><tfr rev_id="1540686" t="."><v><l t="." id="0"><g v="PNCT"></g></l></v></tfr></token></tokens></sentence><sentence id="39861"><source>Ожидается, что универсальная электронная карта станет в высшей степени безопасным носителем с точки зрения хранения персональных данных.</source><tokens><token id="708830" text="Ожидается"><tfr rev_id="1540687" t="Ожидается"><v><l t="ожидаюсь" id="203952"><g v="VERB"></g><g v="impf"></g><g v="intr"></g><g v="sing"></g><g v="3per"></g><g v="pres"></g><g v="indc"></g></l></v></tfr></token><token id="708831" text=","><tfr rev_id="1540688" t=","><v><l t="," id="0"><g v="PNCT"></g></l></v></tfr></token><token id="708832" text="что"><tfr rev_id="3197837" t="что"><v><l t="что" id="377004"><g v="CONJ"></g></l></v><v><l t="что" id="377005"><g v="NPRO"></g><g v="neut"></g><g v="sing"></g><g v="nomn"></g></l></v><v><l t="что" id="377005"><g v="NPRO"></g><g v="neut"></g><g v="sing"></g><g v="accs"></g></l></v><v><l t="что" id="377006"><g v="ADVB"></g><g v="Ques"></g></l></v><v><l t="что" id="388695"><g v="PRCL"></g></l></v></tfr></token><token id="708833" text="универсальная"><tfr rev_id="1540690" t="универсальная"><v><l t="универсальный" id="358274"><g v="ADJF"></g><g v="Qual"></g><g v="femn"></g><g v="sing"></g><g v="nomn"></g></l></v></tfr></token><token id="708834" text="электронная"><tfr rev_id="1540691" t="электронная"><v><l t="электронный" id="384368"><g v="ADJF"></g><g v="femn"></g><g v="sing"></g><g v="nomn"></g></l></v></tfr></token><token id="708835" text="карта"><tfr rev_id="1540692" t="карта"><v><l t="карта" id="130719"><g v="NOUN"></g><g v="inan"></g><g v="femn"></g><g v="sing"></g><g v="nomn"></g></l></v></tfr></token><token id="708836" text="станет"><tfr rev_id="1540693" t="станет"><v><l t="стал" id="335164"><g v="VERB"></g><g v="perf"></g><g v="intr"></g><g v="sing"></g><g v="3per"></g><g v="futr"></g><g v="indc"></g></l></v></tfr></token><token id="708837" text="в"><tfr rev_id="1540694" t="в"><v><l t="в" id="37409"><g v="PREP"></g></l></v></tfr></token><token id="708838" text="высшей"><tfr rev_id="4166669" t="высшей"><v><l t="высший" id="62141"><g v="ADJF"></g><g v="Supr"></g><g v="Qual"></g><g v="femn"></g><g v="sing"></g><g v="loct"></g></l></v></tfr></token><token id="708839" text="степени"><tfr rev_id="4291599" t="степени"><v><l t="степень" id="335806"><g v="NOUN"></g><g v="inan"></g><g v="femn"></g><g v="sing"></g><g v="loct"></g></l></v></tfr></token><token id="708840" text="безопасным"><tfr rev_id="4414731" t="безопасным"><v><l t="безопасный" id="26216"><g v="ADJF"></g><g v="Qual"></g><g v="masc"></g><g v="sing"></g><g v="ablt"></g></l></v></tfr></token><token id="708841" text="носителем"><tfr rev_id="4138373" t="носителем"><v><l t="носитель" id="192320"><g v="NOUN"></g><g v="inan"></g><g v="masc"></g><g v="sing"></g><g v="ablt"></g></l></v></tfr></token><token id="708842" text="с"><tfr rev_id="1540699" t="с"><v><l t="с" id="311151"><g v="PREP"></g></l></v></tfr></token><token id="708843" text="точки"><tfr rev_id="2757049" t="точки"><v><l t="точка" id="348511"><g v="NOUN"></g><g v="inan"></g><g v="femn"></g><g v="sing"></g><g v="gent"></g></l></v></tfr></token><token id="708844" text="зрения"><tfr rev_id="3490147" t="зрения"><v><l t="зрение" id="116555"><g v="NOUN"></g><g v="inan"></g><g v="neut"></g><g v="sing"></g><g v="gent"></g></l></v></tfr></token><token id="708845" text="хранения"><tfr rev_id="3493728" t="хранения"><v><l t="хранение" id="371857"><g v="NOUN"></g><g v="inan"></g><g v="neut"></g><g v="sing"></g><g v="gent"></g></l></v></tfr></token><token id="708846" text="персональных"><tfr rev_id="3553305" t="персональных"><v><l t="персональный" id="237462"><g v="ADJF"></g><g v="plur"></g><g v="gent"></g></l></v></tfr></token><token id="708847" text="данных"><tfr rev_id="4537990" t="данных"><v><l t="данные" id="78302"><g v="NOUN"></g><g v="inan"></g><g v="GNdr"></g><g v="Pltm"></g><g v="plur"></g><g v="gent"></g></l></v></tfr></token><token id="708848" text="."><tfr rev_id="1540705" t="."><v><l t="." id="0"><g v="PNCT"></g></l></v></tfr></token></tokens></sentence></paragraph><paragraph id="12826"><sentence id="39862"><source>Карта будет изготавливаться по единому федеральному стандарту.</source><tokens><token id="708849" text="Карта"><tfr rev_id="1540706" t="Карта"><v><l t="карта" id="130719"><g v="NOUN"></g><g v="inan"></g><g v="femn"></g><g v="sing"></g><g v="nomn"></g></l></v></tfr></token><token id="708850" text="будет"><tfr rev_id="1540707" t="будет"><v><l t="есть" id="37265"><g v="VERB"></g><g v="impf"></g><g v="intr"></g><g v="sing"></g><g v="3per"></g><g v="futr"></g><g v="indc"></g></l></v></tfr></token><token id="708851" text="изготавливаться"><tfr rev_id="1540708" t="изготавливаться"><v><l t="изготавливаться" id="118598"><g v="INFN"></g><g v="impf"></g><g v="intr"></g></l></v></tfr></token><token id="708852" text="по"><tfr rev_id="1540709" t="по"><v><l t="по" id="241240"><g v="PREP"></g></l></v></tfr></token><token id="708853" text="единому"><tfr rev_id="3408222" t="единому"><v><l t="единый" id="94410"><g v="ADJF"></g><g v="Qual"></g><g v="masc"></g><g v="sing"></g><g v="datv"></g></l></v></tfr></token><token id="708854" text="федеральному"><tfr rev_id="3431084" t="федеральному"><v><l t="федеральный" id="364933"><g v="ADJF"></g><g v="masc"></g><g v="sing"></g><g v="datv"></g></l></v></tfr></token><token id="708855" text="стандарту"><tfr rev_id="1540712" t="стандарту"><v><l t="стандарт" id="334571"><g v="NOUN"></g><g v="inan"></g><g v="masc"></g><g v="sing"></g><g v="datv"></g></l></v></tfr></token><token id="708856" text="."><tfr rev_id="1540713" t="."><v><l t="." id="0"><g v="PNCT"></g></l></v></tfr></token></tokens></sentence><sentence id="39863"><source>Документ будет похож на социальную карту москвича.</source><tokens><token id="708857" text="Документ"><tfr rev_id="3491525" t="Документ"><v><l t="документ" id="87509"><g v="NOUN"></g><g v="inan"></g><g v="masc"></g><g v="sing"></g><g v="nomn"></g></l></v></tfr></token><token id="708858" text="будет"><tfr rev_id="1540715" t="будет"><v><l t="есть" id="37265"><g v="VERB"></g><g v="impf"></g><g v="intr"></g><g v="sing"></g><g v="3per"></g><g v="futr"></g><g v="indc"></g></l></v></tfr></token><token id="708859" text="похож"><tfr rev_id="1540716" t="похож"><v><l t="похож" id="264399"><g v="ADJS"></g><g v="Qual"></g><g v="masc"></g><g v="sing"></g></l></v></tfr></token><token id="708860" text="на"><tfr rev_id="3334683" t="на"><v><l t="на" id="166264"><g v="PREP"></g></l></v></tfr></token><token id="708861" text="социальную"><tfr rev_id="1540718" t="социальную"><v><l t="социальный" id="331060"><g v="ADJF"></g><g v="Qual"></g><g v="femn"></g><g v="sing"></g><g v="accs"></g></l></v></tfr></token><token id="708862" text="карту"><tfr rev_id="1540719" t="карту"><v><l t="карта" id="130719"><g v="NOUN"></g><g v="inan"></g><g v="femn"></g><g v="sing"></g><g v="accs"></g></l></v></tfr></token><token id="708863" text="москвича"><tfr rev_id="4461452" t="москвича"><v><l t="москвич" id="163910"><g v="NOUN"></g><g v="anim"></g><g v="masc"></g><g v="sing"></g><g v="gent"></g></l></v><v><l t="москвич" id="163911"><g v="NOUN"></g><g v="inan"></g><g v="masc"></g><g v="sing"></g><g v="gent"></g></l></v></tfr></token><token id="708864" text="."><tfr rev_id="1540721" t="."><v><l t="." id="0"><g v="PNCT"></g></l></v></tfr></token></tokens></sentence><sentence id="39864"><source>На самом пластиковом прямоугольнике будет помещена фотография её владельца, а также нанесены его фамилия и имя, номер карты и срок её действия, а также номер индивидуального лицевого счёта в Пенсионном фонде.</source><tokens><token id="708865" text="На"><tfr rev_id="3343032" t="На"><v><l t="на" id="166264"><g v="PREP"></g></l></v></tfr></token><token id="708866" text="самом"><tfr rev_id="4205000" t="самом"><v><l t="сам" id="312034"><g v="ADJF"></g><g v="Apro"></g><g v="masc"></g><g v="sing"></g><g v="loct"></g></l></v><v><l t="самый" id="313174"><g v="ADJF"></g><g v="Apro"></g><g v="masc"></g><g v="sing"></g><g v="loct"></g></l></v></tfr></token><token id="708867" text="пластиковом"><tfr rev_id="3946401" t="пластиковом"><v><l t="пластиковый" id="239835"><g v="ADJF"></g><g v="masc"></g><g v="sing"></g><g v="loct"></g></l></v></tfr></token><token id="708868" text="прямоугольнике"><tfr rev_id="1540725" t="прямоугольнике"><v><l t="прямоугольник" id="288301"><g v="NOUN"></g><g v="inan"></g><g v="masc"></g><g v="sing"></g><g v="loct"></g></l></v></tfr></token><token id="708869" text="будет"><tfr rev_id="1540726" t="будет"><v><l t="есть" id="37265"><g v="VERB"></g><g v="impf"></g><g v="intr"></g><g v="sing"></g><g v="3per"></g><g v="futr"></g><g v="indc"></g></l></v></tfr></token><token id="708870" text="помещена"><tfr rev_id="1540727" t="помещена"><v><l t="помещён" id="257581"><g v="PRTS"></g><g v="perf"></g><g v="past"></g><g v="pssv"></g><g v="femn"></g><g v="sing"></g></l></v></tfr></token><token id="708871" text="фотография"><tfr rev_id="1540728" t="фотография"><v><l t="фотография" id="367492"><g v="NOUN"></g><g v="inan"></g><g v="femn"></g><g v="sing"></g><g v="nomn"></g></l></v></tfr></token><token id="708872" text="её"><tfr rev_id="4536318" t="её"><v><l t="её" id="94433"><g v="ADJF"></g><g v="Fixd"></g><g v="Apro"></g><g v="Anph"></g><g v="masc"></g><g v="sing"></g><g v="nomn"></g></l></v><v><l t="её" id="94433"><g v="ADJF"></g><g v="Fixd"></g><g v="Apro"></g><g v="Anph"></g><g v="masc"></g><g v="sing"></g><g v="gent"></g></l></v><v><l t="её" id="94433"><g v="ADJF"></g><g v="Fixd"></g><g v="Apro"></g><g v="Anph"></g><g v="masc"></g><g v="sing"></g><g v="datv"></g></l></v><v><l t="её" id="94433"><g v="ADJF"></g><g v="Fixd"></g><g v="Apro"></g><g v="Anph"></g><g v="masc"></g><g v="sing"></g><g v="accs"></g></l></v><v><l t="её" id="94433"><g v="ADJF"></g><g v="Fixd"></g><g v="Apro"></g><g v="Anph"></g><g v="masc"></g><g v="sing"></g><g v="ablt"></g></l></v><v><l t="её" id="94433"><g v="ADJF"></g><g v="Fixd"></g><g v="Apro"></g><g v="Anph"></g><g v="masc"></g><g v="sing"></g><g v="loct"></g></l></v></tfr></token><token id="708873" text="владельца"><tfr rev_id="4216478" t="владельца"><v><l t="владелец" id="46517"><g v="NOUN"></g><g v="anim"></g><g v="masc"></g><g v="sing"></g><g v="gent"></g></l></v></tfr></token><token id="708874" text=","><tfr rev_id="1540731" t=","><v><l t="," id="0"><g v="PNCT"></g></l></v></tfr></token><token id="708875" text="а"><tfr rev_id="3411349" t="а"><v><l t="а" id="51"><g v="CONJ"></g></l></v></tfr></token><token id="708876" text="также"><tfr rev_id="4267855" t="также"><v><l t="также" id="342482"><g v="PRCL"></g></l></v></tfr></token><token id="708877" text="нанесены"><tfr rev_id="1540734" t="нанесены"><v><l t="нанесён" id="172906"><g v="PRTS"></g><g v="perf"></g><g v="past"></g><g v="pssv"></g><g v="plur"></g></l></v></tfr></token><token id="708878" text="его"><tfr rev_id="3607562" t="его"><v><l t="его" id="94208"><g v="ADJF"></g><g v="Fixd"></g><g v="Apro"></g><g v="Anph"></g><g v="masc"></g><g v="sing"></g><g v="nomn"></g></l></v><v><l t="его" id="94208"><g v="ADJF"></g><g v="Fixd"></g><g v="Apro"></g><g v="Anph"></g><g v="masc"></g><g v="sing"></g><g v="gent"></g></l></v><v><l t="его" id="94208"><g v="ADJF"></g><g v="Fixd"></g><g v="Apro"></g><g v="Anph"></g><g v="masc"></g><g v="sing"></g><g v="datv"></g></l></v><v><l t="его" id="94208"><g v="ADJF"></g><g v="Fixd"></g><g v="Apro"></g><g v="Anph"></g><g v="masc"></g><g v="sing"></g><g v="accs"></g></l></v><v><l t="его" id="94208"><g v="ADJF"></g><g v="Fixd"></g><g v="Apro"></g><g v="Anph"></g><g v="masc"></g><g v="sing"></g><g v="ablt"></g></l></v><v><l t="его" id="94208"><g v="ADJF"></g><g v="Fixd"></g><g v="Apro"></g><g v="Anph"></g><g v="masc"></g><g v="sing"></g><g v="loct"></g></l></v><v><l t="его" id="94208"><g v="ADJF"></g><g v="Fixd"></g><g v="Apro"></g><g v="Anph"></g><g v="femn"></g><g v="sing"></g><g v="nomn"></g></l></v><v><l t="его" id="94208"><g v="ADJF"></g><g v="Fixd"></g><g v="Apro"></g><g v="Anph"></g><g v="femn"></g><g v="sing"></g><g v="gent"></g></l></v><v><l t="его" id="94208"><g v="ADJF"></g><g v="Fixd"></g><g v="Apro"></g><g v="Anph"></g><g v="femn"></g><g v="sing"></g><g v="datv"></g></l></v><v><l t="его" id="94208"><g v="ADJF"></g><g v="Fixd"></g><g v="Apro"></g><g v="Anph"></g><g v="femn"></g><g v="sing"></g><g v="accs"></g></l></v><v><l t="его" id="94208"><g v="ADJF"></g><g v="Fixd"></g><g v="Apro"></g><g v="Anph"></g><g v="femn"></g><g v="sing"></g><g v="ablt"></g></l></v><v><l t="его" id="94208"><g v="ADJF"></g><g v="Fixd"></g><g v="Apro"></g><g v="Anph"></g><g v="femn"></g><g v="sing"></g><g v="loct"></g></l></v><v><l t="его" id="94208"><g v="ADJF"></g><g v="Fixd"></g><g v="Apro"></g><g v="Anph"></g><g v="neut"></g><g v="sing"></g><g v="nomn"></g></l></v><v><l t="его" id="94208"><g v="ADJF"></g><g v="Fixd"></g><g v="Apro"></g><g v="Anph"></g><g v="neut"></g><g v="sing"></g><g v="gent"></g></l></v><v><l t="его" id="94208"><g v="ADJF"></g><g v="Fixd"></g><g v="Apro"></g><g v="Anph"></g><g v="neut"></g><g v="sing"></g><g v="datv"></g></l></v><v><l t="его" id="94208"><g v="ADJF"></g><g v="Fixd"></g><g v="Apro"></g><g v="Anph"></g><g v="neut"></g><g v="sing"></g><g v="accs"></g></l></v><v><l t="его" id="94208"><g v="ADJF"></g><g v="Fixd"></g><g v="Apro"></g><g v="Anph"></g><g v="neut"></g><g v="sing"></g><g v="ablt"></g></l></v><v><l t="его" id="94208"><g v="ADJF"></g><g v="Fixd"></g><g v="Apro"></g><g v="Anph"></g><g v="neut"></g><g v="sing"></g><g v="loct"></g></l></v><v><l t="его" id="94208"><g v="ADJF"></g><g v="Fixd"></g><g v="Apro"></g><g v="Anph"></g><g v="plur"></g><g v="nomn"></g></l></v><v><l t="его" id="94208"><g v="ADJF"></g><g v="Fixd"></g><g v="Apro"></g><g v="Anph"></g><g v="plur"></g><g v="gent"></g></l></v><v><l t="его" id="94208"><g v="ADJF"></g><g v="Fixd"></g><g v="Apro"></g><g v="Anph"></g><g v="plur"></g><g v="datv"></g></l></v><v><l t="его" id="94208"><g v="ADJF"></g><g v="Fixd"></g><g v="Apro"></g><g v="Anph"></g><g v="plur"></g><g v="accs"></g></l></v><v><l t="его" id="94208"><g v="ADJF"></g><g v="Fixd"></g><g v="Apro"></g><g v="Anph"></g><g v="plur"></g><g v="ablt"></g></l></v><v><l t="его" id="94208"><g v="ADJF"></g><g v="Fixd"></g><g v="Apro"></g><g v="Anph"></g><g v="plur"></g><g v="loct"></g></l></v></tfr></token><token id="708879" text="фамилия"><tfr rev_id="1540736" t="фамилия"><v><l t="фамилия" id="364329"><g v="NOUN"></g><g v="inan"></g><g v="femn"></g><g v="sing"></g><g v="nomn"></g></l></v></tfr></token><token id="708880" text="и"><tfr rev_id="1540737" t="и"><v><l t="и" id="116949"><g v="CONJ"></g></l></v><v><l t="и" id="116950"><g v="INTJ"></g></l></v></tfr></token><token id="708881" text="имя"><tfr rev_id="1540738" t="имя"><v><l t="имя" id="121947"><g v="NOUN"></g><g v="inan"></g><g v="neut"></g><g v="sing"></g><g v="nomn"></g></l></v><v><l t="имя" id="121947"><g v="NOUN"></g><g v="inan"></g><g v="neut"></g><g v="sing"></g><g v="accs"></g></l></v></tfr></token><token id="708882" text=","><tfr rev_id="1540739" t=","><v><l t="," id="0"><g v="PNCT"></g></l></v></tfr></token><token id="708883" text="номер"><tfr rev_id="4100679" t="номер"><v><l t="номер" id="192067"><g v="NOUN"></g><g v="inan"></g><g v="masc"></g><g v="sing"></g><g v="nomn"></g></l></v></tfr></token><token id="708884" text="карты"><tfr rev_id="2693729" t="карты"><v><l t="карта" id="130719"><g v="NOUN"></g><g v="inan"></g><g v="femn"></g><g v="sing"></g><g v="gent"></g></l></v></tfr></token><token id="708885" text="и"><tfr rev_id="1540742" t="и"><v><l t="и" id="116949"><g v="CONJ"></g></l></v><v><l t="и" id="116950"><g v="INTJ"></g></l></v></tfr></token><token id="708886" text="срок"><tfr rev_id="1540743" t="срок"><v><l t="срок" id="333848"><g v="NOUN"></g><g v="inan"></g><g v="masc"></g><g v="sing"></g><g v="nomn"></g></l></v><v><l t="срок" id="333848"><g v="NOUN"></g><g v="inan"></g><g v="masc"></g><g v="sing"></g><g v="accs"></g></l></v></tfr></token><token id="708887" text="её"><tfr rev_id="4473052" t="её"><v><l t="её" id="94433"><g v="ADJF"></g><g v="Fixd"></g><g v="Apro"></g><g v="Anph"></g><g v="masc"></g><g v="sing"></g><g v="nomn"></g></l></v><v><l t="её" id="94433"><g v="ADJF"></g><g v="Fixd"></g><g v="Apro"></g><g v="Anph"></g><g v="masc"></g><g v="sing"></g><g v="gent"></g></l></v><v><l t="её" id="94433"><g v="ADJF"></g><g v="Fixd"></g><g v="Apro"></g><g v="Anph"></g><g v="masc"></g><g v="sing"></g><g v="datv"></g></l></v><v><l t="её" id="94433"><g v="ADJF"></g><g v="Fixd"></g><g v="Apro"></g><g v="Anph"></g><g v="masc"></g><g v="sing"></g><g v="accs"></g></l></v><v><l t="её" id="94433"><g v="ADJF"></g><g v="Fixd"></g><g v="Apro"></g><g v="Anph"></g><g v="masc"></g><g v="sing"></g><g v="ablt"></g></l></v><v><l t="её" id="94433"><g v="ADJF"></g><g v="Fixd"></g><g v="Apro"></g><g v="Anph"></g><g v="masc"></g><g v="sing"></g><g v="loct"></g></l></v><v><l t="её" id="94433"><g v="ADJF"></g><g v="Fixd"></g><g v="Apro"></g><g v="Anph"></g><g v="femn"></g><g v="sing"></g><g v="nomn"></g></l></v><v><l t="её" id="94433"><g v="ADJF"></g><g v="Fixd"></g><g v="Apro"></g><g v="Anph"></g><g v="femn"></g><g v="sing"></g><g v="gent"></g></l></v><v><l t="её" id="94433"><g v="ADJF"></g><g v="Fixd"></g><g v="Apro"></g><g v="Anph"></g><g v="femn"></g><g v="sing"></g><g v="datv"></g></l></v><v><l t="её" id="94433"><g v="ADJF"></g><g v="Fixd"></g><g v="Apro"></g><g v="Anph"></g><g v="femn"></g><g v="sing"></g><g v="accs"></g></l></v><v><l t="её" id="94433"><g v="ADJF"></g><g v="Fixd"></g><g v="Apro"></g><g v="Anph"></g><g v="femn"></g><g v="sing"></g><g v="ablt"></g></l></v><v><l t="её" id="94433"><g v="ADJF"></g><g v="Fixd"></g><g v="Apro"></g><g v="Anph"></g><g v="femn"></g><g v="sing"></g><g v="loct"></g></l></v><v><l t="её" id="94433"><g v="ADJF"></g><g v="Fixd"></g><g v="Apro"></g><g v="Anph"></g><g v="neut"></g><g v="sing"></g><g v="nomn"></g></l></v><v><l t="её" id="94433"><g v="ADJF"></g><g v="Fixd"></g><g v="Apro"></g><g v="Anph"></g><g v="neut"></g><g v="sing"></g><g v="gent"></g></l></v><v><l t="её" id="94433"><g v="ADJF"></g><g v="Fixd"></g><g v="Apro"></g><g v="Anph"></g><g v="neut"></g><g v="sing"></g><g v="datv"></g></l></v><v><l t="её" id="94433"><g v="ADJF"></g><g v="Fixd"></g><g v="Apro"></g><g v="Anph"></g><g v="neut"></g><g v="sing"></g><g v="accs"></g></l></v><v><l t="её" id="94433"><g v="ADJF"></g><g v="Fixd"></g><g v="Apro"></g><g v="Anph"></g><g v="neut"></g><g v="sing"></g><g v="ablt"></g></l></v><v><l t="её" id="94433"><g v="ADJF"></g><g v="Fixd"></g><g v="Apro"></g><g v="Anph"></g><g v="neut"></g><g v="sing"></g><g v="loct"></g></l></v></tfr></token><token id="708888" text="действия"><tfr rev_id="3409810" t="действия"><v><l t="действие" id="80091"><g v="NOUN"></g><g v="inan"></g><g v="neut"></g><g v="sing"></g><g v="gent"></g></l></v></tfr></token><token id="708889" text=","><tfr rev_id="1540746" t=","><v><l t="," id="0"><g v="PNCT"></g></l></v></tfr></token><token id="708890" text="а"><tfr rev_id="1540747" t="а"><v><l t="а" id="51"><g v="CONJ"></g></l></v><v><l t="а" id="52"><g v="INTJ"></g></l></v><v><l t="а" id="53"><g v="PRCL"></g></l></v></tfr></token><token id="708891" text="также"><tfr rev_id="4267856" t="также"><v><l t="также" id="342482"><g v="PRCL"></g></l></v></tfr></token><token id="708892" text="номер"><tfr rev_id="3549758" t="номер"><v><l t="номер" id="192067"><g v="NOUN"></g><g v="inan"></g><g v="masc"></g><g v="sing"></g><g v="nomn"></g></l></v></tfr></token><token id="708893" text="индивидуального"><tfr rev_id="3342789" t="индивидуального"><v><l t="индивидуальный" id="122211"><g v="ADJF"></g><g v="masc"></g><g v="sing"></g><g v="gent"></g></l></v><v><l t="индивидуальный" id="122211"><g v="ADJF"></g><g v="anim"></g><g v="masc"></g><g v="sing"></g><g v="accs"></g></l></v></tfr></token><token id="708894" text="лицевого"><tfr rev_id="3448925" t="лицевого"><v><l t="лицевой" id="150104"><g v="ADJF"></g><g v="masc"></g><g v="sing"></g><g v="gent"></g></l></v><v><l t="лицевой" id="150104"><g v="ADJF"></g><g v="anim"></g><g v="masc"></g><g v="sing"></g><g v="accs"></g></l></v></tfr></token><token id="708895" text="счёта"><tfr rev_id="3469165" t="счёта"><v><l t="счёт" id="341128"><g v="NOUN"></g><g v="inan"></g><g v="masc"></g><g v="sing"></g><g v="gent"></g></l></v></tfr></token><token id="708896" text="в"><tfr rev_id="1540753" t="в"><v><l t="в" id="37409"><g v="PREP"></g></l></v></tfr></token><token id="708897" text="Пенсионном"><tfr rev_id="3881250" t="Пенсионном"><v><l t="пенсионный" id="226077"><g v="ADJF"></g><g v="Qual"></g><g v="masc"></g><g v="sing"></g><g v="loct"></g></l></v></tfr></token><token id="708898" text="фонде"><tfr rev_id="1540755" t="фонде"><v><l t="фонд" id="366948"><g v="NOUN"></g><g v="inan"></g><g v="masc"></g><g v="sing"></g><g v="loct"></g></l></v></tfr></token><token id="708899" text="."><tfr rev_id="1540756" t="."><v><l t="." id="0"><g v="PNCT"></g></l></v></tfr></token></tokens></sentence><sentence id="39865"><source>А на электронном носителе, скрытом от посторонних глаз, укажут фамилию, имя, дату и место рождения владельца.</source><tokens><token id="708900" text="А"><tfr rev_id="1540757" t="А"><v><l t="а" id="51"><g v="CONJ"></g></l></v><v><l t="а" id="52"><g v="INTJ"></g></l></v><v><l t="а" id="53"><g v="PRCL"></g></l></v></tfr></token><token id="708901" text="на"><tfr rev_id="3343147" t="на"><v><l t="на" id="166264"><g v="PREP"></g></l></v></tfr></token><token id="708902" text="электронном"><tfr rev_id="3408141" t="электронном"><v><l t="электронный" id="384368"><g v="ADJF"></g><g v="masc"></g><g v="sing"></g><g v="loct"></g></l></v></tfr></token><token id="708903" text="носителе"><tfr rev_id="3806239" t="носителе"><v><l t="носитель" id="192320"><g v="NOUN"></g><g v="inan"></g><g v="masc"></g><g v="sing"></g><g v="loct"></g></l></v></tfr></token><token id="708904" text=","><tfr rev_id="1540761" t=","><v><l t="," id="0"><g v="PNCT"></g></l></v></tfr></token><token id="708905" text="скрытом"><tfr rev_id="4296974" t="скрытом"><v><l t="скрытый" id="323827"><g v="PRTF"></g><g v="perf"></g><g v="tran"></g><g v="past"></g><g v="pssv"></g><g v="masc"></g><g v="sing"></g><g v="loct"></g></l></v></tfr></token><token id="708906" text="от"><tfr rev_id="1540763" t="от"><v><l t="от" id="211644"><g v="PREP"></g></l></v></tfr></token><token id="708907" text="посторонних"><tfr rev_id="2827261" t="посторонних"><v><l t="посторонний" id="262391"><g v="ADJF"></g><g v="plur"></g><g v="gent"></g></l></v></tfr></token><token id="708908" text="глаз"><tfr rev_id="3451266" t="глаз"><v><l t="глаз" id="70992"><g v="NOUN"></g><g v="inan"></g><g v="masc"></g><g v="plur"></g><g v="gent"></g></l></v></tfr></token><token id="708909" text=","><tfr rev_id="1540766" t=","><v><l t="," id="0"><g v="PNCT"></g></l></v></tfr></token><token id="708910" text="укажут"><tfr rev_id="1540767" t="укажут"><v><l t="указал" id="355924"><g v="VERB"></g><g v="perf"></g><g v="tran"></g><g v="plur"></g><g v="3per"></g><g v="futr"></g><g v="indc"></g></l></v></tfr></token><token id="708911" text="фамилию"><tfr rev_id="1540768" t="фамилию"><v><l t="фамилия" id="364329"><g v="NOUN"></g><g v="inan"></g><g v="femn"></g><g v="sing"></g><g v="accs"></g></l></v></tfr></token><token id="708912" text=","><tfr rev_id="1540769" t=","><v><l t="," id="0"><g v="PNCT"></g></l></v></tfr></token><token id="708913" text="имя"><tfr rev_id="4096739" t="имя"><v><l t="имя" id="121947"><g v="NOUN"></g><g v="inan"></g><g v="neut"></g><g v="sing"></g><g v="accs"></g></l></v></tfr></token><token id="708914" text=","><tfr rev_id="1540771" t=","><v><l t="," id="0"><g v="PNCT"></g></l></v></tfr></token><token id="708915" text="дату"><tfr rev_id="1540772" t="дату"><v><l t="дата" id="78501"><g v="NOUN"></g><g v="inan"></g><g v="femn"></g><g v="sing"></g><g v="accs"></g></l></v></tfr></token><token id="708916" text="и"><tfr rev_id="3533209" t="и"><v><l t="и" id="116949"><g v="CONJ"></g></l></v></tfr></token><token id="708917" text="место"><tfr rev_id="1540774" t="место"><v><l t="место" id="158822"><g v="NOUN"></g><g v="inan"></g><g v="neut"></g><g v="sing"></g><g v="nomn"></g></l></v><v><l t="место" id="158822"><g v="NOUN"></g><g v="inan"></g><g v="neut"></g><g v="sing"></g><g v="accs"></g></l></v></tfr></token><token id="708918" text="рождения"><tfr rev_id="3471602" t="рождения"><v><l t="рождение" id="308457"><g v="NOUN"></g><g v="inan"></g><g v="neut"></g><g v="sing"></g><g v="gent"></g></l></v></tfr></token><token id="708919" text="владельца"><tfr rev_id="3302486" t="владельца"><v><l t="владелец" id="46517"><g v="NOUN"></g><g v="anim"></g><g v="masc"></g><g v="sing"></g><g v="gent"></g></l></v></tfr></token><token id="708920" text="."><tfr rev_id="1540777" t="."><v><l t="." id="0"><g v="PNCT"></g></l></v></tfr></token></tokens></sentence><sentence id="39866"><source>УЭК должна будет храниться только у владельца, её нельзя будет передавать другому лицу.</source><tokens><token id="708921" text="УЭК"><tfr rev_id="1540778" t="УЭК"><v><l t="уэк" id="0"><g v="UNKN"></g></l></v></tfr></token><token id="708922" text="должна"><tfr rev_id="2558958" t="должна"><v><l t="должен" id="87975"><g v="ADJS"></g><g v="femn"></g><g v="sing"></g></l></v></tfr></token><token id="708923" text="будет"><tfr rev_id="1540780" t="будет"><v><l t="есть" id="37265"><g v="VERB"></g><g v="impf"></g><g v="intr"></g><g v="sing"></g><g v="3per"></g><g v="futr"></g><g v="indc"></g></l></v></tfr></token><token id="708924" text="храниться"><tfr rev_id="1540781" t="храниться"><v><l t="храниться" id="371874"><g v="INFN"></g><g v="impf"></g><g v="intr"></g></l></v></tfr></token><token id="708925" text="только"><tfr rev_id="3784233" t="только"><v><l t="только" id="347395"><g v="CONJ"></g></l></v><v><l t="только" id="347396"><g v="PRCL"></g></l></v><v><l t="только" id="390053"><g v="ADVB"></g></l></v></tfr></token><token id="708926" text="у"><tfr rev_id="3282946" t="у"><v><l t="у" id="352818"><g v="PREP"></g></l></v></tfr></token><token id="708927" text="владельца"><tfr rev_id="4359503" t="владельца"><v><l t="владелец" id="46517"><g v="NOUN"></g><g v="anim"></g><g v="masc"></g><g v="sing"></g><g v="gent"></g></l></v></tfr></token><token id="708928" text=","><tfr rev_id="1540785" t=","><v><l t="," id="0"><g v="PNCT"></g></l></v></tfr></token><token id="708929" text="её"><tfr rev_id="4478758" t="её"><v><l t="она" id="206544"><g v="NPRO"></g><g v="femn"></g><g v="3per"></g><g v="Anph"></g><g v="sing"></g><g v="gent"></g></l></v><v><l t="она" id="206544"><g v="NPRO"></g><g v="femn"></g><g v="3per"></g><g v="Anph"></g><g v="sing"></g><g v="accs"></g></l></v></tfr></token><token id="708930" text="нельзя"><tfr rev_id="1540787" t="нельзя"><v><l t="нельзя" id="183884"><g v="PRED"></g><g v="pres"></g></l></v></tfr></token><token id="708931" text="будет"><tfr rev_id="1540788" t="будет"><v><l t="есть" id="37265"><g v="VERB"></g><g v="impf"></g><g v="intr"></g><g v="sing"></g><g v="3per"></g><g v="futr"></g><g v="indc"></g></l></v></tfr></token><token id="708932" text="передавать"><tfr rev_id="1540789" t="передавать"><v><l t="передавать" id="228102"><g v="INFN"></g><g v="impf"></g><g v="tran"></g></l></v><v><l t="передавать" id="228109"><g v="INFN"></g><g v="perf"></g><g v="tran"></g></l></v></tfr></token><token id="708933" text="другому"><tfr rev_id="3560533" t="другому"><v><l t="другой" id="92342"><g v="ADJF"></g><g v="Apro"></g><g v="Subx"></g><g v="neut"></g><g v="sing"></g><g v="datv"></g></l></v></tfr></token><token id="708934" text="лицу"><tfr rev_id="4163068" t="лицу"><v><l t="лицо" id="150189"><g v="NOUN"></g><g v="anim"></g><g v="neut"></g><g v="sing"></g><g v="datv"></g></l></v></tfr></token><token id="708935" text="."><tfr rev_id="1540792" t="."><v><l t="." id="0"><g v="PNCT"></g></l></v></tfr></token></tokens></sentence><sentence id="39867"><source>В случае утери карточки её можно будет восстановить.</source><tokens><token id="708936" text="В"><tfr rev_id="1540793" t="В"><v><l t="в" id="37409"><g v="PREP"></g></l></v></tfr></token><token id="708937" text="случае"><tfr rev_id="1540794" t="случае"><v><l t="случай" id="325472"><g v="NOUN"></g><g v="inan"></g><g v="masc"></g><g v="sing"></g><g v="loct"></g></l></v></tfr></token><token id="708938" text="утери"><tfr rev_id="3432832" t="утери"><v><l t="утеря" id="361799"><g v="NOUN"></g><g v="inan"></g><g v="femn"></g><g v="sing"></g><g v="gent"></g></l></v></tfr></token><token id="708939" text="карточки"><tfr rev_id="3476012" t="карточки"><v><l t="карточка" id="130868"><g v="NOUN"></g><g v="inan"></g><g v="femn"></g><g v="sing"></g><g v="gent"></g></l></v></tfr></token><token id="708940" text="её"><tfr rev_id="4572679" t="её"><v><l t="она" id="206544"><g v="NPRO"></g><g v="femn"></g><g v="3per"></g><g v="Anph"></g><g v="sing"></g><g v="gent"></g></l></v><v><l t="она" id="206544"><g v="NPRO"></g><g v="femn"></g><g v="3per"></g><g v="Anph"></g><g v="sing"></g><g v="accs"></g></l></v></tfr></token><token id="708941" text="можно"><tfr rev_id="1540798" t="можно"><v><l t="можно" id="162467"><g v="PRED"></g><g v="pres"></g></l></v></tfr></token><token id="708942" text="будет"><tfr rev_id="1540799" t="будет"><v><l t="есть" id="37265"><g v="VERB"></g><g v="impf"></g><g v="intr"></g><g v="sing"></g><g v="3per"></g><g v="futr"></g><g v="indc"></g></l></v></tfr></token><token id="708943" text="восстановить"><tfr rev_id="1540800" t="восстановить"><v><l t="восстановить" id="51880"><g v="INFN"></g><g v="perf"></g><g v="tran"></g></l></v></tfr></token><token id="708944" text="."><tfr rev_id="1540801" t="."><v><l t="." id="0"><g v="PNCT"></g></l></v></tfr></token></tokens></sentence></paragraph><paragraph id="12827"><sentence id="39868"><source>В мэрии Москвы пояснили, что карту можно будет использовать для обращения в органы исполнительной власти, в том числе через интернет, при проходе в образовательные учреждения, для получения школьниками бесплатного и платного питания, при прикреплении к поликлинике и оформлении в стационар.</source><tokens><token id="708945" text="В"><tfr rev_id="1540802" t="В"><v><l t="в" id="37409"><g v="PREP"></g></l></v></tfr></token><token id="708946" text="мэрии"><tfr rev_id="4291600" t="мэрии"><v><l t="мэрия" id="166005"><g v="NOUN"></g><g v="inan"></g><g v="femn"></g><g v="sing"></g><g v="loct"></g></l></v></tfr></token><token id="708947" text="Москвы"><tfr rev_id="1540804" t="Москвы"><v><l t="москва" id="163901"><g v="NOUN"></g><g v="inan"></g><g v="femn"></g><g v="Sgtm"></g><g v="Geox"></g><g v="sing"></g><g v="gent"></g></l></v></tfr></token><token id="708948" text="пояснили"><tfr rev_id="1540805" t="пояснили"><v><l t="пояснил" id="265535"><g v="VERB"></g><g v="perf"></g><g v="tran"></g><g v="plur"></g><g v="past"></g><g v="indc"></g></l></v></tfr></token><token id="708949" text=","><tfr rev_id="1540806" t=","><v><l t="," id="0"><g v="PNCT"></g></l></v></tfr></token><token id="708950" text="что"><tfr rev_id="3197838" t="что"><v><l t="что" id="377004"><g v="CONJ"></g></l></v><v><l t="что" id="377005"><g v="NPRO"></g><g v="neut"></g><g v="sing"></g><g v="nomn"></g></l></v><v><l t="что" id="377005"><g v="NPRO"></g><g v="neut"></g><g v="sing"></g><g v="accs"></g></l></v><v><l t="что" id="377006"><g v="ADVB"></g><g v="Ques"></g></l></v><v><l t="что" id="388695"><g v="PRCL"></g></l></v></tfr></token><token id="708951" text="карту"><tfr rev_id="1540808" t="карту"><v><l t="карта" id="130719"><g v="NOUN"></g><g v="inan"></g><g v="femn"></g><g v="sing"></g><g v="accs"></g></l></v></tfr></token><token id="708952" text="можно"><tfr rev_id="1540809" t="можно"><v><l t="можно" id="162467"><g v="PRED"></g><g v="pres"></g></l></v></tfr></token><token id="708953" text="будет"><tfr rev_id="1540810" t="будет"><v><l t="есть" id="37265"><g v="VERB"></g><g v="impf"></g><g v="intr"></g><g v="sing"></g><g v="3per"></g><g v="futr"></g><g v="indc"></g></l></v></tfr></token><token id="708954" text="использовать"><tfr rev_id="1540811" t="использовать"><v><l t="использовать" id="125420"><g v="INFN"></g><g v="perf"></g><g v="tran"></g></l></v><v><l t="использовать" id="125421"><g v="INFN"></g><g v="impf"></g><g v="tran"></g></l></v></tfr></token><token id="708955" text="для"><tfr rev_id="2844849" t="для"><v><l t="для" id="85032"><g v="PREP"></g></l></v></tfr></token><token id="708956" text="обращения"><tfr rev_id="3441321" t="обращения"><v><l t="обращение" id="198955"><g v="NOUN"></g><g v="inan"></g><g v="neut"></g><g v="sing"></g><g v="gent"></g></l></v></tfr></token><token id="708957" text="в"><tfr rev_id="1540814" t="в"><v><l t="в" id="37409"><g v="PREP"></g></l></v></tfr></token><token id="708958" text="органы"><tfr rev_id="3728005" t="органы"><v><l t="орган" id="208736"><g v="NOUN"></g><g v="inan"></g><g v="masc"></g><g v="plur"></g><g v="accs"></g></l></v></tfr></token><token id="708959" text="исполнительной"><tfr rev_id="3554031" t="исполнительной"><v><l t="исполнительный" id="125363"><g v="ADJF"></g><g v="Qual"></g><g v="femn"></g><g v="sing"></g><g v="gent"></g></l></v></tfr></token><token id="708960" text="власти"><tfr rev_id="4291601" t="власти"><v><l t="власть" id="46816"><g v="NOUN"></g><g v="inan"></g><g v="femn"></g><g v="sing"></g><g v="gent"></g></l></v></tfr></token><token id="708961" text=","><tfr rev_id="1540818" t=","><v><l t="," id="0"><g v="PNCT"></g></l></v></tfr></token><token id="708962" text="в"><tfr rev_id="1540819" t="в"><v><l t="в" id="37409"><g v="PREP"></g></l></v></tfr></token><token id="708963" text="том"><tfr rev_id="4308363" t="том"><v><l t="тот" id="348430"><g v="ADJF"></g><g v="Subx"></g><g v="Apro"></g><g v="Anph"></g><g v="neut"></g><g v="sing"></g><g v="loct"></g></l></v></tfr></token><token id="708964" text="числе"><tfr rev_id="1540821" t="числе"><v><l t="число" id="376585"><g v="NOUN"></g><g v="inan"></g><g v="neut"></g><g v="sing"></g><g v="loct"></g></l></v></tfr></token><token id="708965" text="через"><tfr rev_id="1540822" t="через"><v><l t="через" id="375333"><g v="PREP"></g></l></v></tfr></token><token id="708966" text="интернет"><tfr rev_id="3230321" t="интернет"><v><l t="интернет" id="123255"><g v="NOUN"></g><g v="inan"></g><g v="masc"></g><g v="sing"></g><g v="accs"></g></l></v></tfr></token><token id="708967" text=","><tfr rev_id="1540824" t=","><v><l t="," id="0"><g v="PNCT"></g></l></v></tfr></token><token id="708968" text="при"><tfr rev_id="2628837" t="при"><v><l t="при" id="268625"><g v="PREP"></g></l></v></tfr></token><token id="708969" text="проходе"><tfr rev_id="1540826" t="проходе"><v><l t="проход" id="287175"><g v="NOUN"></g><g v="inan"></g><g v="masc"></g><g v="sing"></g><g v="loct"></g></l></v></tfr></token><token id="708970" text="в"><tfr rev_id="1540827" t="в"><v><l t="в" id="37409"><g v="PREP"></g></l></v></tfr></token><token id="708971" text="образовательные"><tfr rev_id="3808548" t="образовательные"><v><l t="образовательный" id="198807"><g v="ADJF"></g><g v="inan"></g><g v="plur"></g><g v="accs"></g></l></v></tfr></token><token id="708972" text="учреждения"><tfr rev_id="3804852" t="учреждения"><v><l t="учреждение" id="363361"><g v="NOUN"></g><g v="inan"></g><g v="neut"></g><g v="plur"></g><g v="accs"></g></l></v></tfr></token><token id="708973" text=","><tfr rev_id="1540830" t=","><v><l t="," id="0"><g v="PNCT"></g></l></v></tfr></token><token id="708974" text="для"><tfr rev_id="2948512" t="для"><v><l t="для" id="85032"><g v="PREP"></g></l></v></tfr></token><token id="708975" text="получения"><tfr rev_id="3476193" t="получения"><v><l t="получение" id="256956"><g v="NOUN"></g><g v="inan"></g><g v="neut"></g><g v="sing"></g><g v="gent"></g></l></v></tfr></token><token id="708976" text="школьниками"><tfr rev_id="1540833" t="школьниками"><v><l t="школьник" id="380237"><g v="NOUN"></g><g v="anim"></g><g v="masc"></g><g v="plur"></g><g v="ablt"></g></l></v></tfr></token><token id="708977" text="бесплатного"><tfr rev_id="3470252" t="бесплатного"><v><l t="бесплатный" id="28393"><g v="ADJF"></g><g v="Qual"></g><g v="neut"></g><g v="sing"></g><g v="gent"></g></l></v></tfr></token><token id="708978" text="и"><tfr rev_id="1540835" t="и"><v><l t="и" id="116949"><g v="CONJ"></g></l></v><v><l t="и" id="116950"><g v="INTJ"></g></l></v></tfr></token><token id="708979" text="платного"><tfr rev_id="4094219" t="платного"><v><l t="платный" id="240030"><g v="ADJF"></g><g v="Qual"></g><g v="neut"></g><g v="sing"></g><g v="gent"></g></l></v></tfr></token><token id="708980" text="питания"><tfr rev_id="2606184" t="питания"><v><l t="питание" id="239206"><g v="NOUN"></g><g v="inan"></g><g v="neut"></g><g v="sing"></g><g v="gent"></g></l></v></tfr></token><token id="708981" text=","><tfr rev_id="1540838" t=","><v><l t="," id="0"><g v="PNCT"></g></l></v></tfr></token><token id="708982" text="при"><tfr rev_id="2601235" t="при"><v><l t="при" id="268625"><g v="PREP"></g></l></v></tfr></token><token id="708983" text="прикреплении"><tfr rev_id="1540840" t="прикреплении"><v><l t="прикрепление" id="271302"><g v="NOUN"></g><g v="inan"></g><g v="neut"></g><g v="sing"></g><g v="loct"></g></l></v></tfr></token><token id="708984" text="к"><tfr rev_id="1540841" t="к"><v><l t="к" id="127460"><g v="PREP"></g></l></v></tfr></token><token id="708985" text="поликлинике"><tfr rev_id="3552795" t="поликлинике"><v><l t="поликлиника" id="255618"><g v="NOUN"></g><g v="inan"></g><g v="femn"></g><g v="sing"></g><g v="datv"></g></l></v></tfr></token><token id="708986" text="и"><tfr rev_id="4082216" t="и"><v><l t="и" id="116949"><g v="CONJ"></g></l></v></tfr></token><token id="708987" text="оформлении"><tfr rev_id="1540844" t="оформлении"><v><l t="оформление" id="220972"><g v="NOUN"></g><g v="inan"></g><g v="neut"></g><g v="sing"></g><g v="loct"></g></l></v></tfr></token><token id="708988" text="в"><tfr rev_id="1540845" t="в"><v><l t="в" id="37409"><g v="PREP"></g></l></v></tfr></token><token id="708989" text="стационар"><tfr rev_id="1540846" t="стационар"><v><l t="стационар" id="335193"><g v="NOUN"></g><g v="inan"></g><g v="masc"></g><g v="sing"></g><g v="nomn"></g></l></v><v><l t="стационар" id="335193"><g v="NOUN"></g><g v="inan"></g><g v="masc"></g><g v="sing"></g><g v="accs"></g></l></v></tfr></token><token id="708990" text="."><tfr rev_id="1540847" t="."><v><l t="." id="0"><g v="PNCT"></g></l></v></tfr></token></tokens></sentence><sentence id="39869"><source>Кроме того, планируется перечислять на карту все виды пособий, субсидий и других денежных выплат.</source><tokens><token id="708991" text="Кроме"><tfr rev_id="1540848" t="Кроме"><v><l t="кроме" id="143259"><g v="PREP"></g></l></v></tfr></token><token id="708992" text="того"><tfr rev_id="4536645" t="того"><v><l t="тот" id="348430"><g v="ADJF"></g><g v="Subx"></g><g v="Apro"></g><g v="Anph"></g><g v="masc"></g><g v="sing"></g><g v="gent"></g></l></v><v><l t="тот" id="348430"><g v="ADJF"></g><g v="Subx"></g><g v="Apro"></g><g v="Anph"></g><g v="neut"></g><g v="sing"></g><g v="gent"></g></l></v></tfr></token><token id="708993" text=","><tfr rev_id="1540850" t=","><v><l t="," id="0"><g v="PNCT"></g></l></v></tfr></token><token id="708994" text="планируется"><tfr rev_id="1540851" t="планируется"><v><l t="планируюсь" id="239722"><g v="VERB"></g><g v="impf"></g><g v="intr"></g><g v="sing"></g><g v="3per"></g><g v="pres"></g><g v="indc"></g></l></v></tfr></token><token id="708995" text="перечислять"><tfr rev_id="1540852" t="перечислять"><v><l t="перечислять" id="236707"><g v="INFN"></g><g v="impf"></g><g v="tran"></g></l></v></tfr></token><token id="708996" text="на"><tfr rev_id="3335631" t="на"><v><l t="на" id="166264"><g v="PREP"></g></l></v></tfr></token><token id="708997" text="карту"><tfr rev_id="1540854" t="карту"><v><l t="карта" id="130719"><g v="NOUN"></g><g v="inan"></g><g v="femn"></g><g v="sing"></g><g v="accs"></g></l></v></tfr></token><token id="708998" text="все"><tfr rev_id="4511026" t="все"><v><l t="весь" id="42156"><g v="ADJF"></g><g v="Subx"></g><g v="Apro"></g><g v="inan"></g><g v="plur"></g><g v="accs"></g></l></v><v><l t="весь" id="42156"><g v="ADJF"></g><g v="Subx"></g><g v="Apro"></g><g v="plur"></g><g v="nomn"></g></l></v></tfr></token><token id="708999" text="виды"><tfr rev_id="3409756" t="виды"><v><l t="вид" id="44437"><g v="NOUN"></g><g v="inan"></g><g v="masc"></g><g v="plur"></g><g v="accs"></g></l></v></tfr></token><token id="709000" text="пособий"><tfr rev_id="1540857" t="пособий"><v><l t="пособие" id="261817"><g v="NOUN"></g><g v="inan"></g><g v="neut"></g><g v="plur"></g><g v="gent"></g></l></v></tfr></token><token id="709001" text=","><tfr rev_id="1540858" t=","><v><l t="," id="0"><g v="PNCT"></g></l></v></tfr></token><token id="709002" text="субсидий"><tfr rev_id="1540859" t="субсидий"><v><l t="субсидия" id="338700"><g v="NOUN"></g><g v="inan"></g><g v="femn"></g><g v="plur"></g><g v="gent"></g></l></v></tfr></token><token id="709003" text="и"><tfr rev_id="1540860" t="и"><v><l t="и" id="116949"><g v="CONJ"></g></l></v><v><l t="и" id="116950"><g v="INTJ"></g></l></v></tfr></token><token id="709004" text="других"><tfr rev_id="4351682" t="других"><v><l t="другой" id="92342"><g v="ADJF"></g><g v="Apro"></g><g v="Subx"></g><g v="plur"></g><g v="gent"></g></l></v></tfr></token><token id="709005" text="денежных"><tfr rev_id="3466781" t="денежных"><v><l t="денежный" id="81269"><g v="ADJF"></g><g v="Qual"></g><g v="plur"></g><g v="gent"></g></l></v></tfr></token><token id="709006" text="выплат"><tfr rev_id="1540863" t="выплат"><v><l t="выплата" id="60462"><g v="NOUN"></g><g v="inan"></g><g v="femn"></g><g v="plur"></g><g v="gent"></g></l></v></tfr></token><token id="709007" text="."><tfr rev_id="1540864" t="."><v><l t="." id="0"><g v="PNCT"></g></l></v></tfr></token></tokens></sentence><sentence id="39870"><source>«Планируется проработать совместно с федеральными органами исполнительной власти возможность приёма универсальной электронной карты при подготовке и выдаче водительского удостоверения, предоставлении налоговой отчетности, регистрации прав собственности, оплате налогов, пошлин, штрафов»,</source><tokens><token id="709008" text="«"><tfr rev_id="2447524" t="«"><v><l t="«" id="0"><g v="PNCT"></g></l></v></tfr></token><token id="709009" text="Планируется"><tfr rev_id="1540866" t="Планируется"><v><l t="планируюсь" id="239722"><g v="VERB"></g><g v="impf"></g><g v="intr"></g><g v="sing"></g><g v="3per"></g><g v="pres"></g><g v="indc"></g></l></v></tfr></token><token id="709010" text="проработать"><tfr rev_id="1540867" t="проработать"><v><l t="проработать" id="283529"><g v="INFN"></g><g v="perf"></g><g v="tran"></g></l></v></tfr></token><token id="709011" text="совместно"><tfr rev_id="3526732" t="совместно"><v><l t="совместно" id="328111"><g v="ADVB"></g><g v="Prdx"></g></l></v></tfr></token><token id="709012" text="с"><tfr rev_id="1540869" t="с"><v><l t="с" id="311151"><g v="PREP"></g></l></v></tfr></token><token id="709013" text="федеральными"><tfr rev_id="1540870" t="федеральными"><v><l t="федеральный" id="364933"><g v="ADJF"></g><g v="plur"></g><g v="ablt"></g></l></v></tfr></token><token id="709014" text="органами"><tfr rev_id="1540871" t="органами"><v><l t="орган" id="208736"><g v="NOUN"></g><g v="inan"></g><g v="masc"></g><g v="plur"></g><g v="ablt"></g></l></v></tfr></token><token id="709015" text="исполнительной"><tfr rev_id="4315440" t="исполнительной"><v><l t="исполнительный" id="125363"><g v="ADJF"></g><g v="Qual"></g><g v="femn"></g><g v="sing"></g><g v="gent"></g></l></v></tfr></token><token id="709016" text="власти"><tfr rev_id="4385902" t="власти"><v><l t="власть" id="46816"><g v="NOUN"></g><g v="inan"></g><g v="femn"></g><g v="sing"></g><g v="gent"></g></l></v></tfr></token><token id="709017" text="возможность"><tfr rev_id="3340188" t="возможность"><v><l t="возможность" id="49410"><g v="NOUN"></g><g v="inan"></g><g v="femn"></g><g v="sing"></g><g v="accs"></g></l></v></tfr></token><token id="709018" text="приёма"><tfr rev_id="1540875" t="приёма"><v><l t="приём" id="268626"><g v="NOUN"></g><g v="inan"></g><g v="masc"></g><g v="sing"></g><g v="gent"></g></l></v></tfr></token><token id="709019" text="универсальной"><tfr rev_id="2369577" t="универсальной"><v><l t="универсальный" id="358274"><g v="ADJF"></g><g v="Qual"></g><g v="femn"></g><g v="sing"></g><g v="gent"></g></l></v></tfr></token><token id="709020" text="электронной"><tfr rev_id="4166107" t="электронной"><v><l t="электронный" id="384368"><g v="ADJF"></g><g v="femn"></g><g v="sing"></g><g v="gent"></g></l></v></tfr></token><token id="709021" text="карты"><tfr rev_id="3410102" t="карты"><v><l t="карта" id="130719"><g v="NOUN"></g><g v="inan"></g><g v="femn"></g><g v="sing"></g><g v="gent"></g></l></v></tfr></token><token id="709022" text="при"><tfr rev_id="2601352" t="при"><v><l t="при" id="268625"><g v="PREP"></g></l></v></tfr></token><token id="709023" text="подготовке"><tfr rev_id="3447674" t="подготовке"><v><l t="подготовка" id="245114"><g v="NOUN"></g><g v="inan"></g><g v="femn"></g><g v="sing"></g><g v="loct"></g></l></v></tfr></token><token id="709024" text="и"><tfr rev_id="1540881" t="и"><v><l t="и" id="116949"><g v="CONJ"></g></l></v><v><l t="и" id="116950"><g v="INTJ"></g></l></v></tfr></token><token id="709025" text="выдаче"><tfr rev_id="3541146" t="выдаче"><v><l t="выдача" id="56967"><g v="NOUN"></g><g v="inan"></g><g v="femn"></g><g v="sing"></g><g v="loct"></g></l></v></tfr></token><token id="709026" text="водительского"><tfr rev_id="4164191" t="водительского"><v><l t="водительский" id="48060"><g v="ADJF"></g><g v="neut"></g><g v="sing"></g><g v="gent"></g></l></v></tfr></token><token id="709027" text="удостоверения"><tfr rev_id="3470855" t="удостоверения"><v><l t="удостоверение" id="355176"><g v="NOUN"></g><g v="inan"></g><g v="neut"></g><g v="sing"></g><g v="gent"></g></l></v></tfr></token><token id="709028" text=","><tfr rev_id="1540885" t=","><v><l t="," id="0"><g v="PNCT"></g></l></v></tfr></token><token id="709029" text="предоставлении"><tfr rev_id="1540886" t="предоставлении"><v><l t="предоставление" id="266670"><g v="NOUN"></g><g v="inan"></g><g v="neut"></g><g v="sing"></g><g v="loct"></g></l></v></tfr></token><token id="709030" text="налоговой"><tfr rev_id="4170884" t="налоговой"><v><l t="налоговый" id="172052"><g v="ADJF"></g><g v="femn"></g><g v="sing"></g><g v="gent"></g></l></v></tfr></token><token id="709031" text="отчетности"><tfr rev_id="4179379" t="отчетности"><v><l t="отчётность" id="219986"><g v="NOUN"></g><g v="inan"></g><g v="femn"></g><g v="sing"></g><g v="gent"></g></l></v></tfr></token><token id="709032" text=","><tfr rev_id="1540889" t=","><v><l t="," id="0"><g v="PNCT"></g></l></v></tfr></token><token id="709033" text="регистрации"><tfr rev_id="4286443" t="регистрации"><v><l t="регистрация" id="304848"><g v="NOUN"></g><g v="inan"></g><g v="femn"></g><g v="sing"></g><g v="loct"></g></l></v></tfr></token><token id="709034" text="прав"><tfr rev_id="2702952" t="прав"><v><l t="право" id="265680"><g v="NOUN"></g><g v="inan"></g><g v="neut"></g><g v="plur"></g><g v="gent"></g></l></v></tfr></token><token id="709035" text="собственности"><tfr rev_id="4174647" t="собственности"><v><l t="собственность" id="327839"><g v="NOUN"></g><g v="inan"></g><g v="femn"></g><g v="sing"></g><g v="gent"></g></l></v></tfr></token><token id="709036" text=","><tfr rev_id="1540893" t=","><v><l t="," id="0"><g v="PNCT"></g></l></v></tfr></token><token id="709037" text="оплате"><tfr rev_id="3472034" t="оплате"><v><l t="оплата" id="207266"><g v="NOUN"></g><g v="inan"></g><g v="femn"></g><g v="sing"></g><g v="loct"></g></l></v></tfr></token><token id="709038" text="налогов"><tfr rev_id="2703214" t="налогов"><v><l t="налог" id="172050"><g v="NOUN"></g><g v="inan"></g><g v="masc"></g><g v="plur"></g><g v="gent"></g></l></v></tfr></token><token id="709039" text=","><tfr rev_id="1540896" t=","><v><l t="," id="0"><g v="PNCT"></g></l></v></tfr></token><token id="709040" text="пошлин"><tfr rev_id="1540897" t="пошлин"><v><l t="пошлина" id="265239"><g v="NOUN"></g><g v="inan"></g><g v="femn"></g><g v="plur"></g><g v="gent"></g></l></v></tfr></token><token id="709041" text=","><tfr rev_id="1540898" t=","><v><l t="," id="0"><g v="PNCT"></g></l></v></tfr></token><token id="709042" text="штрафов"><tfr rev_id="1540899" t="штрафов"><v><l t="штраф" id="381505"><g v="NOUN"></g><g v="inan"></g><g v="masc"></g><g v="plur"></g><g v="gent"></g></l></v></tfr></token><token id="709043" text="»"><tfr rev_id="2447525" t="»"><v><l t="»" id="0"><g v="PNCT"></g></l></v></tfr></token><token id="709044" text=","><tfr rev_id="1540901" t=","><v><l t="," id="0"><g v="PNCT"></g></l></v></tfr></token></tokens></sentence><sentence id="39871"><source>— рассказали в городской администрации.</source><tokens><token id="709045" text="—"><tfr rev_id="2447526" t="—"><v><l t="—" id="0"><g v="PNCT"></g></l></v></tfr></token><token id="709046" text="рассказали"><tfr rev_id="1540903" t="рассказали"><v><l t="рассказал" id="300965"><g v="VERB"></g><g v="perf"></g><g v="tran"></g><g v="plur"></g><g v="past"></g><g v="indc"></g></l></v></tfr></token><token id="709047" text="в"><tfr rev_id="1540904" t="в"><v><l t="в" id="37409"><g v="PREP"></g></l></v></tfr></token><token id="709048" text="городской"><tfr rev_id="4405641" t="городской"><v><l t="городской" id="73611"><g v="ADJF"></g><g v="femn"></g><g v="sing"></g><g v="loct"></g></l></v></tfr></token><token id="709049" text="администрации"><tfr rev_id="4290625" t="администрации"><v><l t="администрация" id="5057"><g v="NOUN"></g><g v="inan"></g><g v="femn"></g><g v="sing"></g><g v="loct"></g></l></v></tfr></token><token id="709050" text="."><tfr rev_id="1540907" t="."><v><l t="." id="0"><g v="PNCT"></g></l></v></tfr></token></tokens></sentence></paragraph></paragraphs></text>