<?xml version="1.0" encoding="utf-8"?><text id="144" parent="56" name="Второй тур президентских выборов в Финляндии"><tags><tag>url:http://ru.wikinews.org/w/index.php?title=Второй_тур_президентских_выборов_в_Финляндии&amp;oldid=54698</tag><tag>Автор:http://ru.wikinews.org/wiki/Участник:Ygrek</tag><tag>Дата:29/01</tag><tag>Год:2006</tag><tag>Гео:ВикиКатегория:Финляндия</tag><tag>Тема:ВикиКатегория:Политика</tag></tags><paragraphs><paragraph id="3014"><sentence id="9547"><source>В Финляндии прошёл второй тур президентских выборов.</source><tokens><token id="182377" text="В"><tfr rev_id="1017153" t="В"><v><l t="в" id="37409"><g v="PREP"></g></l></v></tfr></token><token id="182378" text="Финляндии"><tfr rev_id="3457046" t="Финляндии"><v><l t="финляндия" id="366154"><g v="NOUN"></g><g v="inan"></g><g v="femn"></g><g v="Sgtm"></g><g v="Geox"></g><g v="sing"></g><g v="loct"></g></l></v></tfr></token><token id="182379" text="прошёл"><tfr rev_id="1017155" t="прошёл"><v><l t="прошёл" id="280310"><g v="VERB"></g><g v="perf"></g><g v="tran"></g><g v="masc"></g><g v="sing"></g><g v="past"></g><g v="indc"></g></l></v></tfr></token><token id="182380" text="второй"><tfr rev_id="4216177" t="второй"><v><l t="второй" id="55043"><g v="ADJF"></g><g v="Anum"></g><g v="masc"></g><g v="sing"></g><g v="nomn"></g></l></v><v><l t="второй" id="55043"><g v="ADJF"></g><g v="Anum"></g><g v="inan"></g><g v="masc"></g><g v="sing"></g><g v="accs"></g></l></v></tfr></token><token id="182381" text="тур"><tfr rev_id="4218320" t="тур"><v><l t="тур" id="351654"><g v="NOUN"></g><g v="inan"></g><g v="masc"></g><g v="sing"></g><g v="nomn"></g></l></v><v><l t="тур" id="351654"><g v="NOUN"></g><g v="inan"></g><g v="masc"></g><g v="sing"></g><g v="accs"></g></l></v></tfr></token><token id="182382" text="президентских"><tfr rev_id="3668537" t="президентских"><v><l t="президентский" id="267451"><g v="ADJF"></g><g v="plur"></g><g v="gent"></g></l></v></tfr></token><token id="182383" text="выборов"><tfr rev_id="1017159" t="выборов"><v><l t="выбор" id="55719"><g v="NOUN"></g><g v="inan"></g><g v="masc"></g><g v="plur"></g><g v="gent"></g></l></v><v><l t="выборы" id="55749"><g v="NOUN"></g><g v="inan"></g><g v="GNdr"></g><g v="Pltm"></g><g v="plur"></g><g v="gent"></g></l></v></tfr></token><token id="182384" text="."><tfr rev_id="1017160" t="."><v><l t="." id="0"><g v="PNCT"></g></l></v></tfr></token></tokens></sentence><sentence id="9548"><source>По предварительным данным свой пост сохранила действующий президент Тарья Халонен.</source><tokens><token id="182385" text="По"><tfr rev_id="1017161" t="По"><v><l t="по" id="241240"><g v="PREP"></g></l></v></tfr></token><token id="182386" text="предварительным"><tfr rev_id="2844518" t="предварительным"><v><l t="предварительный" id="266249"><g v="ADJF"></g><g v="plur"></g><g v="datv"></g></l></v></tfr></token><token id="182387" text="данным"><tfr rev_id="4535753" t="данным"><v><l t="данные" id="78302"><g v="NOUN"></g><g v="inan"></g><g v="GNdr"></g><g v="Pltm"></g><g v="plur"></g><g v="datv"></g></l></v></tfr></token><token id="182388" text="свой"><tfr rev_id="3629736" t="свой"><v><l t="свой" id="316379"><g v="ADJF"></g><g v="Apro"></g><g v="Anph"></g><g v="masc"></g><g v="sing"></g><g v="nomn"></g></l></v><v><l t="свой" id="316379"><g v="ADJF"></g><g v="Apro"></g><g v="Anph"></g><g v="inan"></g><g v="masc"></g><g v="sing"></g><g v="accs"></g></l></v></tfr></token><token id="182389" text="пост"><tfr rev_id="3702441" t="пост"><v><l t="пост" id="262073"><g v="NOUN"></g><g v="inan"></g><g v="masc"></g><g v="sing"></g><g v="accs"></g></l></v></tfr></token><token id="182390" text="сохранила"><tfr rev_id="1017166" t="сохранила"><v><l t="сохранил" id="330988"><g v="VERB"></g><g v="perf"></g><g v="tran"></g><g v="femn"></g><g v="sing"></g><g v="past"></g><g v="indc"></g></l></v></tfr></token><token id="182391" text="действующий"><tfr rev_id="1017167" t="действующий"><v><l t="действующий" id="80105"><g v="PRTF"></g><g v="impf"></g><g v="intr"></g><g v="pres"></g><g v="actv"></g><g v="masc"></g><g v="sing"></g><g v="nomn"></g></l></v><v><l t="действующий" id="80105"><g v="PRTF"></g><g v="impf"></g><g v="intr"></g><g v="pres"></g><g v="actv"></g><g v="inan"></g><g v="masc"></g><g v="sing"></g><g v="accs"></g></l></v><v><l t="действующий" id="80108"><g v="ADJF"></g><g v="masc"></g><g v="sing"></g><g v="nomn"></g></l></v><v><l t="действующий" id="80108"><g v="ADJF"></g><g v="inan"></g><g v="masc"></g><g v="sing"></g><g v="accs"></g></l></v></tfr></token><token id="182392" text="президент"><tfr rev_id="1017168" t="президент"><v><l t="президент" id="267449"><g v="NOUN"></g><g v="anim"></g><g v="masc"></g><g v="sing"></g><g v="nomn"></g></l></v></tfr></token><token id="182393" text="Тарья"><tfr rev_id="1017169" t="Тарья"><v><l t="тарья" id="0"><g v="UNKN"></g></l></v></tfr></token><token id="182394" text="Халонен"><tfr rev_id="1017170" t="Халонен"><v><l t="халонен" id="0"><g v="UNKN"></g></l></v></tfr></token><token id="182395" text="."><tfr rev_id="1017171" t="."><v><l t="." id="0"><g v="PNCT"></g></l></v></tfr></token></tokens></sentence><sentence id="9549"><source>После подсчёта 98 % бюллетеней, Халонен получила 51,8 % голосов.</source><tokens><token id="182396" text="После"><tfr rev_id="4406572" t="После"><v><l t="после" id="261542"><g v="PREP"></g></l></v></tfr></token><token id="182397" text="подсчёта"><tfr rev_id="1017173" t="подсчёта"><v><l t="подсчёт" id="251206"><g v="NOUN"></g><g v="inan"></g><g v="masc"></g><g v="sing"></g><g v="gent"></g></l></v></tfr></token><token id="182398" text="98"><tfr rev_id="2456400" t="98"><v><l t="98" id="0"><g v="NUMB"></g></l></v></tfr></token><token id="182399" text="%"><tfr rev_id="2427993" t="%"><v><l t="%" id="0"><g v="PNCT"></g></l></v></tfr></token><token id="182400" text="бюллетеней"><tfr rev_id="1017176" t="бюллетеней"><v><l t="бюллетень" id="37338"><g v="NOUN"></g><g v="inan"></g><g v="masc"></g><g v="plur"></g><g v="gent"></g></l></v></tfr></token><token id="182401" text=","><tfr rev_id="1017177" t=","><v><l t="," id="0"><g v="PNCT"></g></l></v></tfr></token><token id="182402" text="Халонен"><tfr rev_id="1017178" t="Халонен"><v><l t="халонен" id="0"><g v="UNKN"></g></l></v></tfr></token><token id="182403" text="получила"><tfr rev_id="1017179" t="получила"><v><l t="получил" id="256959"><g v="VERB"></g><g v="perf"></g><g v="tran"></g><g v="femn"></g><g v="sing"></g><g v="past"></g><g v="indc"></g></l></v></tfr></token><token id="182404" text="51,8"><tfr rev_id="2456401" t="51,8"><v><l t="51,8" id="0"><g v="NUMB"></g></l></v></tfr></token><token id="182405" text="%"><tfr rev_id="2427994" t="%"><v><l t="%" id="0"><g v="PNCT"></g></l></v></tfr></token><token id="182406" text="голосов"><tfr rev_id="1017182" t="голосов"><v><l t="голос" id="72469"><g v="NOUN"></g><g v="inan"></g><g v="masc"></g><g v="plur"></g><g v="gent"></g></l></v></tfr></token><token id="182407" text="."><tfr rev_id="1017183" t="."><v><l t="." id="0"><g v="PNCT"></g></l></v></tfr></token></tokens></sentence></paragraph><paragraph id="3015"><sentence id="9550"><source>Бывший министр финансов Саули Нийнистё получил около 47,9 % голосов.</source><tokens><token id="182408" text="Бывший"><tfr rev_id="1017184" t="Бывший"><v><l t="бывший" id="37002"><g v="ADJF"></g><g v="masc"></g><g v="sing"></g><g v="nomn"></g></l></v><v><l t="бывший" id="37002"><g v="ADJF"></g><g v="inan"></g><g v="masc"></g><g v="sing"></g><g v="accs"></g></l></v><v><l t="бывший" id="37267"><g v="PRTF"></g><g v="impf"></g><g v="intr"></g><g v="past"></g><g v="actv"></g><g v="masc"></g><g v="sing"></g><g v="nomn"></g></l></v><v><l t="бывший" id="37267"><g v="PRTF"></g><g v="impf"></g><g v="intr"></g><g v="past"></g><g v="actv"></g><g v="inan"></g><g v="masc"></g><g v="sing"></g><g v="accs"></g></l></v></tfr></token><token id="182409" text="министр"><tfr rev_id="1017185" t="министр"><v><l t="министр" id="160614"><g v="NOUN"></g><g v="anim"></g><g v="masc"></g><g v="sing"></g><g v="nomn"></g></l></v></tfr></token><token id="182410" text="финансов"><tfr rev_id="3704927" t="финансов"><v><l t="финансы" id="366106"><g v="NOUN"></g><g v="inan"></g><g v="GNdr"></g><g v="Pltm"></g><g v="plur"></g><g v="gent"></g></l></v></tfr></token><token id="182411" text="Саули"><tfr rev_id="1017187" t="Саули"><v><l t="саули" id="0"><g v="UNKN"></g></l></v></tfr></token><token id="182412" text="Нийнистё"><tfr rev_id="1017188" t="Нийнистё"><v><l t="нийнистё" id="0"><g v="UNKN"></g></l></v></tfr></token><token id="182413" text="получил"><tfr rev_id="1017189" t="получил"><v><l t="получил" id="256959"><g v="VERB"></g><g v="perf"></g><g v="tran"></g><g v="masc"></g><g v="sing"></g><g v="past"></g><g v="indc"></g></l></v></tfr></token><token id="182414" text="около"><tfr rev_id="4231506" t="около"><v><l t="около" id="205005"><g v="PREP"></g></l></v></tfr></token><token id="182415" text="47,9"><tfr rev_id="2456402" t="47,9"><v><l t="47,9" id="0"><g v="NUMB"></g></l></v></tfr></token><token id="182416" text="%"><tfr rev_id="2427995" t="%"><v><l t="%" id="0"><g v="PNCT"></g></l></v></tfr></token><token id="182417" text="голосов"><tfr rev_id="1017193" t="голосов"><v><l t="голос" id="72469"><g v="NOUN"></g><g v="inan"></g><g v="masc"></g><g v="plur"></g><g v="gent"></g></l></v></tfr></token><token id="182418" text="."><tfr rev_id="1017194" t="."><v><l t="." id="0"><g v="PNCT"></g></l></v></tfr></token></tokens></sentence></paragraph><paragraph id="3016"><sentence id="9551"><source>Тарья Халонен остаётся президентом Финляндии ещё на шесть лет.</source><tokens><token id="182419" text="Тарья"><tfr rev_id="1017195" t="Тарья"><v><l t="тарья" id="0"><g v="UNKN"></g></l></v></tfr></token><token id="182420" text="Халонен"><tfr rev_id="1017196" t="Халонен"><v><l t="халонен" id="0"><g v="UNKN"></g></l></v></tfr></token><token id="182421" text="остаётся"><tfr rev_id="1017197" t="остаётся"><v><l t="остаюсь" id="210812"><g v="VERB"></g><g v="impf"></g><g v="intr"></g><g v="sing"></g><g v="3per"></g><g v="pres"></g><g v="indc"></g></l></v></tfr></token><token id="182422" text="президентом"><tfr rev_id="1017198" t="президентом"><v><l t="президент" id="267449"><g v="NOUN"></g><g v="anim"></g><g v="masc"></g><g v="sing"></g><g v="ablt"></g></l></v></tfr></token><token id="182423" text="Финляндии"><tfr rev_id="3455092" t="Финляндии"><v><l t="финляндия" id="366154"><g v="NOUN"></g><g v="inan"></g><g v="femn"></g><g v="Sgtm"></g><g v="Geox"></g><g v="sing"></g><g v="gent"></g></l></v></tfr></token><token id="182424" text="ещё"><tfr rev_id="1017200" t="ещё"><v><l t="ещё" id="95551"><g v="PRCL"></g></l></v><v><l t="ещё" id="95552"><g v="ADVB"></g></l></v></tfr></token><token id="182425" text="на"><tfr rev_id="3393823" t="на"><v><l t="на" id="166264"><g v="PREP"></g></l></v></tfr></token><token id="182426" text="шесть"><tfr rev_id="1017202" t="шесть"><v><l t="шесть" id="379421"><g v="NUMR"></g><g v="nomn"></g></l></v><v><l t="шесть" id="379421"><g v="NUMR"></g><g v="accs"></g></l></v></tfr></token><token id="182427" text="лет"><tfr rev_id="3501008" t="лет"><v><l t="год" id="72149"><g v="NOUN"></g><g v="inan"></g><g v="masc"></g><g v="plur"></g><g v="gent"></g></l></v></tfr></token><token id="182428" text="."><tfr rev_id="1017204" t="."><v><l t="." id="0"><g v="PNCT"></g></l></v></tfr></token></tokens></sentence></paragraph></paragraphs></text>