<?xml version="1.0" encoding="utf-8"?><text id="1444" parent="56" name="Фернандо Торрес перебрался в Лондон"><tags><tag>Автор:http://ru.wikinews.org/wiki/Участник:Artem Korzhimanov</tag><tag>Дата:02/02</tag><tag>Год:2011</tag><tag>Гео:ВикиКатегория:Англия</tag><tag>Тема:ВикиКатегория:Спорт</tag><tag>Тема:ВикиКатегория:Футбол</tag><tag>url:http://ru.wikinews.org/w/index.php?title=Фернандо_Торрес_перебрался_в_Лондон&amp;oldid=55316</tag></tags><paragraphs><paragraph id="12965"><sentence id="40277"><source>Зимнее трансфертное окно в европейском футболе закрылось в ночь на вторник 1 февраля.</source><tokens><token id="716681" text="Зимнее"><tfr rev_id="3810131" t="Зимнее"><v><l t="зимний" id="115420"><g v="ADJF"></g><g v="neut"></g><g v="sing"></g><g v="nomn"></g></l></v><v><l t="зимний" id="115420"><g v="ADJF"></g><g v="neut"></g><g v="sing"></g><g v="accs"></g></l></v></tfr></token><token id="716682" text="трансфертное"><tfr rev_id="1548538" t="трансфертное"><v><l t="трансфертный" id="349213"><g v="ADJF"></g><g v="neut"></g><g v="sing"></g><g v="nomn"></g></l></v><v><l t="трансфертный" id="349213"><g v="ADJF"></g><g v="neut"></g><g v="sing"></g><g v="accs"></g></l></v></tfr></token><token id="716683" text="окно"><tfr rev_id="4209716" t="окно"><v><l t="окно" id="204916"><g v="NOUN"></g><g v="inan"></g><g v="neut"></g><g v="sing"></g><g v="nomn"></g></l></v></tfr></token><token id="716684" text="в"><tfr rev_id="1548540" t="в"><v><l t="в" id="37409"><g v="PREP"></g></l></v></tfr></token><token id="716685" text="европейском"><tfr rev_id="3468404" t="европейском"><v><l t="европейский" id="94034"><g v="ADJF"></g><g v="masc"></g><g v="sing"></g><g v="loct"></g></l></v></tfr></token><token id="716686" text="футболе"><tfr rev_id="1548542" t="футболе"><v><l t="футбол" id="368772"><g v="NOUN"></g><g v="inan"></g><g v="masc"></g><g v="sing"></g><g v="loct"></g></l></v></tfr></token><token id="716687" text="закрылось"><tfr rev_id="1548543" t="закрылось"><v><l t="закрылся" id="104254"><g v="VERB"></g><g v="perf"></g><g v="intr"></g><g v="neut"></g><g v="sing"></g><g v="past"></g><g v="indc"></g></l></v></tfr></token><token id="716688" text="в"><tfr rev_id="1548544" t="в"><v><l t="в" id="37409"><g v="PREP"></g></l></v></tfr></token><token id="716689" text="ночь"><tfr rev_id="1548545" t="ночь"><v><l t="ночь" id="192469"><g v="NOUN"></g><g v="inan"></g><g v="femn"></g><g v="sing"></g><g v="nomn"></g></l></v><v><l t="ночь" id="192469"><g v="NOUN"></g><g v="inan"></g><g v="femn"></g><g v="sing"></g><g v="accs"></g></l></v></tfr></token><token id="716690" text="на"><tfr rev_id="3345627" t="на"><v><l t="на" id="166264"><g v="PREP"></g></l></v></tfr></token><token id="716691" text="вторник"><tfr rev_id="4355515" t="вторник"><v><l t="вторник" id="55031"><g v="NOUN"></g><g v="inan"></g><g v="masc"></g><g v="sing"></g><g v="accs"></g></l></v></tfr></token><token id="716692" text="1"><tfr rev_id="2463121" t="1"><v><l t="1" id="0"><g v="NUMB"></g></l></v></tfr></token><token id="716693" text="февраля"><tfr rev_id="1548549" t="февраля"><v><l t="февраль" id="364920"><g v="NOUN"></g><g v="inan"></g><g v="masc"></g><g v="sing"></g><g v="gent"></g></l></v></tfr></token><token id="716694" text="."><tfr rev_id="1548550" t="."><v><l t="." id="0"><g v="PNCT"></g></l></v></tfr></token></tokens></sentence><sentence id="40278"><source>Сумма трат в английской футбольной Премьер-лиге этой зимой составила рекордные 320 млн долларов.</source><tokens><token id="716695" text="Сумма"><tfr rev_id="1548551" t="Сумма"><v><l t="сумма" id="339516"><g v="NOUN"></g><g v="inan"></g><g v="femn"></g><g v="sing"></g><g v="nomn"></g></l></v></tfr></token><token id="716696" text="трат"><tfr rev_id="1548552" t="трат"><v><l t="трата" id="349346"><g v="NOUN"></g><g v="inan"></g><g v="femn"></g><g v="plur"></g><g v="gent"></g></l></v></tfr></token><token id="716697" text="в"><tfr rev_id="1548553" t="в"><v><l t="в" id="37409"><g v="PREP"></g></l></v></tfr></token><token id="716698" text="английской"><tfr rev_id="3824059" t="английской"><v><l t="английский" id="12733"><g v="ADJF"></g><g v="femn"></g><g v="sing"></g><g v="loct"></g></l></v></tfr></token><token id="716699" text="футбольной"><tfr rev_id="4578357" t="футбольной"><v><l t="футбольный" id="368776"><g v="ADJF"></g><g v="femn"></g><g v="sing"></g><g v="loct"></g></l></v></tfr></token><token id="716700" text="Премьер-лиге"><tfr rev_id="3500325" t="Премьер-лиге"><v><l t="премьер-лига" id="267775"><g v="NOUN"></g><g v="inan"></g><g v="femn"></g><g v="sing"></g><g v="loct"></g></l></v></tfr></token><token id="716701" text="этой"><tfr rev_id="4438059" t="этой"><v><l t="этот" id="386581"><g v="ADJF"></g><g v="Subx"></g><g v="Apro"></g><g v="Anph"></g><g v="femn"></g><g v="sing"></g><g v="ablt"></g></l></v></tfr></token><token id="716702" text="зимой"><tfr rev_id="3801535" t="зимой"><v><l t="зима" id="115412"><g v="NOUN"></g><g v="inan"></g><g v="femn"></g><g v="sing"></g><g v="ablt"></g></l></v></tfr></token><token id="716703" text="составила"><tfr rev_id="1548559" t="составила"><v><l t="составил" id="330483"><g v="VERB"></g><g v="perf"></g><g v="tran"></g><g v="femn"></g><g v="sing"></g><g v="past"></g><g v="indc"></g></l></v></tfr></token><token id="716704" text="рекордные"><tfr rev_id="3794320" t="рекордные"><v><l t="рекордный" id="305804"><g v="ADJF"></g><g v="Qual"></g><g v="inan"></g><g v="plur"></g><g v="accs"></g></l></v></tfr></token><token id="716705" text="320"><tfr rev_id="2463122" t="320"><v><l t="320" id="0"><g v="NUMB"></g></l></v></tfr></token><token id="716706" text="млн"><tfr rev_id="4287363" t="млн"><v><l t="млн" id="389040"><g v="NOUN"></g><g v="inan"></g><g v="masc"></g><g v="Fixd"></g><g v="Abbr"></g><g v="plur"></g><g v="gent"></g></l></v></tfr></token><token id="716707" text="долларов"><tfr rev_id="3463580" t="долларов"><v><l t="доллар" id="88047"><g v="NOUN"></g><g v="inan"></g><g v="masc"></g><g v="plur"></g><g v="gent"></g></l></v></tfr></token><token id="716708" text="."><tfr rev_id="1548564" t="."><v><l t="." id="0"><g v="PNCT"></g></l></v></tfr></token></tokens></sentence></paragraph><paragraph id="12966"><sentence id="40279"><source>За несколько часов до закрытия окна принадлежащий российскому миллиардеру Роману Абрамовичу клуб «Челси» приобрёл нападающего сборной Испании Фернандо Торреса, который в предыдущих 142 играх за «Ливерпуль» забил 81 гол.</source><tokens><token id="716709" text="За"><tfr rev_id="1548565" t="За"><v><l t="за" id="98043"><g v="PREP"></g></l></v></tfr></token><token id="716710" text="несколько"><tfr rev_id="4170639" t="несколько"><v><l t="несколько" id="188126"><g v="NUMR"></g><g v="nomn"></g></l></v><v><l t="несколько" id="188126"><g v="NUMR"></g><g v="inan"></g><g v="accs"></g></l></v></tfr></token><token id="716711" text="часов"><tfr rev_id="1548567" t="часов"><v><l t="час" id="374736"><g v="NOUN"></g><g v="inan"></g><g v="masc"></g><g v="plur"></g><g v="gent"></g></l></v><v><l t="часы" id="374822"><g v="NOUN"></g><g v="inan"></g><g v="GNdr"></g><g v="Pltm"></g><g v="plur"></g><g v="gent"></g></l></v></tfr></token><token id="716712" text="до"><tfr rev_id="1548568" t="до"><v><l t="до" id="85153"><g v="PREP"></g></l></v></tfr></token><token id="716713" text="закрытия"><tfr rev_id="3124571" t="закрытия"><v><l t="закрытие" id="104242"><g v="NOUN"></g><g v="inan"></g><g v="neut"></g><g v="sing"></g><g v="gent"></g></l></v></tfr></token><token id="716714" text="окна"><tfr rev_id="2694047" t="окна"><v><l t="окно" id="204916"><g v="NOUN"></g><g v="inan"></g><g v="neut"></g><g v="sing"></g><g v="gent"></g></l></v></tfr></token><token id="716715" text="принадлежащий"><tfr rev_id="1548571" t="принадлежащий"><v><l t="принадлежащий" id="272411"><g v="PRTF"></g><g v="impf"></g><g v="intr"></g><g v="pres"></g><g v="actv"></g><g v="masc"></g><g v="sing"></g><g v="nomn"></g></l></v><v><l t="принадлежащий" id="272411"><g v="PRTF"></g><g v="impf"></g><g v="intr"></g><g v="pres"></g><g v="actv"></g><g v="inan"></g><g v="masc"></g><g v="sing"></g><g v="accs"></g></l></v><v><l t="принадлежащий" id="272414"><g v="ADJF"></g><g v="masc"></g><g v="sing"></g><g v="nomn"></g></l></v><v><l t="принадлежащий" id="272414"><g v="ADJF"></g><g v="inan"></g><g v="masc"></g><g v="sing"></g><g v="accs"></g></l></v></tfr></token><token id="716716" text="российскому"><tfr rev_id="4085908" t="российскому"><v><l t="российский" id="309319"><g v="ADJF"></g><g v="masc"></g><g v="sing"></g><g v="datv"></g></l></v></tfr></token><token id="716717" text="миллиардеру"><tfr rev_id="1548573" t="миллиардеру"><v><l t="миллиардер" id="160238"><g v="NOUN"></g><g v="anim"></g><g v="masc"></g><g v="sing"></g><g v="datv"></g></l></v></tfr></token><token id="716718" text="Роману"><tfr rev_id="4352998" t="Роману"><v><l t="роман" id="308829"><g v="NOUN"></g><g v="anim"></g><g v="masc"></g><g v="Name"></g><g v="sing"></g><g v="datv"></g></l></v></tfr></token><token id="716719" text="Абрамовичу"><tfr rev_id="4329587" t="Абрамовичу"><v><l t="абрамович" id="1689"><g v="NOUN"></g><g v="anim"></g><g v="masc"></g><g v="Sgtm"></g><g v="Surn"></g><g v="sing"></g><g v="datv"></g></l></v></tfr></token><token id="716720" text="клуб"><tfr rev_id="4094903" t="клуб"><v><l t="клуб" id="134630"><g v="NOUN"></g><g v="inan"></g><g v="masc"></g><g v="sing"></g><g v="nomn"></g></l></v></tfr></token><token id="716721" text="«"><tfr rev_id="2447788" t="«"><v><l t="«" id="0"><g v="PNCT"></g></l></v></tfr></token><token id="716722" text="Челси"><tfr rev_id="4180648" t="Челси"><v><l t="челси" id="375118"><g v="NOUN"></g><g v="inan"></g><g v="masc"></g><g v="Fixd"></g><g v="Orgn"></g><g v="sing"></g><g v="nomn"></g></l></v></tfr></token><token id="716723" text="»"><tfr rev_id="2447789" t="»"><v><l t="»" id="0"><g v="PNCT"></g></l></v></tfr></token><token id="716724" text="приобрёл"><tfr rev_id="3427291" t="приобрёл"><v><l t="приобрёл" id="272742"><g v="VERB"></g><g v="perf"></g><g v="tran"></g><g v="masc"></g><g v="sing"></g><g v="past"></g><g v="indc"></g></l></v></tfr></token><token id="716725" text="нападающего"><tfr rev_id="1548581" t="нападающего"><v><l t="нападающий" id="173109"><g v="PRTF"></g><g v="impf"></g><g v="intr"></g><g v="pres"></g><g v="actv"></g><g v="masc"></g><g v="sing"></g><g v="gent"></g></l></v><v><l t="нападающий" id="173109"><g v="PRTF"></g><g v="impf"></g><g v="intr"></g><g v="pres"></g><g v="actv"></g><g v="anim"></g><g v="masc"></g><g v="sing"></g><g v="accs"></g></l></v><v><l t="нападающий" id="173109"><g v="PRTF"></g><g v="impf"></g><g v="intr"></g><g v="pres"></g><g v="actv"></g><g v="neut"></g><g v="sing"></g><g v="gent"></g></l></v><v><l t="нападающий" id="173116"><g v="NOUN"></g><g v="anim"></g><g v="masc"></g><g v="sing"></g><g v="gent"></g></l></v><v><l t="нападающий" id="173116"><g v="NOUN"></g><g v="anim"></g><g v="masc"></g><g v="sing"></g><g v="accs"></g></l></v></tfr></token><token id="716726" text="сборной"><tfr rev_id="4576305" t="сборной"><v><l t="сборная" id="314367"><g v="NOUN"></g><g v="inan"></g><g v="femn"></g><g v="sing"></g><g v="gent"></g></l></v></tfr></token><token id="716727" text="Испании"><tfr rev_id="2782065" t="Испании"><v><l t="испания" id="124999"><g v="NOUN"></g><g v="inan"></g><g v="femn"></g><g v="Sgtm"></g><g v="Geox"></g><g v="sing"></g><g v="gent"></g></l></v></tfr></token><token id="716728" text="Фернандо"><tfr rev_id="4152402" t="Фернандо"><v><l t="фернандо" id="365395"><g v="NOUN"></g><g v="anim"></g><g v="masc"></g><g v="Fixd"></g><g v="Name"></g><g v="sing"></g><g v="accs"></g></l></v></tfr></token><token id="716729" text="Торреса"><tfr rev_id="1548585" t="Торреса"><v><l t="торреса" id="0"><g v="UNKN"></g></l></v></tfr></token><token id="716730" text=","><tfr rev_id="1548586" t=","><v><l t="," id="0"><g v="PNCT"></g></l></v></tfr></token><token id="716731" text="который"><tfr rev_id="3637509" t="который"><v><l t="который" id="141203"><g v="ADJF"></g><g v="Apro"></g><g v="Subx"></g><g v="Anph"></g><g v="masc"></g><g v="sing"></g><g v="nomn"></g></l></v><v><l t="который" id="141203"><g v="ADJF"></g><g v="Apro"></g><g v="Subx"></g><g v="Anph"></g><g v="inan"></g><g v="masc"></g><g v="sing"></g><g v="accs"></g></l></v></tfr></token><token id="716732" text="в"><tfr rev_id="1548588" t="в"><v><l t="в" id="37409"><g v="PREP"></g></l></v></tfr></token><token id="716733" text="предыдущих"><tfr rev_id="4351587" t="предыдущих"><v><l t="предыдущий" id="267383"><g v="ADJF"></g><g v="plur"></g><g v="loct"></g></l></v></tfr></token><token id="716734" text="142"><tfr rev_id="2463123" t="142"><v><l t="142" id="0"><g v="NUMB"></g></l></v></tfr></token><token id="716735" text="играх"><tfr rev_id="1548591" t="играх"><v><l t="игра" id="117293"><g v="NOUN"></g><g v="inan"></g><g v="femn"></g><g v="plur"></g><g v="loct"></g></l></v></tfr></token><token id="716736" text="за"><tfr rev_id="1548592" t="за"><v><l t="за" id="98043"><g v="PREP"></g></l></v></tfr></token><token id="716737" text="«"><tfr rev_id="2447790" t="«"><v><l t="«" id="0"><g v="PNCT"></g></l></v></tfr></token><token id="716738" text="Ливерпуль"><tfr rev_id="1548594" t="Ливерпуль"><v><l t="ливерпуль" id="148950"><g v="NOUN"></g><g v="inan"></g><g v="masc"></g><g v="Sgtm"></g><g v="Geox"></g><g v="sing"></g><g v="nomn"></g></l></v><v><l t="ливерпуль" id="148950"><g v="NOUN"></g><g v="inan"></g><g v="masc"></g><g v="Sgtm"></g><g v="Geox"></g><g v="sing"></g><g v="accs"></g></l></v></tfr></token><token id="716739" text="»"><tfr rev_id="2447791" t="»"><v><l t="»" id="0"><g v="PNCT"></g></l></v></tfr></token><token id="716740" text="забил"><tfr rev_id="1548596" t="забил"><v><l t="забил" id="98570"><g v="VERB"></g><g v="perf"></g><g v="tran"></g><g v="masc"></g><g v="sing"></g><g v="past"></g><g v="indc"></g></l></v></tfr></token><token id="716741" text="81"><tfr rev_id="2463124" t="81"><v><l t="81" id="0"><g v="NUMB"></g></l></v></tfr></token><token id="716742" text="гол"><tfr rev_id="3695541" t="гол"><v><l t="гол" id="72212"><g v="NOUN"></g><g v="inan"></g><g v="masc"></g><g v="sing"></g><g v="accs"></g></l></v></tfr></token><token id="716743" text="."><tfr rev_id="1548599" t="."><v><l t="." id="0"><g v="PNCT"></g></l></v></tfr></token></tokens></sentence><sentence id="40280"><source>Соглашение с игроком подписано на пять с половиной лет, а стоимость трансферта составила рекордные для Великобритании $80,5 млн.</source><tokens><token id="716744" text="Соглашение"><tfr rev_id="1548600" t="Соглашение"><v><l t="соглашение" id="328305"><g v="NOUN"></g><g v="inan"></g><g v="neut"></g><g v="sing"></g><g v="nomn"></g></l></v><v><l t="соглашение" id="328305"><g v="NOUN"></g><g v="inan"></g><g v="neut"></g><g v="sing"></g><g v="accs"></g></l></v></tfr></token><token id="716745" text="с"><tfr rev_id="1548601" t="с"><v><l t="с" id="311151"><g v="PREP"></g></l></v></tfr></token><token id="716746" text="игроком"><tfr rev_id="1548602" t="игроком"><v><l t="игрок" id="117351"><g v="NOUN"></g><g v="anim"></g><g v="masc"></g><g v="sing"></g><g v="ablt"></g></l></v></tfr></token><token id="716747" text="подписано"><tfr rev_id="1548603" t="подписано"><v><l t="подписан" id="248887"><g v="PRTS"></g><g v="perf"></g><g v="past"></g><g v="pssv"></g><g v="neut"></g><g v="sing"></g></l></v></tfr></token><token id="716748" text="на"><tfr rev_id="3394062" t="на"><v><l t="на" id="166264"><g v="PREP"></g></l></v></tfr></token><token id="716749" text="пять"><tfr rev_id="1548605" t="пять"><v><l t="пять" id="290440"><g v="NUMR"></g><g v="nomn"></g></l></v><v><l t="пять" id="290440"><g v="NUMR"></g><g v="accs"></g></l></v></tfr></token><token id="716750" text="с"><tfr rev_id="1548606" t="с"><v><l t="с" id="311151"><g v="PREP"></g></l></v></tfr></token><token id="716751" text="половиной"><tfr rev_id="3679976" t="половиной"><v><l t="половина" id="256181"><g v="NOUN"></g><g v="inan"></g><g v="femn"></g><g v="sing"></g><g v="ablt"></g></l></v></tfr></token><token id="716752" text="лет"><tfr rev_id="3465613" t="лет"><v><l t="год" id="72149"><g v="NOUN"></g><g v="inan"></g><g v="masc"></g><g v="plur"></g><g v="gent"></g></l></v></tfr></token><token id="716753" text=","><tfr rev_id="1548609" t=","><v><l t="," id="0"><g v="PNCT"></g></l></v></tfr></token><token id="716754" text="а"><tfr rev_id="1548610" t="а"><v><l t="а" id="51"><g v="CONJ"></g></l></v><v><l t="а" id="52"><g v="INTJ"></g></l></v><v><l t="а" id="53"><g v="PRCL"></g></l></v></tfr></token><token id="716755" text="стоимость"><tfr rev_id="3677016" t="стоимость"><v><l t="стоимость" id="336463"><g v="NOUN"></g><g v="inan"></g><g v="femn"></g><g v="sing"></g><g v="nomn"></g></l></v></tfr></token><token id="716756" text="трансферта"><tfr rev_id="1548612" t="трансферта"><v><l t="трансферт" id="349212"><g v="NOUN"></g><g v="inan"></g><g v="masc"></g><g v="sing"></g><g v="gent"></g></l></v></tfr></token><token id="716757" text="составила"><tfr rev_id="1548613" t="составила"><v><l t="составил" id="330483"><g v="VERB"></g><g v="perf"></g><g v="tran"></g><g v="femn"></g><g v="sing"></g><g v="past"></g><g v="indc"></g></l></v></tfr></token><token id="716758" text="рекордные"><tfr rev_id="3813076" t="рекордные"><v><l t="рекордный" id="305804"><g v="ADJF"></g><g v="Qual"></g><g v="inan"></g><g v="plur"></g><g v="accs"></g></l></v></tfr></token><token id="716759" text="для"><tfr rev_id="2922566" t="для"><v><l t="для" id="85032"><g v="PREP"></g></l></v></tfr></token><token id="716760" text="Великобритании"><tfr rev_id="3455708" t="Великобритании"><v><l t="великобритания" id="40619"><g v="NOUN"></g><g v="inan"></g><g v="femn"></g><g v="Sgtm"></g><g v="Geox"></g><g v="sing"></g><g v="gent"></g></l></v></tfr></token><token id="716761" text="$"><tfr rev_id="4334367" t="$"><v><l t="$" id="0"><g v="SYMB"></g></l></v></tfr></token><token id="716762" text="80,5"><tfr rev_id="2463125" t="80,5"><v><l t="80,5" id="0"><g v="NUMB"></g></l></v></tfr></token><token id="716763" text="млн"><tfr rev_id="4179000" t="млн"><v><l t="млн" id="389040"><g v="NOUN"></g><g v="inan"></g><g v="masc"></g><g v="Fixd"></g><g v="Abbr"></g><g v="plur"></g><g v="gent"></g></l></v></tfr></token><token id="716764" text="."><tfr rev_id="1548620" t="."><v><l t="." id="0"><g v="PNCT"></g></l></v></tfr></token></tokens></sentence><sentence id="40281"><source>По слухам, Торрес устал от «чёрной полосы» в «Ливерпуле», который в этом году вновь не в состоянии пробиться в верхнюю часть турнирной таблицы и выйти в Лигу чемпионов.</source><tokens><token id="716765" text="По"><tfr rev_id="1548621" t="По"><v><l t="по" id="241240"><g v="PREP"></g></l></v></tfr></token><token id="716766" text="слухам"><tfr rev_id="1548622" t="слухам"><v><l t="слух" id="325458"><g v="NOUN"></g><g v="inan"></g><g v="masc"></g><g v="plur"></g><g v="datv"></g></l></v></tfr></token><token id="716767" text=","><tfr rev_id="1548623" t=","><v><l t="," id="0"><g v="PNCT"></g></l></v></tfr></token><token id="716768" text="Торрес"><tfr rev_id="1548624" t="Торрес"><v><l t="торрес" id="0"><g v="UNKN"></g></l></v></tfr></token><token id="716769" text="устал"><tfr rev_id="4577173" t="устал"><v><l t="устал" id="361016"><g v="VERB"></g><g v="perf"></g><g v="intr"></g><g v="masc"></g><g v="sing"></g><g v="past"></g><g v="indc"></g></l></v></tfr></token><token id="716770" text="от"><tfr rev_id="1548626" t="от"><v><l t="от" id="211644"><g v="PREP"></g></l></v></tfr></token><token id="716771" text="«"><tfr rev_id="2447792" t="«"><v><l t="«" id="0"><g v="PNCT"></g></l></v></tfr></token><token id="716772" text="чёрной"><tfr rev_id="2925032" t="чёрной"><v><l t="чёрный" id="374408"><g v="ADJF"></g><g v="Qual"></g><g v="femn"></g><g v="sing"></g><g v="gent"></g></l></v></tfr></token><token id="716773" text="полосы"><tfr rev_id="3433723" t="полосы"><v><l t="полоса" id="256398"><g v="NOUN"></g><g v="inan"></g><g v="femn"></g><g v="sing"></g><g v="gent"></g></l></v></tfr></token><token id="716774" text="»"><tfr rev_id="2447793" t="»"><v><l t="»" id="0"><g v="PNCT"></g></l></v></tfr></token><token id="716775" text="в"><tfr rev_id="1548631" t="в"><v><l t="в" id="37409"><g v="PREP"></g></l></v></tfr></token><token id="716776" text="«"><tfr rev_id="2447794" t="«"><v><l t="«" id="0"><g v="PNCT"></g></l></v></tfr></token><token id="716777" text="Ливерпуле"><tfr rev_id="1548633" t="Ливерпуле"><v><l t="ливерпуль" id="148950"><g v="NOUN"></g><g v="inan"></g><g v="masc"></g><g v="Sgtm"></g><g v="Geox"></g><g v="sing"></g><g v="loct"></g></l></v></tfr></token><token id="716778" text="»"><tfr rev_id="2447795" t="»"><v><l t="»" id="0"><g v="PNCT"></g></l></v></tfr></token><token id="716779" text=","><tfr rev_id="1548635" t=","><v><l t="," id="0"><g v="PNCT"></g></l></v></tfr></token><token id="716780" text="который"><tfr rev_id="3637510" t="который"><v><l t="который" id="141203"><g v="ADJF"></g><g v="Apro"></g><g v="Subx"></g><g v="Anph"></g><g v="masc"></g><g v="sing"></g><g v="nomn"></g></l></v><v><l t="который" id="141203"><g v="ADJF"></g><g v="Apro"></g><g v="Subx"></g><g v="Anph"></g><g v="inan"></g><g v="masc"></g><g v="sing"></g><g v="accs"></g></l></v></tfr></token><token id="716781" text="в"><tfr rev_id="1548637" t="в"><v><l t="в" id="37409"><g v="PREP"></g></l></v></tfr></token><token id="716782" text="этом"><tfr rev_id="4486968" t="этом"><v><l t="этот" id="386581"><g v="ADJF"></g><g v="Subx"></g><g v="Apro"></g><g v="Anph"></g><g v="masc"></g><g v="sing"></g><g v="loct"></g></l></v></tfr></token><token id="716783" text="году"><tfr rev_id="2964008" t="году"><v><l t="год" id="72149"><g v="NOUN"></g><g v="inan"></g><g v="masc"></g><g v="sing"></g><g v="loc2"></g></l></v></tfr></token><token id="716784" text="вновь"><tfr rev_id="1548640" t="вновь"><v><l t="вновь" id="47640"><g v="ADVB"></g></l></v></tfr></token><token id="716785" text="не"><tfr rev_id="1548641" t="не"><v><l t="не" id="178876"><g v="PRCL"></g></l></v></tfr></token><token id="716786" text="в"><tfr rev_id="1548642" t="в"><v><l t="в" id="37409"><g v="PREP"></g></l></v></tfr></token><token id="716787" text="состоянии"><tfr rev_id="1548643" t="состоянии"><v><l t="состояние" id="330557"><g v="NOUN"></g><g v="inan"></g><g v="neut"></g><g v="sing"></g><g v="loct"></g></l></v></tfr></token><token id="716788" text="пробиться"><tfr rev_id="1548644" t="пробиться"><v><l t="пробиться" id="277243"><g v="INFN"></g><g v="perf"></g><g v="intr"></g></l></v></tfr></token><token id="716789" text="в"><tfr rev_id="1548645" t="в"><v><l t="в" id="37409"><g v="PREP"></g></l></v></tfr></token><token id="716790" text="верхнюю"><tfr rev_id="1548646" t="верхнюю"><v><l t="верхний" id="41787"><g v="ADJF"></g><g v="femn"></g><g v="sing"></g><g v="accs"></g></l></v></tfr></token><token id="716791" text="часть"><tfr rev_id="4233424" t="часть"><v><l t="часть" id="374820"><g v="NOUN"></g><g v="inan"></g><g v="femn"></g><g v="sing"></g><g v="accs"></g></l></v></tfr></token><token id="716792" text="турнирной"><tfr rev_id="4423760" t="турнирной"><v><l t="турнирный" id="351850"><g v="ADJF"></g><g v="Qual"></g><g v="femn"></g><g v="sing"></g><g v="gent"></g></l></v></tfr></token><token id="716793" text="таблицы"><tfr rev_id="3473131" t="таблицы"><v><l t="таблица" id="342106"><g v="NOUN"></g><g v="inan"></g><g v="femn"></g><g v="sing"></g><g v="gent"></g></l></v></tfr></token><token id="716794" text="и"><tfr rev_id="3488661" t="и"><v><l t="и" id="116949"><g v="CONJ"></g></l></v></tfr></token><token id="716795" text="выйти"><tfr rev_id="1548651" t="выйти"><v><l t="выйти" id="57750"><g v="INFN"></g><g v="perf"></g><g v="intr"></g></l></v></tfr></token><token id="716796" text="в"><tfr rev_id="1548652" t="в"><v><l t="в" id="37409"><g v="PREP"></g></l></v></tfr></token><token id="716797" text="Лигу"><tfr rev_id="1548653" t="Лигу"><v><l t="лига" id="148983"><g v="NOUN"></g><g v="inan"></g><g v="femn"></g><g v="sing"></g><g v="accs"></g></l></v></tfr></token><token id="716798" text="чемпионов"><tfr rev_id="3464966" t="чемпионов"><v><l t="чемпион" id="375185"><g v="NOUN"></g><g v="anim"></g><g v="masc"></g><g v="plur"></g><g v="gent"></g></l></v></tfr></token><token id="716799" text="."><tfr rev_id="1548655" t="."><v><l t="." id="0"><g v="PNCT"></g></l></v></tfr></token></tokens></sentence></paragraph><paragraph id="12967"><sentence id="40282"><source>Защиту «аристократов» должен усилить Давид Луис, прибывший в стан лондонской команды из португальской «Бенфики». Сумма сделки составила $34,4 млн.</source><tokens><token id="716800" text="Защиту"><tfr rev_id="1548656" t="Защиту"><v><l t="защита" id="114235"><g v="NOUN"></g><g v="inan"></g><g v="femn"></g><g v="sing"></g><g v="accs"></g></l></v></tfr></token><token id="716801" text="«"><tfr rev_id="2447796" t="«"><v><l t="«" id="0"><g v="PNCT"></g></l></v></tfr></token><token id="716802" text="аристократов"><tfr rev_id="3823139" t="аристократов"><v><l t="аристократ" id="16536"><g v="NOUN"></g><g v="anim"></g><g v="masc"></g><g v="plur"></g><g v="gent"></g></l></v></tfr></token><token id="716803" text="»"><tfr rev_id="2447797" t="»"><v><l t="»" id="0"><g v="PNCT"></g></l></v></tfr></token><token id="716804" text="должен"><tfr rev_id="2558817" t="должен"><v><l t="должен" id="87975"><g v="ADJS"></g><g v="masc"></g><g v="sing"></g></l></v></tfr></token><token id="716805" text="усилить"><tfr rev_id="1548661" t="усилить"><v><l t="усилить" id="360412"><g v="INFN"></g><g v="perf"></g><g v="tran"></g></l></v></tfr></token><token id="716806" text="Давид"><tfr rev_id="3433726" t="Давид"><v><l t="давид" id="77600"><g v="NOUN"></g><g v="anim"></g><g v="masc"></g><g v="Name"></g><g v="sing"></g><g v="nomn"></g></l></v></tfr></token><token id="716807" text="Луис"><tfr rev_id="1717476" t="Луис"><v><l t="луис" id="151370"><g v="NOUN"></g><g v="anim"></g><g v="masc"></g><g v="Name"></g><g v="sing"></g><g v="nomn"></g></l></v></tfr></token><token id="716808" text=","><tfr rev_id="1548664" t=","><v><l t="," id="0"><g v="PNCT"></g></l></v></tfr></token><token id="716809" text="прибывший"><tfr rev_id="1548665" t="прибывший"><v><l t="прибывший" id="268971"><g v="PRTF"></g><g v="perf"></g><g v="intr"></g><g v="past"></g><g v="actv"></g><g v="masc"></g><g v="sing"></g><g v="nomn"></g></l></v><v><l t="прибывший" id="268971"><g v="PRTF"></g><g v="perf"></g><g v="intr"></g><g v="past"></g><g v="actv"></g><g v="inan"></g><g v="masc"></g><g v="sing"></g><g v="accs"></g></l></v></tfr></token><token id="716810" text="в"><tfr rev_id="1548666" t="в"><v><l t="в" id="37409"><g v="PREP"></g></l></v></tfr></token><token id="716811" text="стан"><tfr rev_id="4093387" t="стан"><v><l t="стан" id="334570"><g v="NOUN"></g><g v="inan"></g><g v="masc"></g><g v="sing"></g><g v="accs"></g></l></v></tfr></token><token id="716812" text="лондонской"><tfr rev_id="3824030" t="лондонской"><v><l t="лондонский" id="150832"><g v="ADJF"></g><g v="femn"></g><g v="sing"></g><g v="gent"></g></l></v></tfr></token><token id="716813" text="команды"><tfr rev_id="3490756" t="команды"><v><l t="команда" id="136706"><g v="NOUN"></g><g v="inan"></g><g v="femn"></g><g v="sing"></g><g v="gent"></g></l></v></tfr></token><token id="716814" text="из"><tfr rev_id="2604099" t="из"><v><l t="из" id="117677"><g v="PREP"></g></l></v></tfr></token><token id="716815" text="португальской"><tfr rev_id="4425622" t="португальской"><v><l t="португальский" id="260661"><g v="ADJF"></g><g v="femn"></g><g v="sing"></g><g v="gent"></g></l></v></tfr></token><token id="716816" text="«"><tfr rev_id="2447798" t="«"><v><l t="«" id="0"><g v="PNCT"></g></l></v></tfr></token><token id="716817" text="Бенфики"><tfr rev_id="1548673" t="Бенфики"><v><l t="бенфики" id="0"><g v="UNKN"></g></l></v></tfr></token><token id="716818" text="»"><tfr rev_id="2447799" t="»"><v><l t="»" id="0"><g v="PNCT"></g></l></v></tfr></token><token id="716819" text="."><tfr rev_id="1548675" t="."><v><l t="." id="0"><g v="PNCT"></g></l></v></tfr></token><token id="716820" text="Сумма"><tfr rev_id="1548676" t="Сумма"><v><l t="сумма" id="339516"><g v="NOUN"></g><g v="inan"></g><g v="femn"></g><g v="sing"></g><g v="nomn"></g></l></v></tfr></token><token id="716821" text="сделки"><tfr rev_id="4100176" t="сделки"><v><l t="сделка" id="317256"><g v="NOUN"></g><g v="inan"></g><g v="femn"></g><g v="sing"></g><g v="gent"></g></l></v></tfr></token><token id="716822" text="составила"><tfr rev_id="1548678" t="составила"><v><l t="составил" id="330483"><g v="VERB"></g><g v="perf"></g><g v="tran"></g><g v="femn"></g><g v="sing"></g><g v="past"></g><g v="indc"></g></l></v></tfr></token><token id="716823" text="$"><tfr rev_id="4334368" t="$"><v><l t="$" id="0"><g v="SYMB"></g></l></v></tfr></token><token id="716824" text="34,4"><tfr rev_id="2463126" t="34,4"><v><l t="34,4" id="0"><g v="NUMB"></g></l></v></tfr></token><token id="716825" text="млн"><tfr rev_id="4165533" t="млн"><v><l t="млн" id="389040"><g v="NOUN"></g><g v="inan"></g><g v="masc"></g><g v="Fixd"></g><g v="Abbr"></g><g v="sing"></g><g v="nomn"></g></l></v><v><l t="млн" id="389040"><g v="NOUN"></g><g v="inan"></g><g v="masc"></g><g v="Fixd"></g><g v="Abbr"></g><g v="sing"></g><g v="gent"></g></l></v><v><l t="млн" id="389040"><g v="NOUN"></g><g v="inan"></g><g v="masc"></g><g v="Fixd"></g><g v="Abbr"></g><g v="sing"></g><g v="datv"></g></l></v><v><l t="млн" id="389040"><g v="NOUN"></g><g v="inan"></g><g v="masc"></g><g v="Fixd"></g><g v="Abbr"></g><g v="sing"></g><g v="accs"></g></l></v><v><l t="млн" id="389040"><g v="NOUN"></g><g v="inan"></g><g v="masc"></g><g v="Fixd"></g><g v="Abbr"></g><g v="sing"></g><g v="ablt"></g></l></v><v><l t="млн" id="389040"><g v="NOUN"></g><g v="inan"></g><g v="masc"></g><g v="Fixd"></g><g v="Abbr"></g><g v="sing"></g><g v="loct"></g></l></v></tfr></token><token id="716826" text="."><tfr rev_id="1548682" t="."><v><l t="." id="0"><g v="PNCT"></g></l></v></tfr></token></tokens></sentence></paragraph><paragraph id="12968"><sentence id="40283"><source>Примечательно, что в тот же день «Челси» объявил о годовом убытке порядка $114 млн.</source><tokens><token id="716827" text="Примечательно"><tfr rev_id="1548683" t="Примечательно"><v><l t="примечательно" id="272095"><g v="ADVB"></g></l></v><v><l t="примечателен" id="272099"><g v="ADJS"></g><g v="neut"></g><g v="sing"></g></l></v></tfr></token><token id="716828" text=","><tfr rev_id="1548684" t=","><v><l t="," id="0"><g v="PNCT"></g></l></v></tfr></token><token id="716829" text="что"><tfr rev_id="3197917" t="что"><v><l t="что" id="377004"><g v="CONJ"></g></l></v><v><l t="что" id="377005"><g v="NPRO"></g><g v="neut"></g><g v="sing"></g><g v="nomn"></g></l></v><v><l t="что" id="377005"><g v="NPRO"></g><g v="neut"></g><g v="sing"></g><g v="accs"></g></l></v><v><l t="что" id="377006"><g v="ADVB"></g><g v="Ques"></g></l></v><v><l t="что" id="388695"><g v="PRCL"></g></l></v></tfr></token><token id="716830" text="в"><tfr rev_id="1548686" t="в"><v><l t="в" id="37409"><g v="PREP"></g></l></v></tfr></token><token id="716831" text="тот"><tfr rev_id="3769794" t="тот"><v><l t="тот" id="348430"><g v="ADJF"></g><g v="Subx"></g><g v="Apro"></g><g v="Anph"></g><g v="masc"></g><g v="sing"></g><g v="nomn"></g></l></v><v><l t="тот" id="348430"><g v="ADJF"></g><g v="Subx"></g><g v="Apro"></g><g v="Anph"></g><g v="inan"></g><g v="masc"></g><g v="sing"></g><g v="accs"></g></l></v></tfr></token><token id="716832" text="же"><tfr rev_id="1548688" t="же"><v><l t="же" id="96208"><g v="CONJ"></g></l></v><v><l t="же" id="96209"><g v="PRCL"></g></l></v></tfr></token><token id="716833" text="день"><tfr rev_id="1716334" t="день"><v><l t="день" id="81427"><g v="NOUN"></g><g v="inan"></g><g v="masc"></g><g v="sing"></g><g v="nomn"></g></l></v><v><l t="день" id="81427"><g v="NOUN"></g><g v="inan"></g><g v="masc"></g><g v="sing"></g><g v="accs"></g></l></v></tfr></token><token id="716834" text="«"><tfr rev_id="2447800" t="«"><v><l t="«" id="0"><g v="PNCT"></g></l></v></tfr></token><token id="716835" text="Челси"><tfr rev_id="4168199" t="Челси"><v><l t="челси" id="375118"><g v="NOUN"></g><g v="inan"></g><g v="masc"></g><g v="Fixd"></g><g v="Orgn"></g><g v="sing"></g><g v="nomn"></g></l></v></tfr></token><token id="716836" text="»"><tfr rev_id="2447801" t="»"><v><l t="»" id="0"><g v="PNCT"></g></l></v></tfr></token><token id="716837" text="объявил"><tfr rev_id="1548693" t="объявил"><v><l t="объявил" id="201891"><g v="VERB"></g><g v="perf"></g><g v="tran"></g><g v="masc"></g><g v="sing"></g><g v="past"></g><g v="indc"></g></l></v></tfr></token><token id="716838" text="о"><tfr rev_id="3327657" t="о"><v><l t="о" id="192977"><g v="PREP"></g></l></v></tfr></token><token id="716839" text="годовом"><tfr rev_id="2585491" t="годовом"><v><l t="годовой" id="72198"><g v="ADJF"></g><g v="masc"></g><g v="sing"></g><g v="loct"></g></l></v></tfr></token><token id="716840" text="убытке"><tfr rev_id="1548696" t="убытке"><v><l t="убыток" id="353164"><g v="NOUN"></g><g v="inan"></g><g v="masc"></g><g v="sing"></g><g v="loct"></g></l></v></tfr></token><token id="716841" text="порядка"><tfr rev_id="1548697" t="порядка"><v><l t="порядок" id="260978"><g v="NOUN"></g><g v="inan"></g><g v="masc"></g><g v="sing"></g><g v="gen1"></g></l></v></tfr></token><token id="716842" text="$"><tfr rev_id="4334369" t="$"><v><l t="$" id="0"><g v="SYMB"></g></l></v></tfr></token><token id="716843" text="114"><tfr rev_id="2463127" t="114"><v><l t="114" id="0"><g v="NUMB"></g></l></v></tfr></token><token id="716844" text="млн"><tfr rev_id="4497153" t="млн"><v><l t="млн" id="389040"><g v="NOUN"></g><g v="inan"></g><g v="masc"></g><g v="Fixd"></g><g v="Abbr"></g><g v="plur"></g><g v="nomn"></g></l></v><v><l t="млн" id="389040"><g v="NOUN"></g><g v="inan"></g><g v="masc"></g><g v="Fixd"></g><g v="Abbr"></g><g v="plur"></g><g v="gent"></g></l></v><v><l t="млн" id="389040"><g v="NOUN"></g><g v="inan"></g><g v="masc"></g><g v="Fixd"></g><g v="Abbr"></g><g v="plur"></g><g v="datv"></g></l></v><v><l t="млн" id="389040"><g v="NOUN"></g><g v="inan"></g><g v="masc"></g><g v="Fixd"></g><g v="Abbr"></g><g v="plur"></g><g v="accs"></g></l></v><v><l t="млн" id="389040"><g v="NOUN"></g><g v="inan"></g><g v="masc"></g><g v="Fixd"></g><g v="Abbr"></g><g v="plur"></g><g v="ablt"></g></l></v><v><l t="млн" id="389040"><g v="NOUN"></g><g v="inan"></g><g v="masc"></g><g v="Fixd"></g><g v="Abbr"></g><g v="plur"></g><g v="loct"></g></l></v></tfr></token><token id="716845" text="."><tfr rev_id="1548701" t="."><v><l t="." id="0"><g v="PNCT"></g></l></v></tfr></token></tokens></sentence><sentence id="40284"><source>Финансовые аналитики предупреждают, что даже несмотря на богатых владельцев и выгодные телевизионные контракты футбольным клубам нельзя закрывать глаза на экономическую реальность.</source><tokens><token id="716846" text="Финансовые"><tfr rev_id="3817623" t="Финансовые"><v><l t="финансовый" id="366103"><g v="ADJF"></g><g v="plur"></g><g v="nomn"></g></l></v></tfr></token><token id="716847" text="аналитики"><tfr rev_id="4221944" t="аналитики"><v><l t="аналитик" id="12228"><g v="NOUN"></g><g v="anim"></g><g v="masc"></g><g v="plur"></g><g v="nomn"></g></l></v></tfr></token><token id="716848" text="предупреждают"><tfr rev_id="1548704" t="предупреждают"><v><l t="предупреждаю" id="267280"><g v="VERB"></g><g v="impf"></g><g v="tran"></g><g v="plur"></g><g v="3per"></g><g v="pres"></g><g v="indc"></g></l></v></tfr></token><token id="716849" text=","><tfr rev_id="1548705" t=","><v><l t="," id="0"><g v="PNCT"></g></l></v></tfr></token><token id="716850" text="что"><tfr rev_id="3197918" t="что"><v><l t="что" id="377004"><g v="CONJ"></g></l></v><v><l t="что" id="377005"><g v="NPRO"></g><g v="neut"></g><g v="sing"></g><g v="nomn"></g></l></v><v><l t="что" id="377005"><g v="NPRO"></g><g v="neut"></g><g v="sing"></g><g v="accs"></g></l></v><v><l t="что" id="377006"><g v="ADVB"></g><g v="Ques"></g></l></v><v><l t="что" id="388695"><g v="PRCL"></g></l></v></tfr></token><token id="716851" text="даже"><tfr rev_id="4079211" t="даже"><v><l t="даже" id="77849"><g v="PRCL"></g></l></v></tfr></token><token id="716852" text="несмотря"><tfr rev_id="1548708" t="несмотря"><v><l t="несмотря" id="188286"><g v="PREP"></g></l></v></tfr></token><token id="716853" text="на"><tfr rev_id="3395239" t="на"><v><l t="на" id="166264"><g v="PREP"></g></l></v></tfr></token><token id="716854" text="богатых"><tfr rev_id="4394259" t="богатых"><v><l t="богатый" id="31403"><g v="ADJF"></g><g v="Qual"></g><g v="anim"></g><g v="plur"></g><g v="accs"></g></l></v></tfr></token><token id="716855" text="владельцев"><tfr rev_id="3464989" t="владельцев"><v><l t="владелец" id="46517"><g v="NOUN"></g><g v="anim"></g><g v="masc"></g><g v="plur"></g><g v="accs"></g></l></v></tfr></token><token id="716856" text="и"><tfr rev_id="1548712" t="и"><v><l t="и" id="116949"><g v="CONJ"></g></l></v><v><l t="и" id="116950"><g v="INTJ"></g></l></v></tfr></token><token id="716857" text="выгодные"><tfr rev_id="4086215" t="выгодные"><v><l t="выгодный" id="56672"><g v="ADJF"></g><g v="Qual"></g><g v="inan"></g><g v="plur"></g><g v="accs"></g></l></v></tfr></token><token id="716858" text="телевизионные"><tfr rev_id="3819279" t="телевизионные"><v><l t="телевизионный" id="344097"><g v="ADJF"></g><g v="inan"></g><g v="plur"></g><g v="accs"></g></l></v></tfr></token><token id="716859" text="контракты"><tfr rev_id="3756931" t="контракты"><v><l t="контракт" id="138412"><g v="NOUN"></g><g v="inan"></g><g v="masc"></g><g v="plur"></g><g v="accs"></g></l></v></tfr></token><token id="716860" text="футбольным"><tfr rev_id="4578344" t="футбольным"><v><l t="футбольный" id="368776"><g v="ADJF"></g><g v="plur"></g><g v="datv"></g></l></v></tfr></token><token id="716861" text="клубам"><tfr rev_id="1548717" t="клубам"><v><l t="клуб" id="134630"><g v="NOUN"></g><g v="inan"></g><g v="masc"></g><g v="plur"></g><g v="datv"></g></l></v></tfr></token><token id="716862" text="нельзя"><tfr rev_id="1548718" t="нельзя"><v><l t="нельзя" id="183884"><g v="PRED"></g><g v="pres"></g></l></v></tfr></token><token id="716863" text="закрывать"><tfr rev_id="1548719" t="закрывать"><v><l t="закрывать" id="104230"><g v="INFN"></g><g v="impf"></g><g v="tran"></g></l></v></tfr></token><token id="716864" text="глаза"><tfr rev_id="3805982" t="глаза"><v><l t="глаз" id="70992"><g v="NOUN"></g><g v="inan"></g><g v="masc"></g><g v="plur"></g><g v="accs"></g></l></v></tfr></token><token id="716865" text="на"><tfr rev_id="3335763" t="на"><v><l t="на" id="166264"><g v="PREP"></g></l></v></tfr></token><token id="716866" text="экономическую"><tfr rev_id="1548722" t="экономическую"><v><l t="экономический" id="383364"><g v="ADJF"></g><g v="femn"></g><g v="sing"></g><g v="accs"></g></l></v></tfr></token><token id="716867" text="реальность"><tfr rev_id="4096312" t="реальность"><v><l t="реальность" id="304457"><g v="NOUN"></g><g v="inan"></g><g v="femn"></g><g v="sing"></g><g v="accs"></g></l></v></tfr></token><token id="716868" text="."><tfr rev_id="1548724" t="."><v><l t="." id="0"><g v="PNCT"></g></l></v></tfr></token></tokens></sentence><sentence id="40285"><source>В контексте британской экономики эксперты прогнозируют неизбежность корректировки футбольного курса.</source><tokens><token id="716869" text="В"><tfr rev_id="1548725" t="В"><v><l t="в" id="37409"><g v="PREP"></g></l></v></tfr></token><token id="716870" text="контексте"><tfr rev_id="1548726" t="контексте"><v><l t="контекст" id="138342"><g v="NOUN"></g><g v="inan"></g><g v="masc"></g><g v="sing"></g><g v="loct"></g></l></v></tfr></token><token id="716871" text="британской"><tfr rev_id="4261741" t="британской"><v><l t="британский" id="34021"><g v="ADJF"></g><g v="femn"></g><g v="sing"></g><g v="gent"></g></l></v></tfr></token><token id="716872" text="экономики"><tfr rev_id="3509086" t="экономики"><v><l t="экономика" id="383340"><g v="NOUN"></g><g v="inan"></g><g v="femn"></g><g v="sing"></g><g v="gent"></g></l></v></tfr></token><token id="716873" text="эксперты"><tfr rev_id="1548729" t="эксперты"><v><l t="эксперт" id="383582"><g v="NOUN"></g><g v="anim"></g><g v="masc"></g><g v="plur"></g><g v="nomn"></g></l></v></tfr></token><token id="716874" text="прогнозируют"><tfr rev_id="1548730" t="прогнозируют"><v><l t="прогнозирую" id="278537"><g v="VERB"></g><g v="impf"></g><g v="tran"></g><g v="plur"></g><g v="3per"></g><g v="pres"></g><g v="indc"></g></l></v></tfr></token><token id="716875" text="неизбежность"><tfr rev_id="3949274" t="неизбежность"><v><l t="неизбежность" id="182638"><g v="NOUN"></g><g v="inan"></g><g v="femn"></g><g v="sing"></g><g v="accs"></g></l></v></tfr></token><token id="716876" text="корректировки"><tfr rev_id="3438041" t="корректировки"><v><l t="корректировка" id="140198"><g v="NOUN"></g><g v="inan"></g><g v="femn"></g><g v="sing"></g><g v="gent"></g></l></v></tfr></token><token id="716877" text="футбольного"><tfr rev_id="4578311" t="футбольного"><v><l t="футбольный" id="368776"><g v="ADJF"></g><g v="masc"></g><g v="sing"></g><g v="gent"></g></l></v><v><l t="футбольный" id="368776"><g v="ADJF"></g><g v="anim"></g><g v="masc"></g><g v="sing"></g><g v="accs"></g></l></v></tfr></token><token id="716878" text="курса"><tfr rev_id="1548734" t="курса"><v><l t="курс" id="145471"><g v="NOUN"></g><g v="inan"></g><g v="masc"></g><g v="sing"></g><g v="gent"></g></l></v></tfr></token><token id="716879" text="."><tfr rev_id="1548735" t="."><v><l t="." id="0"><g v="PNCT"></g></l></v></tfr></token></tokens></sentence></paragraph></paragraphs></text>